match_id,team_id,opponent_team_id,match_date,result
1,15,7,01-01-2023 00:00,WIN
2,13,11,01-01-2023 01:00,WIN
3,14,5,01-01-2023 02:00,WIN
4,4,13,01-01-2023 03:00,LOSS
5,11,13,01-01-2023 04:00,WIN
6,3,1,01-01-2023 05:00,WIN
7,19,2,01-01-2023 06:00,LOSS
8,13,18,01-01-2023 07:00,WIN
9,4,4,01-01-2023 08:00,LOSS
10,13,14,01-01-2023 09:00,WIN
11,15,5,01-01-2023 10:00,LOSS
12,6,16,01-01-2023 11:00,LOSS
13,18,20,01-01-2023 12:00,LOSS
14,8,3,01-01-2023 13:00,WIN
15,9,20,01-01-2023 14:00,LOSS
16,20,14,01-01-2023 15:00,WIN
17,2,5,01-01-2023 16:00,WIN
18,10,12,01-01-2023 17:00,WIN
19,2,13,01-01-2023 18:00,LOSS
20,9,16,01-01-2023 19:00,WIN
21,9,16,01-01-2023 20:00,WIN
22,13,19,01-01-2023 21:00,WIN
23,10,4,01-01-2023 22:00,WIN
24,7,13,01-01-2023 23:00,WIN
25,13,18,02-01-2023 00:00,LOSS
26,5,13,02-01-2023 01:00,WIN
27,12,12,02-01-2023 02:00,LOSS
28,9,19,02-01-2023 03:00,LOSS
29,9,17,02-01-2023 04:00,WIN
30,18,10,02-01-2023 05:00,WIN
31,8,7,02-01-2023 06:00,WIN
32,18,14,02-01-2023 07:00,LOSS
33,10,7,02-01-2023 08:00,WIN
34,1,1,02-01-2023 09:00,LOSS
35,10,14,02-01-2023 10:00,WIN
36,5,3,02-01-2023 11:00,WIN
37,18,9,02-01-2023 12:00,WIN
38,19,11,02-01-2023 13:00,LOSS
39,13,15,02-01-2023 14:00,LOSS
40,6,5,02-01-2023 15:00,LOSS
41,17,19,02-01-2023 16:00,WIN
42,14,4,02-01-2023 17:00,LOSS
43,6,20,02-01-2023 18:00,LOSS
44,16,13,02-01-2023 19:00,LOSS
45,9,6,02-01-2023 20:00,WIN
46,4,7,02-01-2023 21:00,WIN
47,18,16,02-01-2023 22:00,LOSS
48,5,8,02-01-2023 23:00,LOSS
49,1,9,03-01-2023 00:00,LOSS
50,15,9,03-01-2023 01:00,WIN
51,12,19,03-01-2023 02:00,LOSS
52,14,19,03-01-2023 03:00,LOSS
53,12,11,03-01-2023 04:00,WIN
54,13,16,03-01-2023 05:00,LOSS
55,3,9,03-01-2023 06:00,LOSS
56,14,15,03-01-2023 07:00,WIN
57,7,11,03-01-2023 08:00,WIN
58,3,8,03-01-2023 09:00,LOSS
59,9,3,03-01-2023 10:00,LOSS
60,4,14,03-01-2023 11:00,WIN
61,2,6,03-01-2023 12:00,LOSS
62,3,5,03-01-2023 13:00,LOSS
63,1,11,03-01-2023 14:00,LOSS
64,5,10,03-01-2023 15:00,WIN
65,9,20,03-01-2023 16:00,LOSS
66,18,11,03-01-2023 17:00,WIN
67,13,6,03-01-2023 18:00,LOSS
68,19,8,03-01-2023 19:00,LOSS
69,19,14,03-01-2023 20:00,LOSS
70,7,13,03-01-2023 21:00,WIN
71,7,3,03-01-2023 22:00,WIN
72,15,6,03-01-2023 23:00,WIN
73,17,17,04-01-2023 00:00,LOSS
74,3,1,04-01-2023 01:00,WIN
75,17,11,04-01-2023 02:00,LOSS
76,14,1,04-01-2023 03:00,LOSS
77,5,14,04-01-2023 04:00,LOSS
78,7,9,04-01-2023 05:00,LOSS
79,19,10,04-01-2023 06:00,WIN
80,19,12,04-01-2023 07:00,WIN
81,1,4,04-01-2023 08:00,WIN
82,19,18,04-01-2023 09:00,WIN
83,17,11,04-01-2023 10:00,LOSS
84,15,16,04-01-2023 11:00,WIN
85,8,18,04-01-2023 12:00,LOSS
86,8,7,04-01-2023 13:00,WIN
87,1,20,04-01-2023 14:00,WIN
88,20,4,04-01-2023 15:00,LOSS
89,9,2,04-01-2023 16:00,WIN
90,2,9,04-01-2023 17:00,WIN
91,1,12,04-01-2023 18:00,LOSS
92,16,19,04-01-2023 19:00,LOSS
93,13,9,04-01-2023 20:00,LOSS
94,11,10,04-01-2023 21:00,WIN
95,1,9,04-01-2023 22:00,WIN
96,6,5,04-01-2023 23:00,LOSS
97,1,1,05-01-2023 00:00,LOSS
98,6,16,05-01-2023 01:00,LOSS
99,9,9,05-01-2023 02:00,WIN
100,13,5,05-01-2023 03:00,WIN
101,16,4,05-01-2023 04:00,WIN
102,20,5,05-01-2023 05:00,LOSS
103,4,4,05-01-2023 06:00,LOSS
104,20,14,05-01-2023 07:00,LOSS
105,11,8,05-01-2023 08:00,WIN
106,13,13,05-01-2023 09:00,WIN
107,1,11,05-01-2023 10:00,LOSS
108,3,14,05-01-2023 11:00,WIN
109,11,10,05-01-2023 12:00,WIN
110,20,7,05-01-2023 13:00,WIN
111,8,19,05-01-2023 14:00,LOSS
112,1,17,05-01-2023 15:00,LOSS
113,19,4,05-01-2023 16:00,WIN
114,14,20,05-01-2023 17:00,LOSS
115,18,14,05-01-2023 18:00,LOSS
116,6,12,05-01-2023 19:00,WIN
117,9,11,05-01-2023 20:00,WIN
118,9,1,05-01-2023 21:00,LOSS
119,15,9,05-01-2023 22:00,WIN
120,5,1,05-01-2023 23:00,WIN
121,19,10,06-01-2023 00:00,LOSS
122,9,11,06-01-2023 01:00,WIN
123,9,5,06-01-2023 02:00,LOSS
124,17,9,06-01-2023 03:00,LOSS
125,15,3,06-01-2023 04:00,LOSS
126,10,2,06-01-2023 05:00,LOSS
127,9,18,06-01-2023 06:00,WIN
128,19,14,06-01-2023 07:00,LOSS
129,7,5,06-01-2023 08:00,LOSS
130,13,14,06-01-2023 09:00,WIN
131,2,5,06-01-2023 10:00,LOSS
132,18,2,06-01-2023 11:00,WIN
133,8,7,06-01-2023 12:00,WIN
134,8,18,06-01-2023 13:00,LOSS
135,20,16,06-01-2023 14:00,LOSS
136,9,5,06-01-2023 15:00,LOSS
137,13,20,06-01-2023 16:00,LOSS
138,20,12,06-01-2023 17:00,WIN
139,12,13,06-01-2023 18:00,WIN
140,7,8,06-01-2023 19:00,WIN
141,13,14,06-01-2023 20:00,WIN
142,13,5,06-01-2023 21:00,LOSS
143,4,4,06-01-2023 22:00,WIN
144,2,9,06-01-2023 23:00,LOSS
145,2,15,07-01-2023 00:00,WIN
146,5,14,07-01-2023 01:00,WIN
147,2,5,07-01-2023 02:00,WIN
148,15,15,07-01-2023 03:00,WIN
149,2,4,07-01-2023 04:00,WIN
150,2,18,07-01-2023 05:00,LOSS
151,20,5,07-01-2023 06:00,WIN
152,8,17,07-01-2023 07:00,LOSS
153,5,14,07-01-2023 08:00,WIN
154,16,17,07-01-2023 09:00,LOSS
155,14,19,07-01-2023 10:00,LOSS
156,8,13,07-01-2023 11:00,WIN
157,11,13,07-01-2023 12:00,LOSS
158,11,13,07-01-2023 13:00,WIN
159,8,2,07-01-2023 14:00,WIN
160,16,15,07-01-2023 15:00,WIN
161,8,1,07-01-2023 16:00,WIN
162,20,15,07-01-2023 17:00,LOSS
163,20,16,07-01-2023 18:00,LOSS
164,12,11,07-01-2023 19:00,WIN
165,5,3,07-01-2023 20:00,WIN
166,3,20,07-01-2023 21:00,LOSS
167,18,14,07-01-2023 22:00,WIN
168,1,5,07-01-2023 23:00,WIN
169,19,17,08-01-2023 00:00,WIN
170,13,2,08-01-2023 01:00,WIN
171,11,7,08-01-2023 02:00,WIN
172,1,10,08-01-2023 03:00,WIN
173,18,10,08-01-2023 04:00,LOSS
174,19,20,08-01-2023 05:00,WIN
175,13,8,08-01-2023 06:00,WIN
176,8,1,08-01-2023 07:00,LOSS
177,18,16,08-01-2023 08:00,LOSS
178,2,9,08-01-2023 09:00,WIN
179,19,16,08-01-2023 10:00,LOSS
180,19,20,08-01-2023 11:00,LOSS
181,5,15,08-01-2023 12:00,LOSS
182,8,9,08-01-2023 13:00,WIN
183,20,12,08-01-2023 14:00,WIN
184,3,2,08-01-2023 15:00,WIN
185,2,10,08-01-2023 16:00,WIN
186,6,16,08-01-2023 17:00,LOSS
187,16,5,08-01-2023 18:00,WIN
188,15,13,08-01-2023 19:00,LOSS
189,4,7,08-01-2023 20:00,LOSS
190,2,9,08-01-2023 21:00,LOSS
191,14,17,08-01-2023 22:00,LOSS
192,6,17,08-01-2023 23:00,LOSS
193,20,17,09-01-2023 00:00,LOSS
194,20,5,09-01-2023 01:00,WIN
195,4,6,09-01-2023 02:00,LOSS
196,20,6,09-01-2023 03:00,WIN
197,1,9,09-01-2023 04:00,LOSS
198,14,10,09-01-2023 05:00,WIN
199,3,17,09-01-2023 06:00,WIN
200,4,3,09-01-2023 07:00,WIN
201,20,20,09-01-2023 08:00,LOSS
202,14,9,09-01-2023 09:00,WIN
203,20,1,09-01-2023 10:00,LOSS
204,19,19,09-01-2023 11:00,WIN
205,9,14,09-01-2023 12:00,WIN
206,14,8,09-01-2023 13:00,WIN
207,4,18,09-01-2023 14:00,LOSS
208,4,6,09-01-2023 15:00,LOSS
209,12,2,09-01-2023 16:00,LOSS
210,8,7,09-01-2023 17:00,LOSS
211,16,6,09-01-2023 18:00,LOSS
212,11,11,09-01-2023 19:00,WIN
213,7,10,09-01-2023 20:00,WIN
214,20,11,09-01-2023 21:00,WIN
215,14,8,09-01-2023 22:00,WIN
216,10,13,09-01-2023 23:00,LOSS
217,2,6,10-01-2023 00:00,LOSS
218,13,10,10-01-2023 01:00,LOSS
219,9,18,10-01-2023 02:00,WIN
220,18,15,10-01-2023 03:00,WIN
221,10,5,10-01-2023 04:00,LOSS
222,14,11,10-01-2023 05:00,LOSS
223,3,4,10-01-2023 06:00,LOSS
224,7,13,10-01-2023 07:00,LOSS
225,11,15,10-01-2023 08:00,WIN
226,6,2,10-01-2023 09:00,LOSS
227,15,7,10-01-2023 10:00,WIN
228,15,6,10-01-2023 11:00,WIN
229,8,19,10-01-2023 12:00,WIN
230,13,15,10-01-2023 13:00,WIN
231,12,14,10-01-2023 14:00,WIN
232,12,16,10-01-2023 15:00,LOSS
233,9,20,10-01-2023 16:00,LOSS
234,20,10,10-01-2023 17:00,LOSS
235,17,6,10-01-2023 18:00,WIN
236,15,15,10-01-2023 19:00,WIN
237,13,4,10-01-2023 20:00,LOSS
238,14,2,10-01-2023 21:00,LOSS
239,8,19,10-01-2023 22:00,LOSS
240,13,7,10-01-2023 23:00,WIN
241,3,11,11-01-2023 00:00,LOSS
242,8,15,11-01-2023 01:00,LOSS
243,6,16,11-01-2023 02:00,WIN
244,11,5,11-01-2023 03:00,LOSS
245,10,9,11-01-2023 04:00,WIN
246,8,1,11-01-2023 05:00,LOSS
247,8,13,11-01-2023 06:00,WIN
248,7,3,11-01-2023 07:00,WIN
249,19,5,11-01-2023 08:00,LOSS
250,12,14,11-01-2023 09:00,WIN
251,3,5,11-01-2023 10:00,LOSS
252,11,20,11-01-2023 11:00,WIN
253,13,14,11-01-2023 12:00,LOSS
254,16,1,11-01-2023 13:00,WIN
255,9,11,11-01-2023 14:00,WIN
256,16,5,11-01-2023 15:00,WIN
257,5,3,11-01-2023 16:00,WIN
258,8,10,11-01-2023 17:00,WIN
259,12,9,11-01-2023 18:00,WIN
260,3,15,11-01-2023 19:00,LOSS
261,3,6,11-01-2023 20:00,LOSS
262,13,6,11-01-2023 21:00,WIN
263,3,8,11-01-2023 22:00,WIN
264,9,2,11-01-2023 23:00,LOSS
265,1,4,12-01-2023 00:00,LOSS
266,6,2,12-01-2023 01:00,LOSS
267,19,9,12-01-2023 02:00,LOSS
268,16,5,12-01-2023 03:00,WIN
269,1,19,12-01-2023 04:00,WIN
270,10,19,12-01-2023 05:00,LOSS
271,2,9,12-01-2023 06:00,LOSS
272,3,5,12-01-2023 07:00,WIN
273,7,16,12-01-2023 08:00,WIN
274,6,7,12-01-2023 09:00,WIN
275,15,2,12-01-2023 10:00,WIN
276,2,14,12-01-2023 11:00,WIN
277,17,1,12-01-2023 12:00,LOSS
278,19,8,12-01-2023 13:00,WIN
279,14,17,12-01-2023 14:00,LOSS
280,17,19,12-01-2023 15:00,WIN
281,19,6,12-01-2023 16:00,WIN
282,2,14,12-01-2023 17:00,LOSS
283,16,8,12-01-2023 18:00,WIN
284,20,11,12-01-2023 19:00,LOSS
285,16,14,12-01-2023 20:00,WIN
286,3,10,12-01-2023 21:00,LOSS
287,14,17,12-01-2023 22:00,LOSS
288,7,12,12-01-2023 23:00,LOSS
289,10,4,13-01-2023 00:00,WIN
290,9,19,13-01-2023 01:00,WIN
291,8,17,13-01-2023 02:00,LOSS
292,15,5,13-01-2023 03:00,WIN
293,12,14,13-01-2023 04:00,WIN
294,6,7,13-01-2023 05:00,WIN
295,15,3,13-01-2023 06:00,WIN
296,15,5,13-01-2023 07:00,WIN
297,8,5,13-01-2023 08:00,WIN
298,12,8,13-01-2023 09:00,WIN
299,20,3,13-01-2023 10:00,LOSS
300,2,1,13-01-2023 11:00,LOSS
301,9,2,13-01-2023 12:00,WIN
302,8,7,13-01-2023 13:00,LOSS
303,8,15,13-01-2023 14:00,WIN
304,4,14,13-01-2023 15:00,WIN
305,5,13,13-01-2023 16:00,LOSS
306,17,12,13-01-2023 17:00,WIN
307,7,18,13-01-2023 18:00,WIN
308,1,2,13-01-2023 19:00,WIN
309,10,7,13-01-2023 20:00,WIN
310,14,10,13-01-2023 21:00,WIN
311,19,20,13-01-2023 22:00,WIN
312,9,10,13-01-2023 23:00,LOSS
313,11,6,14-01-2023 00:00,WIN
314,12,4,14-01-2023 01:00,WIN
315,1,8,14-01-2023 02:00,WIN
316,20,13,14-01-2023 03:00,LOSS
317,17,5,14-01-2023 04:00,LOSS
318,1,8,14-01-2023 05:00,LOSS
319,1,8,14-01-2023 06:00,LOSS
320,18,9,14-01-2023 07:00,WIN
321,9,14,14-01-2023 08:00,LOSS
322,17,11,14-01-2023 09:00,WIN
323,13,10,14-01-2023 10:00,LOSS
324,17,7,14-01-2023 11:00,WIN
325,11,13,14-01-2023 12:00,WIN
326,17,9,14-01-2023 13:00,WIN
327,9,8,14-01-2023 14:00,WIN
328,14,17,14-01-2023 15:00,LOSS
329,1,14,14-01-2023 16:00,WIN
330,8,18,14-01-2023 17:00,LOSS
331,2,9,14-01-2023 18:00,LOSS
332,4,15,14-01-2023 19:00,LOSS
333,18,16,14-01-2023 20:00,LOSS
334,13,20,14-01-2023 21:00,LOSS
335,14,9,14-01-2023 22:00,WIN
336,11,10,14-01-2023 23:00,LOSS
337,11,14,15-01-2023 00:00,LOSS
338,8,12,15-01-2023 01:00,WIN
339,12,8,15-01-2023 02:00,LOSS
340,1,17,15-01-2023 03:00,WIN
341,16,17,15-01-2023 04:00,LOSS
342,18,19,15-01-2023 05:00,LOSS
343,1,18,15-01-2023 06:00,LOSS
344,20,13,15-01-2023 07:00,WIN
345,18,17,15-01-2023 08:00,LOSS
346,10,4,15-01-2023 09:00,LOSS
347,11,18,15-01-2023 10:00,LOSS
348,16,10,15-01-2023 11:00,LOSS
349,5,10,15-01-2023 12:00,LOSS
350,1,5,15-01-2023 13:00,LOSS
351,18,1,15-01-2023 14:00,WIN
352,7,14,15-01-2023 15:00,WIN
353,1,10,15-01-2023 16:00,WIN
354,2,5,15-01-2023 17:00,LOSS
355,2,9,15-01-2023 18:00,LOSS
356,16,17,15-01-2023 19:00,WIN
357,8,19,15-01-2023 20:00,WIN
358,10,5,15-01-2023 21:00,WIN
359,20,1,15-01-2023 22:00,LOSS
360,16,7,15-01-2023 23:00,LOSS
361,5,1,16-01-2023 00:00,LOSS
362,4,10,16-01-2023 01:00,LOSS
363,13,3,16-01-2023 02:00,LOSS
364,8,17,16-01-2023 03:00,WIN
365,13,10,16-01-2023 04:00,WIN
366,5,9,16-01-2023 05:00,WIN
367,17,9,16-01-2023 06:00,LOSS
368,15,11,16-01-2023 07:00,WIN
369,7,13,16-01-2023 08:00,LOSS
370,10,9,16-01-2023 09:00,WIN
371,3,12,16-01-2023 10:00,WIN
372,16,7,16-01-2023 11:00,LOSS
373,20,3,16-01-2023 12:00,WIN
374,15,12,16-01-2023 13:00,LOSS
375,6,13,16-01-2023 14:00,LOSS
376,10,10,16-01-2023 15:00,LOSS
377,7,6,16-01-2023 16:00,LOSS
378,19,20,16-01-2023 17:00,WIN
379,5,5,16-01-2023 18:00,WIN
380,7,13,16-01-2023 19:00,LOSS
381,3,20,16-01-2023 20:00,LOSS
382,2,20,16-01-2023 21:00,LOSS
383,19,9,16-01-2023 22:00,WIN
384,2,9,16-01-2023 23:00,WIN
385,19,7,17-01-2023 00:00,WIN
386,18,7,17-01-2023 01:00,LOSS
387,1,1,17-01-2023 02:00,WIN
388,9,18,17-01-2023 03:00,WIN
389,16,12,17-01-2023 04:00,WIN
390,8,14,17-01-2023 05:00,WIN
391,11,15,17-01-2023 06:00,LOSS
392,16,3,17-01-2023 07:00,WIN
393,20,3,17-01-2023 08:00,LOSS
394,10,19,17-01-2023 09:00,LOSS
395,16,9,17-01-2023 10:00,LOSS
396,13,18,17-01-2023 11:00,LOSS
397,7,1,17-01-2023 12:00,WIN
398,1,17,17-01-2023 13:00,WIN
399,14,12,17-01-2023 14:00,WIN
400,9,18,17-01-2023 15:00,WIN
401,14,2,17-01-2023 16:00,LOSS
402,4,7,17-01-2023 17:00,LOSS
403,9,4,17-01-2023 18:00,LOSS
404,2,4,17-01-2023 19:00,LOSS
405,11,11,17-01-2023 20:00,WIN
406,20,4,17-01-2023 21:00,LOSS
407,14,15,17-01-2023 22:00,WIN
408,4,2,17-01-2023 23:00,LOSS
409,3,2,18-01-2023 00:00,LOSS
410,10,9,18-01-2023 01:00,WIN
411,20,13,18-01-2023 02:00,LOSS
412,1,15,18-01-2023 03:00,LOSS
413,9,19,18-01-2023 04:00,WIN
414,13,7,18-01-2023 05:00,LOSS
415,11,17,18-01-2023 06:00,WIN
416,10,16,18-01-2023 07:00,WIN
417,1,4,18-01-2023 08:00,WIN
418,13,4,18-01-2023 09:00,LOSS
419,9,8,18-01-2023 10:00,LOSS
420,8,20,18-01-2023 11:00,WIN
421,13,11,18-01-2023 12:00,WIN
422,8,9,18-01-2023 13:00,WIN
423,17,14,18-01-2023 14:00,LOSS
424,1,10,18-01-2023 15:00,LOSS
425,12,16,18-01-2023 16:00,LOSS
426,12,14,18-01-2023 17:00,LOSS
427,11,20,18-01-2023 18:00,WIN
428,11,10,18-01-2023 19:00,LOSS
429,16,19,18-01-2023 20:00,LOSS
430,5,8,18-01-2023 21:00,WIN
431,9,6,18-01-2023 22:00,LOSS
432,10,20,18-01-2023 23:00,LOSS
433,11,1,19-01-2023 00:00,LOSS
434,3,16,19-01-2023 01:00,LOSS
435,11,1,19-01-2023 02:00,WIN
436,8,3,19-01-2023 03:00,WIN
437,1,8,19-01-2023 04:00,WIN
438,17,8,19-01-2023 05:00,WIN
439,16,2,19-01-2023 06:00,LOSS
440,16,12,19-01-2023 07:00,LOSS
441,3,16,19-01-2023 08:00,LOSS
442,15,11,19-01-2023 09:00,LOSS
443,2,17,19-01-2023 10:00,WIN
444,11,14,19-01-2023 11:00,WIN
445,9,5,19-01-2023 12:00,WIN
446,5,1,19-01-2023 13:00,WIN
447,3,8,19-01-2023 14:00,WIN
448,8,9,19-01-2023 15:00,LOSS
449,6,2,19-01-2023 16:00,LOSS
450,7,13,19-01-2023 17:00,WIN
451,12,11,19-01-2023 18:00,WIN
452,7,16,19-01-2023 19:00,WIN
453,9,4,19-01-2023 20:00,WIN
454,9,7,19-01-2023 21:00,LOSS
455,1,17,19-01-2023 22:00,WIN
456,3,7,19-01-2023 23:00,LOSS
457,5,2,20-01-2023 00:00,WIN
458,11,18,20-01-2023 01:00,LOSS
459,4,9,20-01-2023 02:00,LOSS
460,12,9,20-01-2023 03:00,LOSS
461,1,11,20-01-2023 04:00,LOSS
462,1,4,20-01-2023 05:00,LOSS
463,13,4,20-01-2023 06:00,WIN
464,20,5,20-01-2023 07:00,WIN
465,5,17,20-01-2023 08:00,LOSS
466,20,5,20-01-2023 09:00,WIN
467,2,4,20-01-2023 10:00,LOSS
468,19,3,20-01-2023 11:00,LOSS
469,7,1,20-01-2023 12:00,LOSS
470,16,20,20-01-2023 13:00,WIN
471,4,3,20-01-2023 14:00,LOSS
472,18,8,20-01-2023 15:00,LOSS
473,11,6,20-01-2023 16:00,WIN
474,16,2,20-01-2023 17:00,WIN
475,10,1,20-01-2023 18:00,LOSS
476,2,20,20-01-2023 19:00,WIN
477,10,4,20-01-2023 20:00,LOSS
478,3,9,20-01-2023 21:00,WIN
479,12,12,20-01-2023 22:00,LOSS
480,20,19,20-01-2023 23:00,LOSS
481,2,14,21-01-2023 00:00,WIN
482,8,18,21-01-2023 01:00,WIN
483,18,17,21-01-2023 02:00,WIN
484,9,18,21-01-2023 03:00,WIN
485,11,17,21-01-2023 04:00,WIN
486,3,9,21-01-2023 05:00,LOSS
487,8,12,21-01-2023 06:00,LOSS
488,5,19,21-01-2023 07:00,LOSS
489,15,15,21-01-2023 08:00,LOSS
490,10,18,21-01-2023 09:00,WIN
491,14,17,21-01-2023 10:00,WIN
492,5,14,21-01-2023 11:00,WIN
493,18,10,21-01-2023 12:00,WIN
494,12,20,21-01-2023 13:00,LOSS
495,3,2,21-01-2023 14:00,WIN
496,8,16,21-01-2023 15:00,LOSS
497,14,6,21-01-2023 16:00,WIN
498,1,5,21-01-2023 17:00,LOSS
499,4,1,21-01-2023 18:00,LOSS
500,8,7,21-01-2023 19:00,LOSS
501,13,7,21-01-2023 20:00,WIN
502,16,13,21-01-2023 21:00,LOSS
503,16,5,21-01-2023 22:00,WIN
504,9,20,21-01-2023 23:00,WIN
505,19,18,22-01-2023 00:00,WIN
506,8,8,22-01-2023 01:00,LOSS
507,19,15,22-01-2023 02:00,WIN
508,1,16,22-01-2023 03:00,LOSS
509,13,9,22-01-2023 04:00,WIN
510,13,16,22-01-2023 05:00,LOSS
511,4,6,22-01-2023 06:00,WIN
512,10,11,22-01-2023 07:00,WIN
513,11,13,22-01-2023 08:00,WIN
514,14,2,22-01-2023 09:00,LOSS
515,5,17,22-01-2023 10:00,WIN
516,13,2,22-01-2023 11:00,LOSS
517,15,13,22-01-2023 12:00,WIN
518,17,19,22-01-2023 13:00,WIN
519,16,1,22-01-2023 14:00,WIN
520,1,5,22-01-2023 15:00,WIN
521,12,16,22-01-2023 16:00,LOSS
522,20,6,22-01-2023 17:00,WIN
523,19,14,22-01-2023 18:00,WIN
524,7,8,22-01-2023 19:00,WIN
525,5,18,22-01-2023 20:00,WIN
526,8,5,22-01-2023 21:00,LOSS
527,4,11,22-01-2023 22:00,WIN
528,14,13,22-01-2023 23:00,LOSS
529,6,9,23-01-2023 00:00,LOSS
530,19,15,23-01-2023 01:00,LOSS
531,4,13,23-01-2023 02:00,LOSS
532,10,3,23-01-2023 03:00,LOSS
533,19,3,23-01-2023 04:00,LOSS
534,10,15,23-01-2023 05:00,LOSS
535,13,18,23-01-2023 06:00,WIN
536,3,20,23-01-2023 07:00,LOSS
537,8,9,23-01-2023 08:00,WIN
538,10,16,23-01-2023 09:00,WIN
539,2,20,23-01-2023 10:00,WIN
540,1,17,23-01-2023 11:00,LOSS
541,10,13,23-01-2023 12:00,WIN
542,13,12,23-01-2023 13:00,WIN
543,1,1,23-01-2023 14:00,LOSS
544,2,6,23-01-2023 15:00,LOSS
545,10,6,23-01-2023 16:00,WIN
546,4,16,23-01-2023 17:00,LOSS
547,7,14,23-01-2023 18:00,LOSS
548,5,7,23-01-2023 19:00,LOSS
549,16,3,23-01-2023 20:00,WIN
550,7,3,23-01-2023 21:00,WIN
551,9,15,23-01-2023 22:00,WIN
552,20,7,23-01-2023 23:00,LOSS
553,9,4,24-01-2023 00:00,WIN
554,11,6,24-01-2023 01:00,LOSS
555,17,13,24-01-2023 02:00,WIN
556,11,7,24-01-2023 03:00,LOSS
557,9,13,24-01-2023 04:00,LOSS
558,19,18,24-01-2023 05:00,WIN
559,8,11,24-01-2023 06:00,LOSS
560,5,7,24-01-2023 07:00,LOSS
561,6,12,24-01-2023 08:00,LOSS
562,19,7,24-01-2023 09:00,LOSS
563,11,10,24-01-2023 10:00,LOSS
564,2,14,24-01-2023 11:00,LOSS
565,3,5,24-01-2023 12:00,WIN
566,2,19,24-01-2023 13:00,LOSS
567,13,5,24-01-2023 14:00,WIN
568,11,1,24-01-2023 15:00,LOSS
569,11,14,24-01-2023 16:00,LOSS
570,13,3,24-01-2023 17:00,LOSS
571,19,7,24-01-2023 18:00,LOSS
572,13,4,24-01-2023 19:00,LOSS
573,1,6,24-01-2023 20:00,WIN
574,13,11,24-01-2023 21:00,LOSS
575,6,11,24-01-2023 22:00,LOSS
576,8,4,24-01-2023 23:00,LOSS
577,19,16,25-01-2023 00:00,LOSS
578,14,17,25-01-2023 01:00,WIN
579,6,19,25-01-2023 02:00,LOSS
580,17,3,25-01-2023 03:00,WIN
581,2,6,25-01-2023 04:00,LOSS
582,16,16,25-01-2023 05:00,LOSS
583,5,13,25-01-2023 06:00,WIN
584,20,2,25-01-2023 07:00,WIN
585,6,7,25-01-2023 08:00,LOSS
586,2,19,25-01-2023 09:00,LOSS
587,5,1,25-01-2023 10:00,LOSS
588,10,2,25-01-2023 11:00,WIN
589,19,17,25-01-2023 12:00,LOSS
590,1,20,25-01-2023 13:00,LOSS
591,6,15,25-01-2023 14:00,LOSS
592,16,1,25-01-2023 15:00,WIN
593,10,6,25-01-2023 16:00,LOSS
594,8,12,25-01-2023 17:00,WIN
595,20,17,25-01-2023 18:00,WIN
596,19,8,25-01-2023 19:00,WIN
597,20,18,25-01-2023 20:00,WIN
598,7,19,25-01-2023 21:00,LOSS
599,15,15,25-01-2023 22:00,LOSS
600,5,13,25-01-2023 23:00,LOSS
601,4,16,26-01-2023 00:00,WIN
602,19,15,26-01-2023 01:00,WIN
603,19,14,26-01-2023 02:00,WIN
604,10,4,26-01-2023 03:00,WIN
605,8,20,26-01-2023 04:00,LOSS
606,20,13,26-01-2023 05:00,WIN
607,1,5,26-01-2023 06:00,LOSS
608,20,8,26-01-2023 07:00,LOSS
609,13,1,26-01-2023 08:00,LOSS
610,7,13,26-01-2023 09:00,WIN
611,2,5,26-01-2023 10:00,WIN
612,9,8,26-01-2023 11:00,WIN
613,19,7,26-01-2023 12:00,WIN
614,9,19,26-01-2023 13:00,WIN
615,17,10,26-01-2023 14:00,LOSS
616,18,10,26-01-2023 15:00,LOSS
617,10,7,26-01-2023 16:00,LOSS
618,1,19,26-01-2023 17:00,LOSS
619,11,14,26-01-2023 18:00,LOSS
620,19,8,26-01-2023 19:00,WIN
621,19,4,26-01-2023 20:00,WIN
622,2,15,26-01-2023 21:00,LOSS
623,5,5,26-01-2023 22:00,LOSS
624,3,4,26-01-2023 23:00,LOSS
625,13,12,27-01-2023 00:00,WIN
626,7,6,27-01-2023 01:00,WIN
627,11,8,27-01-2023 02:00,LOSS
628,17,6,27-01-2023 03:00,WIN
629,1,5,27-01-2023 04:00,LOSS
630,4,9,27-01-2023 05:00,WIN
631,1,19,27-01-2023 06:00,LOSS
632,9,10,27-01-2023 07:00,LOSS
633,18,11,27-01-2023 08:00,WIN
634,17,18,27-01-2023 09:00,LOSS
635,19,5,27-01-2023 10:00,LOSS
636,15,11,27-01-2023 11:00,LOSS
637,10,17,27-01-2023 12:00,WIN
638,12,11,27-01-2023 13:00,WIN
639,16,16,27-01-2023 14:00,WIN
640,12,9,27-01-2023 15:00,LOSS
641,1,19,27-01-2023 16:00,WIN
642,13,7,27-01-2023 17:00,WIN
643,4,20,27-01-2023 18:00,WIN
644,20,3,27-01-2023 19:00,WIN
645,12,17,27-01-2023 20:00,LOSS
646,19,6,27-01-2023 21:00,LOSS
647,15,20,27-01-2023 22:00,WIN
648,9,15,27-01-2023 23:00,LOSS
649,7,14,28-01-2023 00:00,WIN
650,6,6,28-01-2023 01:00,WIN
651,9,16,28-01-2023 02:00,WIN
652,18,8,28-01-2023 03:00,WIN
653,8,15,28-01-2023 04:00,WIN
654,18,8,28-01-2023 05:00,LOSS
655,13,1,28-01-2023 06:00,LOSS
656,7,2,28-01-2023 07:00,WIN
657,12,17,28-01-2023 08:00,WIN
658,5,5,28-01-2023 09:00,LOSS
659,16,12,28-01-2023 10:00,WIN
660,8,5,28-01-2023 11:00,WIN
661,7,2,28-01-2023 12:00,WIN
662,1,14,28-01-2023 13:00,LOSS
663,2,12,28-01-2023 14:00,WIN
664,9,2,28-01-2023 15:00,LOSS
665,15,17,28-01-2023 16:00,LOSS
666,7,4,28-01-2023 17:00,WIN
667,7,13,28-01-2023 18:00,WIN
668,20,6,28-01-2023 19:00,WIN
669,13,3,28-01-2023 20:00,LOSS
670,4,4,28-01-2023 21:00,WIN
671,19,8,28-01-2023 22:00,WIN
672,10,2,28-01-2023 23:00,LOSS
673,4,9,29-01-2023 00:00,LOSS
674,12,10,29-01-2023 01:00,WIN
675,3,13,29-01-2023 02:00,WIN
676,8,17,29-01-2023 03:00,WIN
677,17,4,29-01-2023 04:00,LOSS
678,6,10,29-01-2023 05:00,LOSS
679,13,12,29-01-2023 06:00,LOSS
680,18,17,29-01-2023 07:00,WIN
681,16,1,29-01-2023 08:00,LOSS
682,11,3,29-01-2023 09:00,LOSS
683,14,6,29-01-2023 10:00,WIN
684,1,5,29-01-2023 11:00,LOSS
685,12,12,29-01-2023 12:00,WIN
686,20,11,29-01-2023 13:00,WIN
687,6,9,29-01-2023 14:00,WIN
688,7,15,29-01-2023 15:00,LOSS
689,11,14,29-01-2023 16:00,LOSS
690,1,19,29-01-2023 17:00,LOSS
691,3,13,29-01-2023 18:00,LOSS
692,13,7,29-01-2023 19:00,LOSS
693,6,11,29-01-2023 20:00,WIN
694,10,2,29-01-2023 21:00,LOSS
695,7,1,29-01-2023 22:00,LOSS
696,11,7,29-01-2023 23:00,WIN
697,15,2,30-01-2023 00:00,WIN
698,11,19,30-01-2023 01:00,LOSS
699,18,14,30-01-2023 02:00,WIN
700,1,11,30-01-2023 03:00,LOSS
701,14,5,30-01-2023 04:00,WIN
702,12,11,30-01-2023 05:00,WIN
703,1,14,30-01-2023 06:00,LOSS
704,18,9,30-01-2023 07:00,LOSS
705,17,1,30-01-2023 08:00,WIN
706,14,6,30-01-2023 09:00,WIN
707,12,7,30-01-2023 10:00,WIN
708,1,13,30-01-2023 11:00,WIN
709,19,10,30-01-2023 12:00,LOSS
710,4,20,30-01-2023 13:00,WIN
711,5,9,30-01-2023 14:00,LOSS
712,5,17,30-01-2023 15:00,WIN
713,2,4,30-01-2023 16:00,LOSS
714,11,14,30-01-2023 17:00,WIN
715,3,6,30-01-2023 18:00,WIN
716,8,1,30-01-2023 19:00,WIN
717,2,11,30-01-2023 20:00,WIN
718,4,11,30-01-2023 21:00,WIN
719,7,17,30-01-2023 22:00,WIN
720,19,7,30-01-2023 23:00,WIN
721,19,9,31-01-2023 00:00,WIN
722,7,16,31-01-2023 01:00,WIN
723,8,9,31-01-2023 02:00,WIN
724,14,5,31-01-2023 03:00,WIN
725,4,6,31-01-2023 04:00,LOSS
726,14,8,31-01-2023 05:00,LOSS
727,1,9,31-01-2023 06:00,WIN
728,5,13,31-01-2023 07:00,LOSS
729,11,3,31-01-2023 08:00,LOSS
730,15,18,31-01-2023 09:00,LOSS
731,20,5,31-01-2023 10:00,LOSS
732,14,20,31-01-2023 11:00,WIN
733,13,1,31-01-2023 12:00,WIN
734,7,13,31-01-2023 13:00,LOSS
735,18,20,31-01-2023 14:00,WIN
736,6,18,31-01-2023 15:00,WIN
737,20,10,31-01-2023 16:00,WIN
738,7,20,31-01-2023 17:00,LOSS
739,9,18,31-01-2023 18:00,WIN
740,2,4,31-01-2023 19:00,WIN
741,8,1,31-01-2023 20:00,WIN
742,6,7,31-01-2023 21:00,WIN
743,9,15,31-01-2023 22:00,WIN
744,7,14,31-01-2023 23:00,LOSS
745,5,3,01-02-2023 00:00,LOSS
746,17,20,01-02-2023 01:00,WIN
747,7,19,01-02-2023 02:00,LOSS
748,16,8,01-02-2023 03:00,WIN
749,11,19,01-02-2023 04:00,WIN
750,14,18,01-02-2023 05:00,WIN
751,3,14,01-02-2023 06:00,WIN
752,8,6,01-02-2023 07:00,LOSS
753,15,19,01-02-2023 08:00,LOSS
754,9,12,01-02-2023 09:00,WIN
755,16,15,01-02-2023 10:00,WIN
756,18,4,01-02-2023 11:00,WIN
757,8,19,01-02-2023 12:00,LOSS
758,7,5,01-02-2023 13:00,LOSS
759,20,4,01-02-2023 14:00,WIN
760,10,9,01-02-2023 15:00,WIN
761,12,19,01-02-2023 16:00,WIN
762,12,6,01-02-2023 17:00,LOSS
763,10,8,01-02-2023 18:00,LOSS
764,2,2,01-02-2023 19:00,WIN
765,12,8,01-02-2023 20:00,WIN
766,6,11,01-02-2023 21:00,LOSS
767,1,2,01-02-2023 22:00,WIN
768,9,14,01-02-2023 23:00,WIN
769,20,17,02-02-2023 00:00,WIN
770,16,5,02-02-2023 01:00,LOSS
771,17,5,02-02-2023 02:00,LOSS
772,20,1,02-02-2023 03:00,WIN
773,6,6,02-02-2023 04:00,WIN
774,4,7,02-02-2023 05:00,LOSS
775,9,14,02-02-2023 06:00,WIN
776,20,14,02-02-2023 07:00,WIN
777,8,16,02-02-2023 08:00,WIN
778,18,9,02-02-2023 09:00,WIN
779,12,18,02-02-2023 10:00,LOSS
780,7,9,02-02-2023 11:00,LOSS
781,8,4,02-02-2023 12:00,LOSS
782,10,7,02-02-2023 13:00,WIN
783,3,5,02-02-2023 14:00,LOSS
784,18,17,02-02-2023 15:00,LOSS
785,9,10,02-02-2023 16:00,WIN
786,5,2,02-02-2023 17:00,LOSS
787,13,3,02-02-2023 18:00,WIN
788,5,7,02-02-2023 19:00,WIN
789,2,5,02-02-2023 20:00,WIN
790,7,10,02-02-2023 21:00,LOSS
791,3,4,02-02-2023 22:00,LOSS
792,9,2,02-02-2023 23:00,WIN
793,3,17,03-02-2023 00:00,LOSS
794,6,19,03-02-2023 01:00,LOSS
795,10,9,03-02-2023 02:00,WIN
796,3,19,03-02-2023 03:00,WIN
797,20,3,03-02-2023 04:00,WIN
798,9,7,03-02-2023 05:00,LOSS
799,12,12,03-02-2023 06:00,LOSS
800,12,12,03-02-2023 07:00,LOSS
801,16,19,03-02-2023 08:00,WIN
802,11,7,03-02-2023 09:00,LOSS
803,12,8,03-02-2023 10:00,WIN
804,17,3,03-02-2023 11:00,LOSS
805,4,5,03-02-2023 12:00,WIN
806,10,13,03-02-2023 13:00,LOSS
807,17,1,03-02-2023 14:00,WIN
808,8,18,03-02-2023 15:00,LOSS
809,7,15,03-02-2023 16:00,WIN
810,18,13,03-02-2023 17:00,LOSS
811,8,8,03-02-2023 18:00,LOSS
812,2,5,03-02-2023 19:00,LOSS
813,14,7,03-02-2023 20:00,WIN
814,16,15,03-02-2023 21:00,WIN
815,20,7,03-02-2023 22:00,WIN
816,10,3,03-02-2023 23:00,WIN
817,18,17,04-02-2023 00:00,LOSS
818,5,9,04-02-2023 01:00,WIN
819,16,1,04-02-2023 02:00,LOSS
820,11,15,04-02-2023 03:00,WIN
821,19,3,04-02-2023 04:00,LOSS
822,6,6,04-02-2023 05:00,LOSS
823,7,5,04-02-2023 06:00,WIN
824,11,4,04-02-2023 07:00,LOSS
825,18,11,04-02-2023 08:00,LOSS
826,18,11,04-02-2023 09:00,LOSS
827,20,14,04-02-2023 10:00,LOSS
828,8,17,04-02-2023 11:00,LOSS
829,10,20,04-02-2023 12:00,LOSS
830,17,20,04-02-2023 13:00,WIN
831,9,9,04-02-2023 14:00,LOSS
832,13,1,04-02-2023 15:00,WIN
833,8,14,04-02-2023 16:00,LOSS
834,17,5,04-02-2023 17:00,LOSS
835,16,8,04-02-2023 18:00,LOSS
836,16,5,04-02-2023 19:00,WIN
837,8,2,04-02-2023 20:00,WIN
838,10,2,04-02-2023 21:00,LOSS
839,12,13,04-02-2023 22:00,WIN
840,18,19,04-02-2023 23:00,WIN
841,9,18,05-02-2023 00:00,LOSS
842,4,15,05-02-2023 01:00,WIN
843,5,14,05-02-2023 02:00,LOSS
844,16,1,05-02-2023 03:00,LOSS
845,1,20,05-02-2023 04:00,LOSS
846,18,11,05-02-2023 05:00,WIN
847,18,19,05-02-2023 06:00,LOSS
848,19,8,05-02-2023 07:00,WIN
849,9,1,05-02-2023 08:00,WIN
850,1,11,05-02-2023 09:00,WIN
851,3,10,05-02-2023 10:00,LOSS
852,2,6,05-02-2023 11:00,WIN
853,2,13,05-02-2023 12:00,LOSS
854,17,1,05-02-2023 13:00,LOSS
855,6,9,05-02-2023 14:00,LOSS
856,5,18,05-02-2023 15:00,WIN
857,11,20,05-02-2023 16:00,WIN
858,9,11,05-02-2023 17:00,WIN
859,4,16,05-02-2023 18:00,WIN
860,7,3,05-02-2023 19:00,LOSS
861,13,10,05-02-2023 20:00,LOSS
862,16,2,05-02-2023 21:00,LOSS
863,20,8,05-02-2023 22:00,WIN
864,17,18,05-02-2023 23:00,WIN
865,20,3,06-02-2023 00:00,LOSS
866,2,6,06-02-2023 01:00,WIN
867,5,13,06-02-2023 02:00,WIN
868,18,19,06-02-2023 03:00,WIN
869,13,14,06-02-2023 04:00,LOSS
870,18,13,06-02-2023 05:00,WIN
871,11,15,06-02-2023 06:00,LOSS
872,14,19,06-02-2023 07:00,WIN
873,12,18,06-02-2023 08:00,LOSS
874,4,12,06-02-2023 09:00,LOSS
875,7,8,06-02-2023 10:00,LOSS
876,13,14,06-02-2023 11:00,LOSS
877,19,1,06-02-2023 12:00,WIN
878,11,1,06-02-2023 13:00,WIN
879,7,1,06-02-2023 14:00,LOSS
880,15,17,06-02-2023 15:00,LOSS
881,19,18,06-02-2023 16:00,LOSS
882,20,20,06-02-2023 17:00,LOSS
883,17,15,06-02-2023 18:00,LOSS
884,1,19,06-02-2023 19:00,LOSS
885,12,9,06-02-2023 20:00,LOSS
886,19,2,06-02-2023 21:00,WIN
887,5,8,06-02-2023 22:00,WIN
888,10,8,06-02-2023 23:00,WIN
889,11,15,07-02-2023 00:00,LOSS
890,16,11,07-02-2023 01:00,LOSS
891,18,15,07-02-2023 02:00,WIN
892,9,19,07-02-2023 03:00,WIN
893,9,11,07-02-2023 04:00,WIN
894,14,1,07-02-2023 05:00,LOSS
895,20,17,07-02-2023 06:00,LOSS
896,6,11,07-02-2023 07:00,LOSS
897,12,14,07-02-2023 08:00,LOSS
898,11,12,07-02-2023 09:00,WIN
899,4,12,07-02-2023 10:00,LOSS
900,6,4,07-02-2023 11:00,WIN
901,18,15,07-02-2023 12:00,WIN
902,6,9,07-02-2023 13:00,WIN
903,1,15,07-02-2023 14:00,LOSS
904,10,2,07-02-2023 15:00,LOSS
905,12,16,07-02-2023 16:00,WIN
906,7,1,07-02-2023 17:00,LOSS
907,11,16,07-02-2023 18:00,LOSS
908,20,15,07-02-2023 19:00,LOSS
909,1,14,07-02-2023 20:00,WIN
910,16,3,07-02-2023 21:00,LOSS
911,4,6,07-02-2023 22:00,WIN
912,6,11,07-02-2023 23:00,WIN
913,10,7,08-02-2023 00:00,LOSS
914,7,14,08-02-2023 01:00,LOSS
915,12,10,08-02-2023 02:00,WIN
916,19,4,08-02-2023 03:00,LOSS
917,10,1,08-02-2023 04:00,WIN
918,2,4,08-02-2023 05:00,WIN
919,9,15,08-02-2023 06:00,LOSS
920,1,6,08-02-2023 07:00,LOSS
921,10,19,08-02-2023 08:00,LOSS
922,1,18,08-02-2023 09:00,LOSS
923,2,10,08-02-2023 10:00,LOSS
924,5,4,08-02-2023 11:00,WIN
925,17,16,08-02-2023 12:00,WIN
926,13,19,08-02-2023 13:00,LOSS
927,6,11,08-02-2023 14:00,LOSS
928,10,10,08-02-2023 15:00,WIN
929,2,16,08-02-2023 16:00,LOSS
930,5,15,08-02-2023 17:00,LOSS
931,19,17,08-02-2023 18:00,WIN
932,2,2,08-02-2023 19:00,LOSS
933,1,14,08-02-2023 20:00,WIN
934,8,8,08-02-2023 21:00,WIN
935,15,15,08-02-2023 22:00,WIN
936,6,1,08-02-2023 23:00,WIN
937,4,6,09-02-2023 00:00,WIN
938,12,20,09-02-2023 01:00,WIN
939,16,19,09-02-2023 02:00,LOSS
940,2,11,09-02-2023 03:00,WIN
941,8,6,09-02-2023 04:00,WIN
942,6,19,09-02-2023 05:00,WIN
943,3,4,09-02-2023 06:00,WIN
944,1,10,09-02-2023 07:00,WIN
945,8,11,09-02-2023 08:00,LOSS
946,12,8,09-02-2023 09:00,LOSS
947,7,9,09-02-2023 10:00,WIN
948,17,1,09-02-2023 11:00,LOSS
949,13,19,09-02-2023 12:00,WIN
950,18,17,09-02-2023 13:00,LOSS
951,16,9,09-02-2023 14:00,LOSS
952,8,17,09-02-2023 15:00,WIN
953,12,12,09-02-2023 16:00,LOSS
954,6,14,09-02-2023 17:00,LOSS
955,2,9,09-02-2023 18:00,LOSS
956,7,7,09-02-2023 19:00,WIN
957,4,16,09-02-2023 20:00,LOSS
958,20,14,09-02-2023 21:00,LOSS
959,16,6,09-02-2023 22:00,WIN
960,17,15,09-02-2023 23:00,WIN
961,3,13,10-02-2023 00:00,LOSS
962,3,20,10-02-2023 01:00,WIN
963,14,5,10-02-2023 02:00,WIN
964,14,15,10-02-2023 03:00,LOSS
965,7,18,10-02-2023 04:00,WIN
966,1,13,10-02-2023 05:00,WIN
967,15,11,10-02-2023 06:00,WIN
968,14,11,10-02-2023 07:00,LOSS
969,4,12,10-02-2023 08:00,WIN
970,4,19,10-02-2023 09:00,WIN
971,11,12,10-02-2023 10:00,LOSS
972,1,19,10-02-2023 11:00,LOSS
973,11,19,10-02-2023 12:00,LOSS
974,12,1,10-02-2023 13:00,WIN
975,15,14,10-02-2023 14:00,LOSS
976,15,17,10-02-2023 15:00,WIN
977,4,2,10-02-2023 16:00,LOSS
978,6,7,10-02-2023 17:00,LOSS
979,2,6,10-02-2023 18:00,WIN
980,9,20,10-02-2023 19:00,LOSS
981,8,20,10-02-2023 20:00,LOSS
982,19,1,10-02-2023 21:00,WIN
983,8,6,10-02-2023 22:00,LOSS
984,20,15,10-02-2023 23:00,LOSS
985,10,17,11-02-2023 00:00,WIN
986,17,4,11-02-2023 01:00,LOSS
987,19,2,11-02-2023 02:00,WIN
988,1,16,11-02-2023 03:00,LOSS
989,15,13,11-02-2023 04:00,WIN
990,11,11,11-02-2023 05:00,LOSS
991,7,11,11-02-2023 06:00,WIN
992,16,16,11-02-2023 07:00,WIN
993,3,10,11-02-2023 08:00,LOSS
994,12,4,11-02-2023 09:00,WIN
995,16,19,11-02-2023 10:00,LOSS
996,20,7,11-02-2023 11:00,WIN
997,19,18,11-02-2023 12:00,WIN
998,2,12,11-02-2023 13:00,LOSS
999,8,10,11-02-2023 14:00,LOSS
1000,19,15,11-02-2023 15:00,LOSS
1001,11,12,11-02-2023 16:00,WIN
1002,11,1,11-02-2023 17:00,WIN
1003,2,10,11-02-2023 18:00,LOSS
1004,5,11,11-02-2023 19:00,WIN
1005,5,20,11-02-2023 20:00,LOSS
1006,10,19,11-02-2023 21:00,WIN
1007,2,15,11-02-2023 22:00,LOSS
1008,15,3,11-02-2023 23:00,WIN
1009,18,16,12-02-2023 00:00,LOSS
1010,12,20,12-02-2023 01:00,LOSS
1011,10,16,12-02-2023 02:00,WIN
1012,7,10,12-02-2023 03:00,WIN
1013,15,15,12-02-2023 04:00,LOSS
1014,15,8,12-02-2023 05:00,LOSS
1015,12,2,12-02-2023 06:00,LOSS
1016,20,4,12-02-2023 07:00,WIN
1017,15,14,12-02-2023 08:00,WIN
1018,3,18,12-02-2023 09:00,WIN
1019,16,3,12-02-2023 10:00,LOSS
1020,19,3,12-02-2023 11:00,WIN
1021,7,5,12-02-2023 12:00,WIN
1022,17,2,12-02-2023 13:00,WIN
1023,4,6,12-02-2023 14:00,LOSS
1024,15,4,12-02-2023 15:00,LOSS
1025,9,2,12-02-2023 16:00,LOSS
1026,17,19,12-02-2023 17:00,LOSS
1027,1,15,12-02-2023 18:00,LOSS
1028,2,2,12-02-2023 19:00,WIN
1029,7,4,12-02-2023 20:00,WIN
1030,14,14,12-02-2023 21:00,WIN
1031,5,12,12-02-2023 22:00,WIN
1032,4,3,12-02-2023 23:00,WIN
1033,13,8,13-02-2023 00:00,LOSS
1034,10,20,13-02-2023 01:00,LOSS
1035,13,10,13-02-2023 02:00,WIN
1036,12,19,13-02-2023 03:00,LOSS
1037,18,15,13-02-2023 04:00,LOSS
1038,11,14,13-02-2023 05:00,LOSS
1039,18,19,13-02-2023 06:00,LOSS
1040,12,20,13-02-2023 07:00,WIN
1041,1,19,13-02-2023 08:00,LOSS
1042,16,14,13-02-2023 09:00,LOSS
1043,14,6,13-02-2023 10:00,LOSS
1044,1,8,13-02-2023 11:00,LOSS
1045,7,19,13-02-2023 12:00,WIN
1046,19,3,13-02-2023 13:00,WIN
1047,5,3,13-02-2023 14:00,WIN
1048,17,4,13-02-2023 15:00,WIN
1049,10,7,13-02-2023 16:00,LOSS
1050,4,2,13-02-2023 17:00,LOSS
1051,14,13,13-02-2023 18:00,LOSS
1052,6,11,13-02-2023 19:00,WIN
1053,12,13,13-02-2023 20:00,LOSS
1054,20,2,13-02-2023 21:00,LOSS
1055,12,4,13-02-2023 22:00,LOSS
1056,1,16,13-02-2023 23:00,WIN
1057,12,15,14-02-2023 00:00,LOSS
1058,6,15,14-02-2023 01:00,WIN
1059,4,3,14-02-2023 02:00,LOSS
1060,17,13,14-02-2023 03:00,LOSS
1061,10,17,14-02-2023 04:00,WIN
1062,19,18,14-02-2023 05:00,LOSS
1063,11,16,14-02-2023 06:00,LOSS
1064,1,1,14-02-2023 07:00,WIN
1065,5,14,14-02-2023 08:00,WIN
1066,14,2,14-02-2023 09:00,LOSS
1067,13,6,14-02-2023 10:00,LOSS
1068,2,12,14-02-2023 11:00,WIN
1069,14,8,14-02-2023 12:00,WIN
1070,6,7,14-02-2023 13:00,LOSS
1071,6,18,14-02-2023 14:00,LOSS
1072,1,11,14-02-2023 15:00,LOSS
1073,20,20,14-02-2023 16:00,WIN
1074,11,2,14-02-2023 17:00,WIN
1075,4,11,14-02-2023 18:00,WIN
1076,6,8,14-02-2023 19:00,LOSS
1077,2,20,14-02-2023 20:00,LOSS
1078,20,17,14-02-2023 21:00,WIN
1079,5,13,14-02-2023 22:00,WIN
1080,15,20,14-02-2023 23:00,WIN
1081,8,12,15-02-2023 00:00,LOSS
1082,17,11,15-02-2023 01:00,WIN
1083,10,13,15-02-2023 02:00,WIN
1084,9,9,15-02-2023 03:00,LOSS
1085,2,7,15-02-2023 04:00,WIN
1086,11,10,15-02-2023 05:00,WIN
1087,2,12,15-02-2023 06:00,WIN
1088,16,8,15-02-2023 07:00,WIN
1089,4,12,15-02-2023 08:00,WIN
1090,17,12,15-02-2023 09:00,WIN
1091,9,14,15-02-2023 10:00,WIN
1092,12,11,15-02-2023 11:00,WIN
1093,5,14,15-02-2023 12:00,WIN
1094,3,14,15-02-2023 13:00,LOSS
1095,6,11,15-02-2023 14:00,LOSS
1096,7,2,15-02-2023 15:00,WIN
1097,4,8,15-02-2023 16:00,LOSS
1098,14,7,15-02-2023 17:00,LOSS
1099,14,15,15-02-2023 18:00,LOSS
1100,2,4,15-02-2023 19:00,WIN
1101,15,1,15-02-2023 20:00,LOSS
1102,12,3,15-02-2023 21:00,LOSS
1103,14,6,15-02-2023 22:00,WIN
1104,10,19,15-02-2023 23:00,LOSS
1105,3,2,16-02-2023 00:00,WIN
1106,2,15,16-02-2023 01:00,WIN
1107,2,19,16-02-2023 02:00,LOSS
1108,11,19,16-02-2023 03:00,LOSS
1109,12,9,16-02-2023 04:00,LOSS
1110,15,19,16-02-2023 05:00,LOSS
1111,12,13,16-02-2023 06:00,WIN
1112,11,8,16-02-2023 07:00,LOSS
1113,20,6,16-02-2023 08:00,WIN
1114,20,10,16-02-2023 09:00,LOSS
1115,14,9,16-02-2023 10:00,WIN
1116,5,15,16-02-2023 11:00,WIN
1117,19,14,16-02-2023 12:00,LOSS
1118,17,2,16-02-2023 13:00,WIN
1119,15,1,16-02-2023 14:00,LOSS
1120,20,11,16-02-2023 15:00,WIN
1121,17,15,16-02-2023 16:00,WIN
1122,12,15,16-02-2023 17:00,LOSS
1123,8,6,16-02-2023 18:00,LOSS
1124,15,1,16-02-2023 19:00,LOSS
1125,2,17,16-02-2023 20:00,LOSS
1126,17,3,16-02-2023 21:00,WIN
1127,10,14,16-02-2023 22:00,LOSS
1128,18,20,16-02-2023 23:00,LOSS
1129,12,12,17-02-2023 00:00,LOSS
1130,1,20,17-02-2023 01:00,LOSS
1131,4,12,17-02-2023 02:00,WIN
1132,5,5,17-02-2023 03:00,LOSS
1133,3,6,17-02-2023 04:00,LOSS
1134,1,20,17-02-2023 05:00,LOSS
1135,7,15,17-02-2023 06:00,WIN
1136,20,2,17-02-2023 07:00,LOSS
1137,12,8,17-02-2023 08:00,LOSS
1138,6,20,17-02-2023 09:00,LOSS
1139,20,6,17-02-2023 10:00,LOSS
1140,17,17,17-02-2023 11:00,WIN
1141,11,18,17-02-2023 12:00,LOSS
1142,8,14,17-02-2023 13:00,WIN
1143,11,20,17-02-2023 14:00,WIN
1144,13,10,17-02-2023 15:00,WIN
1145,9,13,17-02-2023 16:00,LOSS
1146,19,17,17-02-2023 17:00,LOSS
1147,20,1,17-02-2023 18:00,WIN
1148,5,8,17-02-2023 19:00,WIN
1149,10,16,17-02-2023 20:00,WIN
1150,13,13,17-02-2023 21:00,LOSS
1151,5,7,17-02-2023 22:00,WIN
1152,3,19,17-02-2023 23:00,LOSS
1153,17,8,18-02-2023 00:00,WIN
1154,10,12,18-02-2023 01:00,WIN
1155,17,16,18-02-2023 02:00,LOSS
1156,6,13,18-02-2023 03:00,WIN
1157,14,18,18-02-2023 04:00,WIN
1158,9,13,18-02-2023 05:00,WIN
1159,5,19,18-02-2023 06:00,WIN
1160,20,6,18-02-2023 07:00,LOSS
1161,8,12,18-02-2023 08:00,LOSS
1162,16,6,18-02-2023 09:00,LOSS
1163,7,19,18-02-2023 10:00,WIN
1164,2,16,18-02-2023 11:00,LOSS
1165,9,14,18-02-2023 12:00,LOSS
1166,10,12,18-02-2023 13:00,LOSS
1167,19,18,18-02-2023 14:00,WIN
1168,4,16,18-02-2023 15:00,WIN
1169,13,17,18-02-2023 16:00,LOSS
1170,2,16,18-02-2023 17:00,LOSS
1171,19,11,18-02-2023 18:00,LOSS
1172,6,16,18-02-2023 19:00,WIN
1173,16,9,18-02-2023 20:00,WIN
1174,15,15,18-02-2023 21:00,LOSS
1175,14,18,18-02-2023 22:00,LOSS
1176,13,8,18-02-2023 23:00,LOSS
1177,17,18,19-02-2023 00:00,LOSS
1178,18,3,19-02-2023 01:00,LOSS
1179,20,5,19-02-2023 02:00,WIN
1180,1,2,19-02-2023 03:00,LOSS
1181,4,11,19-02-2023 04:00,WIN
1182,16,19,19-02-2023 05:00,WIN
1183,18,2,19-02-2023 06:00,WIN
1184,10,18,19-02-2023 07:00,LOSS
1185,20,7,19-02-2023 08:00,LOSS
1186,8,16,19-02-2023 09:00,WIN
1187,6,1,19-02-2023 10:00,WIN
1188,17,13,19-02-2023 11:00,WIN
1189,5,3,19-02-2023 12:00,LOSS
1190,4,18,19-02-2023 13:00,LOSS
1191,4,4,19-02-2023 14:00,WIN
1192,19,20,19-02-2023 15:00,WIN
1193,9,17,19-02-2023 16:00,WIN
1194,13,5,19-02-2023 17:00,LOSS
1195,7,7,19-02-2023 18:00,WIN
1196,18,9,19-02-2023 19:00,LOSS
1197,18,4,19-02-2023 20:00,WIN
1198,17,9,19-02-2023 21:00,WIN
1199,8,17,19-02-2023 22:00,WIN
1200,11,10,19-02-2023 23:00,WIN
1201,6,17,20-02-2023 00:00,LOSS
1202,8,12,20-02-2023 01:00,WIN
1203,8,10,20-02-2023 02:00,LOSS
1204,19,11,20-02-2023 03:00,WIN
1205,15,13,20-02-2023 04:00,LOSS
1206,19,17,20-02-2023 05:00,WIN
1207,6,15,20-02-2023 06:00,WIN
1208,4,5,20-02-2023 07:00,LOSS
1209,7,11,20-02-2023 08:00,WIN
1210,2,13,20-02-2023 09:00,LOSS
1211,2,6,20-02-2023 10:00,LOSS
1212,14,10,20-02-2023 11:00,LOSS
1213,9,20,20-02-2023 12:00,WIN
1214,7,3,20-02-2023 13:00,WIN
1215,5,3,20-02-2023 14:00,WIN
1216,12,1,20-02-2023 15:00,LOSS
1217,18,2,20-02-2023 16:00,WIN
1218,19,5,20-02-2023 17:00,LOSS
1219,16,14,20-02-2023 18:00,LOSS
1220,12,7,20-02-2023 19:00,WIN
1221,6,12,20-02-2023 20:00,LOSS
1222,1,4,20-02-2023 21:00,WIN
1223,12,18,20-02-2023 22:00,LOSS
1224,11,9,20-02-2023 23:00,WIN
1225,11,12,21-02-2023 00:00,LOSS
1226,9,12,21-02-2023 01:00,LOSS
1227,2,5,21-02-2023 02:00,LOSS
1228,8,7,21-02-2023 03:00,WIN
1229,1,17,21-02-2023 04:00,WIN
1230,1,20,21-02-2023 05:00,LOSS
1231,12,19,21-02-2023 06:00,LOSS
1232,4,4,21-02-2023 07:00,LOSS
1233,1,1,21-02-2023 08:00,LOSS
1234,12,8,21-02-2023 09:00,LOSS
1235,14,2,21-02-2023 10:00,WIN
1236,1,1,21-02-2023 11:00,LOSS
1237,12,3,21-02-2023 12:00,LOSS
1238,5,19,21-02-2023 13:00,WIN
1239,2,14,21-02-2023 14:00,LOSS
1240,4,18,21-02-2023 15:00,LOSS
1241,11,14,21-02-2023 16:00,LOSS
1242,18,17,21-02-2023 17:00,WIN
1243,19,10,21-02-2023 18:00,WIN
1244,18,20,21-02-2023 19:00,LOSS
1245,20,7,21-02-2023 20:00,LOSS
1246,15,11,21-02-2023 21:00,WIN
1247,15,9,21-02-2023 22:00,WIN
1248,9,1,21-02-2023 23:00,LOSS
1249,8,18,22-02-2023 00:00,WIN
1250,10,17,22-02-2023 01:00,WIN
1251,8,19,22-02-2023 02:00,LOSS
1252,11,10,22-02-2023 03:00,LOSS
1253,19,1,22-02-2023 04:00,LOSS
1254,12,1,22-02-2023 05:00,LOSS
1255,7,7,22-02-2023 06:00,LOSS
1256,1,18,22-02-2023 07:00,LOSS
1257,3,11,22-02-2023 08:00,WIN
1258,13,13,22-02-2023 09:00,WIN
1259,4,9,22-02-2023 10:00,LOSS
1260,10,17,22-02-2023 11:00,LOSS
1261,6,11,22-02-2023 12:00,WIN
1262,4,1,22-02-2023 13:00,LOSS
1263,8,20,22-02-2023 14:00,WIN
1264,14,16,22-02-2023 15:00,LOSS
1265,18,19,22-02-2023 16:00,WIN
1266,8,11,22-02-2023 17:00,WIN
1267,5,14,22-02-2023 18:00,LOSS
1268,14,12,22-02-2023 19:00,LOSS
1269,15,8,22-02-2023 20:00,WIN
1270,20,15,22-02-2023 21:00,LOSS
1271,17,1,22-02-2023 22:00,LOSS
1272,4,6,22-02-2023 23:00,WIN
1273,20,12,23-02-2023 00:00,LOSS
1274,13,9,23-02-2023 01:00,LOSS
1275,15,18,23-02-2023 02:00,LOSS
1276,9,8,23-02-2023 03:00,LOSS
1277,17,20,23-02-2023 04:00,LOSS
1278,3,19,23-02-2023 05:00,LOSS
1279,9,5,23-02-2023 06:00,LOSS
1280,11,20,23-02-2023 07:00,WIN
1281,20,12,23-02-2023 08:00,WIN
1282,5,19,23-02-2023 09:00,LOSS
1283,18,5,23-02-2023 10:00,WIN
1284,12,2,23-02-2023 11:00,WIN
1285,19,4,23-02-2023 12:00,LOSS
1286,5,5,23-02-2023 13:00,LOSS
1287,12,7,23-02-2023 14:00,LOSS
1288,6,12,23-02-2023 15:00,WIN
1289,17,9,23-02-2023 16:00,LOSS
1290,14,11,23-02-2023 17:00,LOSS
1291,3,14,23-02-2023 18:00,LOSS
1292,1,14,23-02-2023 19:00,WIN
1293,13,7,23-02-2023 20:00,WIN
1294,18,3,23-02-2023 21:00,LOSS
1295,10,3,23-02-2023 22:00,LOSS
1296,19,4,23-02-2023 23:00,LOSS
1297,19,7,24-02-2023 00:00,WIN
1298,17,9,24-02-2023 01:00,LOSS
1299,7,1,24-02-2023 02:00,WIN
1300,8,4,24-02-2023 03:00,LOSS
1301,16,3,24-02-2023 04:00,LOSS
1302,16,6,24-02-2023 05:00,LOSS
1303,16,6,24-02-2023 06:00,LOSS
1304,20,11,24-02-2023 07:00,WIN
1305,9,4,24-02-2023 08:00,LOSS
1306,13,4,24-02-2023 09:00,LOSS
1307,4,13,24-02-2023 10:00,WIN
1308,10,17,24-02-2023 11:00,LOSS
1309,9,11,24-02-2023 12:00,LOSS
1310,18,3,24-02-2023 13:00,WIN
1311,12,3,24-02-2023 14:00,WIN
1312,10,12,24-02-2023 15:00,WIN
1313,17,15,24-02-2023 16:00,LOSS
1314,12,16,24-02-2023 17:00,LOSS
1315,2,8,24-02-2023 18:00,LOSS
1316,14,14,24-02-2023 19:00,WIN
1317,6,6,24-02-2023 20:00,LOSS
1318,11,5,24-02-2023 21:00,WIN
1319,14,20,24-02-2023 22:00,WIN
1320,14,19,24-02-2023 23:00,WIN
1321,6,7,25-02-2023 00:00,LOSS
1322,1,1,25-02-2023 01:00,LOSS
1323,17,2,25-02-2023 02:00,WIN
1324,17,8,25-02-2023 03:00,WIN
1325,17,4,25-02-2023 04:00,WIN
1326,10,15,25-02-2023 05:00,WIN
1327,10,14,25-02-2023 06:00,WIN
1328,14,6,25-02-2023 07:00,LOSS
1329,1,17,25-02-2023 08:00,WIN
1330,2,6,25-02-2023 09:00,LOSS
1331,18,12,25-02-2023 10:00,WIN
1332,20,17,25-02-2023 11:00,WIN
1333,3,8,25-02-2023 12:00,WIN
1334,4,1,25-02-2023 13:00,WIN
1335,5,5,25-02-2023 14:00,WIN
1336,20,10,25-02-2023 15:00,LOSS
1337,3,4,25-02-2023 16:00,LOSS
1338,3,3,25-02-2023 17:00,WIN
1339,4,15,25-02-2023 18:00,LOSS
1340,6,5,25-02-2023 19:00,WIN
1341,7,16,25-02-2023 20:00,LOSS
1342,4,15,25-02-2023 21:00,LOSS
1343,15,16,25-02-2023 22:00,WIN
1344,6,9,25-02-2023 23:00,WIN
1345,5,16,26-02-2023 00:00,LOSS
1346,8,18,26-02-2023 01:00,WIN
1347,6,16,26-02-2023 02:00,WIN
1348,17,4,26-02-2023 03:00,LOSS
1349,16,17,26-02-2023 04:00,LOSS
1350,11,11,26-02-2023 05:00,LOSS
1351,1,15,26-02-2023 06:00,LOSS
1352,14,18,26-02-2023 07:00,LOSS
1353,13,4,26-02-2023 08:00,WIN
1354,10,15,26-02-2023 09:00,WIN
1355,10,2,26-02-2023 10:00,WIN
1356,8,7,26-02-2023 11:00,WIN
1357,9,12,26-02-2023 12:00,WIN
1358,4,17,26-02-2023 13:00,WIN
1359,11,9,26-02-2023 14:00,WIN
1360,9,10,26-02-2023 15:00,WIN
1361,12,2,26-02-2023 16:00,LOSS
1362,13,7,26-02-2023 17:00,WIN
1363,8,18,26-02-2023 18:00,LOSS
1364,13,6,26-02-2023 19:00,WIN
1365,1,19,26-02-2023 20:00,WIN
1366,11,17,26-02-2023 21:00,LOSS
1367,2,13,26-02-2023 22:00,WIN
1368,5,4,26-02-2023 23:00,WIN
1369,11,15,27-02-2023 00:00,WIN
1370,4,2,27-02-2023 01:00,LOSS
1371,8,1,27-02-2023 02:00,LOSS
1372,12,16,27-02-2023 03:00,LOSS
1373,3,8,27-02-2023 04:00,LOSS
1374,17,7,27-02-2023 05:00,WIN
1375,8,5,27-02-2023 06:00,WIN
1376,6,20,27-02-2023 07:00,LOSS
1377,4,2,27-02-2023 08:00,LOSS
1378,4,5,27-02-2023 09:00,LOSS
1379,7,10,27-02-2023 10:00,LOSS
1380,10,14,27-02-2023 11:00,LOSS
1381,6,2,27-02-2023 12:00,LOSS
1382,4,19,27-02-2023 13:00,WIN
1383,10,5,27-02-2023 14:00,WIN
1384,20,5,27-02-2023 15:00,WIN
1385,17,5,27-02-2023 16:00,WIN
1386,20,6,27-02-2023 17:00,WIN
1387,6,17,27-02-2023 18:00,WIN
1388,11,14,27-02-2023 19:00,WIN
1389,18,4,27-02-2023 20:00,LOSS
1390,9,18,27-02-2023 21:00,LOSS
1391,12,18,27-02-2023 22:00,LOSS
1392,11,11,27-02-2023 23:00,LOSS
1393,18,17,28-02-2023 00:00,WIN
1394,2,14,28-02-2023 01:00,WIN
1395,16,6,28-02-2023 02:00,LOSS
1396,9,19,28-02-2023 03:00,WIN
1397,16,18,28-02-2023 04:00,WIN
1398,12,8,28-02-2023 05:00,WIN
1399,17,5,28-02-2023 06:00,WIN
1400,13,16,28-02-2023 07:00,LOSS
1401,4,13,28-02-2023 08:00,LOSS
1402,13,15,28-02-2023 09:00,WIN
1403,12,1,28-02-2023 10:00,LOSS
1404,2,1,28-02-2023 11:00,WIN
1405,17,2,28-02-2023 12:00,WIN
1406,15,19,28-02-2023 13:00,WIN
1407,13,2,28-02-2023 14:00,WIN
1408,2,16,28-02-2023 15:00,LOSS
1409,6,2,28-02-2023 16:00,LOSS
1410,12,7,28-02-2023 17:00,WIN
1411,1,1,28-02-2023 18:00,LOSS
1412,15,1,28-02-2023 19:00,WIN
1413,3,18,28-02-2023 20:00,WIN
1414,10,18,28-02-2023 21:00,LOSS
1415,6,16,28-02-2023 22:00,LOSS
1416,5,1,28-02-2023 23:00,WIN
1417,8,12,01-03-2023 00:00,LOSS
1418,6,11,01-03-2023 01:00,LOSS
1419,11,9,01-03-2023 02:00,WIN
1420,14,10,01-03-2023 03:00,LOSS
1421,20,11,01-03-2023 04:00,LOSS
1422,5,13,01-03-2023 05:00,WIN
1423,13,12,01-03-2023 06:00,LOSS
1424,9,6,01-03-2023 07:00,LOSS
1425,10,14,01-03-2023 08:00,LOSS
1426,11,6,01-03-2023 09:00,WIN
1427,6,12,01-03-2023 10:00,WIN
1428,5,18,01-03-2023 11:00,LOSS
1429,5,20,01-03-2023 12:00,LOSS
1430,16,11,01-03-2023 13:00,WIN
1431,8,2,01-03-2023 14:00,LOSS
1432,15,12,01-03-2023 15:00,LOSS
1433,15,15,01-03-2023 16:00,LOSS
1434,9,6,01-03-2023 17:00,LOSS
1435,15,5,01-03-2023 18:00,LOSS
1436,8,15,01-03-2023 19:00,WIN
1437,14,11,01-03-2023 20:00,WIN
1438,7,15,01-03-2023 21:00,LOSS
1439,12,19,01-03-2023 22:00,WIN
1440,1,1,01-03-2023 23:00,WIN
1441,15,5,02-03-2023 00:00,WIN
1442,7,4,02-03-2023 01:00,LOSS
1443,15,9,02-03-2023 02:00,LOSS
1444,10,6,02-03-2023 03:00,LOSS
1445,6,11,02-03-2023 04:00,WIN
1446,16,3,02-03-2023 05:00,WIN
1447,14,9,02-03-2023 06:00,LOSS
1448,12,11,02-03-2023 07:00,LOSS
1449,17,9,02-03-2023 08:00,WIN
1450,10,1,02-03-2023 09:00,LOSS
1451,10,13,02-03-2023 10:00,LOSS
1452,8,1,02-03-2023 11:00,WIN
1453,11,18,02-03-2023 12:00,WIN
1454,18,11,02-03-2023 13:00,WIN
1455,13,15,02-03-2023 14:00,LOSS
1456,20,16,02-03-2023 15:00,WIN
1457,16,1,02-03-2023 16:00,LOSS
1458,14,11,02-03-2023 17:00,LOSS
1459,12,6,02-03-2023 18:00,LOSS
1460,13,12,02-03-2023 19:00,WIN
1461,13,19,02-03-2023 20:00,WIN
1462,16,1,02-03-2023 21:00,WIN
1463,1,2,02-03-2023 22:00,WIN
1464,12,20,02-03-2023 23:00,LOSS
1465,9,12,03-03-2023 00:00,WIN
1466,13,1,03-03-2023 01:00,WIN
1467,13,7,03-03-2023 02:00,LOSS
1468,8,10,03-03-2023 03:00,LOSS
1469,18,16,03-03-2023 04:00,LOSS
1470,18,15,03-03-2023 05:00,WIN
1471,9,9,03-03-2023 06:00,WIN
1472,1,14,03-03-2023 07:00,WIN
1473,7,4,03-03-2023 08:00,LOSS
1474,13,6,03-03-2023 09:00,LOSS
1475,15,15,03-03-2023 10:00,WIN
1476,2,8,03-03-2023 11:00,WIN
1477,8,10,03-03-2023 12:00,LOSS
1478,20,7,03-03-2023 13:00,WIN
1479,5,17,03-03-2023 14:00,WIN
1480,9,13,03-03-2023 15:00,LOSS
1481,17,8,03-03-2023 16:00,LOSS
1482,14,11,03-03-2023 17:00,WIN
1483,9,1,03-03-2023 18:00,WIN
1484,15,6,03-03-2023 19:00,WIN
1485,20,6,03-03-2023 20:00,LOSS
1486,1,9,03-03-2023 21:00,WIN
1487,13,2,03-03-2023 22:00,LOSS
1488,10,17,03-03-2023 23:00,WIN
1489,12,2,04-03-2023 00:00,LOSS
1490,14,7,04-03-2023 01:00,LOSS
1491,6,19,04-03-2023 02:00,LOSS
1492,11,20,04-03-2023 03:00,WIN
1493,7,3,04-03-2023 04:00,LOSS
1494,20,11,04-03-2023 05:00,LOSS
1495,4,13,04-03-2023 06:00,LOSS
1496,12,16,04-03-2023 07:00,LOSS
1497,2,9,04-03-2023 08:00,LOSS
1498,20,19,04-03-2023 09:00,WIN
1499,14,12,04-03-2023 10:00,LOSS
1500,9,16,04-03-2023 11:00,LOSS
1501,14,6,04-03-2023 12:00,WIN
1502,6,5,04-03-2023 13:00,WIN
1503,5,5,04-03-2023 14:00,WIN
1504,20,11,04-03-2023 15:00,LOSS
1505,19,14,04-03-2023 16:00,WIN
1506,18,14,04-03-2023 17:00,WIN
1507,7,9,04-03-2023 18:00,WIN
1508,1,8,04-03-2023 19:00,LOSS
1509,20,11,04-03-2023 20:00,LOSS
1510,9,10,04-03-2023 21:00,WIN
1511,8,19,04-03-2023 22:00,LOSS
1512,11,20,04-03-2023 23:00,WIN
1513,7,16,05-03-2023 00:00,WIN
1514,17,5,05-03-2023 01:00,WIN
1515,15,6,05-03-2023 02:00,WIN
1516,8,11,05-03-2023 03:00,WIN
1517,20,11,05-03-2023 04:00,WIN
1518,12,16,05-03-2023 05:00,LOSS
1519,5,8,05-03-2023 06:00,LOSS
1520,8,19,05-03-2023 07:00,LOSS
1521,5,1,05-03-2023 08:00,WIN
1522,14,9,05-03-2023 09:00,WIN
1523,4,14,05-03-2023 10:00,WIN
1524,15,20,05-03-2023 11:00,WIN
1525,20,3,05-03-2023 12:00,LOSS
1526,10,5,05-03-2023 13:00,WIN
1527,17,2,05-03-2023 14:00,WIN
1528,4,18,05-03-2023 15:00,LOSS
1529,1,13,05-03-2023 16:00,WIN
1530,6,4,05-03-2023 17:00,WIN
1531,8,17,05-03-2023 18:00,WIN
1532,4,14,05-03-2023 19:00,WIN
1533,14,12,05-03-2023 20:00,WIN
1534,2,10,05-03-2023 21:00,LOSS
1535,5,15,05-03-2023 22:00,LOSS
1536,15,7,05-03-2023 23:00,LOSS
1537,19,3,06-03-2023 00:00,WIN
1538,14,20,06-03-2023 01:00,LOSS
1539,7,11,06-03-2023 02:00,LOSS
1540,9,13,06-03-2023 03:00,LOSS
1541,1,3,06-03-2023 04:00,LOSS
1542,20,13,06-03-2023 05:00,WIN
1543,10,8,06-03-2023 06:00,WIN
1544,11,9,06-03-2023 07:00,LOSS
1545,12,7,06-03-2023 08:00,LOSS
1546,1,8,06-03-2023 09:00,LOSS
1547,8,14,06-03-2023 10:00,LOSS
1548,6,18,06-03-2023 11:00,LOSS
1549,12,10,06-03-2023 12:00,LOSS
1550,9,3,06-03-2023 13:00,WIN
1551,4,16,06-03-2023 14:00,LOSS
1552,6,15,06-03-2023 15:00,WIN
1553,3,13,06-03-2023 16:00,LOSS
1554,2,4,06-03-2023 17:00,WIN
1555,18,16,06-03-2023 18:00,LOSS
1556,5,18,06-03-2023 19:00,WIN
1557,12,19,06-03-2023 20:00,WIN
1558,2,16,06-03-2023 21:00,WIN
1559,5,12,06-03-2023 22:00,LOSS
1560,18,2,06-03-2023 23:00,LOSS
1561,6,8,07-03-2023 00:00,WIN
1562,11,11,07-03-2023 01:00,WIN
1563,7,12,07-03-2023 02:00,LOSS
1564,16,6,07-03-2023 03:00,WIN
1565,8,16,07-03-2023 04:00,WIN
1566,3,5,07-03-2023 05:00,LOSS
1567,11,10,07-03-2023 06:00,LOSS
1568,20,5,07-03-2023 07:00,LOSS
1569,19,18,07-03-2023 08:00,LOSS
1570,11,2,07-03-2023 09:00,WIN
1571,9,14,07-03-2023 10:00,WIN
1572,12,7,07-03-2023 11:00,LOSS
1573,16,8,07-03-2023 12:00,WIN
1574,5,4,07-03-2023 13:00,WIN
1575,2,5,07-03-2023 14:00,WIN
1576,10,17,07-03-2023 15:00,LOSS
1577,2,6,07-03-2023 16:00,LOSS
1578,4,1,07-03-2023 17:00,WIN
1579,16,3,07-03-2023 18:00,LOSS
1580,6,10,07-03-2023 19:00,WIN
1581,10,13,07-03-2023 20:00,LOSS
1582,7,19,07-03-2023 21:00,WIN
1583,5,14,07-03-2023 22:00,WIN
1584,13,11,07-03-2023 23:00,LOSS
1585,9,18,08-03-2023 00:00,LOSS
1586,9,11,08-03-2023 01:00,WIN
1587,15,15,08-03-2023 02:00,WIN
1588,4,4,08-03-2023 03:00,LOSS
1589,1,11,08-03-2023 04:00,WIN
1590,20,6,08-03-2023 05:00,WIN
1591,14,18,08-03-2023 06:00,WIN
1592,19,12,08-03-2023 07:00,LOSS
1593,1,16,08-03-2023 08:00,LOSS
1594,10,20,08-03-2023 09:00,WIN
1595,4,16,08-03-2023 10:00,WIN
1596,18,18,08-03-2023 11:00,LOSS
1597,12,14,08-03-2023 12:00,WIN
1598,7,17,08-03-2023 13:00,LOSS
1599,6,15,08-03-2023 14:00,LOSS
1600,9,10,08-03-2023 15:00,LOSS
1601,2,7,08-03-2023 16:00,LOSS
1602,15,5,08-03-2023 17:00,LOSS
1603,13,11,08-03-2023 18:00,LOSS
1604,11,3,08-03-2023 19:00,WIN
1605,19,17,08-03-2023 20:00,LOSS
1606,6,19,08-03-2023 21:00,WIN
1607,9,9,08-03-2023 22:00,LOSS
1608,12,4,08-03-2023 23:00,WIN
1609,11,15,09-03-2023 00:00,LOSS
1610,3,9,09-03-2023 01:00,WIN
1611,18,16,09-03-2023 02:00,LOSS
1612,13,17,09-03-2023 03:00,LOSS
1613,13,18,09-03-2023 04:00,LOSS
1614,15,5,09-03-2023 05:00,WIN
1615,19,5,09-03-2023 06:00,LOSS
1616,15,9,09-03-2023 07:00,WIN
1617,15,10,09-03-2023 08:00,LOSS
1618,5,13,09-03-2023 09:00,WIN
1619,5,17,09-03-2023 10:00,WIN
1620,2,13,09-03-2023 11:00,WIN
1621,18,7,09-03-2023 12:00,LOSS
1622,6,20,09-03-2023 13:00,WIN
1623,18,3,09-03-2023 14:00,LOSS
1624,7,1,09-03-2023 15:00,WIN
1625,20,10,09-03-2023 16:00,LOSS
1626,20,15,09-03-2023 17:00,WIN
1627,3,13,09-03-2023 18:00,LOSS
1628,17,17,09-03-2023 19:00,WIN
1629,20,18,09-03-2023 20:00,LOSS
1630,19,10,09-03-2023 21:00,LOSS
1631,8,20,09-03-2023 22:00,WIN
1632,19,9,09-03-2023 23:00,WIN
1633,19,1,10-03-2023 00:00,WIN
1634,6,12,10-03-2023 01:00,WIN
1635,20,11,10-03-2023 02:00,LOSS
1636,8,11,10-03-2023 03:00,LOSS
1637,3,15,10-03-2023 04:00,LOSS
1638,5,20,10-03-2023 05:00,LOSS
1639,1,14,10-03-2023 06:00,LOSS
1640,1,9,10-03-2023 07:00,WIN
1641,1,2,10-03-2023 08:00,WIN
1642,6,2,10-03-2023 09:00,LOSS
1643,2,16,10-03-2023 10:00,WIN
1644,12,6,10-03-2023 11:00,WIN
1645,17,13,10-03-2023 12:00,WIN
1646,10,6,10-03-2023 13:00,LOSS
1647,5,1,10-03-2023 14:00,WIN
1648,5,13,10-03-2023 15:00,WIN
1649,2,2,10-03-2023 16:00,WIN
1650,12,1,10-03-2023 17:00,LOSS
1651,5,1,10-03-2023 18:00,LOSS
1652,15,11,10-03-2023 19:00,LOSS
1653,20,16,10-03-2023 20:00,WIN
1654,18,9,10-03-2023 21:00,LOSS
1655,6,7,10-03-2023 22:00,LOSS
1656,14,14,10-03-2023 23:00,WIN
1657,11,5,11-03-2023 00:00,LOSS
1658,8,19,11-03-2023 01:00,WIN
1659,9,17,11-03-2023 02:00,WIN
1660,6,8,11-03-2023 03:00,LOSS
1661,3,4,11-03-2023 04:00,LOSS
1662,8,2,11-03-2023 05:00,LOSS
1663,16,20,11-03-2023 06:00,LOSS
1664,19,13,11-03-2023 07:00,WIN
1665,1,20,11-03-2023 08:00,WIN
1666,13,6,11-03-2023 09:00,WIN
1667,12,18,11-03-2023 10:00,WIN
1668,20,5,11-03-2023 11:00,WIN
1669,8,12,11-03-2023 12:00,LOSS
1670,14,19,11-03-2023 13:00,WIN
1671,6,20,11-03-2023 14:00,WIN
1672,3,19,11-03-2023 15:00,WIN
1673,3,15,11-03-2023 16:00,LOSS
1674,14,7,11-03-2023 17:00,WIN
1675,3,19,11-03-2023 18:00,WIN
1676,12,3,11-03-2023 19:00,LOSS
1677,12,1,11-03-2023 20:00,WIN
1678,17,10,11-03-2023 21:00,LOSS
1679,11,4,11-03-2023 22:00,LOSS
1680,9,16,11-03-2023 23:00,LOSS
1681,5,12,12-03-2023 00:00,WIN
1682,11,10,12-03-2023 01:00,LOSS
1683,7,3,12-03-2023 02:00,WIN
1684,10,8,12-03-2023 03:00,LOSS
1685,9,5,12-03-2023 04:00,WIN
1686,20,16,12-03-2023 05:00,LOSS
1687,15,4,12-03-2023 06:00,LOSS
1688,11,16,12-03-2023 07:00,WIN
1689,3,3,12-03-2023 08:00,WIN
1690,15,4,12-03-2023 09:00,WIN
1691,17,16,12-03-2023 10:00,LOSS
1692,3,5,12-03-2023 11:00,WIN
1693,20,18,12-03-2023 12:00,LOSS
1694,4,20,12-03-2023 13:00,LOSS
1695,11,8,12-03-2023 14:00,LOSS
1696,7,8,12-03-2023 15:00,LOSS
1697,20,7,12-03-2023 16:00,LOSS
1698,14,10,12-03-2023 17:00,WIN
1699,4,2,12-03-2023 18:00,WIN
1700,13,20,12-03-2023 19:00,WIN
1701,1,6,12-03-2023 20:00,LOSS
1702,18,15,12-03-2023 21:00,LOSS
1703,13,14,12-03-2023 22:00,LOSS
1704,3,8,12-03-2023 23:00,WIN
1705,8,9,13-03-2023 00:00,WIN
1706,18,5,13-03-2023 01:00,LOSS
1707,2,5,13-03-2023 02:00,LOSS
1708,20,9,13-03-2023 03:00,LOSS
1709,6,7,13-03-2023 04:00,LOSS
1710,18,8,13-03-2023 05:00,WIN
1711,18,15,13-03-2023 06:00,LOSS
1712,9,3,13-03-2023 07:00,WIN
1713,15,17,13-03-2023 08:00,LOSS
1714,3,19,13-03-2023 09:00,LOSS
1715,9,18,13-03-2023 10:00,WIN
1716,18,10,13-03-2023 11:00,LOSS
1717,20,2,13-03-2023 12:00,WIN
1718,20,2,13-03-2023 13:00,LOSS
1719,7,17,13-03-2023 14:00,LOSS
1720,17,15,13-03-2023 15:00,WIN
1721,3,16,13-03-2023 16:00,WIN
1722,7,6,13-03-2023 17:00,LOSS
1723,13,20,13-03-2023 18:00,WIN
1724,9,2,13-03-2023 19:00,LOSS
1725,9,15,13-03-2023 20:00,LOSS
1726,5,18,13-03-2023 21:00,LOSS
1727,4,8,13-03-2023 22:00,LOSS
1728,9,4,13-03-2023 23:00,LOSS
1729,6,5,14-03-2023 00:00,WIN
1730,10,8,14-03-2023 01:00,WIN
1731,18,17,14-03-2023 02:00,LOSS
1732,3,6,14-03-2023 03:00,WIN
1733,20,15,14-03-2023 04:00,WIN
1734,7,1,14-03-2023 05:00,LOSS
1735,12,11,14-03-2023 06:00,LOSS
1736,5,6,14-03-2023 07:00,WIN
1737,17,6,14-03-2023 08:00,WIN
1738,19,20,14-03-2023 09:00,WIN
1739,4,20,14-03-2023 10:00,LOSS
1740,12,18,14-03-2023 11:00,WIN
1741,15,18,14-03-2023 12:00,LOSS
1742,2,7,14-03-2023 13:00,WIN
1743,15,16,14-03-2023 14:00,LOSS
1744,11,19,14-03-2023 15:00,WIN
1745,1,12,14-03-2023 16:00,WIN
1746,14,18,14-03-2023 17:00,LOSS
1747,4,4,14-03-2023 18:00,LOSS
1748,6,2,14-03-2023 19:00,WIN
1749,8,9,14-03-2023 20:00,WIN
1750,20,7,14-03-2023 21:00,LOSS
1751,2,12,14-03-2023 22:00,LOSS
1752,4,5,14-03-2023 23:00,WIN
1753,17,12,15-03-2023 00:00,LOSS
1754,9,16,15-03-2023 01:00,WIN
1755,19,19,15-03-2023 02:00,WIN
1756,8,12,15-03-2023 03:00,LOSS
1757,9,1,15-03-2023 04:00,LOSS
1758,13,1,15-03-2023 05:00,WIN
1759,8,19,15-03-2023 06:00,WIN
1760,14,20,15-03-2023 07:00,WIN
1761,18,12,15-03-2023 08:00,WIN
1762,18,5,15-03-2023 09:00,WIN
1763,10,9,15-03-2023 10:00,WIN
1764,20,12,15-03-2023 11:00,LOSS
1765,1,2,15-03-2023 12:00,WIN
1766,12,13,15-03-2023 13:00,WIN
1767,3,4,15-03-2023 14:00,LOSS
1768,20,19,15-03-2023 15:00,LOSS
1769,12,8,15-03-2023 16:00,LOSS
1770,18,13,15-03-2023 17:00,WIN
1771,12,1,15-03-2023 18:00,WIN
1772,7,17,15-03-2023 19:00,WIN
1773,3,17,15-03-2023 20:00,LOSS
1774,7,4,15-03-2023 21:00,WIN
1775,13,8,15-03-2023 22:00,WIN
1776,11,20,15-03-2023 23:00,LOSS
1777,20,5,16-03-2023 00:00,WIN
1778,20,16,16-03-2023 01:00,LOSS
1779,17,2,16-03-2023 02:00,WIN
1780,15,9,16-03-2023 03:00,WIN
1781,6,13,16-03-2023 04:00,WIN
1782,6,19,16-03-2023 05:00,LOSS
1783,7,9,16-03-2023 06:00,WIN
1784,9,3,16-03-2023 07:00,WIN
1785,9,1,16-03-2023 08:00,WIN
1786,18,18,16-03-2023 09:00,LOSS
1787,1,15,16-03-2023 10:00,WIN
1788,18,1,16-03-2023 11:00,WIN
1789,18,15,16-03-2023 12:00,LOSS
1790,12,18,16-03-2023 13:00,WIN
1791,1,19,16-03-2023 14:00,LOSS
1792,19,20,16-03-2023 15:00,WIN
1793,14,19,16-03-2023 16:00,LOSS
1794,14,20,16-03-2023 17:00,LOSS
1795,16,13,16-03-2023 18:00,LOSS
1796,6,5,16-03-2023 19:00,WIN
1797,17,5,16-03-2023 20:00,WIN
1798,13,11,16-03-2023 21:00,WIN
1799,19,10,16-03-2023 22:00,WIN
1800,20,6,16-03-2023 23:00,LOSS
1801,2,6,17-03-2023 00:00,WIN
1802,10,13,17-03-2023 01:00,WIN
1803,9,6,17-03-2023 02:00,LOSS
1804,12,7,17-03-2023 03:00,LOSS
1805,8,8,17-03-2023 04:00,WIN
1806,9,10,17-03-2023 05:00,LOSS
1807,11,11,17-03-2023 06:00,WIN
1808,1,5,17-03-2023 07:00,LOSS
1809,11,8,17-03-2023 08:00,WIN
1810,19,1,17-03-2023 09:00,LOSS
1811,2,7,17-03-2023 10:00,LOSS
1812,14,18,17-03-2023 11:00,LOSS
1813,4,12,17-03-2023 12:00,LOSS
1814,20,19,17-03-2023 13:00,LOSS
1815,15,8,17-03-2023 14:00,LOSS
1816,2,3,17-03-2023 15:00,LOSS
1817,16,10,17-03-2023 16:00,WIN
1818,4,14,17-03-2023 17:00,LOSS
1819,2,19,17-03-2023 18:00,LOSS
1820,15,19,17-03-2023 19:00,WIN
1821,19,9,17-03-2023 20:00,LOSS
1822,19,5,17-03-2023 21:00,WIN
1823,16,7,17-03-2023 22:00,WIN
1824,12,13,17-03-2023 23:00,LOSS
1825,3,18,18-03-2023 00:00,LOSS
1826,20,13,18-03-2023 01:00,LOSS
1827,15,7,18-03-2023 02:00,LOSS
1828,7,8,18-03-2023 03:00,WIN
1829,9,4,18-03-2023 04:00,WIN
1830,15,17,18-03-2023 05:00,LOSS
1831,20,10,18-03-2023 06:00,LOSS
1832,13,4,18-03-2023 07:00,LOSS
1833,7,5,18-03-2023 08:00,WIN
1834,16,5,18-03-2023 09:00,WIN
1835,10,18,18-03-2023 10:00,WIN
1836,2,2,18-03-2023 11:00,LOSS
1837,19,11,18-03-2023 12:00,WIN
1838,6,1,18-03-2023 13:00,LOSS
1839,18,7,18-03-2023 14:00,WIN
1840,2,12,18-03-2023 15:00,LOSS
1841,1,8,18-03-2023 16:00,WIN
1842,15,12,18-03-2023 17:00,WIN
1843,10,15,18-03-2023 18:00,WIN
1844,3,14,18-03-2023 19:00,WIN
1845,10,20,18-03-2023 20:00,LOSS
1846,3,1,18-03-2023 21:00,LOSS
1847,6,3,18-03-2023 22:00,LOSS
1848,2,1,18-03-2023 23:00,LOSS
1849,9,11,19-03-2023 00:00,LOSS
1850,8,9,19-03-2023 01:00,WIN
1851,1,4,19-03-2023 02:00,LOSS
1852,17,8,19-03-2023 03:00,LOSS
1853,13,17,19-03-2023 04:00,LOSS
1854,5,14,19-03-2023 05:00,LOSS
1855,7,20,19-03-2023 06:00,LOSS
1856,9,16,19-03-2023 07:00,WIN
1857,14,20,19-03-2023 08:00,WIN
1858,19,2,19-03-2023 09:00,WIN
1859,1,8,19-03-2023 10:00,WIN
1860,3,15,19-03-2023 11:00,WIN
1861,16,4,19-03-2023 12:00,WIN
1862,8,15,19-03-2023 13:00,LOSS
1863,7,1,19-03-2023 14:00,LOSS
1864,11,13,19-03-2023 15:00,LOSS
1865,15,7,19-03-2023 16:00,WIN
1866,13,16,19-03-2023 17:00,WIN
1867,20,4,19-03-2023 18:00,LOSS
1868,6,3,19-03-2023 19:00,WIN
1869,5,12,19-03-2023 20:00,LOSS
1870,4,18,19-03-2023 21:00,WIN
1871,19,14,19-03-2023 22:00,LOSS
1872,15,1,19-03-2023 23:00,LOSS
1873,5,7,20-03-2023 00:00,WIN
1874,11,19,20-03-2023 01:00,LOSS
1875,18,3,20-03-2023 02:00,LOSS
1876,10,15,20-03-2023 03:00,LOSS
1877,16,19,20-03-2023 04:00,WIN
1878,4,9,20-03-2023 05:00,LOSS
1879,19,18,20-03-2023 06:00,LOSS
1880,5,1,20-03-2023 07:00,WIN
1881,15,7,20-03-2023 08:00,LOSS
1882,6,15,20-03-2023 09:00,WIN
1883,2,7,20-03-2023 10:00,LOSS
1884,10,9,20-03-2023 11:00,LOSS
1885,20,16,20-03-2023 12:00,LOSS
1886,6,19,20-03-2023 13:00,LOSS
1887,19,12,20-03-2023 14:00,WIN
1888,6,18,20-03-2023 15:00,LOSS
1889,15,16,20-03-2023 16:00,WIN
1890,1,5,20-03-2023 17:00,LOSS
1891,8,2,20-03-2023 18:00,LOSS
1892,11,16,20-03-2023 19:00,LOSS
1893,14,6,20-03-2023 20:00,LOSS
1894,1,8,20-03-2023 21:00,LOSS
1895,14,19,20-03-2023 22:00,LOSS
1896,10,1,20-03-2023 23:00,LOSS
1897,17,5,21-03-2023 00:00,LOSS
1898,11,19,21-03-2023 01:00,LOSS
1899,10,7,21-03-2023 02:00,WIN
1900,15,10,21-03-2023 03:00,WIN
1901,12,16,21-03-2023 04:00,WIN
1902,3,13,21-03-2023 05:00,LOSS
1903,18,7,21-03-2023 06:00,WIN
1904,7,5,21-03-2023 07:00,LOSS
1905,11,18,21-03-2023 08:00,LOSS
1906,18,10,21-03-2023 09:00,LOSS
1907,17,8,21-03-2023 10:00,WIN
1908,16,4,21-03-2023 11:00,LOSS
1909,3,1,21-03-2023 12:00,WIN
1910,13,13,21-03-2023 13:00,LOSS
1911,8,10,21-03-2023 14:00,LOSS
1912,5,12,21-03-2023 15:00,WIN
1913,7,20,21-03-2023 16:00,WIN
1914,19,2,21-03-2023 17:00,LOSS
1915,19,6,21-03-2023 18:00,LOSS
1916,12,10,21-03-2023 19:00,LOSS
1917,9,10,21-03-2023 20:00,WIN
1918,17,3,21-03-2023 21:00,WIN
1919,10,6,21-03-2023 22:00,LOSS
1920,18,15,21-03-2023 23:00,LOSS
1921,1,12,22-03-2023 00:00,LOSS
1922,15,9,22-03-2023 01:00,WIN
1923,11,4,22-03-2023 02:00,LOSS
1924,4,6,22-03-2023 03:00,LOSS
1925,6,18,22-03-2023 04:00,WIN
1926,13,6,22-03-2023 05:00,WIN
1927,8,1,22-03-2023 06:00,LOSS
1928,7,12,22-03-2023 07:00,LOSS
1929,5,3,22-03-2023 08:00,WIN
1930,5,12,22-03-2023 09:00,WIN
1931,16,3,22-03-2023 10:00,LOSS
1932,6,10,22-03-2023 11:00,LOSS
1933,16,6,22-03-2023 12:00,WIN
1934,15,17,22-03-2023 13:00,LOSS
1935,6,1,22-03-2023 14:00,WIN
1936,8,2,22-03-2023 15:00,WIN
1937,3,19,22-03-2023 16:00,WIN
1938,9,20,22-03-2023 17:00,LOSS
1939,9,6,22-03-2023 18:00,LOSS
1940,5,10,22-03-2023 19:00,LOSS
1941,19,10,22-03-2023 20:00,LOSS
1942,16,18,22-03-2023 21:00,WIN
1943,16,8,22-03-2023 22:00,LOSS
1944,18,20,22-03-2023 23:00,LOSS
1945,12,7,23-03-2023 00:00,LOSS
1946,16,10,23-03-2023 01:00,LOSS
1947,5,1,23-03-2023 02:00,WIN
1948,3,15,23-03-2023 03:00,WIN
1949,7,10,23-03-2023 04:00,LOSS
1950,20,3,23-03-2023 05:00,LOSS
1951,14,9,23-03-2023 06:00,WIN
1952,16,13,23-03-2023 07:00,WIN
1953,1,6,23-03-2023 08:00,WIN
1954,5,19,23-03-2023 09:00,LOSS
1955,8,2,23-03-2023 10:00,LOSS
1956,2,12,23-03-2023 11:00,LOSS
1957,7,11,23-03-2023 12:00,LOSS
1958,6,13,23-03-2023 13:00,LOSS
1959,10,3,23-03-2023 14:00,WIN
1960,3,17,23-03-2023 15:00,LOSS
1961,6,9,23-03-2023 16:00,LOSS
1962,19,15,23-03-2023 17:00,LOSS
1963,2,15,23-03-2023 18:00,WIN
1964,19,4,23-03-2023 19:00,LOSS
1965,17,14,23-03-2023 20:00,LOSS
1966,4,14,23-03-2023 21:00,LOSS
1967,3,14,23-03-2023 22:00,WIN
1968,14,18,23-03-2023 23:00,WIN
1969,3,3,24-03-2023 00:00,LOSS
1970,11,6,24-03-2023 01:00,WIN
1971,10,8,24-03-2023 02:00,LOSS
1972,3,19,24-03-2023 03:00,WIN
1973,9,2,24-03-2023 04:00,LOSS
1974,16,5,24-03-2023 05:00,LOSS
1975,18,9,24-03-2023 06:00,LOSS
1976,5,11,24-03-2023 07:00,WIN
1977,15,16,24-03-2023 08:00,LOSS
1978,16,20,24-03-2023 09:00,WIN
1979,18,2,24-03-2023 10:00,WIN
1980,6,7,24-03-2023 11:00,WIN
1981,4,5,24-03-2023 12:00,LOSS
1982,13,1,24-03-2023 13:00,WIN
1983,1,4,24-03-2023 14:00,WIN
1984,2,9,24-03-2023 15:00,LOSS
1985,15,15,24-03-2023 16:00,WIN
1986,4,18,24-03-2023 17:00,WIN
1987,13,10,24-03-2023 18:00,WIN
1988,14,11,24-03-2023 19:00,WIN
1989,15,17,24-03-2023 20:00,WIN
1990,8,18,24-03-2023 21:00,LOSS
1991,9,12,24-03-2023 22:00,WIN
1992,5,13,24-03-2023 23:00,WIN
1993,3,18,25-03-2023 00:00,LOSS
1994,7,17,25-03-2023 01:00,WIN
1995,8,10,25-03-2023 02:00,LOSS
1996,16,15,25-03-2023 03:00,WIN
1997,17,20,25-03-2023 04:00,LOSS
1998,10,8,25-03-2023 05:00,WIN
1999,1,11,25-03-2023 06:00,WIN
2000,19,18,25-03-2023 07:00,WIN
2001,18,4,25-03-2023 08:00,LOSS
2002,18,19,25-03-2023 09:00,WIN
2003,20,2,25-03-2023 10:00,WIN
2004,5,20,25-03-2023 11:00,LOSS
2005,11,3,25-03-2023 12:00,LOSS
2006,1,16,25-03-2023 13:00,WIN
2007,11,1,25-03-2023 14:00,WIN
2008,11,17,25-03-2023 15:00,WIN
2009,5,12,25-03-2023 16:00,LOSS
2010,20,19,25-03-2023 17:00,LOSS
2011,18,10,25-03-2023 18:00,WIN
2012,8,20,25-03-2023 19:00,WIN
2013,15,13,25-03-2023 20:00,LOSS
2014,3,14,25-03-2023 21:00,LOSS
2015,16,16,25-03-2023 22:00,WIN
2016,20,1,25-03-2023 23:00,WIN
2017,12,18,26-03-2023 00:00,WIN
2018,2,3,26-03-2023 01:00,WIN
2019,20,14,26-03-2023 02:00,LOSS
2020,20,17,26-03-2023 03:00,LOSS
2021,13,14,26-03-2023 04:00,WIN
2022,19,8,26-03-2023 05:00,LOSS
2023,13,12,26-03-2023 06:00,WIN
2024,18,14,26-03-2023 07:00,WIN
2025,16,2,26-03-2023 08:00,LOSS
2026,10,6,26-03-2023 09:00,WIN
2027,7,12,26-03-2023 10:00,LOSS
2028,2,4,26-03-2023 11:00,LOSS
2029,4,4,26-03-2023 12:00,LOSS
2030,4,16,26-03-2023 13:00,WIN
2031,1,20,26-03-2023 14:00,WIN
2032,16,16,26-03-2023 15:00,WIN
2033,6,8,26-03-2023 16:00,WIN
2034,19,3,26-03-2023 17:00,LOSS
2035,5,8,26-03-2023 18:00,WIN
2036,6,13,26-03-2023 19:00,WIN
2037,7,7,26-03-2023 20:00,WIN
2038,5,2,26-03-2023 21:00,WIN
2039,1,5,26-03-2023 22:00,LOSS
2040,2,14,26-03-2023 23:00,WIN
2041,10,5,27-03-2023 00:00,LOSS
2042,2,4,27-03-2023 01:00,WIN
2043,20,17,27-03-2023 02:00,LOSS
2044,14,20,27-03-2023 03:00,WIN
2045,7,1,27-03-2023 04:00,LOSS
2046,10,16,27-03-2023 05:00,WIN
2047,8,11,27-03-2023 06:00,WIN
2048,1,11,27-03-2023 07:00,LOSS
2049,8,17,27-03-2023 08:00,LOSS
2050,16,4,27-03-2023 09:00,LOSS
2051,14,16,27-03-2023 10:00,LOSS
2052,19,12,27-03-2023 11:00,LOSS
2053,10,5,27-03-2023 12:00,WIN
2054,18,13,27-03-2023 13:00,WIN
2055,2,13,27-03-2023 14:00,WIN
2056,5,3,27-03-2023 15:00,LOSS
2057,2,9,27-03-2023 16:00,WIN
2058,20,18,27-03-2023 17:00,WIN
2059,3,18,27-03-2023 18:00,LOSS
2060,9,15,27-03-2023 19:00,WIN
2061,11,15,27-03-2023 20:00,WIN
2062,16,7,27-03-2023 21:00,WIN
2063,14,9,27-03-2023 22:00,LOSS
2064,14,16,27-03-2023 23:00,WIN
2065,20,2,28-03-2023 00:00,LOSS
2066,11,20,28-03-2023 01:00,LOSS
2067,11,13,28-03-2023 02:00,WIN
2068,18,4,28-03-2023 03:00,LOSS
2069,11,14,28-03-2023 04:00,WIN
2070,14,9,28-03-2023 05:00,LOSS
2071,19,14,28-03-2023 06:00,WIN
2072,18,11,28-03-2023 07:00,LOSS
2073,4,20,28-03-2023 08:00,LOSS
2074,13,13,28-03-2023 09:00,WIN
2075,2,17,28-03-2023 10:00,WIN
2076,19,5,28-03-2023 11:00,WIN
2077,9,4,28-03-2023 12:00,WIN
2078,11,13,28-03-2023 13:00,WIN
2079,17,12,28-03-2023 14:00,WIN
2080,5,3,28-03-2023 15:00,WIN
2081,9,4,28-03-2023 16:00,WIN
2082,16,17,28-03-2023 17:00,WIN
2083,12,18,28-03-2023 18:00,LOSS
2084,1,15,28-03-2023 19:00,WIN
2085,17,7,28-03-2023 20:00,WIN
2086,14,9,28-03-2023 21:00,LOSS
2087,7,14,28-03-2023 22:00,LOSS
2088,16,10,28-03-2023 23:00,LOSS
2089,15,10,29-03-2023 00:00,WIN
2090,4,19,29-03-2023 01:00,LOSS
2091,15,13,29-03-2023 02:00,WIN
2092,17,3,29-03-2023 03:00,LOSS
2093,2,16,29-03-2023 04:00,WIN
2094,8,11,29-03-2023 05:00,LOSS
2095,6,4,29-03-2023 06:00,WIN
2096,7,3,29-03-2023 07:00,LOSS
2097,16,2,29-03-2023 08:00,WIN
2098,5,15,29-03-2023 09:00,WIN
2099,18,1,29-03-2023 10:00,WIN
2100,20,1,29-03-2023 11:00,WIN
2101,11,1,29-03-2023 12:00,WIN
2102,2,10,29-03-2023 13:00,LOSS
2103,7,1,29-03-2023 14:00,WIN
2104,15,16,29-03-2023 15:00,WIN
2105,9,5,29-03-2023 16:00,WIN
2106,2,20,29-03-2023 17:00,WIN
2107,4,18,29-03-2023 18:00,WIN
2108,15,3,29-03-2023 19:00,LOSS
2109,8,8,29-03-2023 20:00,LOSS
2110,4,15,29-03-2023 21:00,LOSS
2111,8,3,29-03-2023 22:00,WIN
2112,7,19,29-03-2023 23:00,WIN
2113,13,2,30-03-2023 00:00,WIN
2114,5,12,30-03-2023 01:00,LOSS
2115,20,18,30-03-2023 02:00,LOSS
2116,18,10,30-03-2023 03:00,WIN
2117,19,10,30-03-2023 04:00,WIN
2118,11,13,30-03-2023 05:00,WIN
2119,6,12,30-03-2023 06:00,LOSS
2120,4,7,30-03-2023 07:00,WIN
2121,3,16,30-03-2023 08:00,WIN
2122,20,9,30-03-2023 09:00,LOSS
2123,6,5,30-03-2023 10:00,LOSS
2124,15,4,30-03-2023 11:00,WIN
2125,3,9,30-03-2023 12:00,WIN
2126,17,18,30-03-2023 13:00,WIN
2127,2,14,30-03-2023 14:00,WIN
2128,16,1,30-03-2023 15:00,WIN
2129,17,6,30-03-2023 16:00,WIN
2130,11,6,30-03-2023 17:00,WIN
2131,4,14,30-03-2023 18:00,WIN
2132,12,16,30-03-2023 19:00,LOSS
2133,8,6,30-03-2023 20:00,WIN
2134,3,20,30-03-2023 21:00,WIN
2135,11,11,30-03-2023 22:00,LOSS
2136,13,14,30-03-2023 23:00,WIN
2137,9,9,31-03-2023 00:00,WIN
2138,15,7,31-03-2023 01:00,WIN
2139,12,8,31-03-2023 02:00,WIN
2140,10,12,31-03-2023 03:00,LOSS
2141,4,10,31-03-2023 04:00,WIN
2142,7,11,31-03-2023 05:00,LOSS
2143,9,20,31-03-2023 06:00,LOSS
2144,6,6,31-03-2023 07:00,LOSS
2145,7,12,31-03-2023 08:00,WIN
2146,17,13,31-03-2023 09:00,WIN
2147,4,7,31-03-2023 10:00,WIN
2148,2,9,31-03-2023 11:00,WIN
2149,17,3,31-03-2023 12:00,LOSS
2150,7,3,31-03-2023 13:00,WIN
2151,11,16,31-03-2023 14:00,WIN
2152,20,18,31-03-2023 15:00,LOSS
2153,18,13,31-03-2023 16:00,WIN
2154,7,9,31-03-2023 17:00,LOSS
2155,18,6,31-03-2023 18:00,LOSS
2156,19,15,31-03-2023 19:00,WIN
2157,14,9,31-03-2023 20:00,LOSS
2158,8,18,31-03-2023 21:00,LOSS
2159,7,20,31-03-2023 22:00,LOSS
2160,1,13,31-03-2023 23:00,LOSS
2161,6,1,01-04-2023 00:00,WIN
2162,4,6,01-04-2023 01:00,WIN
2163,16,19,01-04-2023 02:00,WIN
2164,15,1,01-04-2023 03:00,WIN
2165,18,12,01-04-2023 04:00,WIN
2166,18,16,01-04-2023 05:00,WIN
2167,8,4,01-04-2023 06:00,LOSS
2168,10,4,01-04-2023 07:00,LOSS
2169,5,10,01-04-2023 08:00,WIN
2170,7,14,01-04-2023 09:00,WIN
2171,17,20,01-04-2023 10:00,LOSS
2172,6,18,01-04-2023 11:00,LOSS
2173,11,3,01-04-2023 12:00,LOSS
2174,10,6,01-04-2023 13:00,WIN
2175,7,18,01-04-2023 14:00,WIN
2176,7,9,01-04-2023 15:00,LOSS
2177,10,13,01-04-2023 16:00,WIN
2178,13,19,01-04-2023 17:00,LOSS
2179,3,10,01-04-2023 18:00,WIN
2180,9,16,01-04-2023 19:00,WIN
2181,5,19,01-04-2023 20:00,WIN
2182,16,6,01-04-2023 21:00,WIN
2183,11,2,01-04-2023 22:00,WIN
2184,18,16,01-04-2023 23:00,WIN
2185,15,20,02-04-2023 00:00,WIN
2186,5,14,02-04-2023 01:00,WIN
2187,8,1,02-04-2023 02:00,WIN
2188,8,4,02-04-2023 03:00,LOSS
2189,19,5,02-04-2023 04:00,LOSS
2190,5,10,02-04-2023 05:00,LOSS
2191,4,18,02-04-2023 06:00,LOSS
2192,20,9,02-04-2023 07:00,LOSS
2193,18,7,02-04-2023 08:00,WIN
2194,12,4,02-04-2023 09:00,WIN
2195,1,15,02-04-2023 10:00,LOSS
2196,8,17,02-04-2023 11:00,LOSS
2197,9,5,02-04-2023 12:00,WIN
2198,13,11,02-04-2023 13:00,LOSS
2199,1,6,02-04-2023 14:00,WIN
2200,6,5,02-04-2023 15:00,LOSS
2201,1,13,02-04-2023 16:00,LOSS
2202,14,6,02-04-2023 17:00,WIN
2203,5,15,02-04-2023 18:00,LOSS
2204,13,13,02-04-2023 19:00,LOSS
2205,5,13,02-04-2023 20:00,LOSS
2206,15,10,02-04-2023 21:00,WIN
2207,3,2,02-04-2023 22:00,LOSS
2208,4,2,02-04-2023 23:00,WIN
2209,3,9,03-04-2023 00:00,WIN
2210,20,20,03-04-2023 01:00,WIN
2211,12,10,03-04-2023 02:00,LOSS
2212,14,11,03-04-2023 03:00,WIN
2213,6,8,03-04-2023 04:00,WIN
2214,19,18,03-04-2023 05:00,LOSS
2215,5,2,03-04-2023 06:00,WIN
2216,17,4,03-04-2023 07:00,LOSS
2217,19,18,03-04-2023 08:00,LOSS
2218,18,16,03-04-2023 09:00,LOSS
2219,12,2,03-04-2023 10:00,LOSS
2220,18,7,03-04-2023 11:00,WIN
2221,5,4,03-04-2023 12:00,LOSS
2222,13,5,03-04-2023 13:00,WIN
2223,4,18,03-04-2023 14:00,LOSS
2224,18,10,03-04-2023 15:00,LOSS
2225,20,9,03-04-2023 16:00,WIN
2226,9,16,03-04-2023 17:00,WIN
2227,2,19,03-04-2023 18:00,WIN
2228,10,17,03-04-2023 19:00,LOSS
2229,13,4,03-04-2023 20:00,LOSS
2230,6,1,03-04-2023 21:00,LOSS
2231,20,6,03-04-2023 22:00,WIN
2232,8,16,03-04-2023 23:00,WIN
2233,13,13,04-04-2023 00:00,LOSS
2234,4,4,04-04-2023 01:00,WIN
2235,19,20,04-04-2023 02:00,LOSS
2236,7,9,04-04-2023 03:00,WIN
2237,15,4,04-04-2023 04:00,LOSS
2238,5,5,04-04-2023 05:00,WIN
2239,17,4,04-04-2023 06:00,WIN
2240,19,11,04-04-2023 07:00,WIN
2241,5,17,04-04-2023 08:00,LOSS
2242,11,7,04-04-2023 09:00,LOSS
2243,4,9,04-04-2023 10:00,LOSS
2244,14,17,04-04-2023 11:00,LOSS
2245,4,19,04-04-2023 12:00,LOSS
2246,4,13,04-04-2023 13:00,LOSS
2247,2,4,04-04-2023 14:00,LOSS
2248,7,9,04-04-2023 15:00,LOSS
2249,19,11,04-04-2023 16:00,LOSS
2250,1,13,04-04-2023 17:00,LOSS
2251,12,16,04-04-2023 18:00,LOSS
2252,19,10,04-04-2023 19:00,WIN
2253,12,4,04-04-2023 20:00,WIN
2254,9,3,04-04-2023 21:00,WIN
2255,7,7,04-04-2023 22:00,WIN
2256,1,12,04-04-2023 23:00,LOSS
2257,6,18,05-04-2023 00:00,LOSS
2258,10,5,05-04-2023 01:00,WIN
2259,1,17,05-04-2023 02:00,WIN
2260,18,5,05-04-2023 03:00,LOSS
2261,3,20,05-04-2023 04:00,WIN
2262,11,12,05-04-2023 05:00,WIN
2263,14,16,05-04-2023 06:00,WIN
2264,6,16,05-04-2023 07:00,WIN
2265,11,7,05-04-2023 08:00,WIN
2266,7,20,05-04-2023 09:00,LOSS
2267,8,13,05-04-2023 10:00,WIN
2268,5,5,05-04-2023 11:00,LOSS
2269,18,19,05-04-2023 12:00,WIN
2270,15,20,05-04-2023 13:00,WIN
2271,18,16,05-04-2023 14:00,WIN
2272,3,10,05-04-2023 15:00,WIN
2273,10,12,05-04-2023 16:00,WIN
2274,15,6,05-04-2023 17:00,WIN
2275,8,19,05-04-2023 18:00,LOSS
2276,8,2,05-04-2023 19:00,LOSS
2277,14,8,05-04-2023 20:00,WIN
2278,10,20,05-04-2023 21:00,LOSS
2279,13,9,05-04-2023 22:00,LOSS
2280,10,3,05-04-2023 23:00,WIN
2281,6,7,06-04-2023 00:00,WIN
2282,18,3,06-04-2023 01:00,WIN
2283,16,11,06-04-2023 02:00,WIN
2284,18,12,06-04-2023 03:00,WIN
2285,20,13,06-04-2023 04:00,WIN
2286,6,4,06-04-2023 05:00,WIN
2287,9,2,06-04-2023 06:00,LOSS
2288,16,6,06-04-2023 07:00,LOSS
2289,6,12,06-04-2023 08:00,LOSS
2290,11,10,06-04-2023 09:00,LOSS
2291,3,20,06-04-2023 10:00,LOSS
2292,8,4,06-04-2023 11:00,WIN
2293,1,17,06-04-2023 12:00,LOSS
2294,15,12,06-04-2023 13:00,WIN
2295,15,19,06-04-2023 14:00,WIN
2296,19,15,06-04-2023 15:00,WIN
2297,10,2,06-04-2023 16:00,LOSS
2298,19,7,06-04-2023 17:00,LOSS
2299,9,19,06-04-2023 18:00,WIN
2300,7,8,06-04-2023 19:00,LOSS
2301,14,18,06-04-2023 20:00,WIN
2302,2,14,06-04-2023 21:00,WIN
2303,13,8,06-04-2023 22:00,WIN
2304,20,6,06-04-2023 23:00,LOSS
2305,4,3,07-04-2023 00:00,WIN
2306,7,12,07-04-2023 01:00,LOSS
2307,8,1,07-04-2023 02:00,WIN
2308,16,17,07-04-2023 03:00,WIN
2309,20,5,07-04-2023 04:00,LOSS
2310,9,12,07-04-2023 05:00,WIN
2311,11,18,07-04-2023 06:00,LOSS
2312,14,13,07-04-2023 07:00,WIN
2313,4,9,07-04-2023 08:00,WIN
2314,19,3,07-04-2023 09:00,WIN
2315,15,4,07-04-2023 10:00,WIN
2316,14,10,07-04-2023 11:00,WIN
2317,16,10,07-04-2023 12:00,WIN
2318,20,2,07-04-2023 13:00,LOSS
2319,3,18,07-04-2023 14:00,LOSS
2320,6,3,07-04-2023 15:00,WIN
2321,4,11,07-04-2023 16:00,WIN
2322,1,5,07-04-2023 17:00,LOSS
2323,18,15,07-04-2023 18:00,WIN
2324,8,17,07-04-2023 19:00,WIN
2325,16,2,07-04-2023 20:00,LOSS
2326,20,5,07-04-2023 21:00,LOSS
2327,16,17,07-04-2023 22:00,LOSS
2328,15,11,07-04-2023 23:00,WIN
2329,2,10,08-04-2023 00:00,WIN
2330,12,19,08-04-2023 01:00,LOSS
2331,4,6,08-04-2023 02:00,LOSS
2332,11,10,08-04-2023 03:00,LOSS
2333,2,11,08-04-2023 04:00,WIN
2334,6,7,08-04-2023 05:00,WIN
2335,17,16,08-04-2023 06:00,WIN
2336,19,13,08-04-2023 07:00,WIN
2337,9,11,08-04-2023 08:00,LOSS
2338,5,3,08-04-2023 09:00,LOSS
2339,14,8,08-04-2023 10:00,WIN
2340,16,4,08-04-2023 11:00,LOSS
2341,1,7,08-04-2023 12:00,LOSS
2342,20,10,08-04-2023 13:00,WIN
2343,3,12,08-04-2023 14:00,WIN
2344,10,11,08-04-2023 15:00,LOSS
2345,15,5,08-04-2023 16:00,LOSS
2346,3,5,08-04-2023 17:00,LOSS
2347,1,19,08-04-2023 18:00,LOSS
2348,13,15,08-04-2023 19:00,LOSS
2349,15,7,08-04-2023 20:00,LOSS
2350,10,4,08-04-2023 21:00,LOSS
2351,3,7,08-04-2023 22:00,WIN
2352,18,7,08-04-2023 23:00,WIN
2353,19,10,09-04-2023 00:00,LOSS
2354,5,4,09-04-2023 01:00,LOSS
2355,10,18,09-04-2023 02:00,WIN
2356,16,6,09-04-2023 03:00,LOSS
2357,20,1,09-04-2023 04:00,LOSS
2358,18,2,09-04-2023 05:00,LOSS
2359,8,3,09-04-2023 06:00,LOSS
2360,13,7,09-04-2023 07:00,LOSS
2361,8,2,09-04-2023 08:00,LOSS
2362,13,14,09-04-2023 09:00,LOSS
2363,12,5,09-04-2023 10:00,WIN
2364,13,5,09-04-2023 11:00,WIN
2365,17,16,09-04-2023 12:00,WIN
2366,15,15,09-04-2023 13:00,WIN
2367,9,16,09-04-2023 14:00,LOSS
2368,20,9,09-04-2023 15:00,WIN
2369,4,8,09-04-2023 16:00,LOSS
2370,12,2,09-04-2023 17:00,WIN
2371,4,10,09-04-2023 18:00,WIN
2372,13,18,09-04-2023 19:00,LOSS
2373,3,18,09-04-2023 20:00,LOSS
2374,5,19,09-04-2023 21:00,WIN
2375,13,5,09-04-2023 22:00,LOSS
2376,14,1,09-04-2023 23:00,WIN
2377,8,11,10-04-2023 00:00,LOSS
2378,11,11,10-04-2023 01:00,WIN
2379,8,3,10-04-2023 02:00,WIN
2380,12,3,10-04-2023 03:00,WIN
2381,11,16,10-04-2023 04:00,LOSS
2382,17,20,10-04-2023 05:00,WIN
2383,13,15,10-04-2023 06:00,LOSS
2384,4,13,10-04-2023 07:00,LOSS
2385,13,10,10-04-2023 08:00,WIN
2386,9,19,10-04-2023 09:00,WIN
2387,14,10,10-04-2023 10:00,WIN
2388,12,16,10-04-2023 11:00,WIN
2389,13,6,10-04-2023 12:00,WIN
2390,8,5,10-04-2023 13:00,LOSS
2391,5,15,10-04-2023 14:00,WIN
2392,11,17,10-04-2023 15:00,LOSS
2393,20,4,10-04-2023 16:00,LOSS
2394,6,8,10-04-2023 17:00,WIN
2395,7,12,10-04-2023 18:00,WIN
2396,15,13,10-04-2023 19:00,WIN
2397,5,9,10-04-2023 20:00,WIN
2398,9,15,10-04-2023 21:00,WIN
2399,20,11,10-04-2023 22:00,LOSS
2400,19,15,10-04-2023 23:00,WIN
2401,5,15,11-04-2023 00:00,LOSS
2402,13,4,11-04-2023 01:00,WIN
2403,12,16,11-04-2023 02:00,WIN
2404,5,10,11-04-2023 03:00,LOSS
2405,7,2,11-04-2023 04:00,LOSS
2406,3,12,11-04-2023 05:00,WIN
2407,13,8,11-04-2023 06:00,WIN
2408,11,17,11-04-2023 07:00,WIN
2409,10,5,11-04-2023 08:00,WIN
2410,9,19,11-04-2023 09:00,WIN
2411,6,11,11-04-2023 10:00,WIN
2412,14,17,11-04-2023 11:00,WIN
2413,10,6,11-04-2023 12:00,LOSS
2414,17,12,11-04-2023 13:00,WIN
2415,2,7,11-04-2023 14:00,LOSS
2416,2,16,11-04-2023 15:00,WIN
2417,4,3,11-04-2023 16:00,LOSS
2418,7,12,11-04-2023 17:00,WIN
2419,20,8,11-04-2023 18:00,WIN
2420,4,3,11-04-2023 19:00,LOSS
2421,8,15,11-04-2023 20:00,WIN
2422,14,6,11-04-2023 21:00,LOSS
2423,20,8,11-04-2023 22:00,WIN
2424,3,12,11-04-2023 23:00,WIN
2425,11,13,12-04-2023 00:00,LOSS
2426,3,17,12-04-2023 01:00,LOSS
2427,5,17,12-04-2023 02:00,WIN
2428,16,14,12-04-2023 03:00,WIN
2429,11,16,12-04-2023 04:00,LOSS
2430,1,11,12-04-2023 05:00,LOSS
2431,9,6,12-04-2023 06:00,WIN
2432,5,10,12-04-2023 07:00,LOSS
2433,20,7,12-04-2023 08:00,WIN
2434,11,9,12-04-2023 09:00,LOSS
2435,2,10,12-04-2023 10:00,LOSS
2436,10,12,12-04-2023 11:00,WIN
2437,5,19,12-04-2023 12:00,LOSS
2438,17,12,12-04-2023 13:00,LOSS
2439,12,19,12-04-2023 14:00,LOSS
2440,3,15,12-04-2023 15:00,WIN
2441,7,20,12-04-2023 16:00,WIN
2442,11,6,12-04-2023 17:00,WIN
2443,11,15,12-04-2023 18:00,WIN
2444,12,20,12-04-2023 19:00,LOSS
2445,5,16,12-04-2023 20:00,WIN
2446,10,2,12-04-2023 21:00,WIN
2447,12,18,12-04-2023 22:00,LOSS
2448,14,5,12-04-2023 23:00,WIN
2449,1,8,13-04-2023 00:00,WIN
2450,14,11,13-04-2023 01:00,LOSS
2451,7,15,13-04-2023 02:00,LOSS
2452,10,5,13-04-2023 03:00,LOSS
2453,12,14,13-04-2023 04:00,WIN
2454,6,10,13-04-2023 05:00,WIN
2455,16,6,13-04-2023 06:00,LOSS
2456,10,14,13-04-2023 07:00,LOSS
2457,20,20,13-04-2023 08:00,LOSS
2458,12,4,13-04-2023 09:00,WIN
2459,10,14,13-04-2023 10:00,WIN
2460,10,3,13-04-2023 11:00,LOSS
2461,11,18,13-04-2023 12:00,WIN
2462,9,20,13-04-2023 13:00,LOSS
2463,9,11,13-04-2023 14:00,WIN
2464,12,12,13-04-2023 15:00,WIN
2465,2,16,13-04-2023 16:00,LOSS
2466,14,20,13-04-2023 17:00,WIN
2467,9,9,13-04-2023 18:00,WIN
2468,18,11,13-04-2023 19:00,WIN
2469,13,9,13-04-2023 20:00,LOSS
2470,16,9,13-04-2023 21:00,WIN
2471,13,7,13-04-2023 22:00,LOSS
2472,8,9,13-04-2023 23:00,LOSS
2473,12,1,14-04-2023 00:00,LOSS
2474,19,4,14-04-2023 01:00,WIN
2475,10,6,14-04-2023 02:00,LOSS
2476,2,11,14-04-2023 03:00,LOSS
2477,15,17,14-04-2023 04:00,WIN
2478,17,1,14-04-2023 05:00,LOSS
2479,6,14,14-04-2023 06:00,WIN
2480,3,17,14-04-2023 07:00,LOSS
2481,11,17,14-04-2023 08:00,WIN
2482,5,9,14-04-2023 09:00,LOSS
2483,13,10,14-04-2023 10:00,WIN
2484,16,18,14-04-2023 11:00,LOSS
2485,10,9,14-04-2023 12:00,LOSS
2486,13,13,14-04-2023 13:00,LOSS
2487,11,11,14-04-2023 14:00,WIN
2488,16,2,14-04-2023 15:00,WIN
2489,6,4,14-04-2023 16:00,LOSS
2490,1,11,14-04-2023 17:00,WIN
2491,8,9,14-04-2023 18:00,WIN
2492,20,12,14-04-2023 19:00,WIN
2493,17,17,14-04-2023 20:00,WIN
2494,10,2,14-04-2023 21:00,WIN
2495,2,14,14-04-2023 22:00,LOSS
2496,19,20,14-04-2023 23:00,LOSS
2497,6,9,15-04-2023 00:00,WIN
2498,2,4,15-04-2023 01:00,LOSS
2499,18,5,15-04-2023 02:00,LOSS
2500,14,17,15-04-2023 03:00,WIN
2501,6,13,15-04-2023 04:00,WIN
2502,12,14,15-04-2023 05:00,WIN
2503,20,18,15-04-2023 06:00,WIN
2504,8,9,15-04-2023 07:00,LOSS
2505,3,10,15-04-2023 08:00,LOSS
2506,5,12,15-04-2023 09:00,LOSS
2507,17,9,15-04-2023 10:00,WIN
2508,20,12,15-04-2023 11:00,WIN
2509,5,10,15-04-2023 12:00,LOSS
2510,14,6,15-04-2023 13:00,WIN
2511,20,9,15-04-2023 14:00,WIN
2512,14,20,15-04-2023 15:00,WIN
2513,9,14,15-04-2023 16:00,LOSS
2514,8,14,15-04-2023 17:00,WIN
2515,11,13,15-04-2023 18:00,WIN
2516,18,4,15-04-2023 19:00,LOSS
2517,9,7,15-04-2023 20:00,WIN
2518,2,5,15-04-2023 21:00,WIN
2519,2,4,15-04-2023 22:00,LOSS
2520,6,18,15-04-2023 23:00,LOSS
2521,6,2,16-04-2023 00:00,WIN
2522,11,20,16-04-2023 01:00,LOSS
2523,10,10,16-04-2023 02:00,WIN
2524,13,8,16-04-2023 03:00,WIN
2525,19,20,16-04-2023 04:00,LOSS
2526,2,9,16-04-2023 05:00,WIN
2527,20,3,16-04-2023 06:00,WIN
2528,14,18,16-04-2023 07:00,WIN
2529,1,20,16-04-2023 08:00,LOSS
2530,12,13,16-04-2023 09:00,LOSS
2531,18,11,16-04-2023 10:00,WIN
2532,16,20,16-04-2023 11:00,WIN
2533,5,10,16-04-2023 12:00,WIN
2534,19,13,16-04-2023 13:00,WIN
2535,14,3,16-04-2023 14:00,WIN
2536,11,3,16-04-2023 15:00,WIN
2537,17,20,16-04-2023 16:00,LOSS
2538,15,20,16-04-2023 17:00,WIN
2539,16,17,16-04-2023 18:00,LOSS
2540,14,12,16-04-2023 19:00,WIN
2541,17,13,16-04-2023 20:00,LOSS
2542,4,16,16-04-2023 21:00,LOSS
2543,14,19,16-04-2023 22:00,LOSS
2544,4,7,16-04-2023 23:00,LOSS
2545,3,7,17-04-2023 00:00,LOSS
2546,4,17,17-04-2023 01:00,LOSS
2547,6,15,17-04-2023 02:00,WIN
2548,4,4,17-04-2023 03:00,WIN
2549,7,13,17-04-2023 04:00,LOSS
2550,7,17,17-04-2023 05:00,LOSS
2551,18,1,17-04-2023 06:00,LOSS
2552,12,8,17-04-2023 07:00,WIN
2553,16,18,17-04-2023 08:00,LOSS
2554,6,16,17-04-2023 09:00,WIN
2555,5,16,17-04-2023 10:00,WIN
2556,10,9,17-04-2023 11:00,LOSS
2557,17,17,17-04-2023 12:00,LOSS
2558,3,9,17-04-2023 13:00,LOSS
2559,9,17,17-04-2023 14:00,WIN
2560,10,10,17-04-2023 15:00,LOSS
2561,10,15,17-04-2023 16:00,WIN
2562,6,8,17-04-2023 17:00,LOSS
2563,4,17,17-04-2023 18:00,LOSS
2564,11,8,17-04-2023 19:00,LOSS
2565,20,17,17-04-2023 20:00,LOSS
2566,9,13,17-04-2023 21:00,LOSS
2567,12,8,17-04-2023 22:00,LOSS
2568,10,2,17-04-2023 23:00,WIN
2569,6,15,18-04-2023 00:00,WIN
2570,13,6,18-04-2023 01:00,WIN
2571,5,8,18-04-2023 02:00,WIN
2572,4,3,18-04-2023 03:00,LOSS
2573,3,16,18-04-2023 04:00,WIN
2574,5,2,18-04-2023 05:00,LOSS
2575,18,10,18-04-2023 06:00,LOSS
2576,3,3,18-04-2023 07:00,LOSS
2577,5,11,18-04-2023 08:00,WIN
2578,9,15,18-04-2023 09:00,WIN
2579,6,2,18-04-2023 10:00,LOSS
2580,15,9,18-04-2023 11:00,WIN
2581,18,19,18-04-2023 12:00,WIN
2582,8,17,18-04-2023 13:00,LOSS
2583,12,1,18-04-2023 14:00,LOSS
2584,6,8,18-04-2023 15:00,WIN
2585,8,1,18-04-2023 16:00,WIN
2586,15,11,18-04-2023 17:00,WIN
2587,16,16,18-04-2023 18:00,WIN
2588,5,7,18-04-2023 19:00,WIN
2589,11,15,18-04-2023 20:00,WIN
2590,17,7,18-04-2023 21:00,LOSS
2591,13,6,18-04-2023 22:00,WIN
2592,20,4,18-04-2023 23:00,WIN
2593,16,4,19-04-2023 00:00,WIN
2594,18,10,19-04-2023 01:00,LOSS
2595,13,19,19-04-2023 02:00,LOSS
2596,3,10,19-04-2023 03:00,LOSS
2597,3,12,19-04-2023 04:00,WIN
2598,6,20,19-04-2023 05:00,LOSS
2599,15,9,19-04-2023 06:00,LOSS
2600,19,7,19-04-2023 07:00,WIN
2601,3,1,19-04-2023 08:00,WIN
2602,3,20,19-04-2023 09:00,WIN
2603,3,6,19-04-2023 10:00,LOSS
2604,18,16,19-04-2023 11:00,WIN
2605,8,16,19-04-2023 12:00,WIN
2606,16,2,19-04-2023 13:00,WIN
2607,3,3,19-04-2023 14:00,LOSS
2608,11,19,19-04-2023 15:00,WIN
2609,16,6,19-04-2023 16:00,WIN
2610,2,10,19-04-2023 17:00,LOSS
2611,1,8,19-04-2023 18:00,WIN
2612,8,1,19-04-2023 19:00,LOSS
2613,12,3,19-04-2023 20:00,WIN
2614,19,1,19-04-2023 21:00,LOSS
2615,18,8,19-04-2023 22:00,LOSS
2616,18,7,19-04-2023 23:00,WIN
2617,11,11,20-04-2023 00:00,LOSS
2618,18,10,20-04-2023 01:00,WIN
2619,6,20,20-04-2023 02:00,LOSS
2620,1,11,20-04-2023 03:00,WIN
2621,9,20,20-04-2023 04:00,LOSS
2622,20,17,20-04-2023 05:00,LOSS
2623,16,14,20-04-2023 06:00,LOSS
2624,5,4,20-04-2023 07:00,LOSS
2625,19,1,20-04-2023 08:00,LOSS
2626,17,5,20-04-2023 09:00,LOSS
2627,8,2,20-04-2023 10:00,LOSS
2628,19,10,20-04-2023 11:00,LOSS
2629,18,18,20-04-2023 12:00,WIN
2630,12,9,20-04-2023 13:00,WIN
2631,16,18,20-04-2023 14:00,WIN
2632,14,5,20-04-2023 15:00,WIN
2633,4,12,20-04-2023 16:00,LOSS
2634,8,16,20-04-2023 17:00,LOSS
2635,12,2,20-04-2023 18:00,WIN
2636,11,2,20-04-2023 19:00,LOSS
2637,13,16,20-04-2023 20:00,LOSS
2638,8,4,20-04-2023 21:00,WIN
2639,18,3,20-04-2023 22:00,WIN
2640,13,20,20-04-2023 23:00,WIN
2641,4,2,21-04-2023 00:00,LOSS
2642,1,2,21-04-2023 01:00,WIN
2643,10,20,21-04-2023 02:00,WIN
2644,6,12,21-04-2023 03:00,WIN
2645,11,13,21-04-2023 04:00,LOSS
2646,7,19,21-04-2023 05:00,LOSS
2647,10,1,21-04-2023 06:00,WIN
2648,12,7,21-04-2023 07:00,LOSS
2649,6,19,21-04-2023 08:00,LOSS
2650,6,13,21-04-2023 09:00,LOSS
2651,4,4,21-04-2023 10:00,WIN
2652,2,16,21-04-2023 11:00,LOSS
2653,7,18,21-04-2023 12:00,WIN
2654,7,15,21-04-2023 13:00,WIN
2655,2,11,21-04-2023 14:00,LOSS
2656,10,5,21-04-2023 15:00,WIN
2657,14,14,21-04-2023 16:00,LOSS
2658,5,11,21-04-2023 17:00,WIN
2659,20,18,21-04-2023 18:00,LOSS
2660,8,8,21-04-2023 19:00,WIN
2661,20,9,21-04-2023 20:00,LOSS
2662,18,12,21-04-2023 21:00,LOSS
2663,5,18,21-04-2023 22:00,WIN
2664,4,11,21-04-2023 23:00,WIN
2665,19,5,22-04-2023 00:00,WIN
2666,11,9,22-04-2023 01:00,LOSS
2667,5,8,22-04-2023 02:00,WIN
2668,16,18,22-04-2023 03:00,WIN
2669,9,17,22-04-2023 04:00,WIN
2670,6,13,22-04-2023 05:00,LOSS
2671,8,6,22-04-2023 06:00,WIN
2672,1,7,22-04-2023 07:00,LOSS
2673,1,2,22-04-2023 08:00,WIN
2674,5,2,22-04-2023 09:00,WIN
2675,18,12,22-04-2023 10:00,WIN
2676,4,2,22-04-2023 11:00,LOSS
2677,16,1,22-04-2023 12:00,LOSS
2678,20,2,22-04-2023 13:00,WIN
2679,19,5,22-04-2023 14:00,WIN
2680,7,11,22-04-2023 15:00,WIN
2681,15,14,22-04-2023 16:00,LOSS
2682,18,8,22-04-2023 17:00,WIN
2683,9,17,22-04-2023 18:00,WIN
2684,7,13,22-04-2023 19:00,WIN
2685,1,8,22-04-2023 20:00,WIN
2686,13,15,22-04-2023 21:00,LOSS
2687,4,7,22-04-2023 22:00,LOSS
2688,2,15,22-04-2023 23:00,WIN
2689,10,9,23-04-2023 00:00,LOSS
2690,5,14,23-04-2023 01:00,WIN
2691,3,15,23-04-2023 02:00,WIN
2692,5,11,23-04-2023 03:00,WIN
2693,11,4,23-04-2023 04:00,LOSS
2694,18,14,23-04-2023 05:00,LOSS
2695,20,15,23-04-2023 06:00,LOSS
2696,2,4,23-04-2023 07:00,LOSS
2697,16,14,23-04-2023 08:00,WIN
2698,18,4,23-04-2023 09:00,LOSS
2699,6,9,23-04-2023 10:00,WIN
2700,15,1,23-04-2023 11:00,LOSS
2701,12,8,23-04-2023 12:00,LOSS
2702,4,15,23-04-2023 13:00,WIN
2703,12,6,23-04-2023 14:00,LOSS
2704,11,1,23-04-2023 15:00,WIN
2705,9,6,23-04-2023 16:00,WIN
2706,1,20,23-04-2023 17:00,LOSS
2707,18,14,23-04-2023 18:00,WIN
2708,6,8,23-04-2023 19:00,WIN
2709,12,7,23-04-2023 20:00,WIN
2710,3,16,23-04-2023 21:00,LOSS
2711,1,1,23-04-2023 22:00,LOSS
2712,7,10,23-04-2023 23:00,LOSS
2713,18,12,24-04-2023 00:00,WIN
2714,12,9,24-04-2023 01:00,LOSS
2715,20,10,24-04-2023 02:00,WIN
2716,16,10,24-04-2023 03:00,LOSS
2717,20,3,24-04-2023 04:00,LOSS
2718,7,2,24-04-2023 05:00,LOSS
2719,17,9,24-04-2023 06:00,WIN
2720,4,17,24-04-2023 07:00,LOSS
2721,10,5,24-04-2023 08:00,WIN
2722,6,12,24-04-2023 09:00,WIN
2723,2,4,24-04-2023 10:00,WIN
2724,4,10,24-04-2023 11:00,WIN
2725,18,17,24-04-2023 12:00,WIN
2726,1,2,24-04-2023 13:00,LOSS
2727,1,20,24-04-2023 14:00,WIN
2728,16,6,24-04-2023 15:00,WIN
2729,13,5,24-04-2023 16:00,WIN
2730,14,8,24-04-2023 17:00,LOSS
2731,11,16,24-04-2023 18:00,LOSS
2732,20,3,24-04-2023 19:00,LOSS
2733,8,9,24-04-2023 20:00,WIN
2734,10,4,24-04-2023 21:00,LOSS
2735,16,1,24-04-2023 22:00,WIN
2736,7,6,24-04-2023 23:00,LOSS
2737,5,18,25-04-2023 00:00,LOSS
2738,10,4,25-04-2023 01:00,LOSS
2739,18,12,25-04-2023 02:00,WIN
2740,7,14,25-04-2023 03:00,LOSS
2741,4,3,25-04-2023 04:00,WIN
2742,10,19,25-04-2023 05:00,WIN
2743,18,2,25-04-2023 06:00,WIN
2744,18,2,25-04-2023 07:00,WIN
2745,3,17,25-04-2023 08:00,WIN
2746,13,5,25-04-2023 09:00,WIN
2747,14,1,25-04-2023 10:00,WIN
2748,14,16,25-04-2023 11:00,WIN
2749,1,6,25-04-2023 12:00,WIN
2750,5,5,25-04-2023 13:00,LOSS
2751,10,12,25-04-2023 14:00,WIN
2752,14,17,25-04-2023 15:00,WIN
2753,19,11,25-04-2023 16:00,LOSS
2754,7,19,25-04-2023 17:00,LOSS
2755,15,2,25-04-2023 18:00,WIN
2756,9,16,25-04-2023 19:00,WIN
2757,10,19,25-04-2023 20:00,LOSS
2758,8,8,25-04-2023 21:00,WIN
2759,9,4,25-04-2023 22:00,WIN
2760,11,6,25-04-2023 23:00,WIN
2761,8,20,26-04-2023 00:00,WIN
2762,18,3,26-04-2023 01:00,LOSS
2763,5,9,26-04-2023 02:00,WIN
2764,8,19,26-04-2023 03:00,WIN
2765,2,1,26-04-2023 04:00,LOSS
2766,18,3,26-04-2023 05:00,LOSS
2767,19,1,26-04-2023 06:00,WIN
2768,18,15,26-04-2023 07:00,WIN
2769,20,5,26-04-2023 08:00,WIN
2770,16,16,26-04-2023 09:00,LOSS
2771,4,5,26-04-2023 10:00,LOSS
2772,17,19,26-04-2023 11:00,WIN
2773,6,12,26-04-2023 12:00,WIN
2774,12,13,26-04-2023 13:00,WIN
2775,7,8,26-04-2023 14:00,LOSS
2776,14,17,26-04-2023 15:00,WIN
2777,12,12,26-04-2023 16:00,LOSS
2778,20,14,26-04-2023 17:00,LOSS
2779,2,11,26-04-2023 18:00,LOSS
2780,4,1,26-04-2023 19:00,LOSS
2781,8,2,26-04-2023 20:00,LOSS
2782,10,16,26-04-2023 21:00,WIN
2783,17,2,26-04-2023 22:00,LOSS
2784,7,1,26-04-2023 23:00,LOSS
2785,10,1,27-04-2023 00:00,WIN
2786,17,10,27-04-2023 01:00,WIN
2787,16,18,27-04-2023 02:00,LOSS
2788,13,2,27-04-2023 03:00,LOSS
2789,18,3,27-04-2023 04:00,WIN
2790,5,14,27-04-2023 05:00,WIN
2791,8,12,27-04-2023 06:00,WIN
2792,7,9,27-04-2023 07:00,LOSS
2793,18,13,27-04-2023 08:00,WIN
2794,6,10,27-04-2023 09:00,WIN
2795,13,6,27-04-2023 10:00,WIN
2796,9,5,27-04-2023 11:00,WIN
2797,8,18,27-04-2023 12:00,WIN
2798,12,7,27-04-2023 13:00,LOSS
2799,10,16,27-04-2023 14:00,WIN
2800,7,11,27-04-2023 15:00,WIN
2801,7,10,27-04-2023 16:00,LOSS
2802,17,8,27-04-2023 17:00,WIN
2803,5,5,27-04-2023 18:00,WIN
2804,10,1,27-04-2023 19:00,WIN
2805,20,3,27-04-2023 20:00,WIN
2806,15,15,27-04-2023 21:00,WIN
2807,13,10,27-04-2023 22:00,WIN
2808,14,1,27-04-2023 23:00,WIN
2809,17,10,28-04-2023 00:00,WIN
2810,7,16,28-04-2023 01:00,WIN
2811,4,12,28-04-2023 02:00,WIN
2812,9,5,28-04-2023 03:00,LOSS
2813,19,11,28-04-2023 04:00,LOSS
2814,14,5,28-04-2023 05:00,LOSS
2815,3,6,28-04-2023 06:00,WIN
2816,4,2,28-04-2023 07:00,LOSS
2817,2,10,28-04-2023 08:00,LOSS
2818,8,4,28-04-2023 09:00,WIN
2819,2,12,28-04-2023 10:00,LOSS
2820,4,5,28-04-2023 11:00,WIN
2821,2,16,28-04-2023 12:00,WIN
2822,4,19,28-04-2023 13:00,LOSS
2823,9,15,28-04-2023 14:00,LOSS
2824,2,19,28-04-2023 15:00,LOSS
2825,20,12,28-04-2023 16:00,LOSS
2826,17,1,28-04-2023 17:00,LOSS
2827,1,10,28-04-2023 18:00,LOSS
2828,6,8,28-04-2023 19:00,WIN
2829,16,3,28-04-2023 20:00,LOSS
2830,4,12,28-04-2023 21:00,WIN
2831,5,7,28-04-2023 22:00,WIN
2832,5,20,28-04-2023 23:00,LOSS
2833,9,6,29-04-2023 00:00,LOSS
2834,5,5,29-04-2023 01:00,LOSS
2835,2,14,29-04-2023 02:00,WIN
2836,7,7,29-04-2023 03:00,LOSS
2837,15,15,29-04-2023 04:00,WIN
2838,8,16,29-04-2023 05:00,WIN
2839,3,19,29-04-2023 06:00,LOSS
2840,11,2,29-04-2023 07:00,LOSS
2841,10,2,29-04-2023 08:00,LOSS
2842,4,9,29-04-2023 09:00,LOSS
2843,12,10,29-04-2023 10:00,WIN
2844,13,4,29-04-2023 11:00,WIN
2845,7,1,29-04-2023 12:00,LOSS
2846,19,5,29-04-2023 13:00,WIN
2847,16,19,29-04-2023 14:00,WIN
2848,10,1,29-04-2023 15:00,LOSS
2849,7,17,29-04-2023 16:00,LOSS
2850,3,19,29-04-2023 17:00,WIN
2851,2,3,29-04-2023 18:00,WIN
2852,1,3,29-04-2023 19:00,LOSS
2853,16,12,29-04-2023 20:00,WIN
2854,13,19,29-04-2023 21:00,LOSS
2855,3,11,29-04-2023 22:00,LOSS
2856,14,10,29-04-2023 23:00,LOSS
2857,18,10,30-04-2023 00:00,LOSS
2858,11,3,30-04-2023 01:00,WIN
2859,19,18,30-04-2023 02:00,LOSS
2860,3,5,30-04-2023 03:00,WIN
2861,20,6,30-04-2023 04:00,WIN
2862,2,18,30-04-2023 05:00,WIN
2863,6,13,30-04-2023 06:00,WIN
2864,4,1,30-04-2023 07:00,LOSS
2865,13,4,30-04-2023 08:00,LOSS
2866,8,10,30-04-2023 09:00,WIN
2867,15,16,30-04-2023 10:00,WIN
2868,1,16,30-04-2023 11:00,LOSS
2869,16,17,30-04-2023 12:00,LOSS
2870,20,11,30-04-2023 13:00,LOSS
2871,5,8,30-04-2023 14:00,LOSS
2872,13,14,30-04-2023 15:00,LOSS
2873,17,18,30-04-2023 16:00,WIN
2874,2,1,30-04-2023 17:00,LOSS
2875,13,9,30-04-2023 18:00,WIN
2876,2,20,30-04-2023 19:00,WIN
2877,11,11,30-04-2023 20:00,LOSS
2878,15,4,30-04-2023 21:00,LOSS
2879,9,2,30-04-2023 22:00,WIN
2880,19,18,30-04-2023 23:00,WIN
2881,4,5,01-05-2023 00:00,LOSS
2882,17,2,01-05-2023 01:00,LOSS
2883,15,11,01-05-2023 02:00,WIN
2884,7,2,01-05-2023 03:00,LOSS
2885,13,12,01-05-2023 04:00,LOSS
2886,8,10,01-05-2023 05:00,WIN
2887,1,19,01-05-2023 06:00,WIN
2888,9,4,01-05-2023 07:00,WIN
2889,18,7,01-05-2023 08:00,WIN
2890,17,14,01-05-2023 09:00,WIN
2891,17,13,01-05-2023 10:00,LOSS
2892,8,1,01-05-2023 11:00,LOSS
2893,3,20,01-05-2023 12:00,WIN
2894,11,1,01-05-2023 13:00,LOSS
2895,2,2,01-05-2023 14:00,LOSS
2896,2,16,01-05-2023 15:00,LOSS
2897,16,2,01-05-2023 16:00,LOSS
2898,17,12,01-05-2023 17:00,WIN
2899,9,19,01-05-2023 18:00,WIN
2900,1,15,01-05-2023 19:00,LOSS
2901,12,16,01-05-2023 20:00,LOSS
2902,6,16,01-05-2023 21:00,WIN
2903,11,11,01-05-2023 22:00,WIN
2904,6,6,01-05-2023 23:00,LOSS
2905,20,17,02-05-2023 00:00,WIN
2906,5,7,02-05-2023 01:00,LOSS
2907,13,11,02-05-2023 02:00,WIN
2908,1,13,02-05-2023 03:00,LOSS
2909,16,16,02-05-2023 04:00,LOSS
2910,19,13,02-05-2023 05:00,WIN
2911,11,8,02-05-2023 06:00,LOSS
2912,2,9,02-05-2023 07:00,WIN
2913,1,5,02-05-2023 08:00,WIN
2914,13,14,02-05-2023 09:00,WIN
2915,17,11,02-05-2023 10:00,LOSS
2916,14,12,02-05-2023 11:00,WIN
2917,17,20,02-05-2023 12:00,LOSS
2918,10,20,02-05-2023 13:00,LOSS
2919,17,10,02-05-2023 14:00,LOSS
2920,13,1,02-05-2023 15:00,LOSS
2921,6,16,02-05-2023 16:00,WIN
2922,4,7,02-05-2023 17:00,WIN
2923,4,16,02-05-2023 18:00,LOSS
2924,14,14,02-05-2023 19:00,LOSS
2925,4,4,02-05-2023 20:00,LOSS
2926,5,3,02-05-2023 21:00,WIN
2927,14,19,02-05-2023 22:00,WIN
2928,15,17,02-05-2023 23:00,WIN
2929,8,12,03-05-2023 00:00,LOSS
2930,11,17,03-05-2023 01:00,LOSS
2931,7,1,03-05-2023 02:00,WIN
2932,13,1,03-05-2023 03:00,LOSS
2933,14,11,03-05-2023 04:00,WIN
2934,9,3,03-05-2023 05:00,WIN
2935,15,4,03-05-2023 06:00,LOSS
2936,8,7,03-05-2023 07:00,WIN
2937,2,18,03-05-2023 08:00,LOSS
2938,12,20,03-05-2023 09:00,LOSS
2939,16,7,03-05-2023 10:00,WIN
2940,8,11,03-05-2023 11:00,LOSS
2941,1,14,03-05-2023 12:00,LOSS
2942,17,8,03-05-2023 13:00,LOSS
2943,19,20,03-05-2023 14:00,WIN
2944,20,16,03-05-2023 15:00,LOSS
2945,13,18,03-05-2023 16:00,WIN
2946,15,12,03-05-2023 17:00,LOSS
2947,13,9,03-05-2023 18:00,LOSS
2948,3,20,03-05-2023 19:00,LOSS
2949,16,9,03-05-2023 20:00,LOSS
2950,9,13,03-05-2023 21:00,LOSS
2951,19,6,03-05-2023 22:00,LOSS
2952,8,5,03-05-2023 23:00,LOSS
2953,8,10,04-05-2023 00:00,LOSS
2954,14,11,04-05-2023 01:00,WIN
2955,19,14,04-05-2023 02:00,WIN
2956,13,16,04-05-2023 03:00,LOSS
2957,3,7,04-05-2023 04:00,LOSS
2958,5,18,04-05-2023 05:00,LOSS
2959,8,8,04-05-2023 06:00,LOSS
2960,6,14,04-05-2023 07:00,WIN
2961,5,10,04-05-2023 08:00,WIN
2962,12,14,04-05-2023 09:00,WIN
2963,6,20,04-05-2023 10:00,LOSS
2964,8,13,04-05-2023 11:00,WIN
2965,7,17,04-05-2023 12:00,LOSS
2966,14,6,04-05-2023 13:00,WIN
2967,9,15,04-05-2023 14:00,WIN
2968,17,8,04-05-2023 15:00,LOSS
2969,19,5,04-05-2023 16:00,LOSS
2970,6,8,04-05-2023 17:00,LOSS
2971,19,9,04-05-2023 18:00,LOSS
2972,18,7,04-05-2023 19:00,WIN
2973,1,18,04-05-2023 20:00,LOSS
2974,5,14,04-05-2023 21:00,WIN
2975,13,8,04-05-2023 22:00,WIN
2976,11,1,04-05-2023 23:00,LOSS
2977,9,17,05-05-2023 00:00,WIN
2978,10,6,05-05-2023 01:00,WIN
2979,20,14,05-05-2023 02:00,WIN
2980,19,17,05-05-2023 03:00,LOSS
2981,2,17,05-05-2023 04:00,WIN
2982,8,12,05-05-2023 05:00,LOSS
2983,18,16,05-05-2023 06:00,WIN
2984,18,3,05-05-2023 07:00,WIN
2985,2,17,05-05-2023 08:00,LOSS
2986,15,2,05-05-2023 09:00,LOSS
2987,17,13,05-05-2023 10:00,WIN
2988,15,14,05-05-2023 11:00,WIN
2989,20,4,05-05-2023 12:00,WIN
2990,15,6,05-05-2023 13:00,LOSS
2991,13,20,05-05-2023 14:00,WIN
2992,18,9,05-05-2023 15:00,WIN
2993,15,14,05-05-2023 16:00,LOSS
2994,18,17,05-05-2023 17:00,LOSS
2995,19,8,05-05-2023 18:00,LOSS
2996,18,19,05-05-2023 19:00,WIN
2997,15,2,05-05-2023 20:00,LOSS
2998,10,17,05-05-2023 21:00,LOSS
2999,16,7,05-05-2023 22:00,WIN
3000,9,3,05-05-2023 23:00,WIN
3001,2,4,06-05-2023 00:00,LOSS
3002,13,18,06-05-2023 01:00,WIN
3003,1,14,06-05-2023 02:00,WIN
3004,8,20,06-05-2023 03:00,LOSS
3005,6,13,06-05-2023 04:00,WIN
3006,19,17,06-05-2023 05:00,WIN
3007,19,12,06-05-2023 06:00,WIN
3008,2,7,06-05-2023 07:00,WIN
3009,18,3,06-05-2023 08:00,LOSS
3010,18,5,06-05-2023 09:00,WIN
3011,15,20,06-05-2023 10:00,WIN
3012,16,1,06-05-2023 11:00,WIN
3013,13,14,06-05-2023 12:00,LOSS
3014,5,9,06-05-2023 13:00,WIN
3015,18,15,06-05-2023 14:00,WIN
3016,5,2,06-05-2023 15:00,WIN
3017,16,18,06-05-2023 16:00,LOSS
3018,6,4,06-05-2023 17:00,WIN
3019,7,2,06-05-2023 18:00,LOSS
3020,1,13,06-05-2023 19:00,WIN
3021,8,18,06-05-2023 20:00,LOSS
3022,7,20,06-05-2023 21:00,WIN
3023,7,4,06-05-2023 22:00,WIN
3024,7,3,06-05-2023 23:00,WIN
3025,1,7,07-05-2023 00:00,LOSS
3026,12,2,07-05-2023 01:00,LOSS
3027,11,14,07-05-2023 02:00,WIN
3028,16,5,07-05-2023 03:00,LOSS
3029,1,2,07-05-2023 04:00,WIN
3030,6,9,07-05-2023 05:00,WIN
3031,5,16,07-05-2023 06:00,LOSS
3032,12,8,07-05-2023 07:00,WIN
3033,17,6,07-05-2023 08:00,WIN
3034,13,3,07-05-2023 09:00,WIN
3035,5,7,07-05-2023 10:00,WIN
3036,15,18,07-05-2023 11:00,LOSS
3037,2,16,07-05-2023 12:00,WIN
3038,2,4,07-05-2023 13:00,WIN
3039,20,4,07-05-2023 14:00,WIN
3040,16,16,07-05-2023 15:00,WIN
3041,12,18,07-05-2023 16:00,WIN
3042,4,2,07-05-2023 17:00,LOSS
3043,9,12,07-05-2023 18:00,LOSS
3044,12,9,07-05-2023 19:00,LOSS
3045,2,7,07-05-2023 20:00,WIN
3046,8,8,07-05-2023 21:00,WIN
3047,14,6,07-05-2023 22:00,LOSS
3048,11,12,07-05-2023 23:00,WIN
3049,8,8,08-05-2023 00:00,WIN
3050,9,10,08-05-2023 01:00,WIN
3051,7,4,08-05-2023 02:00,WIN
3052,14,10,08-05-2023 03:00,WIN
3053,7,7,08-05-2023 04:00,LOSS
3054,10,19,08-05-2023 05:00,WIN
3055,7,3,08-05-2023 06:00,LOSS
3056,15,12,08-05-2023 07:00,WIN
3057,18,19,08-05-2023 08:00,WIN
3058,13,10,08-05-2023 09:00,WIN
3059,4,6,08-05-2023 10:00,LOSS
3060,12,20,08-05-2023 11:00,LOSS
3061,20,15,08-05-2023 12:00,LOSS
3062,18,19,08-05-2023 13:00,LOSS
3063,7,11,08-05-2023 14:00,LOSS
3064,4,8,08-05-2023 15:00,LOSS
3065,8,10,08-05-2023 16:00,WIN
3066,20,14,08-05-2023 17:00,WIN
3067,18,20,08-05-2023 18:00,LOSS
3068,6,14,08-05-2023 19:00,WIN
3069,9,15,08-05-2023 20:00,LOSS
3070,12,12,08-05-2023 21:00,LOSS
3071,9,17,08-05-2023 22:00,WIN
3072,15,10,08-05-2023 23:00,LOSS
3073,13,12,09-05-2023 00:00,WIN
3074,3,19,09-05-2023 01:00,WIN
3075,3,8,09-05-2023 02:00,WIN
3076,19,16,09-05-2023 03:00,WIN
3077,13,18,09-05-2023 04:00,LOSS
3078,12,20,09-05-2023 05:00,WIN
3079,6,10,09-05-2023 06:00,WIN
3080,18,11,09-05-2023 07:00,LOSS
3081,9,6,09-05-2023 08:00,WIN
3082,17,18,09-05-2023 09:00,LOSS
3083,12,13,09-05-2023 10:00,LOSS
3084,17,11,09-05-2023 11:00,WIN
3085,15,14,09-05-2023 12:00,LOSS
3086,2,14,09-05-2023 13:00,LOSS
3087,4,4,09-05-2023 14:00,WIN
3088,9,10,09-05-2023 15:00,WIN
3089,12,20,09-05-2023 16:00,WIN
3090,2,18,09-05-2023 17:00,LOSS
3091,4,9,09-05-2023 18:00,LOSS
3092,12,13,09-05-2023 19:00,LOSS
3093,2,19,09-05-2023 20:00,LOSS
3094,6,8,09-05-2023 21:00,LOSS
3095,7,11,09-05-2023 22:00,LOSS
3096,18,8,09-05-2023 23:00,WIN
3097,5,18,10-05-2023 00:00,LOSS
3098,10,17,10-05-2023 01:00,WIN
3099,18,10,10-05-2023 02:00,WIN
3100,11,10,10-05-2023 03:00,LOSS
3101,17,4,10-05-2023 04:00,LOSS
3102,11,8,10-05-2023 05:00,WIN
3103,5,2,10-05-2023 06:00,LOSS
3104,6,14,10-05-2023 07:00,LOSS
3105,14,8,10-05-2023 08:00,LOSS
3106,16,14,10-05-2023 09:00,LOSS
3107,14,8,10-05-2023 10:00,LOSS
3108,1,18,10-05-2023 11:00,WIN
3109,5,8,10-05-2023 12:00,WIN
3110,5,10,10-05-2023 13:00,LOSS
3111,8,4,10-05-2023 14:00,LOSS
3112,14,11,10-05-2023 15:00,LOSS
3113,8,14,10-05-2023 16:00,WIN
3114,9,16,10-05-2023 17:00,LOSS
3115,20,10,10-05-2023 18:00,LOSS
3116,3,15,10-05-2023 19:00,LOSS
3117,10,8,10-05-2023 20:00,WIN
3118,16,15,10-05-2023 21:00,LOSS
3119,11,19,10-05-2023 22:00,LOSS
3120,2,8,10-05-2023 23:00,WIN
3121,1,17,11-05-2023 00:00,WIN
3122,10,18,11-05-2023 01:00,LOSS
3123,6,2,11-05-2023 02:00,WIN
3124,8,5,11-05-2023 03:00,WIN
3125,6,16,11-05-2023 04:00,LOSS
3126,2,17,11-05-2023 05:00,LOSS
3127,8,15,11-05-2023 06:00,WIN
3128,3,19,11-05-2023 07:00,WIN
3129,12,15,11-05-2023 08:00,WIN
3130,6,13,11-05-2023 09:00,WIN
3131,19,17,11-05-2023 10:00,WIN
3132,7,20,11-05-2023 11:00,WIN
3133,13,12,11-05-2023 12:00,LOSS
3134,4,3,11-05-2023 13:00,WIN
3135,14,10,11-05-2023 14:00,WIN
3136,4,10,11-05-2023 15:00,LOSS
3137,18,13,11-05-2023 16:00,LOSS
3138,7,7,11-05-2023 17:00,WIN
3139,13,5,11-05-2023 18:00,LOSS
3140,3,9,11-05-2023 19:00,LOSS
3141,17,4,11-05-2023 20:00,WIN
3142,1,3,11-05-2023 21:00,WIN
3143,11,11,11-05-2023 22:00,WIN
3144,19,17,11-05-2023 23:00,LOSS
3145,7,2,12-05-2023 00:00,LOSS
3146,14,9,12-05-2023 01:00,LOSS
3147,7,6,12-05-2023 02:00,WIN
3148,11,12,12-05-2023 03:00,LOSS
3149,19,19,12-05-2023 04:00,WIN
3150,16,4,12-05-2023 05:00,WIN
3151,17,11,12-05-2023 06:00,WIN
3152,14,5,12-05-2023 07:00,LOSS
3153,15,20,12-05-2023 08:00,LOSS
3154,18,6,12-05-2023 09:00,WIN
3155,12,20,12-05-2023 10:00,WIN
3156,13,16,12-05-2023 11:00,WIN
3157,4,11,12-05-2023 12:00,LOSS
3158,10,9,12-05-2023 13:00,WIN
3159,9,2,12-05-2023 14:00,LOSS
3160,12,4,12-05-2023 15:00,WIN
3161,4,16,12-05-2023 16:00,LOSS
3162,6,4,12-05-2023 17:00,WIN
3163,14,9,12-05-2023 18:00,WIN
3164,4,8,12-05-2023 19:00,LOSS
3165,10,7,12-05-2023 20:00,WIN
3166,5,18,12-05-2023 21:00,LOSS
3167,7,9,12-05-2023 22:00,WIN
3168,7,10,12-05-2023 23:00,WIN
3169,10,11,13-05-2023 00:00,LOSS
3170,20,2,13-05-2023 01:00,LOSS
3171,13,19,13-05-2023 02:00,WIN
3172,15,10,13-05-2023 03:00,LOSS
3173,5,15,13-05-2023 04:00,LOSS
3174,16,18,13-05-2023 05:00,WIN
3175,6,5,13-05-2023 06:00,WIN
3176,4,12,13-05-2023 07:00,WIN
3177,6,8,13-05-2023 08:00,WIN
3178,16,6,13-05-2023 09:00,LOSS
3179,19,1,13-05-2023 10:00,LOSS
3180,6,13,13-05-2023 11:00,LOSS
3181,11,15,13-05-2023 12:00,WIN
3182,14,11,13-05-2023 13:00,WIN
3183,15,4,13-05-2023 14:00,LOSS
3184,1,8,13-05-2023 15:00,LOSS
3185,4,7,13-05-2023 16:00,LOSS
3186,7,13,13-05-2023 17:00,LOSS
3187,10,5,13-05-2023 18:00,WIN
3188,1,1,13-05-2023 19:00,LOSS
3189,14,16,13-05-2023 20:00,LOSS
3190,6,11,13-05-2023 21:00,LOSS
3191,14,18,13-05-2023 22:00,WIN
3192,19,9,13-05-2023 23:00,WIN
3193,6,4,14-05-2023 00:00,WIN
3194,20,7,14-05-2023 01:00,WIN
3195,20,7,14-05-2023 02:00,LOSS
3196,6,13,14-05-2023 03:00,WIN
3197,11,19,14-05-2023 04:00,WIN
3198,11,7,14-05-2023 05:00,LOSS
3199,17,7,14-05-2023 06:00,LOSS
3200,20,13,14-05-2023 07:00,WIN
3201,9,4,14-05-2023 08:00,LOSS
3202,14,12,14-05-2023 09:00,LOSS
3203,6,8,14-05-2023 10:00,LOSS
3204,4,16,14-05-2023 11:00,LOSS
3205,7,11,14-05-2023 12:00,WIN
3206,10,4,14-05-2023 13:00,WIN
3207,7,15,14-05-2023 14:00,LOSS
3208,5,12,14-05-2023 15:00,WIN
3209,4,2,14-05-2023 16:00,LOSS
3210,15,6,14-05-2023 17:00,LOSS
3211,4,18,14-05-2023 18:00,WIN
3212,15,12,14-05-2023 19:00,LOSS
3213,7,16,14-05-2023 20:00,WIN
3214,6,1,14-05-2023 21:00,WIN
3215,4,19,14-05-2023 22:00,LOSS
3216,19,4,14-05-2023 23:00,LOSS
3217,2,10,15-05-2023 00:00,LOSS
3218,15,10,15-05-2023 01:00,LOSS
3219,20,7,15-05-2023 02:00,WIN
3220,2,6,15-05-2023 03:00,WIN
3221,13,12,15-05-2023 04:00,WIN
3222,14,10,15-05-2023 05:00,WIN
3223,9,12,15-05-2023 06:00,LOSS
3224,16,13,15-05-2023 07:00,WIN
3225,9,15,15-05-2023 08:00,WIN
3226,17,13,15-05-2023 09:00,LOSS
3227,3,19,15-05-2023 10:00,WIN
3228,5,16,15-05-2023 11:00,LOSS
3229,12,11,15-05-2023 12:00,WIN
3230,5,1,15-05-2023 13:00,WIN
3231,14,18,15-05-2023 14:00,LOSS
3232,17,7,15-05-2023 15:00,LOSS
3233,5,12,15-05-2023 16:00,LOSS
3234,13,18,15-05-2023 17:00,WIN
3235,15,12,15-05-2023 18:00,LOSS
3236,17,9,15-05-2023 19:00,WIN
3237,10,17,15-05-2023 20:00,LOSS
3238,16,4,15-05-2023 21:00,WIN
3239,16,4,15-05-2023 22:00,WIN
3240,17,20,15-05-2023 23:00,WIN
3241,7,20,16-05-2023 00:00,WIN
3242,11,1,16-05-2023 01:00,WIN
3243,14,3,16-05-2023 02:00,WIN
3244,12,19,16-05-2023 03:00,LOSS
3245,9,8,16-05-2023 04:00,LOSS
3246,7,20,16-05-2023 05:00,WIN
3247,14,1,16-05-2023 06:00,WIN
3248,16,6,16-05-2023 07:00,LOSS
3249,10,9,16-05-2023 08:00,LOSS
3250,5,18,16-05-2023 09:00,LOSS
3251,19,9,16-05-2023 10:00,WIN
3252,7,20,16-05-2023 11:00,LOSS
3253,8,10,16-05-2023 12:00,WIN
3254,10,16,16-05-2023 13:00,LOSS
3255,3,12,16-05-2023 14:00,LOSS
3256,14,6,16-05-2023 15:00,WIN
3257,20,14,16-05-2023 16:00,LOSS
3258,3,8,16-05-2023 17:00,LOSS
3259,15,15,16-05-2023 18:00,WIN
3260,10,10,16-05-2023 19:00,WIN
3261,7,5,16-05-2023 20:00,LOSS
3262,19,20,16-05-2023 21:00,LOSS
3263,10,16,16-05-2023 22:00,LOSS
3264,14,8,16-05-2023 23:00,LOSS
3265,8,11,17-05-2023 00:00,LOSS
3266,20,3,17-05-2023 01:00,WIN
3267,1,2,17-05-2023 02:00,LOSS
3268,6,1,17-05-2023 03:00,LOSS
3269,15,1,17-05-2023 04:00,WIN
3270,5,20,17-05-2023 05:00,LOSS
3271,14,10,17-05-2023 06:00,WIN
3272,9,18,17-05-2023 07:00,WIN
3273,6,16,17-05-2023 08:00,WIN
3274,1,19,17-05-2023 09:00,WIN
3275,19,16,17-05-2023 10:00,WIN
3276,15,3,17-05-2023 11:00,WIN
3277,2,7,17-05-2023 12:00,LOSS
3278,19,6,17-05-2023 13:00,WIN
3279,17,11,17-05-2023 14:00,LOSS
3280,11,5,17-05-2023 15:00,LOSS
3281,18,9,17-05-2023 16:00,WIN
3282,14,4,17-05-2023 17:00,WIN
3283,19,12,17-05-2023 18:00,LOSS
3284,9,10,17-05-2023 19:00,LOSS
3285,11,3,17-05-2023 20:00,LOSS
3286,11,7,17-05-2023 21:00,LOSS
3287,4,2,17-05-2023 22:00,WIN
3288,18,8,17-05-2023 23:00,WIN
3289,12,13,18-05-2023 00:00,LOSS
3290,9,15,18-05-2023 01:00,WIN
3291,5,1,18-05-2023 02:00,LOSS
3292,1,2,18-05-2023 03:00,LOSS
3293,9,18,18-05-2023 04:00,LOSS
3294,7,19,18-05-2023 05:00,WIN
3295,1,7,18-05-2023 06:00,LOSS
3296,20,2,18-05-2023 07:00,WIN
3297,17,16,18-05-2023 08:00,LOSS
3298,3,16,18-05-2023 09:00,LOSS
3299,1,4,18-05-2023 10:00,WIN
3300,13,17,18-05-2023 11:00,LOSS
3301,20,14,18-05-2023 12:00,LOSS
3302,20,8,18-05-2023 13:00,LOSS
3303,12,9,18-05-2023 14:00,LOSS
3304,17,8,18-05-2023 15:00,WIN
3305,8,18,18-05-2023 16:00,WIN
3306,15,7,18-05-2023 17:00,WIN
3307,17,13,18-05-2023 18:00,WIN
3308,2,1,18-05-2023 19:00,WIN
3309,10,8,18-05-2023 20:00,WIN
3310,1,9,18-05-2023 21:00,WIN
3311,13,19,18-05-2023 22:00,LOSS
3312,12,15,18-05-2023 23:00,LOSS
3313,15,3,19-05-2023 00:00,WIN
3314,10,11,19-05-2023 01:00,WIN
3315,2,14,19-05-2023 02:00,WIN
3316,15,12,19-05-2023 03:00,WIN
3317,20,5,19-05-2023 04:00,LOSS
3318,10,2,19-05-2023 05:00,WIN
3319,2,7,19-05-2023 06:00,LOSS
3320,13,5,19-05-2023 07:00,WIN
3321,10,3,19-05-2023 08:00,LOSS
3322,17,10,19-05-2023 09:00,LOSS
3323,16,11,19-05-2023 10:00,WIN
3324,15,8,19-05-2023 11:00,WIN
3325,12,6,19-05-2023 12:00,LOSS
3326,9,12,19-05-2023 13:00,LOSS
3327,12,13,19-05-2023 14:00,LOSS
3328,12,2,19-05-2023 15:00,WIN
3329,19,16,19-05-2023 16:00,LOSS
3330,17,13,19-05-2023 17:00,WIN
3331,16,9,19-05-2023 18:00,LOSS
3332,10,13,19-05-2023 19:00,LOSS
3333,10,15,19-05-2023 20:00,WIN
3334,20,8,19-05-2023 21:00,LOSS
3335,2,17,19-05-2023 22:00,LOSS
3336,20,10,19-05-2023 23:00,WIN
3337,1,9,20-05-2023 00:00,WIN
3338,16,17,20-05-2023 01:00,LOSS
3339,10,17,20-05-2023 02:00,LOSS
3340,15,19,20-05-2023 03:00,WIN
3341,15,19,20-05-2023 04:00,WIN
3342,6,2,20-05-2023 05:00,LOSS
3343,17,11,20-05-2023 06:00,WIN
3344,13,8,20-05-2023 07:00,WIN
3345,1,17,20-05-2023 08:00,LOSS
3346,18,1,20-05-2023 09:00,WIN
3347,2,18,20-05-2023 10:00,LOSS
3348,3,7,20-05-2023 11:00,LOSS
3349,11,9,20-05-2023 12:00,WIN
3350,1,9,20-05-2023 13:00,WIN
3351,6,10,20-05-2023 14:00,LOSS
3352,16,16,20-05-2023 15:00,WIN
3353,15,11,20-05-2023 16:00,LOSS
3354,9,6,20-05-2023 17:00,LOSS
3355,12,12,20-05-2023 18:00,WIN
3356,10,10,20-05-2023 19:00,WIN
3357,7,16,20-05-2023 20:00,WIN
3358,10,14,20-05-2023 21:00,WIN
3359,7,17,20-05-2023 22:00,LOSS
3360,6,20,20-05-2023 23:00,LOSS
3361,13,5,21-05-2023 00:00,WIN
3362,11,4,21-05-2023 01:00,LOSS
3363,8,13,21-05-2023 02:00,WIN
3364,5,7,21-05-2023 03:00,LOSS
3365,3,11,21-05-2023 04:00,LOSS
3366,4,11,21-05-2023 05:00,WIN
3367,4,12,21-05-2023 06:00,WIN
3368,9,3,21-05-2023 07:00,LOSS
3369,1,12,21-05-2023 08:00,LOSS
3370,15,3,21-05-2023 09:00,WIN
3371,13,1,21-05-2023 10:00,WIN
3372,5,10,21-05-2023 11:00,WIN
3373,18,1,21-05-2023 12:00,LOSS
3374,5,1,21-05-2023 13:00,WIN
3375,11,11,21-05-2023 14:00,WIN
3376,3,16,21-05-2023 15:00,WIN
3377,4,3,21-05-2023 16:00,LOSS
3378,7,3,21-05-2023 17:00,LOSS
3379,4,8,21-05-2023 18:00,LOSS
3380,3,13,21-05-2023 19:00,WIN
3381,10,16,21-05-2023 20:00,LOSS
3382,20,15,21-05-2023 21:00,WIN
3383,11,10,21-05-2023 22:00,WIN
3384,18,17,21-05-2023 23:00,WIN
3385,1,3,22-05-2023 00:00,LOSS
3386,9,14,22-05-2023 01:00,LOSS
3387,17,1,22-05-2023 02:00,WIN
3388,12,9,22-05-2023 03:00,LOSS
3389,1,19,22-05-2023 04:00,LOSS
3390,7,10,22-05-2023 05:00,WIN
3391,14,11,22-05-2023 06:00,LOSS
3392,9,14,22-05-2023 07:00,WIN
3393,12,16,22-05-2023 08:00,WIN
3394,8,7,22-05-2023 09:00,LOSS
3395,7,9,22-05-2023 10:00,LOSS
3396,14,13,22-05-2023 11:00,LOSS
3397,2,7,22-05-2023 12:00,WIN
3398,2,1,22-05-2023 13:00,LOSS
3399,20,7,22-05-2023 14:00,LOSS
3400,17,2,22-05-2023 15:00,WIN
3401,10,2,22-05-2023 16:00,WIN
3402,5,1,22-05-2023 17:00,LOSS
3403,1,9,22-05-2023 18:00,LOSS
3404,5,10,22-05-2023 19:00,WIN
3405,4,10,22-05-2023 20:00,WIN
3406,12,5,22-05-2023 21:00,WIN
3407,14,7,22-05-2023 22:00,LOSS
3408,11,10,22-05-2023 23:00,LOSS
3409,4,3,23-05-2023 00:00,WIN
3410,9,12,23-05-2023 01:00,LOSS
3411,3,20,23-05-2023 02:00,LOSS
3412,3,16,23-05-2023 03:00,WIN
3413,3,18,23-05-2023 04:00,WIN
3414,7,16,23-05-2023 05:00,WIN
3415,1,10,23-05-2023 06:00,WIN
3416,13,1,23-05-2023 07:00,LOSS
3417,4,16,23-05-2023 08:00,WIN
3418,12,5,23-05-2023 09:00,WIN
3419,8,12,23-05-2023 10:00,WIN
3420,19,16,23-05-2023 11:00,WIN
3421,6,14,23-05-2023 12:00,WIN
3422,10,10,23-05-2023 13:00,WIN
3423,13,16,23-05-2023 14:00,LOSS
3424,3,15,23-05-2023 15:00,LOSS
3425,9,11,23-05-2023 16:00,WIN
3426,10,6,23-05-2023 17:00,LOSS
3427,13,19,23-05-2023 18:00,WIN
3428,16,15,23-05-2023 19:00,WIN
3429,8,13,23-05-2023 20:00,LOSS
3430,11,19,23-05-2023 21:00,LOSS
3431,2,1,23-05-2023 22:00,WIN
3432,19,10,23-05-2023 23:00,LOSS
3433,2,11,24-05-2023 00:00,LOSS
3434,6,12,24-05-2023 01:00,LOSS
3435,16,14,24-05-2023 02:00,LOSS
3436,16,16,24-05-2023 03:00,WIN
3437,7,7,24-05-2023 04:00,LOSS
3438,11,4,24-05-2023 05:00,WIN
3439,16,16,24-05-2023 06:00,WIN
3440,6,19,24-05-2023 07:00,WIN
3441,5,3,24-05-2023 08:00,LOSS
3442,9,9,24-05-2023 09:00,WIN
3443,3,17,24-05-2023 10:00,WIN
3444,8,4,24-05-2023 11:00,LOSS
3445,8,9,24-05-2023 12:00,WIN
3446,17,14,24-05-2023 13:00,LOSS
3447,6,12,24-05-2023 14:00,WIN
3448,12,19,24-05-2023 15:00,WIN
3449,6,11,24-05-2023 16:00,WIN
3450,15,4,24-05-2023 17:00,LOSS
3451,11,13,24-05-2023 18:00,LOSS
3452,10,14,24-05-2023 19:00,WIN
3453,2,10,24-05-2023 20:00,LOSS
3454,6,16,24-05-2023 21:00,LOSS
3455,19,20,24-05-2023 22:00,WIN
3456,17,20,24-05-2023 23:00,LOSS
3457,9,6,25-05-2023 00:00,LOSS
3458,2,12,25-05-2023 01:00,WIN
3459,4,16,25-05-2023 02:00,LOSS
3460,9,8,25-05-2023 03:00,WIN
3461,8,3,25-05-2023 04:00,LOSS
3462,4,15,25-05-2023 05:00,LOSS
3463,1,18,25-05-2023 06:00,LOSS
3464,11,8,25-05-2023 07:00,LOSS
3465,11,9,25-05-2023 08:00,WIN
3466,7,20,25-05-2023 09:00,WIN
3467,18,12,25-05-2023 10:00,WIN
3468,8,15,25-05-2023 11:00,LOSS
3469,15,12,25-05-2023 12:00,LOSS
3470,10,15,25-05-2023 13:00,WIN
3471,14,18,25-05-2023 14:00,LOSS
3472,2,3,25-05-2023 15:00,LOSS
3473,10,18,25-05-2023 16:00,WIN
3474,19,8,25-05-2023 17:00,LOSS
3475,15,18,25-05-2023 18:00,LOSS
3476,20,10,25-05-2023 19:00,WIN
3477,2,7,25-05-2023 20:00,LOSS
3478,17,2,25-05-2023 21:00,LOSS
3479,3,18,25-05-2023 22:00,WIN
3480,4,10,25-05-2023 23:00,LOSS
3481,5,19,26-05-2023 00:00,LOSS
3482,12,3,26-05-2023 01:00,WIN
3483,19,6,26-05-2023 02:00,LOSS
3484,12,10,26-05-2023 03:00,LOSS
3485,5,20,26-05-2023 04:00,LOSS
3486,15,10,26-05-2023 05:00,LOSS
3487,18,13,26-05-2023 06:00,WIN
3488,19,10,26-05-2023 07:00,LOSS
3489,3,19,26-05-2023 08:00,WIN
3490,2,14,26-05-2023 09:00,LOSS
3491,11,11,26-05-2023 10:00,WIN
3492,14,20,26-05-2023 11:00,LOSS
3493,5,16,26-05-2023 12:00,WIN
3494,13,3,26-05-2023 13:00,LOSS
3495,8,13,26-05-2023 14:00,LOSS
3496,6,14,26-05-2023 15:00,LOSS
3497,12,9,26-05-2023 16:00,WIN
3498,7,4,26-05-2023 17:00,LOSS
3499,11,14,26-05-2023 18:00,LOSS
3500,8,11,26-05-2023 19:00,WIN
3501,9,12,26-05-2023 20:00,WIN
3502,4,17,26-05-2023 21:00,LOSS
3503,5,16,26-05-2023 22:00,LOSS
3504,4,1,26-05-2023 23:00,LOSS
3505,12,16,27-05-2023 00:00,LOSS
3506,18,18,27-05-2023 01:00,WIN
3507,15,11,27-05-2023 02:00,WIN
3508,8,2,27-05-2023 03:00,WIN
3509,11,16,27-05-2023 04:00,WIN
3510,14,16,27-05-2023 05:00,LOSS
3511,7,4,27-05-2023 06:00,LOSS
3512,16,1,27-05-2023 07:00,WIN
3513,8,11,27-05-2023 08:00,LOSS
3514,11,7,27-05-2023 09:00,WIN
3515,1,6,27-05-2023 10:00,WIN
3516,17,6,27-05-2023 11:00,LOSS
3517,7,20,27-05-2023 12:00,WIN
3518,18,18,27-05-2023 13:00,LOSS
3519,12,8,27-05-2023 14:00,WIN
3520,20,6,27-05-2023 15:00,WIN
3521,5,8,27-05-2023 16:00,WIN
3522,6,3,27-05-2023 17:00,LOSS
3523,2,4,27-05-2023 18:00,WIN
3524,12,6,27-05-2023 19:00,WIN
3525,11,17,27-05-2023 20:00,WIN
3526,4,1,27-05-2023 21:00,LOSS
3527,7,15,27-05-2023 22:00,LOSS
3528,5,15,27-05-2023 23:00,LOSS
3529,11,12,28-05-2023 00:00,LOSS
3530,16,6,28-05-2023 01:00,LOSS
3531,10,20,28-05-2023 02:00,LOSS
3532,9,5,28-05-2023 03:00,LOSS
3533,6,7,28-05-2023 04:00,WIN
3534,13,8,28-05-2023 05:00,LOSS
3535,4,10,28-05-2023 06:00,WIN
3536,11,7,28-05-2023 07:00,WIN
3537,11,7,28-05-2023 08:00,WIN
3538,16,14,28-05-2023 09:00,WIN
3539,20,4,28-05-2023 10:00,WIN
3540,19,10,28-05-2023 11:00,LOSS
3541,6,13,28-05-2023 12:00,LOSS
3542,17,7,28-05-2023 13:00,WIN
3543,18,3,28-05-2023 14:00,LOSS
3544,4,5,28-05-2023 15:00,LOSS
3545,18,18,28-05-2023 16:00,LOSS
3546,11,7,28-05-2023 17:00,WIN
3547,12,6,28-05-2023 18:00,LOSS
3548,10,8,28-05-2023 19:00,WIN
3549,3,7,28-05-2023 20:00,WIN
3550,15,20,28-05-2023 21:00,LOSS
3551,18,11,28-05-2023 22:00,LOSS
3552,16,10,28-05-2023 23:00,LOSS
3553,7,6,29-05-2023 00:00,WIN
3554,11,18,29-05-2023 01:00,WIN
3555,10,6,29-05-2023 02:00,LOSS
3556,9,10,29-05-2023 03:00,WIN
3557,20,9,29-05-2023 04:00,WIN
3558,18,8,29-05-2023 05:00,LOSS
3559,13,12,29-05-2023 06:00,LOSS
3560,10,10,29-05-2023 07:00,WIN
3561,12,12,29-05-2023 08:00,LOSS
3562,13,18,29-05-2023 09:00,LOSS
3563,5,19,29-05-2023 10:00,LOSS
3564,12,14,29-05-2023 11:00,WIN
3565,4,13,29-05-2023 12:00,WIN
3566,3,7,29-05-2023 13:00,LOSS
3567,14,8,29-05-2023 14:00,LOSS
3568,3,15,29-05-2023 15:00,WIN
3569,2,9,29-05-2023 16:00,WIN
3570,8,3,29-05-2023 17:00,LOSS
3571,7,5,29-05-2023 18:00,LOSS
3572,2,4,29-05-2023 19:00,WIN
3573,18,20,29-05-2023 20:00,LOSS
3574,17,20,29-05-2023 21:00,WIN
3575,14,6,29-05-2023 22:00,LOSS
3576,12,8,29-05-2023 23:00,LOSS
3577,18,3,30-05-2023 00:00,LOSS
3578,17,4,30-05-2023 01:00,WIN
3579,16,17,30-05-2023 02:00,LOSS
3580,10,17,30-05-2023 03:00,WIN
3581,4,5,30-05-2023 04:00,LOSS
3582,2,17,30-05-2023 05:00,LOSS
3583,5,12,30-05-2023 06:00,WIN
3584,14,3,30-05-2023 07:00,LOSS
3585,10,2,30-05-2023 08:00,WIN
3586,8,11,30-05-2023 09:00,LOSS
3587,1,6,30-05-2023 10:00,LOSS
3588,9,17,30-05-2023 11:00,WIN
3589,5,19,30-05-2023 12:00,LOSS
3590,9,13,30-05-2023 13:00,LOSS
3591,9,5,30-05-2023 14:00,WIN
3592,18,5,30-05-2023 15:00,WIN
3593,5,19,30-05-2023 16:00,LOSS
3594,16,15,30-05-2023 17:00,WIN
3595,2,4,30-05-2023 18:00,WIN
3596,4,6,30-05-2023 19:00,LOSS
3597,18,3,30-05-2023 20:00,WIN
3598,5,11,30-05-2023 21:00,LOSS
3599,8,19,30-05-2023 22:00,WIN
3600,12,4,30-05-2023 23:00,LOSS
3601,14,7,31-05-2023 00:00,WIN
3602,17,3,31-05-2023 01:00,WIN
3603,12,5,31-05-2023 02:00,WIN
3604,2,16,31-05-2023 03:00,WIN
3605,4,19,31-05-2023 04:00,LOSS
3606,11,18,31-05-2023 05:00,WIN
3607,12,3,31-05-2023 06:00,LOSS
3608,19,5,31-05-2023 07:00,LOSS
3609,2,7,31-05-2023 08:00,LOSS
3610,10,7,31-05-2023 09:00,LOSS
3611,10,3,31-05-2023 10:00,WIN
3612,2,9,31-05-2023 11:00,WIN
3613,19,8,31-05-2023 12:00,WIN
3614,20,18,31-05-2023 13:00,LOSS
3615,4,10,31-05-2023 14:00,WIN
3616,18,20,31-05-2023 15:00,WIN
3617,20,8,31-05-2023 16:00,WIN
3618,18,8,31-05-2023 17:00,WIN
3619,14,17,31-05-2023 18:00,WIN
3620,20,17,31-05-2023 19:00,LOSS
3621,13,4,31-05-2023 20:00,LOSS
3622,15,6,31-05-2023 21:00,LOSS
3623,15,19,31-05-2023 22:00,LOSS
3624,20,1,31-05-2023 23:00,WIN
3625,4,4,01-06-2023 00:00,WIN
3626,15,11,01-06-2023 01:00,LOSS
3627,14,6,01-06-2023 02:00,WIN
3628,7,12,01-06-2023 03:00,LOSS
3629,17,5,01-06-2023 04:00,WIN
3630,9,14,01-06-2023 05:00,LOSS
3631,4,17,01-06-2023 06:00,LOSS
3632,18,4,01-06-2023 07:00,WIN
3633,13,15,01-06-2023 08:00,LOSS
3634,15,6,01-06-2023 09:00,WIN
3635,4,13,01-06-2023 10:00,WIN
3636,18,12,01-06-2023 11:00,LOSS
3637,10,10,01-06-2023 12:00,LOSS
3638,7,6,01-06-2023 13:00,LOSS
3639,6,9,01-06-2023 14:00,WIN
3640,13,16,01-06-2023 15:00,LOSS
3641,18,8,01-06-2023 16:00,LOSS
3642,9,7,01-06-2023 17:00,LOSS
3643,11,14,01-06-2023 18:00,LOSS
3644,16,4,01-06-2023 19:00,LOSS
3645,8,3,01-06-2023 20:00,WIN
3646,5,3,01-06-2023 21:00,WIN
3647,15,19,01-06-2023 22:00,WIN
3648,2,10,01-06-2023 23:00,LOSS
3649,5,14,02-06-2023 00:00,LOSS
3650,10,6,02-06-2023 01:00,LOSS
3651,19,12,02-06-2023 02:00,LOSS
3652,14,12,02-06-2023 03:00,WIN
3653,13,4,02-06-2023 04:00,WIN
3654,14,10,02-06-2023 05:00,WIN
3655,4,12,02-06-2023 06:00,WIN
3656,7,17,02-06-2023 07:00,WIN
3657,18,7,02-06-2023 08:00,LOSS
3658,6,10,02-06-2023 09:00,WIN
3659,15,1,02-06-2023 10:00,LOSS
3660,11,19,02-06-2023 11:00,WIN
3661,17,20,02-06-2023 12:00,LOSS
3662,10,5,02-06-2023 13:00,LOSS
3663,16,6,02-06-2023 14:00,WIN
3664,19,1,02-06-2023 15:00,WIN
3665,11,15,02-06-2023 16:00,LOSS
3666,7,2,02-06-2023 17:00,WIN
3667,14,18,02-06-2023 18:00,WIN
3668,1,13,02-06-2023 19:00,WIN
3669,17,2,02-06-2023 20:00,WIN
3670,13,8,02-06-2023 21:00,LOSS
3671,8,5,02-06-2023 22:00,LOSS
3672,19,15,02-06-2023 23:00,WIN
3673,8,13,03-06-2023 00:00,WIN
3674,17,17,03-06-2023 01:00,LOSS
3675,5,4,03-06-2023 02:00,WIN
3676,11,7,03-06-2023 03:00,LOSS
3677,14,2,03-06-2023 04:00,LOSS
3678,10,9,03-06-2023 05:00,LOSS
3679,12,2,03-06-2023 06:00,LOSS
3680,3,17,03-06-2023 07:00,LOSS
3681,9,18,03-06-2023 08:00,WIN
3682,11,6,03-06-2023 09:00,LOSS
3683,9,18,03-06-2023 10:00,WIN
3684,1,6,03-06-2023 11:00,LOSS
3685,18,2,03-06-2023 12:00,WIN
3686,3,2,03-06-2023 13:00,LOSS
3687,14,6,03-06-2023 14:00,LOSS
3688,4,9,03-06-2023 15:00,LOSS
3689,5,4,03-06-2023 16:00,WIN
3690,10,10,03-06-2023 17:00,WIN
3691,5,20,03-06-2023 18:00,WIN
3692,3,2,03-06-2023 19:00,LOSS
3693,20,13,03-06-2023 20:00,LOSS
3694,9,4,03-06-2023 21:00,LOSS
3695,12,11,03-06-2023 22:00,LOSS
3696,2,10,03-06-2023 23:00,WIN
3697,11,13,04-06-2023 00:00,LOSS
3698,1,7,04-06-2023 01:00,LOSS
3699,16,4,04-06-2023 02:00,LOSS
3700,3,5,04-06-2023 03:00,LOSS
3701,13,7,04-06-2023 04:00,LOSS
3702,15,11,04-06-2023 05:00,WIN
3703,1,3,04-06-2023 06:00,LOSS
3704,16,13,04-06-2023 07:00,WIN
3705,15,3,04-06-2023 08:00,WIN
3706,6,5,04-06-2023 09:00,WIN
3707,15,14,04-06-2023 10:00,WIN
3708,20,20,04-06-2023 11:00,LOSS
3709,18,5,04-06-2023 12:00,WIN
3710,17,17,04-06-2023 13:00,WIN
3711,14,14,04-06-2023 14:00,LOSS
3712,18,16,04-06-2023 15:00,LOSS
3713,17,20,04-06-2023 16:00,LOSS
3714,1,6,04-06-2023 17:00,LOSS
3715,14,5,04-06-2023 18:00,LOSS
3716,7,18,04-06-2023 19:00,LOSS
3717,1,18,04-06-2023 20:00,WIN
3718,3,15,04-06-2023 21:00,WIN
3719,11,19,04-06-2023 22:00,WIN
3720,18,4,04-06-2023 23:00,LOSS
3721,14,6,05-06-2023 00:00,WIN
3722,3,9,05-06-2023 01:00,WIN
3723,2,9,05-06-2023 02:00,WIN
3724,20,19,05-06-2023 03:00,WIN
3725,15,17,05-06-2023 04:00,LOSS
3726,7,20,05-06-2023 05:00,WIN
3727,13,14,05-06-2023 06:00,LOSS
3728,4,8,05-06-2023 07:00,LOSS
3729,8,9,05-06-2023 08:00,LOSS
3730,2,2,05-06-2023 09:00,WIN
3731,13,8,05-06-2023 10:00,LOSS
3732,4,9,05-06-2023 11:00,WIN
3733,13,13,05-06-2023 12:00,LOSS
3734,16,10,05-06-2023 13:00,WIN
3735,12,13,05-06-2023 14:00,LOSS
3736,13,5,05-06-2023 15:00,WIN
3737,1,15,05-06-2023 16:00,LOSS
3738,3,20,05-06-2023 17:00,LOSS
3739,3,7,05-06-2023 18:00,LOSS
3740,12,12,05-06-2023 19:00,LOSS
3741,4,20,05-06-2023 20:00,LOSS
3742,1,16,05-06-2023 21:00,LOSS
3743,17,2,05-06-2023 22:00,LOSS
3744,20,10,05-06-2023 23:00,LOSS
3745,9,9,06-06-2023 00:00,LOSS
3746,5,20,06-06-2023 01:00,WIN
3747,3,3,06-06-2023 02:00,WIN
3748,7,11,06-06-2023 03:00,LOSS
3749,3,10,06-06-2023 04:00,LOSS
3750,5,13,06-06-2023 05:00,LOSS
3751,12,2,06-06-2023 06:00,WIN
3752,3,16,06-06-2023 07:00,LOSS
3753,1,8,06-06-2023 08:00,WIN
3754,3,20,06-06-2023 09:00,LOSS
3755,16,10,06-06-2023 10:00,WIN
3756,18,17,06-06-2023 11:00,LOSS
3757,3,18,06-06-2023 12:00,LOSS
3758,5,20,06-06-2023 13:00,WIN
3759,5,10,06-06-2023 14:00,LOSS
3760,9,2,06-06-2023 15:00,WIN
3761,12,2,06-06-2023 16:00,WIN
3762,16,10,06-06-2023 17:00,WIN
3763,9,2,06-06-2023 18:00,LOSS
3764,18,14,06-06-2023 19:00,LOSS
3765,11,19,06-06-2023 20:00,WIN
3766,17,9,06-06-2023 21:00,LOSS
3767,1,16,06-06-2023 22:00,WIN
3768,3,3,06-06-2023 23:00,LOSS
3769,5,11,07-06-2023 00:00,WIN
3770,1,12,07-06-2023 01:00,LOSS
3771,15,7,07-06-2023 02:00,WIN
3772,17,5,07-06-2023 03:00,LOSS
3773,4,20,07-06-2023 04:00,LOSS
3774,14,2,07-06-2023 05:00,WIN
3775,2,4,07-06-2023 06:00,WIN
3776,4,17,07-06-2023 07:00,LOSS
3777,5,18,07-06-2023 08:00,LOSS
3778,7,2,07-06-2023 09:00,WIN
3779,4,9,07-06-2023 10:00,WIN
3780,8,18,07-06-2023 11:00,WIN
3781,11,12,07-06-2023 12:00,LOSS
3782,8,10,07-06-2023 13:00,LOSS
3783,4,7,07-06-2023 14:00,WIN
3784,11,3,07-06-2023 15:00,WIN
3785,12,18,07-06-2023 16:00,WIN
3786,2,2,07-06-2023 17:00,WIN
3787,15,3,07-06-2023 18:00,LOSS
3788,14,15,07-06-2023 19:00,LOSS
3789,19,9,07-06-2023 20:00,WIN
3790,17,3,07-06-2023 21:00,WIN
3791,16,6,07-06-2023 22:00,LOSS
3792,5,11,07-06-2023 23:00,WIN
3793,20,2,08-06-2023 00:00,WIN
3794,1,17,08-06-2023 01:00,LOSS
3795,10,3,08-06-2023 02:00,LOSS
3796,7,7,08-06-2023 03:00,LOSS
3797,10,10,08-06-2023 04:00,LOSS
3798,16,19,08-06-2023 05:00,WIN
3799,5,3,08-06-2023 06:00,LOSS
3800,19,20,08-06-2023 07:00,LOSS
3801,6,1,08-06-2023 08:00,LOSS
3802,12,10,08-06-2023 09:00,WIN
3803,6,13,08-06-2023 10:00,WIN
3804,10,8,08-06-2023 11:00,LOSS
3805,10,15,08-06-2023 12:00,WIN
3806,13,1,08-06-2023 13:00,LOSS
3807,19,12,08-06-2023 14:00,LOSS
3808,17,3,08-06-2023 15:00,WIN
3809,16,6,08-06-2023 16:00,WIN
3810,4,10,08-06-2023 17:00,LOSS
3811,20,6,08-06-2023 18:00,WIN
3812,3,17,08-06-2023 19:00,LOSS
3813,5,7,08-06-2023 20:00,LOSS
3814,13,14,08-06-2023 21:00,LOSS
3815,14,2,08-06-2023 22:00,WIN
3816,9,14,08-06-2023 23:00,LOSS
3817,9,6,09-06-2023 00:00,WIN
3818,8,1,09-06-2023 01:00,LOSS
3819,10,18,09-06-2023 02:00,WIN
3820,20,6,09-06-2023 03:00,LOSS
3821,18,18,09-06-2023 04:00,LOSS
3822,12,4,09-06-2023 05:00,LOSS
3823,13,14,09-06-2023 06:00,LOSS
3824,16,3,09-06-2023 07:00,WIN
3825,3,14,09-06-2023 08:00,WIN
3826,9,5,09-06-2023 09:00,WIN
3827,16,14,09-06-2023 10:00,WIN
3828,17,19,09-06-2023 11:00,LOSS
3829,16,8,09-06-2023 12:00,WIN
3830,10,5,09-06-2023 13:00,LOSS
3831,18,10,09-06-2023 14:00,WIN
3832,2,13,09-06-2023 15:00,LOSS
3833,14,6,09-06-2023 16:00,LOSS
3834,5,20,09-06-2023 17:00,LOSS
3835,6,10,09-06-2023 18:00,LOSS
3836,20,13,09-06-2023 19:00,WIN
3837,1,20,09-06-2023 20:00,LOSS
3838,15,10,09-06-2023 21:00,WIN
3839,3,1,09-06-2023 22:00,LOSS
3840,19,4,09-06-2023 23:00,LOSS
3841,18,13,10-06-2023 00:00,WIN
3842,15,6,10-06-2023 01:00,WIN
3843,18,8,10-06-2023 02:00,LOSS
3844,1,9,10-06-2023 03:00,WIN
3845,14,9,10-06-2023 04:00,LOSS
3846,17,14,10-06-2023 05:00,LOSS
3847,20,1,10-06-2023 06:00,LOSS
3848,8,5,10-06-2023 07:00,LOSS
3849,8,17,10-06-2023 08:00,LOSS
3850,17,6,10-06-2023 09:00,WIN
3851,1,17,10-06-2023 10:00,LOSS
3852,7,5,10-06-2023 11:00,WIN
3853,14,2,10-06-2023 12:00,LOSS
3854,6,18,10-06-2023 13:00,WIN
3855,17,6,10-06-2023 14:00,WIN
3856,14,14,10-06-2023 15:00,WIN
3857,7,1,10-06-2023 16:00,LOSS
3858,15,11,10-06-2023 17:00,WIN
3859,8,10,10-06-2023 18:00,LOSS
3860,16,15,10-06-2023 19:00,WIN
3861,10,9,10-06-2023 20:00,WIN
3862,9,7,10-06-2023 21:00,LOSS
3863,19,12,10-06-2023 22:00,LOSS
3864,2,8,10-06-2023 23:00,WIN
3865,8,10,11-06-2023 00:00,WIN
3866,11,2,11-06-2023 01:00,LOSS
3867,4,14,11-06-2023 02:00,WIN
3868,18,9,11-06-2023 03:00,WIN
3869,18,1,11-06-2023 04:00,WIN
3870,2,16,11-06-2023 05:00,WIN
3871,5,5,11-06-2023 06:00,WIN
3872,14,8,11-06-2023 07:00,LOSS
3873,13,20,11-06-2023 08:00,WIN
3874,8,1,11-06-2023 09:00,LOSS
3875,11,17,11-06-2023 10:00,LOSS
3876,8,7,11-06-2023 11:00,WIN
3877,15,11,11-06-2023 12:00,LOSS
3878,6,7,11-06-2023 13:00,WIN
3879,17,7,11-06-2023 14:00,LOSS
3880,11,4,11-06-2023 15:00,LOSS
3881,7,20,11-06-2023 16:00,LOSS
3882,2,1,11-06-2023 17:00,LOSS
3883,3,15,11-06-2023 18:00,WIN
3884,18,2,11-06-2023 19:00,LOSS
3885,20,9,11-06-2023 20:00,LOSS
3886,14,14,11-06-2023 21:00,LOSS
3887,9,16,11-06-2023 22:00,LOSS
3888,8,17,11-06-2023 23:00,WIN
3889,18,7,12-06-2023 00:00,WIN
3890,12,2,12-06-2023 01:00,LOSS
3891,12,6,12-06-2023 02:00,LOSS
3892,10,3,12-06-2023 03:00,LOSS
3893,9,6,12-06-2023 04:00,WIN
3894,2,6,12-06-2023 05:00,WIN
3895,11,8,12-06-2023 06:00,WIN
3896,10,8,12-06-2023 07:00,WIN
3897,8,9,12-06-2023 08:00,WIN
3898,5,15,12-06-2023 09:00,LOSS
3899,5,17,12-06-2023 10:00,LOSS
3900,9,4,12-06-2023 11:00,LOSS
3901,11,1,12-06-2023 12:00,WIN
3902,12,6,12-06-2023 13:00,WIN
3903,5,19,12-06-2023 14:00,LOSS
3904,6,5,12-06-2023 15:00,LOSS
3905,1,11,12-06-2023 16:00,WIN
3906,16,10,12-06-2023 17:00,LOSS
3907,14,9,12-06-2023 18:00,LOSS
3908,14,16,12-06-2023 19:00,WIN
3909,13,19,12-06-2023 20:00,LOSS
3910,12,18,12-06-2023 21:00,WIN
3911,7,13,12-06-2023 22:00,WIN
3912,6,7,12-06-2023 23:00,WIN
3913,9,17,13-06-2023 00:00,LOSS
3914,16,9,13-06-2023 01:00,WIN
3915,9,10,13-06-2023 02:00,LOSS
3916,14,20,13-06-2023 03:00,WIN
3917,9,13,13-06-2023 04:00,WIN
3918,4,16,13-06-2023 05:00,LOSS
3919,9,4,13-06-2023 06:00,WIN
3920,8,10,13-06-2023 07:00,LOSS
3921,14,1,13-06-2023 08:00,LOSS
3922,5,8,13-06-2023 09:00,WIN
3923,16,20,13-06-2023 10:00,LOSS
3924,10,18,13-06-2023 11:00,LOSS
3925,3,5,13-06-2023 12:00,LOSS
3926,9,11,13-06-2023 13:00,WIN
3927,3,19,13-06-2023 14:00,LOSS
3928,19,9,13-06-2023 15:00,WIN
3929,19,15,13-06-2023 16:00,WIN
3930,1,5,13-06-2023 17:00,WIN
3931,19,5,13-06-2023 18:00,WIN
3932,15,12,13-06-2023 19:00,WIN
3933,19,9,13-06-2023 20:00,WIN
3934,7,5,13-06-2023 21:00,LOSS
3935,1,10,13-06-2023 22:00,WIN
3936,16,6,13-06-2023 23:00,WIN
3937,8,10,14-06-2023 00:00,WIN
3938,12,6,14-06-2023 01:00,WIN
3939,6,20,14-06-2023 02:00,WIN
3940,10,10,14-06-2023 03:00,WIN
3941,14,9,14-06-2023 04:00,WIN
3942,5,3,14-06-2023 05:00,WIN
3943,4,11,14-06-2023 06:00,LOSS
3944,14,11,14-06-2023 07:00,LOSS
3945,17,4,14-06-2023 08:00,WIN
3946,1,17,14-06-2023 09:00,LOSS
3947,17,9,14-06-2023 10:00,WIN
3948,20,6,14-06-2023 11:00,LOSS
3949,9,11,14-06-2023 12:00,LOSS
3950,16,19,14-06-2023 13:00,WIN
3951,3,18,14-06-2023 14:00,LOSS
3952,10,8,14-06-2023 15:00,WIN
3953,17,14,14-06-2023 16:00,WIN
3954,16,19,14-06-2023 17:00,LOSS
3955,1,16,14-06-2023 18:00,LOSS
3956,19,3,14-06-2023 19:00,WIN
3957,15,13,14-06-2023 20:00,LOSS
3958,7,17,14-06-2023 21:00,WIN
3959,8,19,14-06-2023 22:00,WIN
3960,4,5,14-06-2023 23:00,WIN
3961,12,16,15-06-2023 00:00,WIN
3962,2,14,15-06-2023 01:00,WIN
3963,7,19,15-06-2023 02:00,LOSS
3964,6,20,15-06-2023 03:00,LOSS
3965,2,4,15-06-2023 04:00,WIN
3966,7,6,15-06-2023 05:00,LOSS
3967,2,9,15-06-2023 06:00,LOSS
3968,4,8,15-06-2023 07:00,LOSS
3969,16,12,15-06-2023 08:00,WIN
3970,6,11,15-06-2023 09:00,WIN
3971,10,7,15-06-2023 10:00,WIN
3972,14,8,15-06-2023 11:00,LOSS
3973,3,10,15-06-2023 12:00,LOSS
3974,14,3,15-06-2023 13:00,LOSS
3975,11,6,15-06-2023 14:00,WIN
3976,11,11,15-06-2023 15:00,LOSS
3977,11,4,15-06-2023 16:00,LOSS
3978,4,12,15-06-2023 17:00,WIN
3979,5,3,15-06-2023 18:00,LOSS
3980,6,10,15-06-2023 19:00,LOSS
3981,14,7,15-06-2023 20:00,WIN
3982,7,2,15-06-2023 21:00,WIN
3983,6,12,15-06-2023 22:00,WIN
3984,14,14,15-06-2023 23:00,WIN
3985,16,7,16-06-2023 00:00,WIN
3986,4,17,16-06-2023 01:00,LOSS
3987,18,15,16-06-2023 02:00,LOSS
3988,7,18,16-06-2023 03:00,WIN
3989,19,5,16-06-2023 04:00,WIN
3990,14,11,16-06-2023 05:00,LOSS
3991,15,8,16-06-2023 06:00,LOSS
3992,6,14,16-06-2023 07:00,WIN
3993,10,2,16-06-2023 08:00,LOSS
3994,3,20,16-06-2023 09:00,LOSS
3995,13,7,16-06-2023 10:00,LOSS
3996,19,8,16-06-2023 11:00,WIN
3997,18,4,16-06-2023 12:00,WIN
3998,3,10,16-06-2023 13:00,LOSS
3999,3,14,16-06-2023 14:00,LOSS
4000,17,15,16-06-2023 15:00,WIN
4001,7,10,16-06-2023 16:00,WIN
4002,2,16,16-06-2023 17:00,LOSS
4003,5,3,16-06-2023 18:00,LOSS
4004,9,2,16-06-2023 19:00,WIN
4005,3,1,16-06-2023 20:00,LOSS
4006,8,11,16-06-2023 21:00,WIN
4007,4,16,16-06-2023 22:00,LOSS
4008,3,12,16-06-2023 23:00,LOSS
4009,18,5,17-06-2023 00:00,LOSS
4010,15,20,17-06-2023 01:00,WIN
4011,11,15,17-06-2023 02:00,LOSS
4012,5,17,17-06-2023 03:00,WIN
4013,16,8,17-06-2023 04:00,WIN
4014,19,19,17-06-2023 05:00,LOSS
4015,4,19,17-06-2023 06:00,WIN
4016,11,12,17-06-2023 07:00,WIN
4017,12,7,17-06-2023 08:00,LOSS
4018,5,6,17-06-2023 09:00,LOSS
4019,10,2,17-06-2023 10:00,WIN
4020,10,3,17-06-2023 11:00,WIN
4021,19,9,17-06-2023 12:00,LOSS
4022,5,11,17-06-2023 13:00,WIN
4023,5,18,17-06-2023 14:00,LOSS
4024,4,16,17-06-2023 15:00,LOSS
4025,4,10,17-06-2023 16:00,LOSS
4026,2,16,17-06-2023 17:00,WIN
4027,3,9,17-06-2023 18:00,LOSS
4028,4,20,17-06-2023 19:00,WIN
4029,8,2,17-06-2023 20:00,LOSS
4030,9,18,17-06-2023 21:00,LOSS
4031,8,16,17-06-2023 22:00,LOSS
4032,12,20,17-06-2023 23:00,LOSS
4033,10,14,18-06-2023 00:00,WIN
4034,5,12,18-06-2023 01:00,LOSS
4035,5,4,18-06-2023 02:00,LOSS
4036,15,17,18-06-2023 03:00,WIN
4037,20,20,18-06-2023 04:00,LOSS
4038,3,20,18-06-2023 05:00,LOSS
4039,2,7,18-06-2023 06:00,WIN
4040,15,4,18-06-2023 07:00,LOSS
4041,13,15,18-06-2023 08:00,LOSS
4042,12,14,18-06-2023 09:00,WIN
4043,14,20,18-06-2023 10:00,WIN
4044,12,1,18-06-2023 11:00,WIN
4045,15,9,18-06-2023 12:00,WIN
4046,13,4,18-06-2023 13:00,WIN
4047,3,20,18-06-2023 14:00,LOSS
4048,15,9,18-06-2023 15:00,WIN
4049,20,9,18-06-2023 16:00,WIN
4050,18,12,18-06-2023 17:00,WIN
4051,6,16,18-06-2023 18:00,WIN
4052,15,5,18-06-2023 19:00,LOSS
4053,12,17,18-06-2023 20:00,WIN
4054,2,6,18-06-2023 21:00,LOSS
4055,5,9,18-06-2023 22:00,LOSS
4056,17,11,18-06-2023 23:00,LOSS
4057,13,2,19-06-2023 00:00,LOSS
4058,13,7,19-06-2023 01:00,WIN
4059,4,17,19-06-2023 02:00,LOSS
4060,16,11,19-06-2023 03:00,WIN
4061,8,10,19-06-2023 04:00,WIN
4062,3,1,19-06-2023 05:00,WIN
4063,20,19,19-06-2023 06:00,LOSS
4064,2,1,19-06-2023 07:00,WIN
4065,3,20,19-06-2023 08:00,LOSS
4066,11,20,19-06-2023 09:00,WIN
4067,11,6,19-06-2023 10:00,WIN
4068,10,16,19-06-2023 11:00,LOSS
4069,11,12,19-06-2023 12:00,WIN
4070,17,11,19-06-2023 13:00,WIN
4071,7,18,19-06-2023 14:00,WIN
4072,1,7,19-06-2023 15:00,LOSS
4073,20,14,19-06-2023 16:00,LOSS
4074,15,13,19-06-2023 17:00,LOSS
4075,7,20,19-06-2023 18:00,LOSS
4076,4,8,19-06-2023 19:00,WIN
4077,3,14,19-06-2023 20:00,WIN
4078,20,18,19-06-2023 21:00,WIN
4079,3,4,19-06-2023 22:00,LOSS
4080,20,4,19-06-2023 23:00,WIN
4081,10,9,20-06-2023 00:00,WIN
4082,3,2,20-06-2023 01:00,LOSS
4083,5,14,20-06-2023 02:00,WIN
4084,20,12,20-06-2023 03:00,LOSS
4085,19,19,20-06-2023 04:00,WIN
4086,10,18,20-06-2023 05:00,LOSS
4087,9,12,20-06-2023 06:00,WIN
4088,11,1,20-06-2023 07:00,WIN
4089,1,10,20-06-2023 08:00,LOSS
4090,20,2,20-06-2023 09:00,LOSS
4091,13,14,20-06-2023 10:00,LOSS
4092,4,20,20-06-2023 11:00,LOSS
4093,10,16,20-06-2023 12:00,WIN
4094,4,19,20-06-2023 13:00,WIN
4095,8,14,20-06-2023 14:00,LOSS
4096,17,14,20-06-2023 15:00,LOSS
4097,2,4,20-06-2023 16:00,LOSS
4098,7,11,20-06-2023 17:00,WIN
4099,3,2,20-06-2023 18:00,WIN
4100,11,7,20-06-2023 19:00,LOSS
4101,18,13,20-06-2023 20:00,WIN
4102,6,8,20-06-2023 21:00,LOSS
4103,20,12,20-06-2023 22:00,LOSS
4104,14,7,20-06-2023 23:00,WIN
4105,13,2,21-06-2023 00:00,WIN
4106,2,6,21-06-2023 01:00,WIN
4107,16,11,21-06-2023 02:00,LOSS
4108,8,17,21-06-2023 03:00,LOSS
4109,15,15,21-06-2023 04:00,WIN
4110,13,20,21-06-2023 05:00,WIN
4111,1,11,21-06-2023 06:00,WIN
4112,2,9,21-06-2023 07:00,WIN
4113,4,17,21-06-2023 08:00,LOSS
4114,13,20,21-06-2023 09:00,WIN
4115,12,10,21-06-2023 10:00,WIN
4116,12,4,21-06-2023 11:00,WIN
4117,1,4,21-06-2023 12:00,WIN
4118,6,16,21-06-2023 13:00,WIN
4119,11,1,21-06-2023 14:00,WIN
4120,16,7,21-06-2023 15:00,WIN
4121,2,2,21-06-2023 16:00,LOSS
4122,3,4,21-06-2023 17:00,LOSS
4123,11,2,21-06-2023 18:00,WIN
4124,9,16,21-06-2023 19:00,LOSS
4125,7,4,21-06-2023 20:00,LOSS
4126,4,10,21-06-2023 21:00,LOSS
4127,10,10,21-06-2023 22:00,LOSS
4128,1,3,21-06-2023 23:00,WIN
4129,13,9,22-06-2023 00:00,LOSS
4130,4,7,22-06-2023 01:00,LOSS
4131,13,19,22-06-2023 02:00,WIN
4132,11,8,22-06-2023 03:00,WIN
4133,15,18,22-06-2023 04:00,WIN
4134,13,4,22-06-2023 05:00,LOSS
4135,4,5,22-06-2023 06:00,LOSS
4136,6,16,22-06-2023 07:00,LOSS
4137,2,18,22-06-2023 08:00,WIN
4138,2,6,22-06-2023 09:00,WIN
4139,6,12,22-06-2023 10:00,LOSS
4140,3,20,22-06-2023 11:00,LOSS
4141,20,5,22-06-2023 12:00,WIN
4142,11,19,22-06-2023 13:00,WIN
4143,15,13,22-06-2023 14:00,WIN
4144,9,13,22-06-2023 15:00,LOSS
4145,7,4,22-06-2023 16:00,LOSS
4146,15,11,22-06-2023 17:00,LOSS
4147,10,6,22-06-2023 18:00,WIN
4148,11,9,22-06-2023 19:00,LOSS
4149,2,20,22-06-2023 20:00,WIN
4150,14,7,22-06-2023 21:00,LOSS
4151,16,12,22-06-2023 22:00,WIN
4152,9,10,22-06-2023 23:00,LOSS
4153,16,3,23-06-2023 00:00,LOSS
4154,1,7,23-06-2023 01:00,WIN
4155,2,10,23-06-2023 02:00,WIN
4156,7,1,23-06-2023 03:00,LOSS
4157,12,12,23-06-2023 04:00,WIN
4158,18,1,23-06-2023 05:00,LOSS
4159,6,13,23-06-2023 06:00,LOSS
4160,2,7,23-06-2023 07:00,LOSS
4161,14,18,23-06-2023 08:00,LOSS
4162,16,8,23-06-2023 09:00,WIN
4163,10,6,23-06-2023 10:00,LOSS
4164,5,15,23-06-2023 11:00,LOSS
4165,16,18,23-06-2023 12:00,LOSS
4166,7,4,23-06-2023 13:00,LOSS
4167,15,12,23-06-2023 14:00,LOSS
4168,13,8,23-06-2023 15:00,LOSS
4169,17,5,23-06-2023 16:00,LOSS
4170,18,2,23-06-2023 17:00,WIN
4171,18,18,23-06-2023 18:00,WIN
4172,17,4,23-06-2023 19:00,LOSS
4173,3,19,23-06-2023 20:00,WIN
4174,12,8,23-06-2023 21:00,LOSS
4175,6,1,23-06-2023 22:00,WIN
4176,12,12,23-06-2023 23:00,WIN
4177,11,6,24-06-2023 00:00,WIN
4178,9,20,24-06-2023 01:00,WIN
4179,19,7,24-06-2023 02:00,WIN
4180,19,11,24-06-2023 03:00,WIN
4181,2,9,24-06-2023 04:00,WIN
4182,13,8,24-06-2023 05:00,WIN
4183,18,17,24-06-2023 06:00,WIN
4184,4,11,24-06-2023 07:00,LOSS
4185,14,16,24-06-2023 08:00,WIN
4186,14,9,24-06-2023 09:00,WIN
4187,5,12,24-06-2023 10:00,LOSS
4188,19,4,24-06-2023 11:00,WIN
4189,2,3,24-06-2023 12:00,LOSS
4190,16,12,24-06-2023 13:00,WIN
4191,6,18,24-06-2023 14:00,LOSS
4192,11,4,24-06-2023 15:00,WIN
4193,12,16,24-06-2023 16:00,LOSS
4194,13,7,24-06-2023 17:00,WIN
4195,10,10,24-06-2023 18:00,WIN
4196,14,1,24-06-2023 19:00,WIN
4197,4,14,24-06-2023 20:00,LOSS
4198,2,18,24-06-2023 21:00,LOSS
4199,19,1,24-06-2023 22:00,LOSS
4200,19,7,24-06-2023 23:00,WIN
4201,15,18,25-06-2023 00:00,WIN
4202,9,17,25-06-2023 01:00,LOSS
4203,4,11,25-06-2023 02:00,LOSS
4204,13,2,25-06-2023 03:00,LOSS
4205,9,8,25-06-2023 04:00,LOSS
4206,12,5,25-06-2023 05:00,WIN
4207,14,4,25-06-2023 06:00,WIN
4208,12,3,25-06-2023 07:00,LOSS
4209,13,11,25-06-2023 08:00,LOSS
4210,18,15,25-06-2023 09:00,WIN
4211,5,7,25-06-2023 10:00,LOSS
4212,19,3,25-06-2023 11:00,LOSS
4213,3,17,25-06-2023 12:00,WIN
4214,17,20,25-06-2023 13:00,WIN
4215,20,17,25-06-2023 14:00,WIN
4216,7,20,25-06-2023 15:00,WIN
4217,3,11,25-06-2023 16:00,LOSS
4218,7,18,25-06-2023 17:00,WIN
4219,6,6,25-06-2023 18:00,WIN
4220,14,14,25-06-2023 19:00,WIN
4221,1,5,25-06-2023 20:00,WIN
4222,14,15,25-06-2023 21:00,WIN
4223,11,2,25-06-2023 22:00,LOSS
4224,9,19,25-06-2023 23:00,LOSS
4225,10,15,26-06-2023 00:00,LOSS
4226,11,9,26-06-2023 01:00,WIN
4227,18,5,26-06-2023 02:00,WIN
4228,17,2,26-06-2023 03:00,LOSS
4229,14,1,26-06-2023 04:00,LOSS
4230,17,3,26-06-2023 05:00,LOSS
4231,7,5,26-06-2023 06:00,WIN
4232,8,20,26-06-2023 07:00,WIN
4233,8,16,26-06-2023 08:00,WIN
4234,19,6,26-06-2023 09:00,WIN
4235,5,8,26-06-2023 10:00,LOSS
4236,7,3,26-06-2023 11:00,LOSS
4237,13,12,26-06-2023 12:00,LOSS
4238,15,1,26-06-2023 13:00,LOSS
4239,14,20,26-06-2023 14:00,LOSS
4240,15,14,26-06-2023 15:00,WIN
4241,14,11,26-06-2023 16:00,LOSS
4242,13,20,26-06-2023 17:00,LOSS
4243,20,7,26-06-2023 18:00,WIN
4244,4,4,26-06-2023 19:00,WIN
4245,9,6,26-06-2023 20:00,WIN
4246,14,14,26-06-2023 21:00,LOSS
4247,17,10,26-06-2023 22:00,LOSS
4248,1,4,26-06-2023 23:00,WIN
4249,1,13,27-06-2023 00:00,LOSS
4250,4,8,27-06-2023 01:00,LOSS
4251,20,18,27-06-2023 02:00,LOSS
4252,8,5,27-06-2023 03:00,WIN
4253,5,12,27-06-2023 04:00,WIN
4254,14,5,27-06-2023 05:00,WIN
4255,20,7,27-06-2023 06:00,LOSS
4256,14,19,27-06-2023 07:00,WIN
4257,2,14,27-06-2023 08:00,LOSS
4258,12,11,27-06-2023 09:00,LOSS
4259,18,20,27-06-2023 10:00,LOSS
4260,6,11,27-06-2023 11:00,WIN
4261,9,3,27-06-2023 12:00,LOSS
4262,9,13,27-06-2023 13:00,LOSS
4263,4,6,27-06-2023 14:00,WIN
4264,10,16,27-06-2023 15:00,LOSS
4265,12,6,27-06-2023 16:00,LOSS
4266,8,6,27-06-2023 17:00,WIN
4267,20,6,27-06-2023 18:00,WIN
4268,16,13,27-06-2023 19:00,LOSS
4269,12,8,27-06-2023 20:00,LOSS
4270,17,17,27-06-2023 21:00,WIN
4271,17,2,27-06-2023 22:00,LOSS
4272,19,6,27-06-2023 23:00,LOSS
4273,7,6,28-06-2023 00:00,LOSS
4274,20,7,28-06-2023 01:00,LOSS
4275,4,1,28-06-2023 02:00,LOSS
4276,20,8,28-06-2023 03:00,LOSS
4277,9,3,28-06-2023 04:00,LOSS
4278,12,4,28-06-2023 05:00,LOSS
4279,13,17,28-06-2023 06:00,WIN
4280,9,3,28-06-2023 07:00,WIN
4281,11,2,28-06-2023 08:00,WIN
4282,5,14,28-06-2023 09:00,LOSS
4283,8,6,28-06-2023 10:00,LOSS
4284,20,18,28-06-2023 11:00,LOSS
4285,12,2,28-06-2023 12:00,LOSS
4286,16,12,28-06-2023 13:00,LOSS
4287,10,5,28-06-2023 14:00,WIN
4288,15,10,28-06-2023 15:00,WIN
4289,12,15,28-06-2023 16:00,LOSS
4290,14,13,28-06-2023 17:00,LOSS
4291,13,10,28-06-2023 18:00,WIN
4292,16,17,28-06-2023 19:00,WIN
4293,10,13,28-06-2023 20:00,WIN
4294,8,7,28-06-2023 21:00,LOSS
4295,20,4,28-06-2023 22:00,LOSS
4296,14,2,28-06-2023 23:00,LOSS
4297,5,5,29-06-2023 00:00,LOSS
4298,6,10,29-06-2023 01:00,LOSS
4299,9,19,29-06-2023 02:00,LOSS
4300,13,9,29-06-2023 03:00,LOSS
4301,13,2,29-06-2023 04:00,LOSS
4302,2,9,29-06-2023 05:00,WIN
4303,13,13,29-06-2023 06:00,LOSS
4304,2,1,29-06-2023 07:00,LOSS
4305,15,15,29-06-2023 08:00,LOSS
4306,12,13,29-06-2023 09:00,WIN
4307,10,14,29-06-2023 10:00,WIN
4308,4,11,29-06-2023 11:00,LOSS
4309,8,2,29-06-2023 12:00,WIN
4310,4,1,29-06-2023 13:00,WIN
4311,2,11,29-06-2023 14:00,WIN
4312,18,16,29-06-2023 15:00,LOSS
4313,18,5,29-06-2023 16:00,LOSS
4314,14,19,29-06-2023 17:00,WIN
4315,10,10,29-06-2023 18:00,WIN
4316,12,20,29-06-2023 19:00,WIN
4317,8,15,29-06-2023 20:00,WIN
4318,17,2,29-06-2023 21:00,LOSS
4319,12,3,29-06-2023 22:00,WIN
4320,20,14,29-06-2023 23:00,LOSS
4321,3,17,30-06-2023 00:00,LOSS
4322,10,7,30-06-2023 01:00,LOSS
4323,11,14,30-06-2023 02:00,LOSS
4324,14,10,30-06-2023 03:00,WIN
4325,7,16,30-06-2023 04:00,LOSS
4326,5,14,30-06-2023 05:00,LOSS
4327,1,14,30-06-2023 06:00,WIN
4328,12,10,30-06-2023 07:00,WIN
4329,16,15,30-06-2023 08:00,WIN
4330,6,18,30-06-2023 09:00,WIN
4331,20,1,30-06-2023 10:00,LOSS
4332,10,3,30-06-2023 11:00,LOSS
4333,15,9,30-06-2023 12:00,LOSS
4334,15,10,30-06-2023 13:00,WIN
4335,6,5,30-06-2023 14:00,WIN
4336,1,5,30-06-2023 15:00,WIN
4337,6,15,30-06-2023 16:00,WIN
4338,13,4,30-06-2023 17:00,LOSS
4339,11,4,30-06-2023 18:00,LOSS
4340,20,18,30-06-2023 19:00,WIN
4341,20,7,30-06-2023 20:00,LOSS
4342,20,20,30-06-2023 21:00,LOSS
4343,12,1,30-06-2023 22:00,WIN
4344,14,14,30-06-2023 23:00,LOSS
4345,9,7,01-07-2023 00:00,WIN
4346,13,19,01-07-2023 01:00,LOSS
4347,4,9,01-07-2023 02:00,WIN
4348,9,12,01-07-2023 03:00,LOSS
4349,1,10,01-07-2023 04:00,LOSS
4350,8,6,01-07-2023 05:00,LOSS
4351,2,3,01-07-2023 06:00,LOSS
4352,13,11,01-07-2023 07:00,LOSS
4353,13,1,01-07-2023 08:00,LOSS
4354,1,1,01-07-2023 09:00,WIN
4355,1,7,01-07-2023 10:00,WIN
4356,6,11,01-07-2023 11:00,LOSS
4357,16,10,01-07-2023 12:00,WIN
4358,17,2,01-07-2023 13:00,LOSS
4359,13,7,01-07-2023 14:00,WIN
4360,18,1,01-07-2023 15:00,WIN
4361,3,5,01-07-2023 16:00,LOSS
4362,15,18,01-07-2023 17:00,LOSS
4363,2,3,01-07-2023 18:00,WIN
4364,6,5,01-07-2023 19:00,LOSS
4365,20,10,01-07-2023 20:00,WIN
4366,14,5,01-07-2023 21:00,WIN
4367,18,18,01-07-2023 22:00,WIN
4368,4,14,01-07-2023 23:00,LOSS
4369,8,4,02-07-2023 00:00,LOSS
4370,2,7,02-07-2023 01:00,WIN
4371,2,19,02-07-2023 02:00,LOSS
4372,17,20,02-07-2023 03:00,WIN
4373,4,7,02-07-2023 04:00,WIN
4374,16,11,02-07-2023 05:00,WIN
4375,2,17,02-07-2023 06:00,LOSS
4376,19,14,02-07-2023 07:00,LOSS
4377,6,8,02-07-2023 08:00,LOSS
4378,2,19,02-07-2023 09:00,LOSS
4379,9,2,02-07-2023 10:00,WIN
4380,6,8,02-07-2023 11:00,WIN
4381,6,11,02-07-2023 12:00,WIN
4382,8,19,02-07-2023 13:00,WIN
4383,1,6,02-07-2023 14:00,LOSS
4384,16,11,02-07-2023 15:00,WIN
4385,10,17,02-07-2023 16:00,WIN
4386,19,16,02-07-2023 17:00,LOSS
4387,18,20,02-07-2023 18:00,LOSS
4388,16,9,02-07-2023 19:00,LOSS
4389,1,13,02-07-2023 20:00,LOSS
4390,15,7,02-07-2023 21:00,WIN
4391,16,16,02-07-2023 22:00,WIN
4392,11,4,02-07-2023 23:00,LOSS
4393,6,11,03-07-2023 00:00,WIN
4394,14,19,03-07-2023 01:00,WIN
4395,16,14,03-07-2023 02:00,LOSS
4396,4,15,03-07-2023 03:00,LOSS
4397,8,8,03-07-2023 04:00,WIN
4398,19,12,03-07-2023 05:00,LOSS
4399,19,11,03-07-2023 06:00,LOSS
4400,1,6,03-07-2023 07:00,LOSS
4401,3,13,03-07-2023 08:00,LOSS
4402,8,18,03-07-2023 09:00,LOSS
4403,13,3,03-07-2023 10:00,LOSS
4404,19,20,03-07-2023 11:00,LOSS
4405,1,2,03-07-2023 12:00,LOSS
4406,13,3,03-07-2023 13:00,WIN
4407,10,8,03-07-2023 14:00,LOSS
4408,16,3,03-07-2023 15:00,LOSS
4409,9,10,03-07-2023 16:00,LOSS
4410,2,7,03-07-2023 17:00,WIN
4411,8,9,03-07-2023 18:00,WIN
4412,3,18,03-07-2023 19:00,WIN
4413,20,16,03-07-2023 20:00,LOSS
4414,2,17,03-07-2023 21:00,LOSS
4415,4,20,03-07-2023 22:00,LOSS
4416,16,7,03-07-2023 23:00,LOSS
4417,8,19,04-07-2023 00:00,WIN
4418,15,5,04-07-2023 01:00,LOSS
4419,16,15,04-07-2023 02:00,WIN
4420,18,2,04-07-2023 03:00,LOSS
4421,10,15,04-07-2023 04:00,WIN
4422,19,5,04-07-2023 05:00,LOSS
4423,14,14,04-07-2023 06:00,WIN
4424,19,19,04-07-2023 07:00,WIN
4425,14,2,04-07-2023 08:00,LOSS
4426,3,20,04-07-2023 09:00,LOSS
4427,14,19,04-07-2023 10:00,LOSS
4428,2,6,04-07-2023 11:00,LOSS
4429,2,19,04-07-2023 12:00,LOSS
4430,3,10,04-07-2023 13:00,LOSS
4431,2,16,04-07-2023 14:00,LOSS
4432,6,17,04-07-2023 15:00,WIN
4433,4,10,04-07-2023 16:00,LOSS
4434,1,13,04-07-2023 17:00,WIN
4435,3,13,04-07-2023 18:00,LOSS
4436,16,14,04-07-2023 19:00,WIN
4437,15,19,04-07-2023 20:00,LOSS
4438,11,19,04-07-2023 21:00,LOSS
4439,19,5,04-07-2023 22:00,WIN
4440,4,9,04-07-2023 23:00,WIN
4441,1,15,05-07-2023 00:00,WIN
4442,2,12,05-07-2023 01:00,LOSS
4443,10,4,05-07-2023 02:00,LOSS
4444,3,18,05-07-2023 03:00,LOSS
4445,17,1,05-07-2023 04:00,WIN
4446,12,12,05-07-2023 05:00,WIN
4447,2,9,05-07-2023 06:00,LOSS
4448,13,4,05-07-2023 07:00,WIN
4449,4,6,05-07-2023 08:00,WIN
4450,15,2,05-07-2023 09:00,WIN
4451,17,11,05-07-2023 10:00,WIN
4452,11,11,05-07-2023 11:00,LOSS
4453,1,5,05-07-2023 12:00,WIN
4454,2,6,05-07-2023 13:00,LOSS
4455,10,1,05-07-2023 14:00,LOSS
4456,7,3,05-07-2023 15:00,WIN
4457,11,9,05-07-2023 16:00,LOSS
4458,19,1,05-07-2023 17:00,LOSS
4459,10,13,05-07-2023 18:00,WIN
4460,2,17,05-07-2023 19:00,WIN
4461,14,16,05-07-2023 20:00,WIN
4462,7,12,05-07-2023 21:00,WIN
4463,13,2,05-07-2023 22:00,WIN
4464,2,4,05-07-2023 23:00,WIN
4465,6,13,06-07-2023 00:00,LOSS
4466,1,6,06-07-2023 01:00,LOSS
4467,11,17,06-07-2023 02:00,LOSS
4468,7,16,06-07-2023 03:00,LOSS
4469,5,9,06-07-2023 04:00,LOSS
4470,18,15,06-07-2023 05:00,WIN
4471,20,2,06-07-2023 06:00,WIN
4472,12,2,06-07-2023 07:00,LOSS
4473,18,17,06-07-2023 08:00,LOSS
4474,9,14,06-07-2023 09:00,WIN
4475,2,15,06-07-2023 10:00,LOSS
4476,18,2,06-07-2023 11:00,LOSS
4477,2,3,06-07-2023 12:00,WIN
4478,2,18,06-07-2023 13:00,LOSS
4479,14,5,06-07-2023 14:00,LOSS
4480,7,4,06-07-2023 15:00,WIN
4481,1,7,06-07-2023 16:00,LOSS
4482,9,7,06-07-2023 17:00,LOSS
4483,12,5,06-07-2023 18:00,WIN
4484,1,20,06-07-2023 19:00,LOSS
4485,1,15,06-07-2023 20:00,WIN
4486,9,20,06-07-2023 21:00,WIN
4487,16,5,06-07-2023 22:00,WIN
4488,17,14,06-07-2023 23:00,LOSS
4489,1,3,07-07-2023 00:00,WIN
4490,5,1,07-07-2023 01:00,WIN
4491,16,2,07-07-2023 02:00,LOSS
4492,5,13,07-07-2023 03:00,WIN
4493,7,2,07-07-2023 04:00,LOSS
4494,20,11,07-07-2023 05:00,WIN
4495,17,5,07-07-2023 06:00,WIN
4496,6,12,07-07-2023 07:00,LOSS
4497,3,18,07-07-2023 08:00,WIN
4498,7,20,07-07-2023 09:00,LOSS
4499,14,17,07-07-2023 10:00,LOSS
4500,17,13,07-07-2023 11:00,WIN
4501,14,6,07-07-2023 12:00,LOSS
4502,20,10,07-07-2023 13:00,LOSS
4503,12,1,07-07-2023 14:00,WIN
4504,9,18,07-07-2023 15:00,WIN
4505,6,4,07-07-2023 16:00,WIN
4506,2,4,07-07-2023 17:00,WIN
4507,6,9,07-07-2023 18:00,WIN
4508,9,5,07-07-2023 19:00,WIN
4509,11,10,07-07-2023 20:00,WIN
4510,1,12,07-07-2023 21:00,WIN
4511,12,20,07-07-2023 22:00,LOSS
4512,5,5,07-07-2023 23:00,WIN
4513,13,1,08-07-2023 00:00,WIN
4514,15,20,08-07-2023 01:00,LOSS
4515,13,15,08-07-2023 02:00,LOSS
4516,2,20,08-07-2023 03:00,WIN
4517,9,7,08-07-2023 04:00,WIN
4518,8,12,08-07-2023 05:00,WIN
4519,4,14,08-07-2023 06:00,LOSS
4520,15,12,08-07-2023 07:00,LOSS
4521,5,20,08-07-2023 08:00,WIN
4522,10,16,08-07-2023 09:00,WIN
4523,9,11,08-07-2023 10:00,LOSS
4524,4,18,08-07-2023 11:00,WIN
4525,1,1,08-07-2023 12:00,LOSS
4526,11,14,08-07-2023 13:00,LOSS
4527,11,13,08-07-2023 14:00,WIN
4528,9,8,08-07-2023 15:00,LOSS
4529,5,16,08-07-2023 16:00,LOSS
4530,19,1,08-07-2023 17:00,WIN
4531,3,4,08-07-2023 18:00,WIN
4532,8,16,08-07-2023 19:00,WIN
4533,16,13,08-07-2023 20:00,LOSS
4534,17,18,08-07-2023 21:00,WIN
4535,4,2,08-07-2023 22:00,WIN
4536,15,10,08-07-2023 23:00,WIN
4537,13,5,09-07-2023 00:00,WIN
4538,9,11,09-07-2023 01:00,WIN
4539,10,2,09-07-2023 02:00,LOSS
4540,2,1,09-07-2023 03:00,LOSS
4541,6,17,09-07-2023 04:00,LOSS
4542,20,4,09-07-2023 05:00,WIN
4543,5,20,09-07-2023 06:00,WIN
4544,17,2,09-07-2023 07:00,LOSS
4545,4,18,09-07-2023 08:00,WIN
4546,8,4,09-07-2023 09:00,WIN
4547,1,1,09-07-2023 10:00,LOSS
4548,4,14,09-07-2023 11:00,LOSS
4549,18,13,09-07-2023 12:00,LOSS
4550,13,10,09-07-2023 13:00,LOSS
4551,18,13,09-07-2023 14:00,WIN
4552,3,11,09-07-2023 15:00,WIN
4553,18,6,09-07-2023 16:00,WIN
4554,10,6,09-07-2023 17:00,WIN
4555,19,19,09-07-2023 18:00,LOSS
4556,2,10,09-07-2023 19:00,WIN
4557,14,18,09-07-2023 20:00,LOSS
4558,19,13,09-07-2023 21:00,LOSS
4559,5,16,09-07-2023 22:00,WIN
4560,16,18,09-07-2023 23:00,LOSS
4561,10,3,10-07-2023 00:00,WIN
4562,5,15,10-07-2023 01:00,LOSS
4563,14,17,10-07-2023 02:00,WIN
4564,7,3,10-07-2023 03:00,WIN
4565,10,2,10-07-2023 04:00,WIN
4566,11,13,10-07-2023 05:00,WIN
4567,19,4,10-07-2023 06:00,LOSS
4568,11,1,10-07-2023 07:00,WIN
4569,3,11,10-07-2023 08:00,WIN
4570,7,19,10-07-2023 09:00,WIN
4571,14,11,10-07-2023 10:00,WIN
4572,6,20,10-07-2023 11:00,WIN
4573,20,5,10-07-2023 12:00,LOSS
4574,13,15,10-07-2023 13:00,LOSS
4575,14,20,10-07-2023 14:00,WIN
4576,20,5,10-07-2023 15:00,LOSS
4577,15,17,10-07-2023 16:00,LOSS
4578,18,8,10-07-2023 17:00,WIN
4579,11,2,10-07-2023 18:00,LOSS
4580,10,6,10-07-2023 19:00,LOSS
4581,11,18,10-07-2023 20:00,WIN
4582,19,18,10-07-2023 21:00,WIN
4583,15,14,10-07-2023 22:00,WIN
4584,3,3,10-07-2023 23:00,LOSS
4585,3,2,11-07-2023 00:00,LOSS
4586,1,17,11-07-2023 01:00,WIN
4587,15,1,11-07-2023 02:00,WIN
4588,13,8,11-07-2023 03:00,WIN
4589,15,1,11-07-2023 04:00,WIN
4590,18,19,11-07-2023 05:00,LOSS
4591,18,12,11-07-2023 06:00,WIN
4592,9,4,11-07-2023 07:00,WIN
4593,18,12,11-07-2023 08:00,LOSS
4594,11,12,11-07-2023 09:00,LOSS
4595,18,7,11-07-2023 10:00,LOSS
4596,6,18,11-07-2023 11:00,WIN
4597,17,7,11-07-2023 12:00,LOSS
4598,17,11,11-07-2023 13:00,LOSS
4599,9,1,11-07-2023 14:00,WIN
4600,20,8,11-07-2023 15:00,WIN
4601,3,7,11-07-2023 16:00,WIN
4602,12,19,11-07-2023 17:00,LOSS
4603,3,9,11-07-2023 18:00,WIN
4604,4,10,11-07-2023 19:00,WIN
4605,10,1,11-07-2023 20:00,WIN
4606,5,13,11-07-2023 21:00,LOSS
4607,20,13,11-07-2023 22:00,LOSS
4608,3,16,11-07-2023 23:00,WIN
4609,7,15,12-07-2023 00:00,WIN
4610,2,2,12-07-2023 01:00,LOSS
4611,6,15,12-07-2023 02:00,LOSS
4612,19,7,12-07-2023 03:00,WIN
4613,10,12,12-07-2023 04:00,WIN
4614,8,12,12-07-2023 05:00,WIN
4615,16,5,12-07-2023 06:00,WIN
4616,2,6,12-07-2023 07:00,WIN
4617,16,6,12-07-2023 08:00,WIN
4618,14,19,12-07-2023 09:00,WIN
4619,13,15,12-07-2023 10:00,WIN
4620,9,9,12-07-2023 11:00,WIN
4621,9,13,12-07-2023 12:00,WIN
4622,8,3,12-07-2023 13:00,WIN
4623,7,15,12-07-2023 14:00,WIN
4624,16,2,12-07-2023 15:00,WIN
4625,6,2,12-07-2023 16:00,WIN
4626,11,7,12-07-2023 17:00,WIN
4627,19,14,12-07-2023 18:00,LOSS
4628,8,13,12-07-2023 19:00,LOSS
4629,19,12,12-07-2023 20:00,WIN
4630,15,7,12-07-2023 21:00,WIN
4631,11,2,12-07-2023 22:00,WIN
4632,9,15,12-07-2023 23:00,WIN
4633,16,4,13-07-2023 00:00,WIN
4634,13,18,13-07-2023 01:00,WIN
4635,10,6,13-07-2023 02:00,LOSS
4636,10,11,13-07-2023 03:00,LOSS
4637,20,7,13-07-2023 04:00,WIN
4638,9,8,13-07-2023 05:00,LOSS
4639,2,10,13-07-2023 06:00,LOSS
4640,1,7,13-07-2023 07:00,WIN
4641,8,7,13-07-2023 08:00,LOSS
4642,16,6,13-07-2023 09:00,WIN
4643,11,4,13-07-2023 10:00,WIN
4644,9,9,13-07-2023 11:00,WIN
4645,19,4,13-07-2023 12:00,WIN
4646,18,3,13-07-2023 13:00,LOSS
4647,7,12,13-07-2023 14:00,WIN
4648,10,11,13-07-2023 15:00,WIN
4649,6,11,13-07-2023 16:00,LOSS
4650,4,8,13-07-2023 17:00,LOSS
4651,1,9,13-07-2023 18:00,LOSS
4652,4,6,13-07-2023 19:00,LOSS
4653,3,3,13-07-2023 20:00,LOSS
4654,3,10,13-07-2023 21:00,WIN
4655,14,13,13-07-2023 22:00,WIN
4656,5,9,13-07-2023 23:00,LOSS
4657,1,18,14-07-2023 00:00,LOSS
4658,11,3,14-07-2023 01:00,LOSS
4659,6,7,14-07-2023 02:00,LOSS
4660,2,5,14-07-2023 03:00,WIN
4661,13,16,14-07-2023 04:00,WIN
4662,1,9,14-07-2023 05:00,WIN
4663,8,13,14-07-2023 06:00,LOSS
4664,10,12,14-07-2023 07:00,WIN
4665,15,1,14-07-2023 08:00,WIN
4666,3,18,14-07-2023 09:00,LOSS
4667,6,6,14-07-2023 10:00,LOSS
4668,2,17,14-07-2023 11:00,LOSS
4669,20,19,14-07-2023 12:00,LOSS
4670,3,20,14-07-2023 13:00,WIN
4671,9,6,14-07-2023 14:00,WIN
4672,20,5,14-07-2023 15:00,WIN
4673,5,2,14-07-2023 16:00,WIN
4674,6,10,14-07-2023 17:00,LOSS
4675,10,11,14-07-2023 18:00,LOSS
4676,9,2,14-07-2023 19:00,WIN
4677,1,18,14-07-2023 20:00,LOSS
4678,16,16,14-07-2023 21:00,WIN
4679,6,3,14-07-2023 22:00,LOSS
4680,16,11,14-07-2023 23:00,WIN
4681,20,3,15-07-2023 00:00,LOSS
4682,20,6,15-07-2023 01:00,WIN
4683,3,5,15-07-2023 02:00,WIN
4684,14,10,15-07-2023 03:00,WIN
4685,8,20,15-07-2023 04:00,LOSS
4686,20,11,15-07-2023 05:00,WIN
4687,14,18,15-07-2023 06:00,WIN
4688,15,7,15-07-2023 07:00,LOSS
4689,10,16,15-07-2023 08:00,LOSS
4690,17,15,15-07-2023 09:00,WIN
4691,8,8,15-07-2023 10:00,LOSS
4692,19,8,15-07-2023 11:00,WIN
4693,4,2,15-07-2023 12:00,LOSS
4694,10,15,15-07-2023 13:00,WIN
4695,4,15,15-07-2023 14:00,LOSS
4696,20,12,15-07-2023 15:00,LOSS
4697,4,11,15-07-2023 16:00,WIN
4698,10,5,15-07-2023 17:00,LOSS
4699,3,9,15-07-2023 18:00,WIN
4700,18,12,15-07-2023 19:00,LOSS
4701,14,2,15-07-2023 20:00,WIN
4702,20,3,15-07-2023 21:00,WIN
4703,14,6,15-07-2023 22:00,LOSS
4704,20,20,15-07-2023 23:00,WIN
4705,14,19,16-07-2023 00:00,LOSS
4706,7,8,16-07-2023 01:00,LOSS
4707,9,17,16-07-2023 02:00,LOSS
4708,2,9,16-07-2023 03:00,LOSS
4709,20,1,16-07-2023 04:00,WIN
4710,3,13,16-07-2023 05:00,WIN
4711,12,18,16-07-2023 06:00,LOSS
4712,19,20,16-07-2023 07:00,LOSS
4713,16,20,16-07-2023 08:00,WIN
4714,7,12,16-07-2023 09:00,LOSS
4715,12,12,16-07-2023 10:00,LOSS
4716,10,12,16-07-2023 11:00,LOSS
4717,3,10,16-07-2023 12:00,WIN
4718,8,8,16-07-2023 13:00,WIN
4719,7,12,16-07-2023 14:00,WIN
4720,9,16,16-07-2023 15:00,WIN
4721,19,18,16-07-2023 16:00,WIN
4722,5,17,16-07-2023 17:00,LOSS
4723,9,11,16-07-2023 18:00,WIN
4724,16,9,16-07-2023 19:00,WIN
4725,20,3,16-07-2023 20:00,WIN
4726,9,4,16-07-2023 21:00,WIN
4727,12,17,16-07-2023 22:00,WIN
4728,20,8,16-07-2023 23:00,WIN
4729,15,17,17-07-2023 00:00,LOSS
4730,18,5,17-07-2023 01:00,LOSS
4731,9,16,17-07-2023 02:00,WIN
4732,3,17,17-07-2023 03:00,WIN
4733,11,8,17-07-2023 04:00,WIN
4734,6,12,17-07-2023 05:00,LOSS
4735,9,15,17-07-2023 06:00,WIN
4736,3,5,17-07-2023 07:00,WIN
4737,9,10,17-07-2023 08:00,WIN
4738,3,15,17-07-2023 09:00,LOSS
4739,19,9,17-07-2023 10:00,WIN
4740,4,15,17-07-2023 11:00,LOSS
4741,13,15,17-07-2023 12:00,WIN
4742,17,16,17-07-2023 13:00,LOSS
4743,2,8,17-07-2023 14:00,WIN
4744,16,19,17-07-2023 15:00,LOSS
4745,1,13,17-07-2023 16:00,LOSS
4746,3,14,17-07-2023 17:00,WIN
4747,16,3,17-07-2023 18:00,WIN
4748,6,5,17-07-2023 19:00,LOSS
4749,8,19,17-07-2023 20:00,WIN
4750,5,3,17-07-2023 21:00,LOSS
4751,8,16,17-07-2023 22:00,WIN
4752,1,8,17-07-2023 23:00,LOSS
4753,19,4,18-07-2023 00:00,WIN
4754,2,12,18-07-2023 01:00,WIN
4755,6,16,18-07-2023 02:00,WIN
4756,6,17,18-07-2023 03:00,LOSS
4757,20,5,18-07-2023 04:00,LOSS
4758,20,15,18-07-2023 05:00,LOSS
4759,9,5,18-07-2023 06:00,WIN
4760,1,20,18-07-2023 07:00,LOSS
4761,2,16,18-07-2023 08:00,LOSS
4762,20,6,18-07-2023 09:00,WIN
4763,19,4,18-07-2023 10:00,LOSS
4764,16,8,18-07-2023 11:00,WIN
4765,9,11,18-07-2023 12:00,WIN
4766,5,11,18-07-2023 13:00,LOSS
4767,20,11,18-07-2023 14:00,WIN
4768,11,17,18-07-2023 15:00,WIN
4769,20,12,18-07-2023 16:00,WIN
4770,14,14,18-07-2023 17:00,WIN
4771,13,8,18-07-2023 18:00,LOSS
4772,3,20,18-07-2023 19:00,LOSS
4773,2,18,18-07-2023 20:00,LOSS
4774,16,2,18-07-2023 21:00,WIN
4775,11,3,18-07-2023 22:00,LOSS
4776,3,11,18-07-2023 23:00,WIN
4777,15,20,19-07-2023 00:00,WIN
4778,3,5,19-07-2023 01:00,LOSS
4779,19,8,19-07-2023 02:00,WIN
4780,4,7,19-07-2023 03:00,LOSS
4781,5,8,19-07-2023 04:00,LOSS
4782,9,19,19-07-2023 05:00,LOSS
4783,7,11,19-07-2023 06:00,LOSS
4784,13,18,19-07-2023 07:00,WIN
4785,18,16,19-07-2023 08:00,WIN
4786,15,19,19-07-2023 09:00,LOSS
4787,12,15,19-07-2023 10:00,LOSS
4788,10,15,19-07-2023 11:00,WIN
4789,17,17,19-07-2023 12:00,LOSS
4790,6,15,19-07-2023 13:00,LOSS
4791,11,8,19-07-2023 14:00,WIN
4792,3,11,19-07-2023 15:00,LOSS
4793,6,3,19-07-2023 16:00,LOSS
4794,20,13,19-07-2023 17:00,WIN
4795,12,6,19-07-2023 18:00,WIN
4796,3,9,19-07-2023 19:00,WIN
4797,2,20,19-07-2023 20:00,LOSS
4798,3,16,19-07-2023 21:00,LOSS
4799,13,12,19-07-2023 22:00,WIN
4800,20,17,19-07-2023 23:00,LOSS
4801,9,2,20-07-2023 00:00,LOSS
4802,17,1,20-07-2023 01:00,WIN
4803,14,16,20-07-2023 02:00,LOSS
4804,20,5,20-07-2023 03:00,LOSS
4805,8,17,20-07-2023 04:00,LOSS
4806,4,17,20-07-2023 05:00,WIN
4807,1,8,20-07-2023 06:00,WIN
4808,10,15,20-07-2023 07:00,WIN
4809,13,12,20-07-2023 08:00,LOSS
4810,2,17,20-07-2023 09:00,LOSS
4811,5,10,20-07-2023 10:00,WIN
4812,6,12,20-07-2023 11:00,WIN
4813,1,20,20-07-2023 12:00,WIN
4814,5,17,20-07-2023 13:00,WIN
4815,15,20,20-07-2023 14:00,LOSS
4816,8,12,20-07-2023 15:00,WIN
4817,18,8,20-07-2023 16:00,LOSS
4818,18,18,20-07-2023 17:00,LOSS
4819,4,15,20-07-2023 18:00,LOSS
4820,20,9,20-07-2023 19:00,LOSS
4821,20,14,20-07-2023 20:00,WIN
4822,7,8,20-07-2023 21:00,WIN
4823,8,14,20-07-2023 22:00,LOSS
4824,20,11,20-07-2023 23:00,WIN
4825,13,13,21-07-2023 00:00,WIN
4826,4,7,21-07-2023 01:00,LOSS
4827,18,11,21-07-2023 02:00,WIN
4828,13,12,21-07-2023 03:00,LOSS
4829,14,11,21-07-2023 04:00,WIN
4830,9,6,21-07-2023 05:00,WIN
4831,12,9,21-07-2023 06:00,WIN
4832,9,11,21-07-2023 07:00,WIN
4833,1,1,21-07-2023 08:00,LOSS
4834,9,19,21-07-2023 09:00,WIN
4835,7,16,21-07-2023 10:00,WIN
4836,1,17,21-07-2023 11:00,LOSS
4837,2,20,21-07-2023 12:00,LOSS
4838,18,7,21-07-2023 13:00,LOSS
4839,8,1,21-07-2023 14:00,LOSS
4840,1,13,21-07-2023 15:00,LOSS
4841,3,15,21-07-2023 16:00,LOSS
4842,1,3,21-07-2023 17:00,WIN
4843,20,4,21-07-2023 18:00,LOSS
4844,3,3,21-07-2023 19:00,LOSS
4845,8,9,21-07-2023 20:00,WIN
4846,12,15,21-07-2023 21:00,WIN
4847,7,6,21-07-2023 22:00,WIN
4848,20,6,21-07-2023 23:00,WIN
4849,1,8,22-07-2023 00:00,LOSS
4850,3,15,22-07-2023 01:00,LOSS
4851,12,12,22-07-2023 02:00,LOSS
4852,8,13,22-07-2023 03:00,LOSS
4853,9,20,22-07-2023 04:00,WIN
4854,15,5,22-07-2023 05:00,WIN
4855,11,6,22-07-2023 06:00,LOSS
4856,6,7,22-07-2023 07:00,WIN
4857,5,5,22-07-2023 08:00,WIN
4858,5,5,22-07-2023 09:00,WIN
4859,16,10,22-07-2023 10:00,WIN
4860,15,5,22-07-2023 11:00,LOSS
4861,11,7,22-07-2023 12:00,LOSS
4862,20,14,22-07-2023 13:00,WIN
4863,17,15,22-07-2023 14:00,LOSS
4864,19,19,22-07-2023 15:00,WIN
4865,17,10,22-07-2023 16:00,WIN
4866,15,10,22-07-2023 17:00,LOSS
4867,13,20,22-07-2023 18:00,WIN
4868,18,14,22-07-2023 19:00,LOSS
4869,16,4,22-07-2023 20:00,LOSS
4870,20,14,22-07-2023 21:00,WIN
4871,1,6,22-07-2023 22:00,LOSS
4872,20,15,22-07-2023 23:00,WIN
4873,13,9,23-07-2023 00:00,WIN
4874,4,1,23-07-2023 01:00,LOSS
4875,12,18,23-07-2023 02:00,LOSS
4876,15,15,23-07-2023 03:00,WIN
4877,20,15,23-07-2023 04:00,WIN
4878,12,6,23-07-2023 05:00,WIN
4879,19,15,23-07-2023 06:00,WIN
4880,19,7,23-07-2023 07:00,WIN
4881,15,14,23-07-2023 08:00,WIN
4882,5,10,23-07-2023 09:00,LOSS
4883,11,12,23-07-2023 10:00,WIN
4884,18,5,23-07-2023 11:00,WIN
4885,10,6,23-07-2023 12:00,LOSS
4886,13,4,23-07-2023 13:00,LOSS
4887,19,14,23-07-2023 14:00,LOSS
4888,20,10,23-07-2023 15:00,LOSS
4889,15,7,23-07-2023 16:00,WIN
4890,18,9,23-07-2023 17:00,WIN
4891,8,16,23-07-2023 18:00,LOSS
4892,3,14,23-07-2023 19:00,WIN
4893,11,2,23-07-2023 20:00,LOSS
4894,5,10,23-07-2023 21:00,LOSS
4895,12,10,23-07-2023 22:00,WIN
4896,1,6,23-07-2023 23:00,LOSS
4897,6,3,24-07-2023 00:00,WIN
4898,6,2,24-07-2023 01:00,WIN
4899,12,10,24-07-2023 02:00,WIN
4900,15,6,24-07-2023 03:00,LOSS
4901,4,20,24-07-2023 04:00,WIN
4902,18,2,24-07-2023 05:00,LOSS
4903,12,4,24-07-2023 06:00,WIN
4904,7,1,24-07-2023 07:00,LOSS
4905,5,12,24-07-2023 08:00,WIN
4906,3,10,24-07-2023 09:00,WIN
4907,5,4,24-07-2023 10:00,WIN
4908,17,12,24-07-2023 11:00,WIN
4909,6,10,24-07-2023 12:00,LOSS
4910,20,19,24-07-2023 13:00,WIN
4911,2,3,24-07-2023 14:00,WIN
4912,19,14,24-07-2023 15:00,LOSS
4913,15,15,24-07-2023 16:00,LOSS
4914,3,2,24-07-2023 17:00,LOSS
4915,1,16,24-07-2023 18:00,WIN
4916,19,4,24-07-2023 19:00,WIN
4917,7,5,24-07-2023 20:00,LOSS
4918,10,14,24-07-2023 21:00,LOSS
4919,9,4,24-07-2023 22:00,WIN
4920,16,14,24-07-2023 23:00,WIN
4921,15,5,25-07-2023 00:00,LOSS
4922,13,13,25-07-2023 01:00,LOSS
4923,8,20,25-07-2023 02:00,LOSS
4924,11,19,25-07-2023 03:00,LOSS
4925,1,6,25-07-2023 04:00,LOSS
4926,8,9,25-07-2023 05:00,LOSS
4927,12,8,25-07-2023 06:00,WIN
4928,19,1,25-07-2023 07:00,WIN
4929,6,7,25-07-2023 08:00,LOSS
4930,16,12,25-07-2023 09:00,WIN
4931,14,7,25-07-2023 10:00,WIN
4932,7,17,25-07-2023 11:00,LOSS
4933,3,18,25-07-2023 12:00,LOSS
4934,10,16,25-07-2023 13:00,LOSS
4935,1,4,25-07-2023 14:00,LOSS
4936,6,5,25-07-2023 15:00,WIN
4937,5,9,25-07-2023 16:00,WIN
4938,15,9,25-07-2023 17:00,WIN
4939,18,12,25-07-2023 18:00,LOSS
4940,4,2,25-07-2023 19:00,LOSS
4941,5,3,25-07-2023 20:00,WIN
4942,10,8,25-07-2023 21:00,WIN
4943,4,9,25-07-2023 22:00,LOSS
4944,10,11,25-07-2023 23:00,WIN
4945,20,13,26-07-2023 00:00,LOSS
4946,4,20,26-07-2023 01:00,LOSS
4947,12,18,26-07-2023 02:00,WIN
4948,9,14,26-07-2023 03:00,WIN
4949,2,11,26-07-2023 04:00,WIN
4950,5,2,26-07-2023 05:00,WIN
4951,16,15,26-07-2023 06:00,WIN
4952,19,2,26-07-2023 07:00,LOSS
4953,14,13,26-07-2023 08:00,LOSS
4954,15,11,26-07-2023 09:00,WIN
4955,19,15,26-07-2023 10:00,LOSS
4956,18,6,26-07-2023 11:00,WIN
4957,11,15,26-07-2023 12:00,LOSS
4958,13,16,26-07-2023 13:00,LOSS
4959,10,1,26-07-2023 14:00,WIN
4960,7,8,26-07-2023 15:00,WIN
4961,1,20,26-07-2023 16:00,LOSS
4962,18,8,26-07-2023 17:00,LOSS
4963,4,10,26-07-2023 18:00,LOSS
4964,16,1,26-07-2023 19:00,LOSS
4965,18,11,26-07-2023 20:00,LOSS
4966,19,8,26-07-2023 21:00,WIN
4967,15,15,26-07-2023 22:00,WIN
4968,10,19,26-07-2023 23:00,WIN
4969,7,14,27-07-2023 00:00,LOSS
4970,1,4,27-07-2023 01:00,WIN
4971,1,8,27-07-2023 02:00,LOSS
4972,1,12,27-07-2023 03:00,WIN
4973,19,18,27-07-2023 04:00,LOSS
4974,7,9,27-07-2023 05:00,WIN
4975,15,4,27-07-2023 06:00,WIN
4976,13,6,27-07-2023 07:00,LOSS
4977,9,14,27-07-2023 08:00,LOSS
4978,14,13,27-07-2023 09:00,WIN
4979,6,8,27-07-2023 10:00,WIN
4980,7,20,27-07-2023 11:00,LOSS
4981,14,7,27-07-2023 12:00,LOSS
4982,11,14,27-07-2023 13:00,WIN
4983,3,8,27-07-2023 14:00,WIN
4984,11,12,27-07-2023 15:00,WIN
4985,8,20,27-07-2023 16:00,WIN
4986,6,2,27-07-2023 17:00,WIN
4987,3,4,27-07-2023 18:00,WIN
4988,12,4,27-07-2023 19:00,LOSS
4989,18,11,27-07-2023 20:00,WIN
4990,11,10,27-07-2023 21:00,WIN
4991,7,5,27-07-2023 22:00,LOSS
4992,10,9,27-07-2023 23:00,LOSS
4993,16,7,28-07-2023 00:00,LOSS
4994,16,12,28-07-2023 01:00,LOSS
4995,15,5,28-07-2023 02:00,WIN
4996,13,3,28-07-2023 03:00,LOSS
4997,4,8,28-07-2023 04:00,LOSS
4998,4,20,28-07-2023 05:00,LOSS
4999,6,3,28-07-2023 06:00,LOSS
5000,18,4,28-07-2023 07:00,WIN
5001,1,12,28-07-2023 08:00,WIN
5002,10,1,28-07-2023 09:00,LOSS
5003,3,8,28-07-2023 10:00,WIN
5004,14,9,28-07-2023 11:00,LOSS
5005,11,3,28-07-2023 12:00,LOSS
5006,5,6,28-07-2023 13:00,WIN
5007,2,20,28-07-2023 14:00,LOSS
5008,9,9,28-07-2023 15:00,WIN
5009,17,2,28-07-2023 16:00,WIN
5010,19,3,28-07-2023 17:00,LOSS
5011,17,14,28-07-2023 18:00,LOSS
5012,20,13,28-07-2023 19:00,WIN
5013,10,14,28-07-2023 20:00,WIN
5014,17,14,28-07-2023 21:00,LOSS
5015,11,17,28-07-2023 22:00,LOSS
5016,7,15,28-07-2023 23:00,LOSS
5017,1,12,29-07-2023 00:00,WIN
5018,16,7,29-07-2023 01:00,LOSS
5019,3,9,29-07-2023 02:00,WIN
5020,15,12,29-07-2023 03:00,WIN
5021,4,17,29-07-2023 04:00,LOSS
5022,4,19,29-07-2023 05:00,LOSS
5023,5,7,29-07-2023 06:00,LOSS
5024,15,16,29-07-2023 07:00,WIN
5025,11,3,29-07-2023 08:00,LOSS
5026,19,19,29-07-2023 09:00,LOSS
5027,8,19,29-07-2023 10:00,LOSS
5028,11,20,29-07-2023 11:00,WIN
5029,11,20,29-07-2023 12:00,WIN
5030,9,8,29-07-2023 13:00,WIN
5031,14,5,29-07-2023 14:00,WIN
5032,14,14,29-07-2023 15:00,LOSS
5033,13,19,29-07-2023 16:00,WIN
5034,1,12,29-07-2023 17:00,LOSS
5035,9,9,29-07-2023 18:00,LOSS
5036,8,6,29-07-2023 19:00,LOSS
5037,18,4,29-07-2023 20:00,LOSS
5038,3,1,29-07-2023 21:00,WIN
5039,3,5,29-07-2023 22:00,LOSS
5040,2,9,29-07-2023 23:00,LOSS
5041,4,7,30-07-2023 00:00,LOSS
5042,9,18,30-07-2023 01:00,LOSS
5043,15,2,30-07-2023 02:00,WIN
5044,18,8,30-07-2023 03:00,LOSS
5045,17,5,30-07-2023 04:00,LOSS
5046,11,5,30-07-2023 05:00,LOSS
5047,1,7,30-07-2023 06:00,LOSS
5048,6,12,30-07-2023 07:00,WIN
5049,14,13,30-07-2023 08:00,LOSS
5050,5,4,30-07-2023 09:00,WIN
5051,3,9,30-07-2023 10:00,LOSS
5052,19,8,30-07-2023 11:00,WIN
5053,1,14,30-07-2023 12:00,LOSS
5054,4,6,30-07-2023 13:00,LOSS
5055,16,1,30-07-2023 14:00,WIN
5056,6,6,30-07-2023 15:00,WIN
5057,5,16,30-07-2023 16:00,LOSS
5058,7,17,30-07-2023 17:00,LOSS
5059,10,5,30-07-2023 18:00,LOSS
5060,1,13,30-07-2023 19:00,LOSS
5061,19,18,30-07-2023 20:00,LOSS
5062,14,19,30-07-2023 21:00,WIN
5063,4,11,30-07-2023 22:00,WIN
5064,15,12,30-07-2023 23:00,LOSS
5065,6,8,31-07-2023 00:00,WIN
5066,20,13,31-07-2023 01:00,LOSS
5067,10,15,31-07-2023 02:00,WIN
5068,15,11,31-07-2023 03:00,WIN
5069,19,6,31-07-2023 04:00,WIN
5070,8,18,31-07-2023 05:00,WIN
5071,13,16,31-07-2023 06:00,WIN
5072,19,6,31-07-2023 07:00,LOSS
5073,16,5,31-07-2023 08:00,LOSS
5074,18,14,31-07-2023 09:00,LOSS
5075,9,10,31-07-2023 10:00,LOSS
5076,15,4,31-07-2023 11:00,LOSS
5077,8,9,31-07-2023 12:00,WIN
5078,17,2,31-07-2023 13:00,WIN
5079,4,15,31-07-2023 14:00,LOSS
5080,9,13,31-07-2023 15:00,WIN
5081,8,19,31-07-2023 16:00,LOSS
5082,9,4,31-07-2023 17:00,WIN
5083,4,13,31-07-2023 18:00,LOSS
5084,8,7,31-07-2023 19:00,WIN
5085,17,13,31-07-2023 20:00,LOSS
5086,6,1,31-07-2023 21:00,WIN
5087,10,9,31-07-2023 22:00,LOSS
5088,2,16,31-07-2023 23:00,LOSS
5089,12,17,01-08-2023 00:00,WIN
5090,19,19,01-08-2023 01:00,LOSS
5091,5,16,01-08-2023 02:00,WIN
5092,16,15,01-08-2023 03:00,LOSS
5093,5,1,01-08-2023 04:00,WIN
5094,1,14,01-08-2023 05:00,LOSS
5095,10,11,01-08-2023 06:00,LOSS
5096,2,15,01-08-2023 07:00,WIN
5097,16,20,01-08-2023 08:00,LOSS
5098,9,18,01-08-2023 09:00,LOSS
5099,7,4,01-08-2023 10:00,WIN
5100,13,4,01-08-2023 11:00,LOSS
5101,4,19,01-08-2023 12:00,LOSS
5102,7,5,01-08-2023 13:00,WIN
5103,10,2,01-08-2023 14:00,WIN
5104,12,10,01-08-2023 15:00,WIN
5105,2,17,01-08-2023 16:00,WIN
5106,5,11,01-08-2023 17:00,LOSS
5107,15,11,01-08-2023 18:00,LOSS
5108,11,11,01-08-2023 19:00,LOSS
5109,2,19,01-08-2023 20:00,WIN
5110,15,11,01-08-2023 21:00,LOSS
5111,19,8,01-08-2023 22:00,WIN
5112,5,3,01-08-2023 23:00,WIN
5113,16,9,02-08-2023 00:00,WIN
5114,8,8,02-08-2023 01:00,WIN
5115,7,18,02-08-2023 02:00,WIN
5116,3,18,02-08-2023 03:00,WIN
5117,8,11,02-08-2023 04:00,WIN
5118,5,2,02-08-2023 05:00,WIN
5119,14,9,02-08-2023 06:00,LOSS
5120,2,19,02-08-2023 07:00,LOSS
5121,10,15,02-08-2023 08:00,WIN
5122,18,8,02-08-2023 09:00,LOSS
5123,17,19,02-08-2023 10:00,LOSS
5124,6,9,02-08-2023 11:00,WIN
5125,17,5,02-08-2023 12:00,WIN
5126,17,8,02-08-2023 13:00,WIN
5127,19,1,02-08-2023 14:00,WIN
5128,16,17,02-08-2023 15:00,WIN
5129,2,15,02-08-2023 16:00,WIN
5130,5,15,02-08-2023 17:00,LOSS
5131,12,9,02-08-2023 18:00,WIN
5132,1,7,02-08-2023 19:00,LOSS
5133,5,14,02-08-2023 20:00,WIN
5134,8,1,02-08-2023 21:00,LOSS
5135,10,19,02-08-2023 22:00,LOSS
5136,3,9,02-08-2023 23:00,WIN
5137,6,19,03-08-2023 00:00,WIN
5138,13,13,03-08-2023 01:00,LOSS
5139,20,5,03-08-2023 02:00,WIN
5140,8,14,03-08-2023 03:00,WIN
5141,18,18,03-08-2023 04:00,WIN
5142,5,5,03-08-2023 05:00,LOSS
5143,6,5,03-08-2023 06:00,WIN
5144,2,20,03-08-2023 07:00,LOSS
5145,7,4,03-08-2023 08:00,LOSS
5146,16,5,03-08-2023 09:00,LOSS
5147,10,2,03-08-2023 10:00,LOSS
5148,20,14,03-08-2023 11:00,LOSS
5149,10,15,03-08-2023 12:00,LOSS
5150,2,6,03-08-2023 13:00,LOSS
5151,8,2,03-08-2023 14:00,LOSS
5152,2,9,03-08-2023 15:00,WIN
5153,2,11,03-08-2023 16:00,LOSS
5154,13,5,03-08-2023 17:00,LOSS
5155,4,11,03-08-2023 18:00,LOSS
5156,7,3,03-08-2023 19:00,WIN
5157,14,14,03-08-2023 20:00,WIN
5158,20,9,03-08-2023 21:00,WIN
5159,5,19,03-08-2023 22:00,LOSS
5160,1,17,03-08-2023 23:00,WIN
5161,1,17,04-08-2023 00:00,WIN
5162,19,14,04-08-2023 01:00,LOSS
5163,6,14,04-08-2023 02:00,LOSS
5164,16,10,04-08-2023 03:00,LOSS
5165,12,7,04-08-2023 04:00,WIN
5166,1,13,04-08-2023 05:00,WIN
5167,12,3,04-08-2023 06:00,LOSS
5168,20,6,04-08-2023 07:00,LOSS
5169,18,10,04-08-2023 08:00,LOSS
5170,2,5,04-08-2023 09:00,WIN
5171,18,6,04-08-2023 10:00,WIN
5172,10,8,04-08-2023 11:00,LOSS
5173,10,5,04-08-2023 12:00,LOSS
5174,6,10,04-08-2023 13:00,WIN
5175,2,1,04-08-2023 14:00,WIN
5176,16,13,04-08-2023 15:00,LOSS
5177,5,5,04-08-2023 16:00,LOSS
5178,6,19,04-08-2023 17:00,WIN
5179,1,16,04-08-2023 18:00,WIN
5180,4,18,04-08-2023 19:00,LOSS
5181,17,19,04-08-2023 20:00,LOSS
5182,13,10,04-08-2023 21:00,LOSS
5183,12,2,04-08-2023 22:00,WIN
5184,13,9,04-08-2023 23:00,WIN
5185,19,19,05-08-2023 00:00,WIN
5186,16,12,05-08-2023 01:00,WIN
5187,11,12,05-08-2023 02:00,WIN
5188,18,3,05-08-2023 03:00,WIN
5189,18,13,05-08-2023 04:00,LOSS
5190,1,4,05-08-2023 05:00,LOSS
5191,4,1,05-08-2023 06:00,LOSS
5192,9,1,05-08-2023 07:00,LOSS
5193,3,4,05-08-2023 08:00,LOSS
5194,8,2,05-08-2023 09:00,LOSS
5195,9,8,05-08-2023 10:00,LOSS
5196,18,16,05-08-2023 11:00,LOSS
5197,5,10,05-08-2023 12:00,LOSS
5198,5,9,05-08-2023 13:00,WIN
5199,5,7,05-08-2023 14:00,LOSS
5200,16,8,05-08-2023 15:00,LOSS
5201,5,17,05-08-2023 16:00,WIN
5202,5,11,05-08-2023 17:00,WIN
5203,12,11,05-08-2023 18:00,LOSS
5204,7,15,05-08-2023 19:00,WIN
5205,3,7,05-08-2023 20:00,WIN
5206,8,3,05-08-2023 21:00,WIN
5207,20,16,05-08-2023 22:00,LOSS
5208,18,16,05-08-2023 23:00,WIN
5209,5,14,06-08-2023 00:00,WIN
5210,6,20,06-08-2023 01:00,LOSS
5211,6,18,06-08-2023 02:00,LOSS
5212,6,20,06-08-2023 03:00,LOSS
5213,11,10,06-08-2023 04:00,LOSS
5214,13,4,06-08-2023 05:00,LOSS
5215,14,14,06-08-2023 06:00,WIN
5216,17,5,06-08-2023 07:00,LOSS
5217,1,6,06-08-2023 08:00,WIN
5218,10,4,06-08-2023 09:00,WIN
5219,2,11,06-08-2023 10:00,WIN
5220,13,12,06-08-2023 11:00,LOSS
5221,17,20,06-08-2023 12:00,WIN
5222,19,11,06-08-2023 13:00,LOSS
5223,3,7,06-08-2023 14:00,WIN
5224,4,11,06-08-2023 15:00,WIN
5225,6,7,06-08-2023 16:00,LOSS
5226,13,2,06-08-2023 17:00,LOSS
5227,14,1,06-08-2023 18:00,LOSS
5228,9,9,06-08-2023 19:00,WIN
5229,15,14,06-08-2023 20:00,WIN
5230,6,20,06-08-2023 21:00,WIN
5231,20,4,06-08-2023 22:00,WIN
5232,11,10,06-08-2023 23:00,LOSS
5233,7,19,07-08-2023 00:00,WIN
5234,18,19,07-08-2023 01:00,WIN
5235,17,20,07-08-2023 02:00,WIN
5236,14,3,07-08-2023 03:00,WIN
5237,8,8,07-08-2023 04:00,WIN
5238,8,15,07-08-2023 05:00,WIN
5239,7,6,07-08-2023 06:00,WIN
5240,9,9,07-08-2023 07:00,LOSS
5241,12,4,07-08-2023 08:00,LOSS
5242,3,18,07-08-2023 09:00,LOSS
5243,1,16,07-08-2023 10:00,LOSS
5244,15,4,07-08-2023 11:00,LOSS
5245,9,2,07-08-2023 12:00,WIN
5246,17,16,07-08-2023 13:00,WIN
5247,12,6,07-08-2023 14:00,LOSS
5248,17,17,07-08-2023 15:00,WIN
5249,13,3,07-08-2023 16:00,LOSS
5250,13,13,07-08-2023 17:00,WIN
5251,15,2,07-08-2023 18:00,LOSS
5252,18,4,07-08-2023 19:00,WIN
5253,15,9,07-08-2023 20:00,LOSS
5254,18,17,07-08-2023 21:00,WIN
5255,5,13,07-08-2023 22:00,WIN
5256,7,7,07-08-2023 23:00,LOSS
5257,6,14,08-08-2023 00:00,WIN
5258,5,1,08-08-2023 01:00,LOSS
5259,19,9,08-08-2023 02:00,WIN
5260,9,13,08-08-2023 03:00,WIN
5261,11,9,08-08-2023 04:00,WIN
5262,3,3,08-08-2023 05:00,WIN
5263,7,18,08-08-2023 06:00,LOSS
5264,3,13,08-08-2023 07:00,WIN
5265,6,16,08-08-2023 08:00,LOSS
5266,19,15,08-08-2023 09:00,WIN
5267,16,19,08-08-2023 10:00,WIN
5268,8,10,08-08-2023 11:00,LOSS
5269,19,9,08-08-2023 12:00,LOSS
5270,19,12,08-08-2023 13:00,WIN
5271,16,8,08-08-2023 14:00,LOSS
5272,8,10,08-08-2023 15:00,WIN
5273,10,2,08-08-2023 16:00,WIN
5274,9,15,08-08-2023 17:00,WIN
5275,16,20,08-08-2023 18:00,WIN
5276,14,16,08-08-2023 19:00,WIN
5277,10,10,08-08-2023 20:00,WIN
5278,4,13,08-08-2023 21:00,LOSS
5279,10,11,08-08-2023 22:00,WIN
5280,20,16,08-08-2023 23:00,LOSS
5281,15,14,09-08-2023 00:00,WIN
5282,19,8,09-08-2023 01:00,WIN
5283,11,19,09-08-2023 02:00,WIN
5284,20,2,09-08-2023 03:00,WIN
5285,14,4,09-08-2023 04:00,LOSS
5286,15,18,09-08-2023 05:00,LOSS
5287,4,16,09-08-2023 06:00,WIN
5288,17,7,09-08-2023 07:00,WIN
5289,1,10,09-08-2023 08:00,WIN
5290,19,6,09-08-2023 09:00,WIN
5291,5,1,09-08-2023 10:00,LOSS
5292,18,18,09-08-2023 11:00,WIN
5293,17,14,09-08-2023 12:00,WIN
5294,10,10,09-08-2023 13:00,LOSS
5295,9,13,09-08-2023 14:00,WIN
5296,4,6,09-08-2023 15:00,LOSS
5297,20,10,09-08-2023 16:00,LOSS
5298,19,2,09-08-2023 17:00,LOSS
5299,3,1,09-08-2023 18:00,LOSS
5300,18,6,09-08-2023 19:00,WIN
5301,3,19,09-08-2023 20:00,LOSS
5302,8,17,09-08-2023 21:00,WIN
5303,5,1,09-08-2023 22:00,WIN
5304,1,15,09-08-2023 23:00,LOSS
5305,18,14,10-08-2023 00:00,LOSS
5306,14,3,10-08-2023 01:00,WIN
5307,7,10,10-08-2023 02:00,WIN
5308,9,7,10-08-2023 03:00,LOSS
5309,14,18,10-08-2023 04:00,LOSS
5310,16,4,10-08-2023 05:00,WIN
5311,16,20,10-08-2023 06:00,WIN
5312,6,12,10-08-2023 07:00,LOSS
5313,7,7,10-08-2023 08:00,WIN
5314,1,14,10-08-2023 09:00,WIN
5315,11,2,10-08-2023 10:00,LOSS
5316,9,17,10-08-2023 11:00,LOSS
5317,1,6,10-08-2023 12:00,LOSS
5318,18,19,10-08-2023 13:00,WIN
5319,10,6,10-08-2023 14:00,WIN
5320,13,2,10-08-2023 15:00,LOSS
5321,5,13,10-08-2023 16:00,WIN
5322,8,15,10-08-2023 17:00,LOSS
5323,13,10,10-08-2023 18:00,WIN
5324,16,8,10-08-2023 19:00,WIN
5325,7,5,10-08-2023 20:00,LOSS
5326,8,14,10-08-2023 21:00,LOSS
5327,18,6,10-08-2023 22:00,WIN
5328,9,12,10-08-2023 23:00,LOSS
5329,11,3,11-08-2023 00:00,LOSS
5330,17,15,11-08-2023 01:00,WIN
5331,14,18,11-08-2023 02:00,WIN
5332,2,1,11-08-2023 03:00,WIN
5333,15,15,11-08-2023 04:00,LOSS
5334,18,17,11-08-2023 05:00,LOSS
5335,5,8,11-08-2023 06:00,WIN
5336,1,13,11-08-2023 07:00,WIN
5337,16,6,11-08-2023 08:00,LOSS
5338,12,14,11-08-2023 09:00,LOSS
5339,14,19,11-08-2023 10:00,WIN
5340,17,9,11-08-2023 11:00,LOSS
5341,1,1,11-08-2023 12:00,WIN
5342,14,1,11-08-2023 13:00,WIN
5343,15,13,11-08-2023 14:00,WIN
5344,12,7,11-08-2023 15:00,LOSS
5345,17,1,11-08-2023 16:00,LOSS
5346,9,4,11-08-2023 17:00,WIN
5347,3,18,11-08-2023 18:00,LOSS
5348,12,3,11-08-2023 19:00,WIN
5349,13,7,11-08-2023 20:00,WIN
5350,2,18,11-08-2023 21:00,LOSS
5351,15,1,11-08-2023 22:00,WIN
5352,2,18,11-08-2023 23:00,LOSS
5353,5,9,12-08-2023 00:00,WIN
5354,9,8,12-08-2023 01:00,WIN
5355,14,17,12-08-2023 02:00,LOSS
5356,13,2,12-08-2023 03:00,LOSS
5357,4,4,12-08-2023 04:00,LOSS
5358,8,15,12-08-2023 05:00,WIN
5359,7,8,12-08-2023 06:00,LOSS
5360,17,15,12-08-2023 07:00,WIN
5361,6,7,12-08-2023 08:00,LOSS
5362,8,9,12-08-2023 09:00,WIN
5363,8,20,12-08-2023 10:00,WIN
5364,13,12,12-08-2023 11:00,WIN
5365,8,4,12-08-2023 12:00,LOSS
5366,5,14,12-08-2023 13:00,WIN
5367,9,11,12-08-2023 14:00,LOSS
5368,20,19,12-08-2023 15:00,WIN
5369,2,14,12-08-2023 16:00,WIN
5370,3,11,12-08-2023 17:00,WIN
5371,4,20,12-08-2023 18:00,WIN
5372,19,13,12-08-2023 19:00,WIN
5373,7,14,12-08-2023 20:00,WIN
5374,9,13,12-08-2023 21:00,WIN
5375,6,17,12-08-2023 22:00,LOSS
5376,3,16,12-08-2023 23:00,LOSS
5377,14,8,13-08-2023 00:00,WIN
5378,13,17,13-08-2023 01:00,WIN
5379,13,12,13-08-2023 02:00,LOSS
5380,1,19,13-08-2023 03:00,LOSS
5381,15,9,13-08-2023 04:00,LOSS
5382,5,11,13-08-2023 05:00,LOSS
5383,2,1,13-08-2023 06:00,LOSS
5384,5,17,13-08-2023 07:00,WIN
5385,17,19,13-08-2023 08:00,WIN
5386,1,13,13-08-2023 09:00,LOSS
5387,4,12,13-08-2023 10:00,WIN
5388,15,12,13-08-2023 11:00,WIN
5389,15,13,13-08-2023 12:00,LOSS
5390,16,6,13-08-2023 13:00,LOSS
5391,13,13,13-08-2023 14:00,LOSS
5392,14,11,13-08-2023 15:00,LOSS
5393,2,20,13-08-2023 16:00,LOSS
5394,10,11,13-08-2023 17:00,WIN
5395,5,12,13-08-2023 18:00,WIN
5396,3,15,13-08-2023 19:00,WIN
5397,20,9,13-08-2023 20:00,WIN
5398,11,14,13-08-2023 21:00,LOSS
5399,13,3,13-08-2023 22:00,WIN
5400,2,7,13-08-2023 23:00,WIN
5401,7,6,14-08-2023 00:00,LOSS
5402,3,3,14-08-2023 01:00,LOSS
5403,13,10,14-08-2023 02:00,LOSS
5404,6,17,14-08-2023 03:00,LOSS
5405,9,15,14-08-2023 04:00,LOSS
5406,20,14,14-08-2023 05:00,LOSS
5407,2,11,14-08-2023 06:00,LOSS
5408,12,18,14-08-2023 07:00,LOSS
5409,15,15,14-08-2023 08:00,LOSS
5410,16,19,14-08-2023 09:00,LOSS
5411,3,8,14-08-2023 10:00,LOSS
5412,14,11,14-08-2023 11:00,LOSS
5413,1,1,14-08-2023 12:00,LOSS
5414,16,3,14-08-2023 13:00,LOSS
5415,6,19,14-08-2023 14:00,LOSS
5416,15,11,14-08-2023 15:00,LOSS
5417,15,19,14-08-2023 16:00,WIN
5418,3,18,14-08-2023 17:00,LOSS
5419,4,14,14-08-2023 18:00,WIN
5420,17,14,14-08-2023 19:00,WIN
5421,13,13,14-08-2023 20:00,WIN
5422,2,19,14-08-2023 21:00,WIN
5423,1,12,14-08-2023 22:00,WIN
5424,20,19,14-08-2023 23:00,LOSS
5425,6,11,15-08-2023 00:00,WIN
5426,5,1,15-08-2023 01:00,WIN
5427,6,6,15-08-2023 02:00,WIN
5428,18,10,15-08-2023 03:00,LOSS
5429,1,9,15-08-2023 04:00,WIN
5430,13,6,15-08-2023 05:00,WIN
5431,6,13,15-08-2023 06:00,WIN
5432,20,6,15-08-2023 07:00,WIN
5433,12,20,15-08-2023 08:00,WIN
5434,10,17,15-08-2023 09:00,LOSS
5435,19,2,15-08-2023 10:00,LOSS
5436,3,2,15-08-2023 11:00,WIN
5437,15,10,15-08-2023 12:00,WIN
5438,14,1,15-08-2023 13:00,WIN
5439,4,2,15-08-2023 14:00,WIN
5440,7,15,15-08-2023 15:00,WIN
5441,10,4,15-08-2023 16:00,WIN
5442,14,8,15-08-2023 17:00,WIN
5443,2,19,15-08-2023 18:00,WIN
5444,1,20,15-08-2023 19:00,WIN
5445,16,17,15-08-2023 20:00,WIN
5446,16,7,15-08-2023 21:00,WIN
5447,13,5,15-08-2023 22:00,WIN
5448,1,1,15-08-2023 23:00,LOSS
5449,6,18,16-08-2023 00:00,WIN
5450,4,5,16-08-2023 01:00,LOSS
5451,2,7,16-08-2023 02:00,LOSS
5452,7,14,16-08-2023 03:00,WIN
5453,14,7,16-08-2023 04:00,WIN
5454,1,17,16-08-2023 05:00,LOSS
5455,10,13,16-08-2023 06:00,LOSS
5456,6,4,16-08-2023 07:00,LOSS
5457,8,12,16-08-2023 08:00,LOSS
5458,9,18,16-08-2023 09:00,WIN
5459,11,12,16-08-2023 10:00,WIN
5460,6,4,16-08-2023 11:00,LOSS
5461,8,16,16-08-2023 12:00,LOSS
5462,16,14,16-08-2023 13:00,LOSS
5463,17,8,16-08-2023 14:00,LOSS
5464,7,17,16-08-2023 15:00,WIN
5465,8,5,16-08-2023 16:00,LOSS
5466,8,2,16-08-2023 17:00,WIN
5467,10,20,16-08-2023 18:00,LOSS
5468,9,2,16-08-2023 19:00,LOSS
5469,19,12,16-08-2023 20:00,LOSS
5470,10,17,16-08-2023 21:00,LOSS
5471,17,17,16-08-2023 22:00,LOSS
5472,9,8,16-08-2023 23:00,LOSS
5473,14,7,17-08-2023 00:00,WIN
5474,2,18,17-08-2023 01:00,WIN
5475,3,8,17-08-2023 02:00,LOSS
5476,20,15,17-08-2023 03:00,LOSS
5477,9,14,17-08-2023 04:00,WIN
5478,19,16,17-08-2023 05:00,LOSS
5479,18,6,17-08-2023 06:00,WIN
5480,18,15,17-08-2023 07:00,WIN
5481,11,4,17-08-2023 08:00,WIN
5482,9,3,17-08-2023 09:00,WIN
5483,12,13,17-08-2023 10:00,LOSS
5484,8,12,17-08-2023 11:00,LOSS
5485,18,9,17-08-2023 12:00,WIN
5486,8,5,17-08-2023 13:00,LOSS
5487,4,12,17-08-2023 14:00,LOSS
5488,6,1,17-08-2023 15:00,LOSS
5489,16,1,17-08-2023 16:00,LOSS
5490,13,2,17-08-2023 17:00,WIN
5491,16,8,17-08-2023 18:00,WIN
5492,20,12,17-08-2023 19:00,WIN
5493,18,17,17-08-2023 20:00,WIN
5494,8,9,17-08-2023 21:00,LOSS
5495,1,12,17-08-2023 22:00,WIN
5496,6,6,17-08-2023 23:00,WIN
5497,18,3,18-08-2023 00:00,LOSS
5498,2,4,18-08-2023 01:00,LOSS
5499,8,9,18-08-2023 02:00,LOSS
5500,6,13,18-08-2023 03:00,WIN
5501,6,2,18-08-2023 04:00,LOSS
5502,14,3,18-08-2023 05:00,WIN
5503,3,15,18-08-2023 06:00,LOSS
5504,18,18,18-08-2023 07:00,WIN
5505,5,8,18-08-2023 08:00,WIN
5506,16,8,18-08-2023 09:00,WIN
5507,18,15,18-08-2023 10:00,LOSS
5508,9,5,18-08-2023 11:00,LOSS
5509,1,8,18-08-2023 12:00,WIN
5510,11,14,18-08-2023 13:00,WIN
5511,8,7,18-08-2023 14:00,LOSS
5512,8,14,18-08-2023 15:00,WIN
5513,13,8,18-08-2023 16:00,LOSS
5514,8,17,18-08-2023 17:00,WIN
5515,16,7,18-08-2023 18:00,LOSS
5516,18,18,18-08-2023 19:00,WIN
5517,9,13,18-08-2023 20:00,LOSS
5518,12,12,18-08-2023 21:00,LOSS
5519,3,15,18-08-2023 22:00,WIN
5520,1,13,18-08-2023 23:00,LOSS
5521,20,16,19-08-2023 00:00,LOSS
5522,20,15,19-08-2023 01:00,WIN
5523,9,6,19-08-2023 02:00,WIN
5524,8,8,19-08-2023 03:00,LOSS
5525,13,14,19-08-2023 04:00,WIN
5526,17,15,19-08-2023 05:00,WIN
5527,7,6,19-08-2023 06:00,LOSS
5528,15,7,19-08-2023 07:00,LOSS
5529,14,19,19-08-2023 08:00,LOSS
5530,16,2,19-08-2023 09:00,WIN
5531,17,4,19-08-2023 10:00,WIN
5532,16,20,19-08-2023 11:00,WIN
5533,18,12,19-08-2023 12:00,WIN
5534,14,13,19-08-2023 13:00,WIN
5535,6,12,19-08-2023 14:00,WIN
5536,20,13,19-08-2023 15:00,WIN
5537,15,15,19-08-2023 16:00,LOSS
5538,5,15,19-08-2023 17:00,LOSS
5539,17,14,19-08-2023 18:00,LOSS
5540,1,3,19-08-2023 19:00,LOSS
5541,13,8,19-08-2023 20:00,LOSS
5542,7,12,19-08-2023 21:00,WIN
5543,19,18,19-08-2023 22:00,LOSS
5544,5,20,19-08-2023 23:00,WIN
5545,9,1,20-08-2023 00:00,LOSS
5546,4,7,20-08-2023 01:00,LOSS
5547,7,14,20-08-2023 02:00,WIN
5548,13,19,20-08-2023 03:00,LOSS
5549,8,19,20-08-2023 04:00,LOSS
5550,4,12,20-08-2023 05:00,WIN
5551,8,7,20-08-2023 06:00,WIN
5552,16,8,20-08-2023 07:00,WIN
5553,13,11,20-08-2023 08:00,WIN
5554,10,8,20-08-2023 09:00,LOSS
5555,14,16,20-08-2023 10:00,WIN
5556,20,9,20-08-2023 11:00,LOSS
5557,10,9,20-08-2023 12:00,LOSS
5558,13,4,20-08-2023 13:00,WIN
5559,8,11,20-08-2023 14:00,WIN
5560,20,10,20-08-2023 15:00,WIN
5561,5,9,20-08-2023 16:00,WIN
5562,19,5,20-08-2023 17:00,WIN
5563,13,3,20-08-2023 18:00,LOSS
5564,2,13,20-08-2023 19:00,LOSS
5565,16,16,20-08-2023 20:00,LOSS
5566,14,9,20-08-2023 21:00,LOSS
5567,17,8,20-08-2023 22:00,WIN
5568,3,6,20-08-2023 23:00,WIN
5569,16,2,21-08-2023 00:00,WIN
5570,9,6,21-08-2023 01:00,WIN
5571,7,19,21-08-2023 02:00,WIN
5572,2,18,21-08-2023 03:00,WIN
5573,11,6,21-08-2023 04:00,LOSS
5574,11,7,21-08-2023 05:00,WIN
5575,14,20,21-08-2023 06:00,WIN
5576,16,2,21-08-2023 07:00,WIN
5577,8,4,21-08-2023 08:00,LOSS
5578,15,16,21-08-2023 09:00,WIN
5579,16,3,21-08-2023 10:00,WIN
5580,2,7,21-08-2023 11:00,LOSS
5581,4,3,21-08-2023 12:00,LOSS
5582,1,7,21-08-2023 13:00,LOSS
5583,7,11,21-08-2023 14:00,WIN
5584,11,16,21-08-2023 15:00,LOSS
5585,18,16,21-08-2023 16:00,LOSS
5586,5,14,21-08-2023 17:00,LOSS
5587,5,16,21-08-2023 18:00,WIN
5588,20,20,21-08-2023 19:00,WIN
5589,17,7,21-08-2023 20:00,WIN
5590,4,2,21-08-2023 21:00,WIN
5591,9,9,21-08-2023 22:00,WIN
5592,14,5,21-08-2023 23:00,LOSS
5593,9,10,22-08-2023 00:00,LOSS
5594,13,11,22-08-2023 01:00,LOSS
5595,16,18,22-08-2023 02:00,WIN
5596,20,10,22-08-2023 03:00,LOSS
5597,13,14,22-08-2023 04:00,LOSS
5598,9,9,22-08-2023 05:00,LOSS
5599,12,2,22-08-2023 06:00,LOSS
5600,12,9,22-08-2023 07:00,WIN
5601,10,17,22-08-2023 08:00,LOSS
5602,2,5,22-08-2023 09:00,LOSS
5603,5,14,22-08-2023 10:00,LOSS
5604,11,18,22-08-2023 11:00,LOSS
5605,2,19,22-08-2023 12:00,WIN
5606,10,9,22-08-2023 13:00,LOSS
5607,8,3,22-08-2023 14:00,WIN
5608,20,17,22-08-2023 15:00,LOSS
5609,10,4,22-08-2023 16:00,LOSS
5610,11,7,22-08-2023 17:00,LOSS
5611,9,3,22-08-2023 18:00,LOSS
5612,7,9,22-08-2023 19:00,WIN
5613,12,14,22-08-2023 20:00,LOSS
5614,7,12,22-08-2023 21:00,LOSS
5615,16,6,22-08-2023 22:00,LOSS
5616,19,10,22-08-2023 23:00,LOSS
5617,16,14,23-08-2023 00:00,LOSS
5618,15,18,23-08-2023 01:00,LOSS
5619,14,3,23-08-2023 02:00,WIN
5620,13,16,23-08-2023 03:00,WIN
5621,3,11,23-08-2023 04:00,LOSS
5622,13,13,23-08-2023 05:00,LOSS
5623,7,9,23-08-2023 06:00,LOSS
5624,2,14,23-08-2023 07:00,LOSS
5625,10,15,23-08-2023 08:00,WIN
5626,15,19,23-08-2023 09:00,LOSS
5627,3,2,23-08-2023 10:00,WIN
5628,6,13,23-08-2023 11:00,WIN
5629,14,18,23-08-2023 12:00,WIN
5630,4,2,23-08-2023 13:00,LOSS
5631,15,3,23-08-2023 14:00,LOSS
5632,5,14,23-08-2023 15:00,LOSS
5633,6,1,23-08-2023 16:00,LOSS
5634,19,12,23-08-2023 17:00,LOSS
5635,18,5,23-08-2023 18:00,LOSS
5636,20,19,23-08-2023 19:00,WIN
5637,6,20,23-08-2023 20:00,LOSS
5638,4,9,23-08-2023 21:00,LOSS
5639,12,7,23-08-2023 22:00,LOSS
5640,14,3,23-08-2023 23:00,LOSS
5641,7,7,24-08-2023 00:00,WIN
5642,2,15,24-08-2023 01:00,WIN
5643,2,11,24-08-2023 02:00,LOSS
5644,20,10,24-08-2023 03:00,WIN
5645,4,1,24-08-2023 04:00,LOSS
5646,20,9,24-08-2023 05:00,WIN
5647,3,3,24-08-2023 06:00,WIN
5648,2,6,24-08-2023 07:00,WIN
5649,6,18,24-08-2023 08:00,LOSS
5650,14,4,24-08-2023 09:00,WIN
5651,8,19,24-08-2023 10:00,WIN
5652,11,6,24-08-2023 11:00,WIN
5653,19,1,24-08-2023 12:00,WIN
5654,15,4,24-08-2023 13:00,LOSS
5655,20,1,24-08-2023 14:00,WIN
5656,20,17,24-08-2023 15:00,LOSS
5657,20,4,24-08-2023 16:00,LOSS
5658,20,7,24-08-2023 17:00,LOSS
5659,14,8,24-08-2023 18:00,WIN
5660,4,3,24-08-2023 19:00,WIN
5661,10,12,24-08-2023 20:00,LOSS
5662,8,19,24-08-2023 21:00,LOSS
5663,5,10,24-08-2023 22:00,WIN
5664,18,20,24-08-2023 23:00,LOSS
5665,17,6,25-08-2023 00:00,LOSS
5666,5,18,25-08-2023 01:00,WIN
5667,3,6,25-08-2023 02:00,LOSS
5668,10,18,25-08-2023 03:00,WIN
5669,4,5,25-08-2023 04:00,LOSS
5670,19,11,25-08-2023 05:00,WIN
5671,5,7,25-08-2023 06:00,LOSS
5672,1,9,25-08-2023 07:00,WIN
5673,4,3,25-08-2023 08:00,LOSS
5674,1,19,25-08-2023 09:00,LOSS
5675,15,12,25-08-2023 10:00,LOSS
5676,3,18,25-08-2023 11:00,LOSS
5677,10,15,25-08-2023 12:00,LOSS
5678,5,20,25-08-2023 13:00,WIN
5679,11,5,25-08-2023 14:00,LOSS
5680,17,8,25-08-2023 15:00,LOSS
5681,9,12,25-08-2023 16:00,LOSS
5682,13,17,25-08-2023 17:00,WIN
5683,14,19,25-08-2023 18:00,LOSS
5684,9,14,25-08-2023 19:00,LOSS
5685,17,16,25-08-2023 20:00,WIN
5686,7,15,25-08-2023 21:00,LOSS
5687,16,4,25-08-2023 22:00,LOSS
5688,20,18,25-08-2023 23:00,LOSS
5689,13,8,26-08-2023 00:00,LOSS
5690,14,5,26-08-2023 01:00,LOSS
5691,18,17,26-08-2023 02:00,WIN
5692,11,8,26-08-2023 03:00,LOSS
5693,2,13,26-08-2023 04:00,WIN
5694,6,9,26-08-2023 05:00,LOSS
5695,5,14,26-08-2023 06:00,WIN
5696,3,17,26-08-2023 07:00,LOSS
5697,7,6,26-08-2023 08:00,LOSS
5698,3,7,26-08-2023 09:00,LOSS
5699,13,1,26-08-2023 10:00,LOSS
5700,2,4,26-08-2023 11:00,WIN
5701,2,20,26-08-2023 12:00,WIN
5702,18,11,26-08-2023 13:00,WIN
5703,4,10,26-08-2023 14:00,WIN
5704,17,13,26-08-2023 15:00,LOSS
5705,11,20,26-08-2023 16:00,WIN
5706,7,13,26-08-2023 17:00,WIN
5707,2,6,26-08-2023 18:00,WIN
5708,15,18,26-08-2023 19:00,WIN
5709,14,12,26-08-2023 20:00,LOSS
5710,14,2,26-08-2023 21:00,WIN
5711,6,6,26-08-2023 22:00,LOSS
5712,5,7,26-08-2023 23:00,WIN
5713,14,3,27-08-2023 00:00,LOSS
5714,4,11,27-08-2023 01:00,WIN
5715,14,9,27-08-2023 02:00,WIN
5716,5,14,27-08-2023 03:00,LOSS
5717,12,11,27-08-2023 04:00,WIN
5718,13,6,27-08-2023 05:00,LOSS
5719,12,19,27-08-2023 06:00,LOSS
5720,17,15,27-08-2023 07:00,WIN
5721,18,14,27-08-2023 08:00,LOSS
5722,12,12,27-08-2023 09:00,LOSS
5723,9,13,27-08-2023 10:00,WIN
5724,19,5,27-08-2023 11:00,WIN
5725,15,12,27-08-2023 12:00,LOSS
5726,9,17,27-08-2023 13:00,WIN
5727,13,19,27-08-2023 14:00,LOSS
5728,15,3,27-08-2023 15:00,WIN
5729,12,18,27-08-2023 16:00,WIN
5730,10,18,27-08-2023 17:00,WIN
5731,3,9,27-08-2023 18:00,WIN
5732,10,3,27-08-2023 19:00,WIN
5733,18,11,27-08-2023 20:00,WIN
5734,10,20,27-08-2023 21:00,LOSS
5735,4,16,27-08-2023 22:00,LOSS
5736,3,15,27-08-2023 23:00,WIN
5737,20,6,28-08-2023 00:00,WIN
5738,18,9,28-08-2023 01:00,WIN
5739,17,1,28-08-2023 02:00,WIN
5740,5,14,28-08-2023 03:00,LOSS
5741,20,19,28-08-2023 04:00,LOSS
5742,10,3,28-08-2023 05:00,LOSS
5743,2,9,28-08-2023 06:00,LOSS
5744,1,9,28-08-2023 07:00,LOSS
5745,16,5,28-08-2023 08:00,WIN
5746,10,6,28-08-2023 09:00,WIN
5747,3,12,28-08-2023 10:00,WIN
5748,4,7,28-08-2023 11:00,WIN
5749,1,7,28-08-2023 12:00,LOSS
5750,12,20,28-08-2023 13:00,WIN
5751,13,10,28-08-2023 14:00,WIN
5752,8,16,28-08-2023 15:00,WIN
5753,19,17,28-08-2023 16:00,LOSS
5754,5,13,28-08-2023 17:00,WIN
5755,12,5,28-08-2023 18:00,LOSS
5756,19,14,28-08-2023 19:00,WIN
5757,4,9,28-08-2023 20:00,LOSS
5758,15,14,28-08-2023 21:00,WIN
5759,13,8,28-08-2023 22:00,WIN
5760,13,20,28-08-2023 23:00,LOSS
5761,3,10,29-08-2023 00:00,WIN
5762,8,9,29-08-2023 01:00,LOSS
5763,6,7,29-08-2023 02:00,WIN
5764,17,10,29-08-2023 03:00,LOSS
5765,11,10,29-08-2023 04:00,WIN
5766,7,8,29-08-2023 05:00,WIN
5767,15,17,29-08-2023 06:00,WIN
5768,4,20,29-08-2023 07:00,LOSS
5769,8,6,29-08-2023 08:00,WIN
5770,2,20,29-08-2023 09:00,LOSS
5771,11,19,29-08-2023 10:00,WIN
5772,8,13,29-08-2023 11:00,WIN
5773,19,5,29-08-2023 12:00,LOSS
5774,5,4,29-08-2023 13:00,LOSS
5775,18,12,29-08-2023 14:00,WIN
5776,6,15,29-08-2023 15:00,WIN
5777,19,2,29-08-2023 16:00,WIN
5778,20,15,29-08-2023 17:00,WIN
5779,5,19,29-08-2023 18:00,LOSS
5780,13,8,29-08-2023 19:00,WIN
5781,12,15,29-08-2023 20:00,WIN
5782,9,10,29-08-2023 21:00,WIN
5783,5,13,29-08-2023 22:00,WIN
5784,17,19,29-08-2023 23:00,LOSS
5785,18,1,30-08-2023 00:00,WIN
5786,3,11,30-08-2023 01:00,WIN
5787,19,18,30-08-2023 02:00,LOSS
5788,15,19,30-08-2023 03:00,WIN
5789,17,18,30-08-2023 04:00,LOSS
5790,9,19,30-08-2023 05:00,WIN
5791,4,7,30-08-2023 06:00,WIN
5792,9,5,30-08-2023 07:00,LOSS
5793,4,14,30-08-2023 08:00,WIN
5794,3,11,30-08-2023 09:00,WIN
5795,9,11,30-08-2023 10:00,WIN
5796,11,2,30-08-2023 11:00,LOSS
5797,11,9,30-08-2023 12:00,LOSS
5798,20,1,30-08-2023 13:00,WIN
5799,8,15,30-08-2023 14:00,WIN
5800,2,8,30-08-2023 15:00,LOSS
5801,16,2,30-08-2023 16:00,WIN
5802,2,6,30-08-2023 17:00,WIN
5803,20,2,30-08-2023 18:00,WIN
5804,5,17,30-08-2023 19:00,LOSS
5805,9,7,30-08-2023 20:00,WIN
5806,2,3,30-08-2023 21:00,WIN
5807,9,19,30-08-2023 22:00,WIN
5808,11,12,30-08-2023 23:00,LOSS
5809,8,18,31-08-2023 00:00,LOSS
5810,7,8,31-08-2023 01:00,LOSS
5811,6,12,31-08-2023 02:00,LOSS
5812,20,1,31-08-2023 03:00,WIN
5813,15,1,31-08-2023 04:00,LOSS
5814,15,10,31-08-2023 05:00,LOSS
5815,7,3,31-08-2023 06:00,LOSS
5816,8,10,31-08-2023 07:00,WIN
5817,17,4,31-08-2023 08:00,WIN
5818,19,12,31-08-2023 09:00,LOSS
5819,2,14,31-08-2023 10:00,WIN
5820,9,8,31-08-2023 11:00,LOSS
5821,2,7,31-08-2023 12:00,LOSS
5822,13,1,31-08-2023 13:00,WIN
5823,12,17,31-08-2023 14:00,LOSS
5824,4,15,31-08-2023 15:00,LOSS
5825,19,15,31-08-2023 16:00,WIN
5826,8,5,31-08-2023 17:00,LOSS
5827,13,1,31-08-2023 18:00,LOSS
5828,14,19,31-08-2023 19:00,WIN
5829,7,1,31-08-2023 20:00,WIN
5830,1,2,31-08-2023 21:00,WIN
5831,11,11,31-08-2023 22:00,WIN
5832,17,12,31-08-2023 23:00,WIN
5833,17,11,01-09-2023 00:00,WIN
5834,15,8,01-09-2023 01:00,LOSS
5835,10,20,01-09-2023 02:00,LOSS
5836,16,4,01-09-2023 03:00,WIN
5837,5,2,01-09-2023 04:00,LOSS
5838,2,9,01-09-2023 05:00,LOSS
5839,7,13,01-09-2023 06:00,WIN
5840,3,10,01-09-2023 07:00,WIN
5841,15,9,01-09-2023 08:00,WIN
5842,11,13,01-09-2023 09:00,LOSS
5843,1,3,01-09-2023 10:00,LOSS
5844,16,17,01-09-2023 11:00,WIN
5845,11,18,01-09-2023 12:00,LOSS
5846,20,8,01-09-2023 13:00,LOSS
5847,20,13,01-09-2023 14:00,LOSS
5848,19,18,01-09-2023 15:00,LOSS
5849,7,16,01-09-2023 16:00,LOSS
5850,18,14,01-09-2023 17:00,LOSS
5851,10,13,01-09-2023 18:00,WIN
5852,8,4,01-09-2023 19:00,LOSS
5853,2,1,01-09-2023 20:00,LOSS
5854,7,1,01-09-2023 21:00,WIN
5855,8,6,01-09-2023 22:00,LOSS
5856,19,15,01-09-2023 23:00,WIN
5857,6,15,02-09-2023 00:00,LOSS
5858,1,7,02-09-2023 01:00,LOSS
5859,11,9,02-09-2023 02:00,LOSS
5860,20,13,02-09-2023 03:00,LOSS
5861,4,6,02-09-2023 04:00,LOSS
5862,12,10,02-09-2023 05:00,WIN
5863,9,12,02-09-2023 06:00,LOSS
5864,8,3,02-09-2023 07:00,WIN
5865,6,15,02-09-2023 08:00,WIN
5866,18,20,02-09-2023 09:00,LOSS
5867,19,11,02-09-2023 10:00,LOSS
5868,20,19,02-09-2023 11:00,LOSS
5869,18,10,02-09-2023 12:00,LOSS
5870,1,9,02-09-2023 13:00,LOSS
5871,9,1,02-09-2023 14:00,WIN
5872,13,16,02-09-2023 15:00,LOSS
5873,12,15,02-09-2023 16:00,LOSS
5874,18,17,02-09-2023 17:00,WIN
5875,7,20,02-09-2023 18:00,LOSS
5876,11,17,02-09-2023 19:00,WIN
5877,18,4,02-09-2023 20:00,LOSS
5878,10,1,02-09-2023 21:00,LOSS
5879,8,14,02-09-2023 22:00,LOSS
5880,14,14,02-09-2023 23:00,WIN
5881,14,15,03-09-2023 00:00,LOSS
5882,13,5,03-09-2023 01:00,WIN
5883,7,15,03-09-2023 02:00,LOSS
5884,15,20,03-09-2023 03:00,LOSS
5885,6,12,03-09-2023 04:00,LOSS
5886,12,15,03-09-2023 05:00,LOSS
5887,11,2,03-09-2023 06:00,LOSS
5888,18,16,03-09-2023 07:00,WIN
5889,4,7,03-09-2023 08:00,WIN
5890,4,1,03-09-2023 09:00,LOSS
5891,13,19,03-09-2023 10:00,LOSS
5892,7,7,03-09-2023 11:00,WIN
5893,19,10,03-09-2023 12:00,WIN
5894,4,18,03-09-2023 13:00,WIN
5895,1,8,03-09-2023 14:00,WIN
5896,8,6,03-09-2023 15:00,WIN
5897,12,1,03-09-2023 16:00,WIN
5898,12,13,03-09-2023 17:00,WIN
5899,20,8,03-09-2023 18:00,WIN
5900,11,4,03-09-2023 19:00,WIN
5901,17,5,03-09-2023 20:00,WIN
5902,17,15,03-09-2023 21:00,WIN
5903,12,5,03-09-2023 22:00,WIN
5904,12,11,03-09-2023 23:00,WIN
5905,17,10,04-09-2023 00:00,LOSS
5906,9,9,04-09-2023 01:00,LOSS
5907,13,8,04-09-2023 02:00,WIN
5908,17,2,04-09-2023 03:00,LOSS
5909,1,16,04-09-2023 04:00,WIN
5910,3,3,04-09-2023 05:00,LOSS
5911,8,18,04-09-2023 06:00,LOSS
5912,8,18,04-09-2023 07:00,LOSS
5913,8,10,04-09-2023 08:00,WIN
5914,6,18,04-09-2023 09:00,LOSS
5915,15,3,04-09-2023 10:00,LOSS
5916,5,20,04-09-2023 11:00,LOSS
5917,6,1,04-09-2023 12:00,LOSS
5918,6,10,04-09-2023 13:00,WIN
5919,10,8,04-09-2023 14:00,WIN
5920,19,8,04-09-2023 15:00,LOSS
5921,2,20,04-09-2023 16:00,WIN
5922,7,17,04-09-2023 17:00,WIN
5923,19,15,04-09-2023 18:00,LOSS
5924,13,11,04-09-2023 19:00,WIN
5925,4,16,04-09-2023 20:00,LOSS
5926,11,16,04-09-2023 21:00,LOSS
5927,18,1,04-09-2023 22:00,LOSS
5928,11,20,04-09-2023 23:00,LOSS
5929,13,1,05-09-2023 00:00,WIN
5930,10,14,05-09-2023 01:00,WIN
5931,17,14,05-09-2023 02:00,LOSS
5932,4,4,05-09-2023 03:00,LOSS
5933,3,8,05-09-2023 04:00,LOSS
5934,7,16,05-09-2023 05:00,WIN
5935,16,8,05-09-2023 06:00,LOSS
5936,6,15,05-09-2023 07:00,WIN
5937,18,18,05-09-2023 08:00,WIN
5938,1,13,05-09-2023 09:00,WIN
5939,19,10,05-09-2023 10:00,LOSS
5940,10,6,05-09-2023 11:00,LOSS
5941,3,19,05-09-2023 12:00,LOSS
5942,11,1,05-09-2023 13:00,LOSS
5943,7,2,05-09-2023 14:00,WIN
5944,6,7,05-09-2023 15:00,WIN
5945,14,12,05-09-2023 16:00,WIN
5946,20,8,05-09-2023 17:00,LOSS
5947,8,13,05-09-2023 18:00,LOSS
5948,11,1,05-09-2023 19:00,LOSS
5949,2,18,05-09-2023 20:00,WIN
5950,7,8,05-09-2023 21:00,WIN
5951,17,12,05-09-2023 22:00,WIN
5952,5,19,05-09-2023 23:00,WIN
5953,6,12,06-09-2023 00:00,WIN
5954,17,2,06-09-2023 01:00,LOSS
5955,15,15,06-09-2023 02:00,LOSS
5956,3,11,06-09-2023 03:00,WIN
5957,18,19,06-09-2023 04:00,LOSS
5958,15,1,06-09-2023 05:00,WIN
5959,4,3,06-09-2023 06:00,WIN
5960,10,1,06-09-2023 07:00,LOSS
5961,11,9,06-09-2023 08:00,WIN
5962,1,14,06-09-2023 09:00,LOSS
5963,10,16,06-09-2023 10:00,LOSS
5964,15,3,06-09-2023 11:00,WIN
5965,8,9,06-09-2023 12:00,LOSS
5966,9,17,06-09-2023 13:00,LOSS
5967,1,17,06-09-2023 14:00,LOSS
5968,12,4,06-09-2023 15:00,WIN
5969,16,12,06-09-2023 16:00,LOSS
5970,7,14,06-09-2023 17:00,WIN
5971,12,14,06-09-2023 18:00,WIN
5972,12,14,06-09-2023 19:00,WIN
5973,11,16,06-09-2023 20:00,WIN
5974,16,9,06-09-2023 21:00,LOSS
5975,8,2,06-09-2023 22:00,LOSS
5976,19,5,06-09-2023 23:00,LOSS
5977,8,5,07-09-2023 00:00,LOSS
5978,5,18,07-09-2023 01:00,LOSS
5979,17,11,07-09-2023 02:00,WIN
5980,16,9,07-09-2023 03:00,LOSS
5981,4,9,07-09-2023 04:00,LOSS
5982,18,12,07-09-2023 05:00,WIN
5983,12,4,07-09-2023 06:00,WIN
5984,4,3,07-09-2023 07:00,LOSS
5985,18,5,07-09-2023 08:00,WIN
5986,7,7,07-09-2023 09:00,WIN
5987,2,14,07-09-2023 10:00,LOSS
5988,2,5,07-09-2023 11:00,LOSS
5989,13,1,07-09-2023 12:00,LOSS
5990,4,16,07-09-2023 13:00,LOSS
5991,5,19,07-09-2023 14:00,LOSS
5992,12,2,07-09-2023 15:00,WIN
5993,11,18,07-09-2023 16:00,LOSS
5994,3,5,07-09-2023 17:00,LOSS
5995,11,11,07-09-2023 18:00,WIN
5996,9,16,07-09-2023 19:00,WIN
5997,8,9,07-09-2023 20:00,WIN
5998,8,16,07-09-2023 21:00,WIN
5999,10,3,07-09-2023 22:00,WIN
6000,6,3,07-09-2023 23:00,WIN
6001,18,20,08-09-2023 00:00,LOSS
6002,6,2,08-09-2023 01:00,WIN
6003,12,13,08-09-2023 02:00,LOSS
6004,16,6,08-09-2023 03:00,LOSS
6005,16,14,08-09-2023 04:00,LOSS
6006,4,9,08-09-2023 05:00,WIN
6007,18,18,08-09-2023 06:00,LOSS
6008,13,3,08-09-2023 07:00,WIN
6009,3,12,08-09-2023 08:00,WIN
6010,12,19,08-09-2023 09:00,WIN
6011,20,5,08-09-2023 10:00,WIN
6012,19,14,08-09-2023 11:00,WIN
6013,5,8,08-09-2023 12:00,LOSS
6014,19,13,08-09-2023 13:00,LOSS
6015,19,8,08-09-2023 14:00,LOSS
6016,12,4,08-09-2023 15:00,WIN
6017,5,16,08-09-2023 16:00,WIN
6018,2,3,08-09-2023 17:00,WIN
6019,16,5,08-09-2023 18:00,WIN
6020,4,14,08-09-2023 19:00,LOSS
6021,15,15,08-09-2023 20:00,WIN
6022,10,7,08-09-2023 21:00,LOSS
6023,6,1,08-09-2023 22:00,LOSS
6024,7,10,08-09-2023 23:00,LOSS
6025,2,8,09-09-2023 00:00,WIN
6026,4,8,09-09-2023 01:00,LOSS
6027,15,9,09-09-2023 02:00,LOSS
6028,13,6,09-09-2023 03:00,WIN
6029,9,15,09-09-2023 04:00,LOSS
6030,5,13,09-09-2023 05:00,WIN
6031,17,9,09-09-2023 06:00,WIN
6032,6,18,09-09-2023 07:00,LOSS
6033,14,20,09-09-2023 08:00,LOSS
6034,5,4,09-09-2023 09:00,LOSS
6035,2,20,09-09-2023 10:00,LOSS
6036,14,17,09-09-2023 11:00,WIN
6037,19,13,09-09-2023 12:00,LOSS
6038,19,18,09-09-2023 13:00,WIN
6039,13,8,09-09-2023 14:00,LOSS
6040,12,10,09-09-2023 15:00,LOSS
6041,1,17,09-09-2023 16:00,WIN
6042,3,8,09-09-2023 17:00,WIN
6043,10,19,09-09-2023 18:00,WIN
6044,8,20,09-09-2023 19:00,WIN
6045,13,12,09-09-2023 20:00,LOSS
6046,19,8,09-09-2023 21:00,WIN
6047,3,19,09-09-2023 22:00,WIN
6048,3,20,09-09-2023 23:00,LOSS
6049,18,3,10-09-2023 00:00,LOSS
6050,3,8,10-09-2023 01:00,LOSS
6051,12,8,10-09-2023 02:00,WIN
6052,2,12,10-09-2023 03:00,LOSS
6053,8,15,10-09-2023 04:00,WIN
6054,14,1,10-09-2023 05:00,LOSS
6055,19,14,10-09-2023 06:00,WIN
6056,11,1,10-09-2023 07:00,LOSS
6057,16,9,10-09-2023 08:00,WIN
6058,14,13,10-09-2023 09:00,LOSS
6059,8,1,10-09-2023 10:00,WIN
6060,20,6,10-09-2023 11:00,WIN
6061,14,14,10-09-2023 12:00,LOSS
6062,12,7,10-09-2023 13:00,WIN
6063,17,11,10-09-2023 14:00,WIN
6064,12,7,10-09-2023 15:00,WIN
6065,12,17,10-09-2023 16:00,LOSS
6066,12,20,10-09-2023 17:00,WIN
6067,7,7,10-09-2023 18:00,WIN
6068,10,18,10-09-2023 19:00,WIN
6069,16,16,10-09-2023 20:00,LOSS
6070,3,6,10-09-2023 21:00,LOSS
6071,3,2,10-09-2023 22:00,LOSS
6072,1,20,10-09-2023 23:00,WIN
6073,5,2,11-09-2023 00:00,LOSS
6074,8,15,11-09-2023 01:00,LOSS
6075,17,6,11-09-2023 02:00,WIN
6076,16,11,11-09-2023 03:00,WIN
6077,16,8,11-09-2023 04:00,WIN
6078,18,9,11-09-2023 05:00,WIN
6079,18,9,11-09-2023 06:00,LOSS
6080,14,14,11-09-2023 07:00,LOSS
6081,12,13,11-09-2023 08:00,WIN
6082,10,15,11-09-2023 09:00,WIN
6083,2,14,11-09-2023 10:00,LOSS
6084,3,16,11-09-2023 11:00,WIN
6085,1,16,11-09-2023 12:00,WIN
6086,9,19,11-09-2023 13:00,WIN
6087,4,13,11-09-2023 14:00,WIN
6088,16,12,11-09-2023 15:00,WIN
6089,4,9,11-09-2023 16:00,WIN
6090,17,4,11-09-2023 17:00,WIN
6091,15,8,11-09-2023 18:00,WIN
6092,4,12,11-09-2023 19:00,WIN
6093,4,1,11-09-2023 20:00,WIN
6094,12,12,11-09-2023 21:00,WIN
6095,3,8,11-09-2023 22:00,WIN
6096,20,4,11-09-2023 23:00,LOSS
6097,5,10,12-09-2023 00:00,WIN
6098,19,1,12-09-2023 01:00,WIN
6099,6,20,12-09-2023 02:00,LOSS
6100,9,3,12-09-2023 03:00,LOSS
6101,3,15,12-09-2023 04:00,WIN
6102,2,2,12-09-2023 05:00,WIN
6103,10,10,12-09-2023 06:00,WIN
6104,5,8,12-09-2023 07:00,WIN
6105,7,14,12-09-2023 08:00,WIN
6106,15,13,12-09-2023 09:00,WIN
6107,2,13,12-09-2023 10:00,WIN
6108,10,8,12-09-2023 11:00,LOSS
6109,11,5,12-09-2023 12:00,LOSS
6110,8,2,12-09-2023 13:00,WIN
6111,12,6,12-09-2023 14:00,LOSS
6112,4,8,12-09-2023 15:00,LOSS
6113,13,12,12-09-2023 16:00,WIN
6114,18,10,12-09-2023 17:00,WIN
6115,18,18,12-09-2023 18:00,WIN
6116,3,7,12-09-2023 19:00,WIN
6117,3,9,12-09-2023 20:00,LOSS
6118,7,10,12-09-2023 21:00,WIN
6119,17,20,12-09-2023 22:00,LOSS
6120,6,6,12-09-2023 23:00,LOSS
6121,16,7,13-09-2023 00:00,WIN
6122,5,12,13-09-2023 01:00,WIN
6123,17,7,13-09-2023 02:00,WIN
6124,11,13,13-09-2023 03:00,LOSS
6125,12,18,13-09-2023 04:00,LOSS
6126,12,5,13-09-2023 05:00,WIN
6127,4,17,13-09-2023 06:00,LOSS
6128,9,15,13-09-2023 07:00,LOSS
6129,14,2,13-09-2023 08:00,LOSS
6130,12,5,13-09-2023 09:00,WIN
6131,10,16,13-09-2023 10:00,LOSS
6132,8,1,13-09-2023 11:00,LOSS
6133,3,9,13-09-2023 12:00,LOSS
6134,13,4,13-09-2023 13:00,LOSS
6135,16,1,13-09-2023 14:00,LOSS
6136,13,11,13-09-2023 15:00,LOSS
6137,13,5,13-09-2023 16:00,LOSS
6138,19,10,13-09-2023 17:00,LOSS
6139,18,9,13-09-2023 18:00,WIN
6140,8,7,13-09-2023 19:00,WIN
6141,1,19,13-09-2023 20:00,WIN
6142,17,12,13-09-2023 21:00,WIN
6143,9,18,13-09-2023 22:00,LOSS
6144,10,4,13-09-2023 23:00,LOSS
6145,9,12,14-09-2023 00:00,LOSS
6146,12,4,14-09-2023 01:00,LOSS
6147,10,3,14-09-2023 02:00,WIN
6148,8,17,14-09-2023 03:00,WIN
6149,4,18,14-09-2023 04:00,LOSS
6150,14,9,14-09-2023 05:00,LOSS
6151,7,14,14-09-2023 06:00,WIN
6152,10,13,14-09-2023 07:00,LOSS
6153,10,5,14-09-2023 08:00,WIN
6154,15,15,14-09-2023 09:00,WIN
6155,15,5,14-09-2023 10:00,WIN
6156,2,12,14-09-2023 11:00,WIN
6157,16,10,14-09-2023 12:00,LOSS
6158,10,1,14-09-2023 13:00,WIN
6159,15,3,14-09-2023 14:00,LOSS
6160,19,19,14-09-2023 15:00,WIN
6161,10,2,14-09-2023 16:00,WIN
6162,20,5,14-09-2023 17:00,WIN
6163,15,1,14-09-2023 18:00,LOSS
6164,2,15,14-09-2023 19:00,WIN
6165,14,1,14-09-2023 20:00,LOSS
6166,15,20,14-09-2023 21:00,LOSS
6167,10,9,14-09-2023 22:00,LOSS
6168,9,3,14-09-2023 23:00,WIN
6169,19,16,15-09-2023 00:00,LOSS
6170,6,8,15-09-2023 01:00,WIN
6171,8,8,15-09-2023 02:00,LOSS
6172,2,15,15-09-2023 03:00,LOSS
6173,1,12,15-09-2023 04:00,WIN
6174,13,17,15-09-2023 05:00,WIN
6175,6,11,15-09-2023 06:00,LOSS
6176,3,4,15-09-2023 07:00,WIN
6177,2,17,15-09-2023 08:00,LOSS
6178,10,11,15-09-2023 09:00,WIN
6179,8,8,15-09-2023 10:00,WIN
6180,9,19,15-09-2023 11:00,LOSS
6181,7,20,15-09-2023 12:00,WIN
6182,13,17,15-09-2023 13:00,WIN
6183,7,8,15-09-2023 14:00,LOSS
6184,19,8,15-09-2023 15:00,LOSS
6185,1,7,15-09-2023 16:00,WIN
6186,13,19,15-09-2023 17:00,WIN
6187,17,2,15-09-2023 18:00,LOSS
6188,12,13,15-09-2023 19:00,LOSS
6189,14,4,15-09-2023 20:00,WIN
6190,16,18,15-09-2023 21:00,WIN
6191,12,13,15-09-2023 22:00,LOSS
6192,16,1,15-09-2023 23:00,LOSS
6193,2,3,16-09-2023 00:00,WIN
6194,20,3,16-09-2023 01:00,WIN
6195,19,16,16-09-2023 02:00,LOSS
6196,7,1,16-09-2023 03:00,LOSS
6197,12,16,16-09-2023 04:00,LOSS
6198,14,17,16-09-2023 05:00,LOSS
6199,18,3,16-09-2023 06:00,LOSS
6200,7,15,16-09-2023 07:00,WIN
6201,5,14,16-09-2023 08:00,WIN
6202,1,11,16-09-2023 09:00,LOSS
6203,7,13,16-09-2023 10:00,WIN
6204,16,5,16-09-2023 11:00,LOSS
6205,16,12,16-09-2023 12:00,WIN
6206,17,17,16-09-2023 13:00,LOSS
6207,4,6,16-09-2023 14:00,WIN
6208,16,17,16-09-2023 15:00,LOSS
6209,4,17,16-09-2023 16:00,WIN
6210,5,10,16-09-2023 17:00,WIN
6211,5,8,16-09-2023 18:00,LOSS
6212,20,18,16-09-2023 19:00,WIN
6213,11,10,16-09-2023 20:00,WIN
6214,14,1,16-09-2023 21:00,LOSS
6215,17,5,16-09-2023 22:00,LOSS
6216,9,18,16-09-2023 23:00,WIN
6217,17,1,17-09-2023 00:00,LOSS
6218,19,9,17-09-2023 01:00,LOSS
6219,1,18,17-09-2023 02:00,LOSS
6220,13,5,17-09-2023 03:00,WIN
6221,10,10,17-09-2023 04:00,LOSS
6222,10,14,17-09-2023 05:00,WIN
6223,7,12,17-09-2023 06:00,LOSS
6224,6,7,17-09-2023 07:00,LOSS
6225,7,13,17-09-2023 08:00,WIN
6226,5,4,17-09-2023 09:00,LOSS
6227,7,19,17-09-2023 10:00,WIN
6228,15,18,17-09-2023 11:00,WIN
6229,10,15,17-09-2023 12:00,WIN
6230,20,15,17-09-2023 13:00,WIN
6231,13,1,17-09-2023 14:00,LOSS
6232,9,16,17-09-2023 15:00,WIN
6233,6,4,17-09-2023 16:00,WIN
6234,20,19,17-09-2023 17:00,WIN
6235,7,3,17-09-2023 18:00,LOSS
6236,6,5,17-09-2023 19:00,LOSS
6237,16,2,17-09-2023 20:00,WIN
6238,2,10,17-09-2023 21:00,WIN
6239,15,9,17-09-2023 22:00,LOSS
6240,3,12,17-09-2023 23:00,LOSS
6241,13,14,18-09-2023 00:00,LOSS
6242,17,15,18-09-2023 01:00,WIN
6243,19,1,18-09-2023 02:00,WIN
6244,11,16,18-09-2023 03:00,LOSS
6245,2,6,18-09-2023 04:00,LOSS
6246,10,5,18-09-2023 05:00,WIN
6247,12,19,18-09-2023 06:00,WIN
6248,13,15,18-09-2023 07:00,LOSS
6249,6,1,18-09-2023 08:00,WIN
6250,4,17,18-09-2023 09:00,WIN
6251,12,7,18-09-2023 10:00,WIN
6252,15,8,18-09-2023 11:00,WIN
6253,19,3,18-09-2023 12:00,WIN
6254,8,7,18-09-2023 13:00,LOSS
6255,5,8,18-09-2023 14:00,WIN
6256,4,19,18-09-2023 15:00,WIN
6257,13,12,18-09-2023 16:00,LOSS
6258,6,10,18-09-2023 17:00,WIN
6259,20,5,18-09-2023 18:00,LOSS
6260,16,5,18-09-2023 19:00,WIN
6261,10,12,18-09-2023 20:00,LOSS
6262,5,13,18-09-2023 21:00,LOSS
6263,15,1,18-09-2023 22:00,LOSS
6264,11,17,18-09-2023 23:00,WIN
6265,20,19,19-09-2023 00:00,WIN
6266,9,2,19-09-2023 01:00,WIN
6267,18,18,19-09-2023 02:00,WIN
6268,1,20,19-09-2023 03:00,WIN
6269,9,11,19-09-2023 04:00,WIN
6270,9,14,19-09-2023 05:00,LOSS
6271,15,15,19-09-2023 06:00,WIN
6272,4,12,19-09-2023 07:00,LOSS
6273,4,6,19-09-2023 08:00,WIN
6274,1,5,19-09-2023 09:00,WIN
6275,1,14,19-09-2023 10:00,WIN
6276,1,6,19-09-2023 11:00,WIN
6277,6,3,19-09-2023 12:00,LOSS
6278,11,6,19-09-2023 13:00,LOSS
6279,16,14,19-09-2023 14:00,LOSS
6280,5,20,19-09-2023 15:00,WIN
6281,10,18,19-09-2023 16:00,LOSS
6282,16,17,19-09-2023 17:00,LOSS
6283,11,9,19-09-2023 18:00,WIN
6284,18,8,19-09-2023 19:00,WIN
6285,14,4,19-09-2023 20:00,LOSS
6286,13,10,19-09-2023 21:00,LOSS
6287,1,17,19-09-2023 22:00,WIN
6288,3,20,19-09-2023 23:00,LOSS
6289,15,5,20-09-2023 00:00,WIN
6290,12,17,20-09-2023 01:00,LOSS
6291,5,14,20-09-2023 02:00,LOSS
6292,16,12,20-09-2023 03:00,WIN
6293,14,7,20-09-2023 04:00,LOSS
6294,10,15,20-09-2023 05:00,WIN
6295,5,15,20-09-2023 06:00,WIN
6296,7,12,20-09-2023 07:00,WIN
6297,16,1,20-09-2023 08:00,LOSS
6298,15,8,20-09-2023 09:00,LOSS
6299,6,20,20-09-2023 10:00,LOSS
6300,7,6,20-09-2023 11:00,LOSS
6301,18,20,20-09-2023 12:00,WIN
6302,19,2,20-09-2023 13:00,LOSS
6303,19,18,20-09-2023 14:00,WIN
6304,17,3,20-09-2023 15:00,WIN
6305,14,20,20-09-2023 16:00,WIN
6306,9,3,20-09-2023 17:00,WIN
6307,16,19,20-09-2023 18:00,LOSS
6308,10,6,20-09-2023 19:00,LOSS
6309,9,11,20-09-2023 20:00,LOSS
6310,12,13,20-09-2023 21:00,LOSS
6311,9,6,20-09-2023 22:00,WIN
6312,16,18,20-09-2023 23:00,LOSS
6313,16,15,21-09-2023 00:00,WIN
6314,2,14,21-09-2023 01:00,WIN
6315,7,14,21-09-2023 02:00,LOSS
6316,20,1,21-09-2023 03:00,WIN
6317,7,17,21-09-2023 04:00,LOSS
6318,7,14,21-09-2023 05:00,WIN
6319,19,13,21-09-2023 06:00,LOSS
6320,3,10,21-09-2023 07:00,LOSS
6321,10,6,21-09-2023 08:00,LOSS
6322,6,1,21-09-2023 09:00,LOSS
6323,2,5,21-09-2023 10:00,LOSS
6324,20,16,21-09-2023 11:00,WIN
6325,18,20,21-09-2023 12:00,WIN
6326,9,16,21-09-2023 13:00,WIN
6327,15,8,21-09-2023 14:00,WIN
6328,14,17,21-09-2023 15:00,WIN
6329,9,18,21-09-2023 16:00,WIN
6330,2,18,21-09-2023 17:00,LOSS
6331,10,9,21-09-2023 18:00,WIN
6332,4,6,21-09-2023 19:00,WIN
6333,1,10,21-09-2023 20:00,LOSS
6334,11,9,21-09-2023 21:00,LOSS
6335,16,15,21-09-2023 22:00,WIN
6336,11,20,21-09-2023 23:00,LOSS
6337,13,14,22-09-2023 00:00,LOSS
6338,14,14,22-09-2023 01:00,WIN
6339,1,9,22-09-2023 02:00,LOSS
6340,9,9,22-09-2023 03:00,WIN
6341,18,1,22-09-2023 04:00,WIN
6342,11,10,22-09-2023 05:00,LOSS
6343,3,10,22-09-2023 06:00,LOSS
6344,4,7,22-09-2023 07:00,LOSS
6345,11,5,22-09-2023 08:00,LOSS
6346,7,18,22-09-2023 09:00,LOSS
6347,9,1,22-09-2023 10:00,LOSS
6348,5,17,22-09-2023 11:00,LOSS
6349,2,18,22-09-2023 12:00,LOSS
6350,12,20,22-09-2023 13:00,LOSS
6351,4,12,22-09-2023 14:00,LOSS
6352,13,9,22-09-2023 15:00,WIN
6353,2,9,22-09-2023 16:00,WIN
6354,15,17,22-09-2023 17:00,WIN
6355,1,13,22-09-2023 18:00,WIN
6356,18,17,22-09-2023 19:00,WIN
6357,2,2,22-09-2023 20:00,WIN
6358,4,7,22-09-2023 21:00,LOSS
6359,19,16,22-09-2023 22:00,LOSS
6360,20,15,22-09-2023 23:00,LOSS
6361,10,13,23-09-2023 00:00,LOSS
6362,13,13,23-09-2023 01:00,LOSS
6363,19,15,23-09-2023 02:00,WIN
6364,8,20,23-09-2023 03:00,LOSS
6365,10,13,23-09-2023 04:00,LOSS
6366,8,10,23-09-2023 05:00,WIN
6367,19,17,23-09-2023 06:00,WIN
6368,9,9,23-09-2023 07:00,LOSS
6369,9,10,23-09-2023 08:00,LOSS
6370,13,15,23-09-2023 09:00,WIN
6371,1,1,23-09-2023 10:00,LOSS
6372,12,4,23-09-2023 11:00,WIN
6373,10,16,23-09-2023 12:00,WIN
6374,19,11,23-09-2023 13:00,WIN
6375,8,6,23-09-2023 14:00,WIN
6376,11,9,23-09-2023 15:00,LOSS
6377,11,16,23-09-2023 16:00,LOSS
6378,16,4,23-09-2023 17:00,LOSS
6379,11,14,23-09-2023 18:00,LOSS
6380,1,11,23-09-2023 19:00,LOSS
6381,6,11,23-09-2023 20:00,LOSS
6382,13,3,23-09-2023 21:00,LOSS
6383,11,1,23-09-2023 22:00,WIN
6384,3,12,23-09-2023 23:00,LOSS
6385,1,16,24-09-2023 00:00,WIN
6386,14,8,24-09-2023 01:00,WIN
6387,11,1,24-09-2023 02:00,LOSS
6388,14,2,24-09-2023 03:00,WIN
6389,10,12,24-09-2023 04:00,LOSS
6390,2,14,24-09-2023 05:00,WIN
6391,5,20,24-09-2023 06:00,LOSS
6392,15,17,24-09-2023 07:00,LOSS
6393,18,7,24-09-2023 08:00,LOSS
6394,16,2,24-09-2023 09:00,WIN
6395,20,13,24-09-2023 10:00,LOSS
6396,3,13,24-09-2023 11:00,LOSS
6397,9,6,24-09-2023 12:00,WIN
6398,18,12,24-09-2023 13:00,LOSS
6399,19,16,24-09-2023 14:00,LOSS
6400,5,3,24-09-2023 15:00,WIN
6401,4,12,24-09-2023 16:00,LOSS
6402,8,16,24-09-2023 17:00,LOSS
6403,7,9,24-09-2023 18:00,LOSS
6404,11,13,24-09-2023 19:00,LOSS
6405,12,12,24-09-2023 20:00,WIN
6406,12,15,24-09-2023 21:00,LOSS
6407,16,4,24-09-2023 22:00,WIN
6408,16,17,24-09-2023 23:00,WIN
6409,15,10,25-09-2023 00:00,WIN
6410,1,16,25-09-2023 01:00,WIN
6411,15,12,25-09-2023 02:00,WIN
6412,18,6,25-09-2023 03:00,LOSS
6413,6,16,25-09-2023 04:00,LOSS
6414,9,12,25-09-2023 05:00,LOSS
6415,17,6,25-09-2023 06:00,WIN
6416,12,15,25-09-2023 07:00,WIN
6417,2,4,25-09-2023 08:00,WIN
6418,16,5,25-09-2023 09:00,LOSS
6419,15,17,25-09-2023 10:00,LOSS
6420,12,4,25-09-2023 11:00,WIN
6421,15,11,25-09-2023 12:00,WIN
6422,13,19,25-09-2023 13:00,WIN
6423,12,14,25-09-2023 14:00,WIN
6424,19,6,25-09-2023 15:00,WIN
6425,16,10,25-09-2023 16:00,LOSS
6426,7,10,25-09-2023 17:00,WIN
6427,17,18,25-09-2023 18:00,WIN
6428,10,17,25-09-2023 19:00,WIN
6429,9,2,25-09-2023 20:00,LOSS
6430,6,13,25-09-2023 21:00,LOSS
6431,9,12,25-09-2023 22:00,WIN
6432,1,5,25-09-2023 23:00,LOSS
6433,16,8,26-09-2023 00:00,LOSS
6434,14,4,26-09-2023 01:00,WIN
6435,8,3,26-09-2023 02:00,WIN
6436,15,4,26-09-2023 03:00,WIN
6437,16,9,26-09-2023 04:00,LOSS
6438,14,8,26-09-2023 05:00,LOSS
6439,16,11,26-09-2023 06:00,LOSS
6440,7,15,26-09-2023 07:00,LOSS
6441,18,11,26-09-2023 08:00,LOSS
6442,17,16,26-09-2023 09:00,LOSS
6443,1,6,26-09-2023 10:00,WIN
6444,11,15,26-09-2023 11:00,LOSS
6445,20,14,26-09-2023 12:00,WIN
6446,5,16,26-09-2023 13:00,LOSS
6447,13,14,26-09-2023 14:00,LOSS
6448,8,4,26-09-2023 15:00,WIN
6449,18,10,26-09-2023 16:00,LOSS
6450,13,15,26-09-2023 17:00,WIN
6451,9,9,26-09-2023 18:00,LOSS
6452,11,14,26-09-2023 19:00,WIN
6453,6,19,26-09-2023 20:00,WIN
6454,11,13,26-09-2023 21:00,WIN
6455,15,19,26-09-2023 22:00,LOSS
6456,14,5,26-09-2023 23:00,LOSS
6457,8,7,27-09-2023 00:00,LOSS
6458,18,20,27-09-2023 01:00,WIN
6459,1,3,27-09-2023 02:00,LOSS
6460,9,7,27-09-2023 03:00,WIN
6461,7,14,27-09-2023 04:00,WIN
6462,15,5,27-09-2023 05:00,LOSS
6463,15,16,27-09-2023 06:00,WIN
6464,9,20,27-09-2023 07:00,LOSS
6465,5,1,27-09-2023 08:00,WIN
6466,7,15,27-09-2023 09:00,LOSS
6467,12,12,27-09-2023 10:00,LOSS
6468,6,14,27-09-2023 11:00,WIN
6469,10,16,27-09-2023 12:00,LOSS
6470,15,16,27-09-2023 13:00,LOSS
6471,4,4,27-09-2023 14:00,WIN
6472,15,2,27-09-2023 15:00,LOSS
6473,18,7,27-09-2023 16:00,WIN
6474,3,5,27-09-2023 17:00,WIN
6475,15,7,27-09-2023 18:00,WIN
6476,20,2,27-09-2023 19:00,WIN
6477,5,12,27-09-2023 20:00,LOSS
6478,2,1,27-09-2023 21:00,LOSS
6479,15,3,27-09-2023 22:00,LOSS
6480,8,1,27-09-2023 23:00,LOSS
6481,5,3,28-09-2023 00:00,LOSS
6482,9,16,28-09-2023 01:00,LOSS
6483,7,19,28-09-2023 02:00,WIN
6484,4,8,28-09-2023 03:00,WIN
6485,19,19,28-09-2023 04:00,LOSS
6486,8,5,28-09-2023 05:00,LOSS
6487,14,1,28-09-2023 06:00,LOSS
6488,9,13,28-09-2023 07:00,WIN
6489,5,5,28-09-2023 08:00,LOSS
6490,6,20,28-09-2023 09:00,WIN
6491,10,19,28-09-2023 10:00,WIN
6492,13,7,28-09-2023 11:00,LOSS
6493,10,13,28-09-2023 12:00,WIN
6494,13,14,28-09-2023 13:00,WIN
6495,3,18,28-09-2023 14:00,WIN
6496,12,14,28-09-2023 15:00,WIN
6497,4,13,28-09-2023 16:00,LOSS
6498,11,8,28-09-2023 17:00,WIN
6499,9,20,28-09-2023 18:00,LOSS
6500,6,18,28-09-2023 19:00,LOSS
6501,12,14,28-09-2023 20:00,WIN
6502,14,2,28-09-2023 21:00,LOSS
6503,9,11,28-09-2023 22:00,WIN
6504,8,15,28-09-2023 23:00,WIN
6505,9,10,29-09-2023 00:00,LOSS
6506,13,17,29-09-2023 01:00,WIN
6507,11,11,29-09-2023 02:00,WIN
6508,9,8,29-09-2023 03:00,LOSS
6509,20,2,29-09-2023 04:00,LOSS
6510,8,3,29-09-2023 05:00,WIN
6511,10,7,29-09-2023 06:00,LOSS
6512,9,14,29-09-2023 07:00,WIN
6513,4,12,29-09-2023 08:00,LOSS
6514,10,5,29-09-2023 09:00,WIN
6515,17,5,29-09-2023 10:00,LOSS
6516,19,7,29-09-2023 11:00,LOSS
6517,10,1,29-09-2023 12:00,LOSS
6518,18,17,29-09-2023 13:00,WIN
6519,16,19,29-09-2023 14:00,LOSS
6520,4,8,29-09-2023 15:00,LOSS
6521,9,12,29-09-2023 16:00,WIN
6522,9,3,29-09-2023 17:00,WIN
6523,2,12,29-09-2023 18:00,LOSS
6524,19,8,29-09-2023 19:00,LOSS
6525,8,4,29-09-2023 20:00,WIN
6526,19,7,29-09-2023 21:00,WIN
6527,4,14,29-09-2023 22:00,WIN
6528,11,2,29-09-2023 23:00,LOSS
6529,3,5,30-09-2023 00:00,LOSS
6530,18,12,30-09-2023 01:00,LOSS
6531,17,5,30-09-2023 02:00,LOSS
6532,19,13,30-09-2023 03:00,LOSS
6533,9,2,30-09-2023 04:00,LOSS
6534,16,10,30-09-2023 05:00,WIN
6535,8,12,30-09-2023 06:00,LOSS
6536,9,16,30-09-2023 07:00,LOSS
6537,5,17,30-09-2023 08:00,LOSS
6538,5,15,30-09-2023 09:00,WIN
6539,14,1,30-09-2023 10:00,LOSS
6540,14,3,30-09-2023 11:00,WIN
6541,5,12,30-09-2023 12:00,LOSS
6542,4,10,30-09-2023 13:00,WIN
6543,17,9,30-09-2023 14:00,WIN
6544,6,4,30-09-2023 15:00,LOSS
6545,7,2,30-09-2023 16:00,LOSS
6546,14,1,30-09-2023 17:00,LOSS
6547,15,10,30-09-2023 18:00,LOSS
6548,6,13,30-09-2023 19:00,WIN
6549,10,7,30-09-2023 20:00,LOSS
6550,8,18,30-09-2023 21:00,LOSS
6551,8,15,30-09-2023 22:00,LOSS
6552,5,8,30-09-2023 23:00,LOSS
6553,16,18,01-10-2023 00:00,LOSS
6554,20,18,01-10-2023 01:00,LOSS
6555,11,13,01-10-2023 02:00,WIN
6556,7,16,01-10-2023 03:00,WIN
6557,2,10,01-10-2023 04:00,WIN
6558,7,12,01-10-2023 05:00,LOSS
6559,6,8,01-10-2023 06:00,LOSS
6560,19,1,01-10-2023 07:00,LOSS
6561,18,9,01-10-2023 08:00,LOSS
6562,1,20,01-10-2023 09:00,WIN
6563,18,6,01-10-2023 10:00,WIN
6564,12,18,01-10-2023 11:00,WIN
6565,17,5,01-10-2023 12:00,LOSS
6566,8,17,01-10-2023 13:00,LOSS
6567,20,12,01-10-2023 14:00,WIN
6568,3,5,01-10-2023 15:00,WIN
6569,10,12,01-10-2023 16:00,LOSS
6570,16,5,01-10-2023 17:00,WIN
6571,18,7,01-10-2023 18:00,WIN
6572,1,12,01-10-2023 19:00,WIN
6573,8,1,01-10-2023 20:00,WIN
6574,19,11,01-10-2023 21:00,WIN
6575,3,1,01-10-2023 22:00,LOSS
6576,16,15,01-10-2023 23:00,WIN
6577,16,2,02-10-2023 00:00,LOSS
6578,16,20,02-10-2023 01:00,LOSS
6579,12,17,02-10-2023 02:00,WIN
6580,9,1,02-10-2023 03:00,WIN
6581,18,20,02-10-2023 04:00,LOSS
6582,11,11,02-10-2023 05:00,WIN
6583,20,13,02-10-2023 06:00,LOSS
6584,11,4,02-10-2023 07:00,WIN
6585,20,4,02-10-2023 08:00,LOSS
6586,12,8,02-10-2023 09:00,WIN
6587,18,4,02-10-2023 10:00,LOSS
6588,2,15,02-10-2023 11:00,LOSS
6589,4,11,02-10-2023 12:00,LOSS
6590,4,12,02-10-2023 13:00,LOSS
6591,14,2,02-10-2023 14:00,WIN
6592,13,10,02-10-2023 15:00,WIN
6593,9,9,02-10-2023 16:00,WIN
6594,15,7,02-10-2023 17:00,LOSS
6595,10,13,02-10-2023 18:00,LOSS
6596,5,12,02-10-2023 19:00,WIN
6597,4,17,02-10-2023 20:00,LOSS
6598,18,4,02-10-2023 21:00,LOSS
6599,4,7,02-10-2023 22:00,WIN
6600,16,9,02-10-2023 23:00,LOSS
6601,11,20,03-10-2023 00:00,LOSS
6602,7,7,03-10-2023 01:00,LOSS
6603,1,8,03-10-2023 02:00,LOSS
6604,3,3,03-10-2023 03:00,LOSS
6605,16,15,03-10-2023 04:00,WIN
6606,4,15,03-10-2023 05:00,LOSS
6607,3,12,03-10-2023 06:00,WIN
6608,20,16,03-10-2023 07:00,LOSS
6609,1,16,03-10-2023 08:00,LOSS
6610,1,7,03-10-2023 09:00,LOSS
6611,10,6,03-10-2023 10:00,WIN
6612,12,18,03-10-2023 11:00,WIN
6613,3,12,03-10-2023 12:00,WIN
6614,13,10,03-10-2023 13:00,WIN
6615,6,9,03-10-2023 14:00,LOSS
6616,20,13,03-10-2023 15:00,LOSS
6617,10,19,03-10-2023 16:00,WIN
6618,6,5,03-10-2023 17:00,LOSS
6619,1,8,03-10-2023 18:00,WIN
6620,15,2,03-10-2023 19:00,WIN
6621,14,10,03-10-2023 20:00,WIN
6622,12,4,03-10-2023 21:00,LOSS
6623,10,10,03-10-2023 22:00,LOSS
6624,9,14,03-10-2023 23:00,LOSS
6625,15,9,04-10-2023 00:00,WIN
6626,14,14,04-10-2023 01:00,WIN
6627,10,10,04-10-2023 02:00,LOSS
6628,1,8,04-10-2023 03:00,WIN
6629,20,6,04-10-2023 04:00,LOSS
6630,2,5,04-10-2023 05:00,WIN
6631,2,17,04-10-2023 06:00,WIN
6632,2,5,04-10-2023 07:00,LOSS
6633,2,19,04-10-2023 08:00,WIN
6634,8,17,04-10-2023 09:00,WIN
6635,18,20,04-10-2023 10:00,WIN
6636,13,10,04-10-2023 11:00,WIN
6637,17,18,04-10-2023 12:00,WIN
6638,8,20,04-10-2023 13:00,LOSS
6639,10,16,04-10-2023 14:00,WIN
6640,14,11,04-10-2023 15:00,WIN
6641,19,15,04-10-2023 16:00,LOSS
6642,19,11,04-10-2023 17:00,WIN
6643,5,20,04-10-2023 18:00,WIN
6644,18,8,04-10-2023 19:00,LOSS
6645,10,7,04-10-2023 20:00,LOSS
6646,16,1,04-10-2023 21:00,WIN
6647,18,15,04-10-2023 22:00,LOSS
6648,9,3,04-10-2023 23:00,LOSS
6649,10,8,05-10-2023 00:00,WIN
6650,12,12,05-10-2023 01:00,LOSS
6651,5,16,05-10-2023 02:00,LOSS
6652,15,19,05-10-2023 03:00,LOSS
6653,7,10,05-10-2023 04:00,WIN
6654,20,10,05-10-2023 05:00,LOSS
6655,7,18,05-10-2023 06:00,WIN
6656,3,2,05-10-2023 07:00,WIN
6657,3,19,05-10-2023 08:00,WIN
6658,7,19,05-10-2023 09:00,WIN
6659,1,2,05-10-2023 10:00,LOSS
6660,18,2,05-10-2023 11:00,WIN
6661,1,8,05-10-2023 12:00,WIN
6662,6,13,05-10-2023 13:00,LOSS
6663,20,9,05-10-2023 14:00,WIN
6664,7,7,05-10-2023 15:00,LOSS
6665,12,5,05-10-2023 16:00,WIN
6666,3,8,05-10-2023 17:00,WIN
6667,2,8,05-10-2023 18:00,LOSS
6668,15,3,05-10-2023 19:00,WIN
6669,20,10,05-10-2023 20:00,WIN
6670,4,8,05-10-2023 21:00,WIN
6671,20,13,05-10-2023 22:00,WIN
6672,19,19,05-10-2023 23:00,WIN
6673,11,20,06-10-2023 00:00,WIN
6674,20,15,06-10-2023 01:00,LOSS
6675,5,6,06-10-2023 02:00,LOSS
6676,20,14,06-10-2023 03:00,WIN
6677,12,10,06-10-2023 04:00,WIN
6678,16,19,06-10-2023 05:00,WIN
6679,10,11,06-10-2023 06:00,WIN
6680,6,14,06-10-2023 07:00,WIN
6681,12,19,06-10-2023 08:00,WIN
6682,7,5,06-10-2023 09:00,WIN
6683,10,11,06-10-2023 10:00,LOSS
6684,16,19,06-10-2023 11:00,WIN
6685,3,1,06-10-2023 12:00,WIN
6686,16,2,06-10-2023 13:00,WIN
6687,12,18,06-10-2023 14:00,LOSS
6688,8,14,06-10-2023 15:00,LOSS
6689,5,10,06-10-2023 16:00,LOSS
6690,17,6,06-10-2023 17:00,WIN
6691,20,15,06-10-2023 18:00,LOSS
6692,20,2,06-10-2023 19:00,LOSS
6693,14,6,06-10-2023 20:00,LOSS
6694,9,13,06-10-2023 21:00,WIN
6695,19,8,06-10-2023 22:00,LOSS
6696,12,15,06-10-2023 23:00,LOSS
6697,11,16,07-10-2023 00:00,WIN
6698,1,10,07-10-2023 01:00,WIN
6699,11,14,07-10-2023 02:00,WIN
6700,8,3,07-10-2023 03:00,LOSS
6701,20,8,07-10-2023 04:00,LOSS
6702,4,1,07-10-2023 05:00,LOSS
6703,4,7,07-10-2023 06:00,LOSS
6704,11,4,07-10-2023 07:00,LOSS
6705,19,11,07-10-2023 08:00,WIN
6706,4,13,07-10-2023 09:00,WIN
6707,6,10,07-10-2023 10:00,LOSS
6708,9,13,07-10-2023 11:00,WIN
6709,11,3,07-10-2023 12:00,LOSS
6710,12,18,07-10-2023 13:00,LOSS
6711,18,7,07-10-2023 14:00,WIN
6712,20,8,07-10-2023 15:00,LOSS
6713,9,20,07-10-2023 16:00,WIN
6714,15,2,07-10-2023 17:00,LOSS
6715,17,9,07-10-2023 18:00,WIN
6716,9,3,07-10-2023 19:00,WIN
6717,13,3,07-10-2023 20:00,LOSS
6718,2,13,07-10-2023 21:00,WIN
6719,17,1,07-10-2023 22:00,LOSS
6720,18,4,07-10-2023 23:00,LOSS
6721,6,10,08-10-2023 00:00,LOSS
6722,2,4,08-10-2023 01:00,LOSS
6723,1,18,08-10-2023 02:00,WIN
6724,5,13,08-10-2023 03:00,WIN
6725,14,8,08-10-2023 04:00,LOSS
6726,18,1,08-10-2023 05:00,LOSS
6727,4,16,08-10-2023 06:00,LOSS
6728,14,6,08-10-2023 07:00,WIN
6729,15,12,08-10-2023 08:00,WIN
6730,8,16,08-10-2023 09:00,LOSS
6731,2,11,08-10-2023 10:00,WIN
6732,17,11,08-10-2023 11:00,WIN
6733,17,19,08-10-2023 12:00,WIN
6734,20,12,08-10-2023 13:00,LOSS
6735,6,5,08-10-2023 14:00,LOSS
6736,6,10,08-10-2023 15:00,WIN
6737,19,2,08-10-2023 16:00,WIN
6738,1,12,08-10-2023 17:00,WIN
6739,6,14,08-10-2023 18:00,WIN
6740,5,15,08-10-2023 19:00,WIN
6741,4,3,08-10-2023 20:00,LOSS
6742,13,15,08-10-2023 21:00,WIN
6743,20,17,08-10-2023 22:00,LOSS
6744,17,3,08-10-2023 23:00,LOSS
6745,13,9,09-10-2023 00:00,WIN
6746,16,7,09-10-2023 01:00,LOSS
6747,13,20,09-10-2023 02:00,WIN
6748,1,12,09-10-2023 03:00,WIN
6749,10,7,09-10-2023 04:00,WIN
6750,18,18,09-10-2023 05:00,WIN
6751,17,2,09-10-2023 06:00,LOSS
6752,17,16,09-10-2023 07:00,WIN
6753,10,11,09-10-2023 08:00,LOSS
6754,20,19,09-10-2023 09:00,WIN
6755,2,6,09-10-2023 10:00,WIN
6756,10,20,09-10-2023 11:00,WIN
6757,20,7,09-10-2023 12:00,LOSS
6758,6,13,09-10-2023 13:00,WIN
6759,3,6,09-10-2023 14:00,LOSS
6760,10,8,09-10-2023 15:00,LOSS
6761,19,5,09-10-2023 16:00,WIN
6762,17,1,09-10-2023 17:00,WIN
6763,12,20,09-10-2023 18:00,WIN
6764,12,2,09-10-2023 19:00,WIN
6765,6,6,09-10-2023 20:00,LOSS
6766,12,9,09-10-2023 21:00,LOSS
6767,20,9,09-10-2023 22:00,LOSS
6768,6,6,09-10-2023 23:00,WIN
6769,3,9,10-10-2023 00:00,WIN
6770,3,5,10-10-2023 01:00,WIN
6771,9,16,10-10-2023 02:00,WIN
6772,1,3,10-10-2023 03:00,LOSS
6773,4,12,10-10-2023 04:00,LOSS
6774,12,12,10-10-2023 05:00,WIN
6775,5,19,10-10-2023 06:00,WIN
6776,18,9,10-10-2023 07:00,LOSS
6777,16,19,10-10-2023 08:00,LOSS
6778,10,19,10-10-2023 09:00,LOSS
6779,12,17,10-10-2023 10:00,LOSS
6780,11,1,10-10-2023 11:00,WIN
6781,19,2,10-10-2023 12:00,WIN
6782,5,18,10-10-2023 13:00,WIN
6783,3,2,10-10-2023 14:00,LOSS
6784,19,6,10-10-2023 15:00,WIN
6785,6,20,10-10-2023 16:00,WIN
6786,17,19,10-10-2023 17:00,WIN
6787,13,2,10-10-2023 18:00,WIN
6788,7,18,10-10-2023 19:00,LOSS
6789,19,16,10-10-2023 20:00,LOSS
6790,19,13,10-10-2023 21:00,WIN
6791,12,15,10-10-2023 22:00,WIN
6792,11,2,10-10-2023 23:00,LOSS
6793,17,13,11-10-2023 00:00,WIN
6794,17,6,11-10-2023 01:00,WIN
6795,18,7,11-10-2023 02:00,WIN
6796,15,19,11-10-2023 03:00,LOSS
6797,6,2,11-10-2023 04:00,WIN
6798,8,5,11-10-2023 05:00,LOSS
6799,11,14,11-10-2023 06:00,WIN
6800,13,15,11-10-2023 07:00,WIN
6801,17,2,11-10-2023 08:00,WIN
6802,17,6,11-10-2023 09:00,WIN
6803,18,12,11-10-2023 10:00,LOSS
6804,16,8,11-10-2023 11:00,WIN
6805,16,11,11-10-2023 12:00,WIN
6806,4,5,11-10-2023 13:00,LOSS
6807,17,5,11-10-2023 14:00,LOSS
6808,8,20,11-10-2023 15:00,LOSS
6809,20,12,11-10-2023 16:00,LOSS
6810,7,16,11-10-2023 17:00,WIN
6811,8,5,11-10-2023 18:00,WIN
6812,1,18,11-10-2023 19:00,WIN
6813,2,2,11-10-2023 20:00,WIN
6814,13,8,11-10-2023 21:00,WIN
6815,2,14,11-10-2023 22:00,WIN
6816,5,3,11-10-2023 23:00,LOSS
6817,5,15,12-10-2023 00:00,LOSS
6818,6,17,12-10-2023 01:00,WIN
6819,18,13,12-10-2023 02:00,WIN
6820,16,15,12-10-2023 03:00,LOSS
6821,17,2,12-10-2023 04:00,LOSS
6822,9,17,12-10-2023 05:00,WIN
6823,8,1,12-10-2023 06:00,LOSS
6824,8,1,12-10-2023 07:00,LOSS
6825,2,15,12-10-2023 08:00,LOSS
6826,9,7,12-10-2023 09:00,LOSS
6827,6,15,12-10-2023 10:00,LOSS
6828,19,20,12-10-2023 11:00,LOSS
6829,1,20,12-10-2023 12:00,WIN
6830,19,7,12-10-2023 13:00,WIN
6831,1,4,12-10-2023 14:00,LOSS
6832,13,11,12-10-2023 15:00,LOSS
6833,7,12,12-10-2023 16:00,WIN
6834,13,13,12-10-2023 17:00,LOSS
6835,18,5,12-10-2023 18:00,LOSS
6836,2,11,12-10-2023 19:00,LOSS
6837,3,6,12-10-2023 20:00,LOSS
6838,6,5,12-10-2023 21:00,LOSS
6839,13,13,12-10-2023 22:00,WIN
6840,20,7,12-10-2023 23:00,WIN
6841,9,11,13-10-2023 00:00,LOSS
6842,3,15,13-10-2023 01:00,LOSS
6843,15,6,13-10-2023 02:00,LOSS
6844,4,6,13-10-2023 03:00,LOSS
6845,17,11,13-10-2023 04:00,LOSS
6846,17,16,13-10-2023 05:00,LOSS
6847,13,13,13-10-2023 06:00,WIN
6848,11,3,13-10-2023 07:00,WIN
6849,8,18,13-10-2023 08:00,WIN
6850,3,19,13-10-2023 09:00,WIN
6851,18,16,13-10-2023 10:00,WIN
6852,1,3,13-10-2023 11:00,WIN
6853,8,19,13-10-2023 12:00,LOSS
6854,9,14,13-10-2023 13:00,WIN
6855,17,18,13-10-2023 14:00,WIN
6856,8,13,13-10-2023 15:00,LOSS
6857,11,12,13-10-2023 16:00,WIN
6858,1,3,13-10-2023 17:00,WIN
6859,2,5,13-10-2023 18:00,LOSS
6860,15,1,13-10-2023 19:00,LOSS
6861,17,13,13-10-2023 20:00,WIN
6862,15,15,13-10-2023 21:00,LOSS
6863,18,6,13-10-2023 22:00,LOSS
6864,12,10,13-10-2023 23:00,WIN
6865,14,14,14-10-2023 00:00,LOSS
6866,12,16,14-10-2023 01:00,LOSS
6867,2,15,14-10-2023 02:00,LOSS
6868,16,4,14-10-2023 03:00,WIN
6869,19,1,14-10-2023 04:00,WIN
6870,1,5,14-10-2023 05:00,WIN
6871,2,17,14-10-2023 06:00,LOSS
6872,12,3,14-10-2023 07:00,WIN
6873,4,10,14-10-2023 08:00,LOSS
6874,7,14,14-10-2023 09:00,LOSS
6875,17,9,14-10-2023 10:00,LOSS
6876,5,16,14-10-2023 11:00,LOSS
6877,2,18,14-10-2023 12:00,LOSS
6878,13,11,14-10-2023 13:00,WIN
6879,8,5,14-10-2023 14:00,LOSS
6880,18,13,14-10-2023 15:00,WIN
6881,4,12,14-10-2023 16:00,LOSS
6882,6,10,14-10-2023 17:00,WIN
6883,9,11,14-10-2023 18:00,LOSS
6884,10,16,14-10-2023 19:00,LOSS
6885,4,6,14-10-2023 20:00,LOSS
6886,4,3,14-10-2023 21:00,LOSS
6887,7,3,14-10-2023 22:00,LOSS
6888,14,20,14-10-2023 23:00,WIN
6889,12,18,15-10-2023 00:00,LOSS
6890,15,11,15-10-2023 01:00,LOSS
6891,17,2,15-10-2023 02:00,WIN
6892,13,3,15-10-2023 03:00,LOSS
6893,1,13,15-10-2023 04:00,LOSS
6894,13,13,15-10-2023 05:00,WIN
6895,16,8,15-10-2023 06:00,LOSS
6896,13,5,15-10-2023 07:00,WIN
6897,9,5,15-10-2023 08:00,WIN
6898,18,18,15-10-2023 09:00,WIN
6899,16,11,15-10-2023 10:00,LOSS
6900,20,16,15-10-2023 11:00,WIN
6901,12,17,15-10-2023 12:00,WIN
6902,8,4,15-10-2023 13:00,LOSS
6903,1,8,15-10-2023 14:00,LOSS
6904,13,9,15-10-2023 15:00,WIN
6905,19,15,15-10-2023 16:00,LOSS
6906,13,6,15-10-2023 17:00,LOSS
6907,3,4,15-10-2023 18:00,LOSS
6908,1,15,15-10-2023 19:00,WIN
6909,14,7,15-10-2023 20:00,LOSS
6910,1,11,15-10-2023 21:00,LOSS
6911,5,1,15-10-2023 22:00,LOSS
6912,5,17,15-10-2023 23:00,WIN
6913,11,17,16-10-2023 00:00,LOSS
6914,19,18,16-10-2023 01:00,WIN
6915,12,4,16-10-2023 02:00,LOSS
6916,8,14,16-10-2023 03:00,LOSS
6917,10,11,16-10-2023 04:00,LOSS
6918,18,17,16-10-2023 05:00,WIN
6919,9,10,16-10-2023 06:00,LOSS
6920,11,19,16-10-2023 07:00,WIN
6921,5,16,16-10-2023 08:00,LOSS
6922,13,19,16-10-2023 09:00,LOSS
6923,13,20,16-10-2023 10:00,WIN
6924,4,14,16-10-2023 11:00,LOSS
6925,17,15,16-10-2023 12:00,WIN
6926,14,11,16-10-2023 13:00,LOSS
6927,9,19,16-10-2023 14:00,LOSS
6928,2,8,16-10-2023 15:00,WIN
6929,4,5,16-10-2023 16:00,WIN
6930,11,12,16-10-2023 17:00,LOSS
6931,10,14,16-10-2023 18:00,LOSS
6932,5,16,16-10-2023 19:00,LOSS
6933,16,8,16-10-2023 20:00,WIN
6934,6,12,16-10-2023 21:00,LOSS
6935,5,16,16-10-2023 22:00,WIN
6936,13,7,16-10-2023 23:00,LOSS
6937,9,8,17-10-2023 00:00,LOSS
6938,10,18,17-10-2023 01:00,WIN
6939,2,6,17-10-2023 02:00,LOSS
6940,15,6,17-10-2023 03:00,WIN
6941,12,14,17-10-2023 04:00,LOSS
6942,12,14,17-10-2023 05:00,WIN
6943,3,7,17-10-2023 06:00,WIN
6944,15,4,17-10-2023 07:00,WIN
6945,19,19,17-10-2023 08:00,WIN
6946,13,19,17-10-2023 09:00,WIN
6947,3,11,17-10-2023 10:00,LOSS
6948,13,15,17-10-2023 11:00,LOSS
6949,5,16,17-10-2023 12:00,WIN
6950,11,3,17-10-2023 13:00,LOSS
6951,17,1,17-10-2023 14:00,WIN
6952,19,7,17-10-2023 15:00,LOSS
6953,20,8,17-10-2023 16:00,WIN
6954,12,11,17-10-2023 17:00,WIN
6955,5,5,17-10-2023 18:00,LOSS
6956,17,10,17-10-2023 19:00,LOSS
6957,19,20,17-10-2023 20:00,LOSS
6958,11,16,17-10-2023 21:00,LOSS
6959,2,1,17-10-2023 22:00,WIN
6960,6,10,17-10-2023 23:00,LOSS
6961,3,20,18-10-2023 00:00,WIN
6962,15,4,18-10-2023 01:00,LOSS
6963,18,20,18-10-2023 02:00,LOSS
6964,17,15,18-10-2023 03:00,WIN
6965,15,6,18-10-2023 04:00,LOSS
6966,2,15,18-10-2023 05:00,WIN
6967,5,15,18-10-2023 06:00,WIN
6968,5,17,18-10-2023 07:00,LOSS
6969,9,20,18-10-2023 08:00,WIN
6970,6,17,18-10-2023 09:00,LOSS
6971,19,17,18-10-2023 10:00,LOSS
6972,10,12,18-10-2023 11:00,WIN
6973,19,11,18-10-2023 12:00,WIN
6974,19,16,18-10-2023 13:00,WIN
6975,16,13,18-10-2023 14:00,WIN
6976,12,17,18-10-2023 15:00,LOSS
6977,9,9,18-10-2023 16:00,LOSS
6978,3,1,18-10-2023 17:00,LOSS
6979,17,18,18-10-2023 18:00,LOSS
6980,10,3,18-10-2023 19:00,WIN
6981,18,11,18-10-2023 20:00,WIN
6982,7,11,18-10-2023 21:00,LOSS
6983,7,15,18-10-2023 22:00,LOSS
6984,9,3,18-10-2023 23:00,LOSS
6985,16,7,19-10-2023 00:00,WIN
6986,11,1,19-10-2023 01:00,LOSS
6987,9,16,19-10-2023 02:00,WIN
6988,1,10,19-10-2023 03:00,LOSS
6989,12,15,19-10-2023 04:00,WIN
6990,3,5,19-10-2023 05:00,LOSS
6991,20,2,19-10-2023 06:00,WIN
6992,19,5,19-10-2023 07:00,WIN
6993,8,11,19-10-2023 08:00,LOSS
6994,7,5,19-10-2023 09:00,WIN
6995,5,1,19-10-2023 10:00,LOSS
6996,5,10,19-10-2023 11:00,WIN
6997,20,2,19-10-2023 12:00,WIN
6998,5,19,19-10-2023 13:00,LOSS
6999,12,11,19-10-2023 14:00,WIN
7000,20,18,19-10-2023 15:00,LOSS
7001,5,3,19-10-2023 16:00,WIN
7002,7,10,19-10-2023 17:00,LOSS
7003,1,7,19-10-2023 18:00,WIN
7004,19,1,19-10-2023 19:00,WIN
7005,2,10,19-10-2023 20:00,WIN
7006,12,5,19-10-2023 21:00,WIN
7007,10,1,19-10-2023 22:00,LOSS
7008,16,17,19-10-2023 23:00,LOSS
7009,11,14,20-10-2023 00:00,LOSS
7010,18,4,20-10-2023 01:00,WIN
7011,12,16,20-10-2023 02:00,LOSS
7012,9,7,20-10-2023 03:00,LOSS
7013,7,1,20-10-2023 04:00,LOSS
7014,7,6,20-10-2023 05:00,LOSS
7015,13,14,20-10-2023 06:00,LOSS
7016,20,4,20-10-2023 07:00,WIN
7017,13,15,20-10-2023 08:00,WIN
7018,20,11,20-10-2023 09:00,WIN
7019,5,18,20-10-2023 10:00,LOSS
7020,14,2,20-10-2023 11:00,LOSS
7021,16,6,20-10-2023 12:00,LOSS
7022,13,16,20-10-2023 13:00,LOSS
7023,12,14,20-10-2023 14:00,LOSS
7024,1,13,20-10-2023 15:00,LOSS
7025,8,12,20-10-2023 16:00,LOSS
7026,8,19,20-10-2023 17:00,LOSS
7027,15,12,20-10-2023 18:00,LOSS
7028,3,2,20-10-2023 19:00,WIN
7029,8,9,20-10-2023 20:00,LOSS
7030,18,9,20-10-2023 21:00,WIN
7031,7,16,20-10-2023 22:00,LOSS
7032,12,8,20-10-2023 23:00,WIN
7033,15,5,21-10-2023 00:00,WIN
7034,8,10,21-10-2023 01:00,LOSS
7035,16,6,21-10-2023 02:00,LOSS
7036,5,4,21-10-2023 03:00,LOSS
7037,5,1,21-10-2023 04:00,WIN
7038,9,9,21-10-2023 05:00,LOSS
7039,13,8,21-10-2023 06:00,LOSS
7040,15,3,21-10-2023 07:00,WIN
7041,8,1,21-10-2023 08:00,WIN
7042,12,13,21-10-2023 09:00,WIN
7043,20,18,21-10-2023 10:00,WIN
7044,9,12,21-10-2023 11:00,WIN
7045,15,11,21-10-2023 12:00,WIN
7046,15,15,21-10-2023 13:00,LOSS
7047,13,18,21-10-2023 14:00,LOSS
7048,15,12,21-10-2023 15:00,WIN
7049,5,5,21-10-2023 16:00,LOSS
7050,10,5,21-10-2023 17:00,WIN
7051,12,16,21-10-2023 18:00,LOSS
7052,17,17,21-10-2023 19:00,LOSS
7053,9,19,21-10-2023 20:00,LOSS
7054,5,7,21-10-2023 21:00,WIN
7055,9,7,21-10-2023 22:00,LOSS
7056,5,18,21-10-2023 23:00,LOSS
7057,14,3,22-10-2023 00:00,WIN
7058,7,10,22-10-2023 01:00,LOSS
7059,9,18,22-10-2023 02:00,LOSS
7060,12,12,22-10-2023 03:00,WIN
7061,5,5,22-10-2023 04:00,WIN
7062,7,6,22-10-2023 05:00,WIN
7063,5,13,22-10-2023 06:00,LOSS
7064,20,3,22-10-2023 07:00,WIN
7065,17,6,22-10-2023 08:00,WIN
7066,11,9,22-10-2023 09:00,WIN
7067,5,3,22-10-2023 10:00,LOSS
7068,4,2,22-10-2023 11:00,LOSS
7069,1,17,22-10-2023 12:00,WIN
7070,1,17,22-10-2023 13:00,LOSS
7071,14,11,22-10-2023 14:00,LOSS
7072,9,8,22-10-2023 15:00,LOSS
7073,1,2,22-10-2023 16:00,LOSS
7074,8,17,22-10-2023 17:00,WIN
7075,13,9,22-10-2023 18:00,LOSS
7076,9,20,22-10-2023 19:00,LOSS
7077,15,13,22-10-2023 20:00,LOSS
7078,11,4,22-10-2023 21:00,LOSS
7079,4,4,22-10-2023 22:00,WIN
7080,8,8,22-10-2023 23:00,WIN
7081,13,9,23-10-2023 00:00,LOSS
7082,17,3,23-10-2023 01:00,LOSS
7083,4,7,23-10-2023 02:00,WIN
7084,10,18,23-10-2023 03:00,WIN
7085,2,13,23-10-2023 04:00,WIN
7086,15,2,23-10-2023 05:00,WIN
7087,20,14,23-10-2023 06:00,LOSS
7088,18,14,23-10-2023 07:00,WIN
7089,14,17,23-10-2023 08:00,LOSS
7090,3,2,23-10-2023 09:00,LOSS
7091,1,19,23-10-2023 10:00,WIN
7092,3,10,23-10-2023 11:00,WIN
7093,13,19,23-10-2023 12:00,WIN
7094,8,19,23-10-2023 13:00,WIN
7095,17,13,23-10-2023 14:00,WIN
7096,16,16,23-10-2023 15:00,WIN
7097,16,20,23-10-2023 16:00,WIN
7098,12,12,23-10-2023 17:00,LOSS
7099,19,4,23-10-2023 18:00,WIN
7100,16,12,23-10-2023 19:00,WIN
7101,15,13,23-10-2023 20:00,WIN
7102,9,2,23-10-2023 21:00,LOSS
7103,16,2,23-10-2023 22:00,LOSS
7104,2,9,23-10-2023 23:00,WIN
7105,10,18,24-10-2023 00:00,LOSS
7106,12,16,24-10-2023 01:00,LOSS
7107,18,14,24-10-2023 02:00,WIN
7108,18,1,24-10-2023 03:00,WIN
7109,4,14,24-10-2023 04:00,LOSS
7110,2,7,24-10-2023 05:00,LOSS
7111,7,6,24-10-2023 06:00,WIN
7112,19,20,24-10-2023 07:00,WIN
7113,11,4,24-10-2023 08:00,LOSS
7114,13,11,24-10-2023 09:00,LOSS
7115,20,6,24-10-2023 10:00,LOSS
7116,17,7,24-10-2023 11:00,LOSS
7117,10,18,24-10-2023 12:00,LOSS
7118,16,7,24-10-2023 13:00,WIN
7119,20,13,24-10-2023 14:00,WIN
7120,16,10,24-10-2023 15:00,WIN
7121,20,6,24-10-2023 16:00,LOSS
7122,20,3,24-10-2023 17:00,LOSS
7123,16,1,24-10-2023 18:00,WIN
7124,19,16,24-10-2023 19:00,WIN
7125,13,2,24-10-2023 20:00,LOSS
7126,20,17,24-10-2023 21:00,LOSS
7127,11,20,24-10-2023 22:00,LOSS
7128,12,14,24-10-2023 23:00,LOSS
7129,17,10,25-10-2023 00:00,WIN
7130,15,9,25-10-2023 01:00,WIN
7131,3,12,25-10-2023 02:00,WIN
7132,9,11,25-10-2023 03:00,LOSS
7133,10,16,25-10-2023 04:00,LOSS
7134,12,4,25-10-2023 05:00,WIN
7135,9,11,25-10-2023 06:00,LOSS
7136,5,13,25-10-2023 07:00,WIN
7137,2,8,25-10-2023 08:00,WIN
7138,13,17,25-10-2023 09:00,WIN
7139,11,11,25-10-2023 10:00,LOSS
7140,9,4,25-10-2023 11:00,LOSS
7141,8,20,25-10-2023 12:00,LOSS
7142,15,12,25-10-2023 13:00,WIN
7143,16,12,25-10-2023 14:00,WIN
7144,10,19,25-10-2023 15:00,WIN
7145,2,20,25-10-2023 16:00,LOSS
7146,15,18,25-10-2023 17:00,WIN
7147,18,10,25-10-2023 18:00,LOSS
7148,13,7,25-10-2023 19:00,WIN
7149,5,19,25-10-2023 20:00,WIN
7150,19,6,25-10-2023 21:00,WIN
7151,1,19,25-10-2023 22:00,WIN
7152,3,20,25-10-2023 23:00,LOSS
7153,10,18,26-10-2023 00:00,WIN
7154,15,12,26-10-2023 01:00,WIN
7155,16,11,26-10-2023 02:00,LOSS
7156,4,15,26-10-2023 03:00,LOSS
7157,20,5,26-10-2023 04:00,LOSS
7158,3,10,26-10-2023 05:00,LOSS
7159,5,18,26-10-2023 06:00,LOSS
7160,3,15,26-10-2023 07:00,LOSS
7161,8,13,26-10-2023 08:00,LOSS
7162,6,2,26-10-2023 09:00,WIN
7163,15,2,26-10-2023 10:00,LOSS
7164,6,18,26-10-2023 11:00,WIN
7165,7,3,26-10-2023 12:00,WIN
7166,8,16,26-10-2023 13:00,WIN
7167,16,2,26-10-2023 14:00,LOSS
7168,13,9,26-10-2023 15:00,LOSS
7169,5,10,26-10-2023 16:00,WIN
7170,20,5,26-10-2023 17:00,WIN
7171,2,13,26-10-2023 18:00,LOSS
7172,14,7,26-10-2023 19:00,LOSS
7173,18,2,26-10-2023 20:00,LOSS
7174,18,10,26-10-2023 21:00,LOSS
7175,18,7,26-10-2023 22:00,LOSS
7176,15,5,26-10-2023 23:00,WIN
7177,5,6,27-10-2023 00:00,LOSS
7178,2,9,27-10-2023 01:00,LOSS
7179,11,8,27-10-2023 02:00,LOSS
7180,20,18,27-10-2023 03:00,LOSS
7181,10,1,27-10-2023 04:00,WIN
7182,5,15,27-10-2023 05:00,WIN
7183,2,17,27-10-2023 06:00,WIN
7184,12,18,27-10-2023 07:00,LOSS
7185,17,20,27-10-2023 08:00,WIN
7186,5,18,27-10-2023 09:00,LOSS
7187,18,5,27-10-2023 10:00,WIN
7188,16,7,27-10-2023 11:00,LOSS
7189,8,5,27-10-2023 12:00,LOSS
7190,4,14,27-10-2023 13:00,WIN
7191,4,3,27-10-2023 14:00,LOSS
7192,4,13,27-10-2023 15:00,WIN
7193,17,4,27-10-2023 16:00,WIN
7194,20,17,27-10-2023 17:00,WIN
7195,10,1,27-10-2023 18:00,LOSS
7196,1,13,27-10-2023 19:00,WIN
7197,18,8,27-10-2023 20:00,WIN
7198,15,6,27-10-2023 21:00,LOSS
7199,10,14,27-10-2023 22:00,WIN
7200,16,9,27-10-2023 23:00,LOSS
7201,4,12,28-10-2023 00:00,LOSS
7202,18,1,28-10-2023 01:00,LOSS
7203,11,15,28-10-2023 02:00,WIN
7204,8,7,28-10-2023 03:00,LOSS
7205,1,17,28-10-2023 04:00,WIN
7206,2,12,28-10-2023 05:00,LOSS
7207,17,14,28-10-2023 06:00,WIN
7208,20,13,28-10-2023 07:00,WIN
7209,19,10,28-10-2023 08:00,WIN
7210,10,13,28-10-2023 09:00,WIN
7211,8,7,28-10-2023 10:00,WIN
7212,9,13,28-10-2023 11:00,LOSS
7213,10,7,28-10-2023 12:00,WIN
7214,20,3,28-10-2023 13:00,WIN
7215,5,6,28-10-2023 14:00,LOSS
7216,9,14,28-10-2023 15:00,WIN
7217,11,18,28-10-2023 16:00,WIN
7218,18,16,28-10-2023 17:00,WIN
7219,1,7,28-10-2023 18:00,WIN
7220,16,5,28-10-2023 19:00,WIN
7221,20,18,28-10-2023 20:00,LOSS
7222,10,13,28-10-2023 21:00,LOSS
7223,18,4,28-10-2023 22:00,LOSS
7224,1,11,28-10-2023 23:00,LOSS
7225,6,17,29-10-2023 00:00,LOSS
7226,1,12,29-10-2023 01:00,LOSS
7227,3,5,29-10-2023 02:00,LOSS
7228,13,17,29-10-2023 03:00,LOSS
7229,12,5,29-10-2023 04:00,WIN
7230,14,3,29-10-2023 05:00,WIN
7231,17,13,29-10-2023 06:00,LOSS
7232,16,19,29-10-2023 07:00,WIN
7233,13,13,29-10-2023 08:00,WIN
7234,4,9,29-10-2023 09:00,LOSS
7235,15,16,29-10-2023 10:00,WIN
7236,9,20,29-10-2023 11:00,WIN
7237,17,15,29-10-2023 12:00,WIN
7238,11,8,29-10-2023 13:00,WIN
7239,20,16,29-10-2023 14:00,LOSS
7240,7,17,29-10-2023 15:00,LOSS
7241,7,18,29-10-2023 16:00,WIN
7242,4,19,29-10-2023 17:00,LOSS
7243,8,11,29-10-2023 18:00,LOSS
7244,19,5,29-10-2023 19:00,LOSS
7245,14,13,29-10-2023 20:00,LOSS
7246,4,15,29-10-2023 21:00,LOSS
7247,17,5,29-10-2023 22:00,LOSS
7248,18,15,29-10-2023 23:00,WIN
7249,15,6,30-10-2023 00:00,LOSS
7250,5,9,30-10-2023 01:00,WIN
7251,15,15,30-10-2023 02:00,LOSS
7252,4,12,30-10-2023 03:00,LOSS
7253,4,13,30-10-2023 04:00,LOSS
7254,12,6,30-10-2023 05:00,LOSS
7255,18,7,30-10-2023 06:00,WIN
7256,19,16,30-10-2023 07:00,LOSS
7257,18,19,30-10-2023 08:00,WIN
7258,1,1,30-10-2023 09:00,WIN
7259,4,18,30-10-2023 10:00,LOSS
7260,15,4,30-10-2023 11:00,WIN
7261,6,9,30-10-2023 12:00,LOSS
7262,2,1,30-10-2023 13:00,WIN
7263,2,13,30-10-2023 14:00,WIN
7264,2,6,30-10-2023 15:00,LOSS
7265,11,20,30-10-2023 16:00,LOSS
7266,8,6,30-10-2023 17:00,LOSS
7267,17,2,30-10-2023 18:00,WIN
7268,12,18,30-10-2023 19:00,WIN
7269,4,7,30-10-2023 20:00,LOSS
7270,1,5,30-10-2023 21:00,WIN
7271,10,16,30-10-2023 22:00,WIN
7272,7,14,30-10-2023 23:00,LOSS
7273,16,14,31-10-2023 00:00,WIN
7274,17,4,31-10-2023 01:00,WIN
7275,6,14,31-10-2023 02:00,WIN
7276,1,1,31-10-2023 03:00,WIN
7277,11,1,31-10-2023 04:00,LOSS
7278,13,8,31-10-2023 05:00,LOSS
7279,13,1,31-10-2023 06:00,WIN
7280,9,20,31-10-2023 07:00,WIN
7281,3,6,31-10-2023 08:00,WIN
7282,2,1,31-10-2023 09:00,WIN
7283,1,9,31-10-2023 10:00,LOSS
7284,7,1,31-10-2023 11:00,LOSS
7285,20,18,31-10-2023 12:00,WIN
7286,10,5,31-10-2023 13:00,WIN
7287,2,19,31-10-2023 14:00,LOSS
7288,4,1,31-10-2023 15:00,WIN
7289,16,5,31-10-2023 16:00,WIN
7290,8,12,31-10-2023 17:00,LOSS
7291,12,1,31-10-2023 18:00,LOSS
7292,5,6,31-10-2023 19:00,LOSS
7293,20,17,31-10-2023 20:00,WIN
7294,3,8,31-10-2023 21:00,WIN
7295,1,5,31-10-2023 22:00,WIN
7296,14,3,31-10-2023 23:00,WIN
7297,19,15,01-11-2023 00:00,WIN
7298,16,8,01-11-2023 01:00,LOSS
7299,9,3,01-11-2023 02:00,LOSS
7300,5,16,01-11-2023 03:00,WIN
7301,4,7,01-11-2023 04:00,WIN
7302,6,17,01-11-2023 05:00,LOSS
7303,12,19,01-11-2023 06:00,LOSS
7304,14,3,01-11-2023 07:00,WIN
7305,14,7,01-11-2023 08:00,WIN
7306,6,19,01-11-2023 09:00,LOSS
7307,5,3,01-11-2023 10:00,WIN
7308,2,18,01-11-2023 11:00,LOSS
7309,3,17,01-11-2023 12:00,WIN
7310,9,11,01-11-2023 13:00,WIN
7311,7,12,01-11-2023 14:00,LOSS
7312,12,14,01-11-2023 15:00,WIN
7313,18,4,01-11-2023 16:00,LOSS
7314,13,12,01-11-2023 17:00,LOSS
7315,1,12,01-11-2023 18:00,WIN
7316,1,20,01-11-2023 19:00,LOSS
7317,1,10,01-11-2023 20:00,WIN
7318,7,3,01-11-2023 21:00,WIN
7319,9,5,01-11-2023 22:00,WIN
7320,1,20,01-11-2023 23:00,LOSS
7321,15,8,02-11-2023 00:00,LOSS
7322,12,11,02-11-2023 01:00,WIN
7323,4,15,02-11-2023 02:00,LOSS
7324,10,10,02-11-2023 03:00,LOSS
7325,18,1,02-11-2023 04:00,LOSS
7326,19,11,02-11-2023 05:00,WIN
7327,20,13,02-11-2023 06:00,LOSS
7328,5,9,02-11-2023 07:00,LOSS
7329,2,4,02-11-2023 08:00,LOSS
7330,7,15,02-11-2023 09:00,WIN
7331,6,2,02-11-2023 10:00,WIN
7332,16,9,02-11-2023 11:00,LOSS
7333,15,9,02-11-2023 12:00,WIN
7334,9,11,02-11-2023 13:00,WIN
7335,7,20,02-11-2023 14:00,WIN
7336,10,11,02-11-2023 15:00,WIN
7337,2,7,02-11-2023 16:00,WIN
7338,3,15,02-11-2023 17:00,LOSS
7339,19,3,02-11-2023 18:00,LOSS
7340,3,17,02-11-2023 19:00,WIN
7341,8,4,02-11-2023 20:00,LOSS
7342,5,20,02-11-2023 21:00,LOSS
7343,20,5,02-11-2023 22:00,WIN
7344,12,20,02-11-2023 23:00,LOSS
7345,11,9,03-11-2023 00:00,WIN
7346,4,5,03-11-2023 01:00,LOSS
7347,4,14,03-11-2023 02:00,WIN
7348,1,12,03-11-2023 03:00,WIN
7349,7,18,03-11-2023 04:00,WIN
7350,20,17,03-11-2023 05:00,LOSS
7351,2,17,03-11-2023 06:00,LOSS
7352,1,17,03-11-2023 07:00,LOSS
7353,19,6,03-11-2023 08:00,WIN
7354,17,14,03-11-2023 09:00,LOSS
7355,11,10,03-11-2023 10:00,LOSS
7356,5,10,03-11-2023 11:00,WIN
7357,6,12,03-11-2023 12:00,LOSS
7358,6,5,03-11-2023 13:00,LOSS
7359,17,13,03-11-2023 14:00,LOSS
7360,20,1,03-11-2023 15:00,WIN
7361,10,9,03-11-2023 16:00,LOSS
7362,10,4,03-11-2023 17:00,LOSS
7363,9,5,03-11-2023 18:00,LOSS
7364,18,13,03-11-2023 19:00,LOSS
7365,13,20,03-11-2023 20:00,LOSS
7366,8,16,03-11-2023 21:00,WIN
7367,11,6,03-11-2023 22:00,LOSS
7368,7,1,03-11-2023 23:00,WIN
7369,7,4,04-11-2023 00:00,WIN
7370,3,10,04-11-2023 01:00,LOSS
7371,16,3,04-11-2023 02:00,LOSS
7372,13,3,04-11-2023 03:00,WIN
7373,18,12,04-11-2023 04:00,WIN
7374,18,8,04-11-2023 05:00,LOSS
7375,12,5,04-11-2023 06:00,LOSS
7376,13,2,04-11-2023 07:00,LOSS
7377,3,20,04-11-2023 08:00,WIN
7378,3,14,04-11-2023 09:00,WIN
7379,2,6,04-11-2023 10:00,WIN
7380,7,1,04-11-2023 11:00,LOSS
7381,2,17,04-11-2023 12:00,LOSS
7382,6,1,04-11-2023 13:00,WIN
7383,13,12,04-11-2023 14:00,LOSS
7384,11,12,04-11-2023 15:00,LOSS
7385,5,15,04-11-2023 16:00,LOSS
7386,7,3,04-11-2023 17:00,WIN
7387,11,14,04-11-2023 18:00,WIN
7388,7,1,04-11-2023 19:00,WIN
7389,8,14,04-11-2023 20:00,LOSS
7390,4,14,04-11-2023 21:00,LOSS
7391,10,6,04-11-2023 22:00,WIN
7392,20,13,04-11-2023 23:00,LOSS
7393,15,5,05-11-2023 00:00,LOSS
7394,15,12,05-11-2023 01:00,WIN
7395,19,3,05-11-2023 02:00,WIN
7396,10,2,05-11-2023 03:00,LOSS
7397,2,1,05-11-2023 04:00,WIN
7398,16,18,05-11-2023 05:00,LOSS
7399,20,15,05-11-2023 06:00,LOSS
7400,5,16,05-11-2023 07:00,LOSS
7401,17,5,05-11-2023 08:00,LOSS
7402,3,16,05-11-2023 09:00,WIN
7403,8,12,05-11-2023 10:00,LOSS
7404,11,16,05-11-2023 11:00,WIN
7405,5,11,05-11-2023 12:00,LOSS
7406,17,8,05-11-2023 13:00,WIN
7407,4,3,05-11-2023 14:00,WIN
7408,8,16,05-11-2023 15:00,LOSS
7409,2,7,05-11-2023 16:00,LOSS
7410,16,2,05-11-2023 17:00,LOSS
7411,9,19,05-11-2023 18:00,LOSS
7412,17,3,05-11-2023 19:00,WIN
7413,10,11,05-11-2023 20:00,LOSS
7414,13,9,05-11-2023 21:00,LOSS
7415,17,11,05-11-2023 22:00,WIN
7416,12,1,05-11-2023 23:00,LOSS
7417,9,1,06-11-2023 00:00,LOSS
7418,15,12,06-11-2023 01:00,WIN
7419,10,10,06-11-2023 02:00,WIN
7420,19,12,06-11-2023 03:00,WIN
7421,17,14,06-11-2023 04:00,LOSS
7422,7,11,06-11-2023 05:00,WIN
7423,14,4,06-11-2023 06:00,LOSS
7424,13,10,06-11-2023 07:00,WIN
7425,2,17,06-11-2023 08:00,WIN
7426,16,1,06-11-2023 09:00,LOSS
7427,17,6,06-11-2023 10:00,LOSS
7428,6,5,06-11-2023 11:00,WIN
7429,1,18,06-11-2023 12:00,WIN
7430,6,18,06-11-2023 13:00,LOSS
7431,1,4,06-11-2023 14:00,WIN
7432,10,18,06-11-2023 15:00,WIN
7433,20,20,06-11-2023 16:00,LOSS
7434,8,20,06-11-2023 17:00,LOSS
7435,16,16,06-11-2023 18:00,LOSS
7436,12,15,06-11-2023 19:00,LOSS
7437,19,13,06-11-2023 20:00,LOSS
7438,14,3,06-11-2023 21:00,WIN
7439,8,18,06-11-2023 22:00,LOSS
7440,19,1,06-11-2023 23:00,LOSS
7441,15,5,07-11-2023 00:00,LOSS
7442,5,4,07-11-2023 01:00,LOSS
7443,17,9,07-11-2023 02:00,WIN
7444,14,1,07-11-2023 03:00,LOSS
7445,15,10,07-11-2023 04:00,LOSS
7446,8,12,07-11-2023 05:00,WIN
7447,4,12,07-11-2023 06:00,LOSS
7448,7,15,07-11-2023 07:00,WIN
7449,7,20,07-11-2023 08:00,LOSS
7450,5,2,07-11-2023 09:00,WIN
7451,10,15,07-11-2023 10:00,LOSS
7452,20,3,07-11-2023 11:00,WIN
7453,5,10,07-11-2023 12:00,LOSS
7454,4,2,07-11-2023 13:00,LOSS
7455,11,8,07-11-2023 14:00,WIN
7456,6,1,07-11-2023 15:00,LOSS
7457,15,15,07-11-2023 16:00,WIN
7458,11,4,07-11-2023 17:00,WIN
7459,7,3,07-11-2023 18:00,LOSS
7460,19,13,07-11-2023 19:00,WIN
7461,5,10,07-11-2023 20:00,WIN
7462,4,2,07-11-2023 21:00,LOSS
7463,1,19,07-11-2023 22:00,LOSS
7464,16,19,07-11-2023 23:00,LOSS
7465,12,14,08-11-2023 00:00,LOSS
7466,20,9,08-11-2023 01:00,LOSS
7467,18,19,08-11-2023 02:00,WIN
7468,20,20,08-11-2023 03:00,LOSS
7469,2,17,08-11-2023 04:00,LOSS
7470,13,5,08-11-2023 05:00,WIN
7471,12,2,08-11-2023 06:00,LOSS
7472,4,7,08-11-2023 07:00,WIN
7473,4,2,08-11-2023 08:00,LOSS
7474,13,12,08-11-2023 09:00,LOSS
7475,3,14,08-11-2023 10:00,LOSS
7476,17,7,08-11-2023 11:00,WIN
7477,7,14,08-11-2023 12:00,LOSS
7478,13,12,08-11-2023 13:00,LOSS
7479,15,16,08-11-2023 14:00,WIN
7480,14,14,08-11-2023 15:00,LOSS
7481,16,4,08-11-2023 16:00,WIN
7482,17,14,08-11-2023 17:00,WIN
7483,16,1,08-11-2023 18:00,WIN
7484,16,10,08-11-2023 19:00,WIN
7485,1,3,08-11-2023 20:00,WIN
7486,14,15,08-11-2023 21:00,LOSS
7487,2,13,08-11-2023 22:00,LOSS
7488,9,8,08-11-2023 23:00,LOSS
7489,19,2,09-11-2023 00:00,LOSS
7490,5,20,09-11-2023 01:00,LOSS
7491,10,9,09-11-2023 02:00,LOSS
7492,6,11,09-11-2023 03:00,WIN
7493,3,2,09-11-2023 04:00,WIN
7494,2,8,09-11-2023 05:00,WIN
7495,19,9,09-11-2023 06:00,LOSS
7496,6,12,09-11-2023 07:00,LOSS
7497,10,19,09-11-2023 08:00,WIN
7498,18,15,09-11-2023 09:00,LOSS
7499,14,4,09-11-2023 10:00,LOSS
7500,2,10,09-11-2023 11:00,LOSS
7501,4,13,09-11-2023 12:00,LOSS
7502,15,8,09-11-2023 13:00,LOSS
7503,6,11,09-11-2023 14:00,WIN
7504,6,5,09-11-2023 15:00,LOSS
7505,9,15,09-11-2023 16:00,WIN
7506,20,1,09-11-2023 17:00,LOSS
7507,18,17,09-11-2023 18:00,LOSS
7508,4,12,09-11-2023 19:00,WIN
7509,1,4,09-11-2023 20:00,WIN
7510,4,7,09-11-2023 21:00,WIN
7511,3,11,09-11-2023 22:00,WIN
7512,13,12,09-11-2023 23:00,WIN
7513,15,16,10-11-2023 00:00,LOSS
7514,1,18,10-11-2023 01:00,WIN
7515,16,14,10-11-2023 02:00,WIN
7516,2,15,10-11-2023 03:00,LOSS
7517,6,17,10-11-2023 04:00,WIN
7518,1,2,10-11-2023 05:00,WIN
7519,17,3,10-11-2023 06:00,WIN
7520,17,5,10-11-2023 07:00,WIN
7521,1,1,10-11-2023 08:00,LOSS
7522,16,10,10-11-2023 09:00,WIN
7523,9,15,10-11-2023 10:00,WIN
7524,2,10,10-11-2023 11:00,LOSS
7525,5,4,10-11-2023 12:00,LOSS
7526,8,13,10-11-2023 13:00,LOSS
7527,1,16,10-11-2023 14:00,LOSS
7528,9,10,10-11-2023 15:00,LOSS
7529,14,2,10-11-2023 16:00,WIN
7530,17,8,10-11-2023 17:00,LOSS
7531,5,14,10-11-2023 18:00,LOSS
7532,8,5,10-11-2023 19:00,WIN
7533,17,18,10-11-2023 20:00,LOSS
7534,12,8,10-11-2023 21:00,LOSS
7535,19,12,10-11-2023 22:00,LOSS
7536,8,18,10-11-2023 23:00,LOSS
7537,19,13,11-11-2023 00:00,WIN
7538,12,5,11-11-2023 01:00,LOSS
7539,8,11,11-11-2023 02:00,WIN
7540,11,3,11-11-2023 03:00,LOSS
7541,11,16,11-11-2023 04:00,WIN
7542,15,8,11-11-2023 05:00,LOSS
7543,2,17,11-11-2023 06:00,WIN
7544,3,6,11-11-2023 07:00,WIN
7545,1,13,11-11-2023 08:00,WIN
7546,1,17,11-11-2023 09:00,LOSS
7547,4,3,11-11-2023 10:00,WIN
7548,19,13,11-11-2023 11:00,LOSS
7549,18,8,11-11-2023 12:00,WIN
7550,1,8,11-11-2023 13:00,LOSS
7551,19,19,11-11-2023 14:00,LOSS
7552,1,10,11-11-2023 15:00,WIN
7553,10,15,11-11-2023 16:00,WIN
7554,13,7,11-11-2023 17:00,WIN
7555,19,18,11-11-2023 18:00,LOSS
7556,20,1,11-11-2023 19:00,WIN
7557,8,13,11-11-2023 20:00,WIN
7558,5,17,11-11-2023 21:00,LOSS
7559,11,19,11-11-2023 22:00,LOSS
7560,8,2,11-11-2023 23:00,WIN
7561,14,8,12-11-2023 00:00,WIN
7562,12,11,12-11-2023 01:00,WIN
7563,11,12,12-11-2023 02:00,LOSS
7564,13,3,12-11-2023 03:00,WIN
7565,10,5,12-11-2023 04:00,WIN
7566,20,12,12-11-2023 05:00,WIN
7567,8,1,12-11-2023 06:00,LOSS
7568,10,11,12-11-2023 07:00,WIN
7569,6,3,12-11-2023 08:00,LOSS
7570,1,20,12-11-2023 09:00,WIN
7571,9,10,12-11-2023 10:00,LOSS
7572,4,13,12-11-2023 11:00,WIN
7573,1,19,12-11-2023 12:00,WIN
7574,10,13,12-11-2023 13:00,WIN
7575,20,20,12-11-2023 14:00,LOSS
7576,7,14,12-11-2023 15:00,WIN
7577,7,10,12-11-2023 16:00,LOSS
7578,5,17,12-11-2023 17:00,WIN
7579,2,6,12-11-2023 18:00,WIN
7580,9,5,12-11-2023 19:00,LOSS
7581,6,14,12-11-2023 20:00,WIN
7582,9,14,12-11-2023 21:00,WIN
7583,15,5,12-11-2023 22:00,LOSS
7584,13,20,12-11-2023 23:00,LOSS
7585,15,11,13-11-2023 00:00,WIN
7586,1,5,13-11-2023 01:00,LOSS
7587,15,19,13-11-2023 02:00,LOSS
7588,18,15,13-11-2023 03:00,LOSS
7589,11,17,13-11-2023 04:00,WIN
7590,3,17,13-11-2023 05:00,LOSS
7591,1,3,13-11-2023 06:00,LOSS
7592,4,19,13-11-2023 07:00,LOSS
7593,2,5,13-11-2023 08:00,WIN
7594,16,8,13-11-2023 09:00,LOSS
7595,19,1,13-11-2023 10:00,LOSS
7596,16,14,13-11-2023 11:00,LOSS
7597,12,10,13-11-2023 12:00,WIN
7598,8,8,13-11-2023 13:00,LOSS
7599,4,1,13-11-2023 14:00,LOSS
7600,16,5,13-11-2023 15:00,WIN
7601,9,19,13-11-2023 16:00,WIN
7602,15,7,13-11-2023 17:00,WIN
7603,12,5,13-11-2023 18:00,WIN
7604,17,2,13-11-2023 19:00,WIN
7605,15,15,13-11-2023 20:00,WIN
7606,4,1,13-11-2023 21:00,WIN
7607,8,10,13-11-2023 22:00,LOSS
7608,3,6,13-11-2023 23:00,LOSS
7609,7,6,14-11-2023 00:00,LOSS
7610,7,14,14-11-2023 01:00,LOSS
7611,15,8,14-11-2023 02:00,WIN
7612,20,18,14-11-2023 03:00,LOSS
7613,17,5,14-11-2023 04:00,WIN
7614,10,14,14-11-2023 05:00,LOSS
7615,16,10,14-11-2023 06:00,WIN
7616,16,9,14-11-2023 07:00,LOSS
7617,15,3,14-11-2023 08:00,WIN
7618,12,6,14-11-2023 09:00,WIN
7619,7,7,14-11-2023 10:00,WIN
7620,3,19,14-11-2023 11:00,LOSS
7621,2,15,14-11-2023 12:00,WIN
7622,4,2,14-11-2023 13:00,WIN
7623,8,14,14-11-2023 14:00,LOSS
7624,10,14,14-11-2023 15:00,WIN
7625,12,12,14-11-2023 16:00,LOSS
7626,12,18,14-11-2023 17:00,WIN
7627,9,6,14-11-2023 18:00,WIN
7628,11,2,14-11-2023 19:00,LOSS
7629,13,1,14-11-2023 20:00,WIN
7630,1,11,14-11-2023 21:00,LOSS
7631,3,15,14-11-2023 22:00,WIN
7632,11,6,14-11-2023 23:00,LOSS
7633,15,17,15-11-2023 00:00,LOSS
7634,7,8,15-11-2023 01:00,LOSS
7635,16,20,15-11-2023 02:00,WIN
7636,6,18,15-11-2023 03:00,WIN
7637,20,12,15-11-2023 04:00,WIN
7638,10,8,15-11-2023 05:00,LOSS
7639,4,20,15-11-2023 06:00,WIN
7640,6,9,15-11-2023 07:00,LOSS
7641,12,11,15-11-2023 08:00,WIN
7642,3,13,15-11-2023 09:00,LOSS
7643,12,4,15-11-2023 10:00,WIN
7644,16,8,15-11-2023 11:00,WIN
7645,12,4,15-11-2023 12:00,LOSS
7646,15,14,15-11-2023 13:00,WIN
7647,18,17,15-11-2023 14:00,WIN
7648,16,2,15-11-2023 15:00,WIN
7649,6,12,15-11-2023 16:00,LOSS
7650,17,12,15-11-2023 17:00,WIN
7651,3,19,15-11-2023 18:00,LOSS
7652,18,18,15-11-2023 19:00,WIN
7653,11,10,15-11-2023 20:00,LOSS
7654,17,9,15-11-2023 21:00,WIN
7655,6,16,15-11-2023 22:00,LOSS
7656,18,1,15-11-2023 23:00,WIN
7657,5,16,16-11-2023 00:00,WIN
7658,16,8,16-11-2023 01:00,WIN
7659,20,19,16-11-2023 02:00,LOSS
7660,10,2,16-11-2023 03:00,WIN
7661,16,18,16-11-2023 04:00,LOSS
7662,3,20,16-11-2023 05:00,WIN
7663,10,20,16-11-2023 06:00,LOSS
7664,18,18,16-11-2023 07:00,WIN
7665,16,14,16-11-2023 08:00,WIN
7666,17,7,16-11-2023 09:00,WIN
7667,17,7,16-11-2023 10:00,WIN
7668,10,5,16-11-2023 11:00,LOSS
7669,5,20,16-11-2023 12:00,LOSS
7670,4,12,16-11-2023 13:00,LOSS
7671,15,13,16-11-2023 14:00,WIN
7672,16,17,16-11-2023 15:00,WIN
7673,18,15,16-11-2023 16:00,LOSS
7674,19,16,16-11-2023 17:00,LOSS
7675,10,13,16-11-2023 18:00,WIN
7676,11,11,16-11-2023 19:00,LOSS
7677,9,3,16-11-2023 20:00,WIN
7678,5,1,16-11-2023 21:00,WIN
7679,6,6,16-11-2023 22:00,LOSS
7680,3,8,16-11-2023 23:00,LOSS
7681,13,5,17-11-2023 00:00,LOSS
7682,6,7,17-11-2023 01:00,WIN
7683,11,3,17-11-2023 02:00,LOSS
7684,16,9,17-11-2023 03:00,WIN
7685,11,14,17-11-2023 04:00,WIN
7686,10,2,17-11-2023 05:00,WIN
7687,16,3,17-11-2023 06:00,LOSS
7688,14,19,17-11-2023 07:00,LOSS
7689,16,10,17-11-2023 08:00,LOSS
7690,17,2,17-11-2023 09:00,WIN
7691,8,13,17-11-2023 10:00,LOSS
7692,4,14,17-11-2023 11:00,WIN
7693,17,19,17-11-2023 12:00,LOSS
7694,10,13,17-11-2023 13:00,WIN
7695,2,7,17-11-2023 14:00,LOSS
7696,12,3,17-11-2023 15:00,WIN
7697,19,1,17-11-2023 16:00,LOSS
7698,19,20,17-11-2023 17:00,LOSS
7699,8,13,17-11-2023 18:00,WIN
7700,6,6,17-11-2023 19:00,LOSS
7701,19,12,17-11-2023 20:00,LOSS
7702,18,10,17-11-2023 21:00,WIN
7703,14,3,17-11-2023 22:00,LOSS
7704,3,1,17-11-2023 23:00,WIN
7705,18,13,18-11-2023 00:00,WIN
7706,19,2,18-11-2023 01:00,WIN
7707,15,19,18-11-2023 02:00,WIN
7708,16,20,18-11-2023 03:00,LOSS
7709,17,3,18-11-2023 04:00,WIN
7710,3,19,18-11-2023 05:00,WIN
7711,18,15,18-11-2023 06:00,LOSS
7712,13,19,18-11-2023 07:00,WIN
7713,12,10,18-11-2023 08:00,LOSS
7714,19,11,18-11-2023 09:00,LOSS
7715,2,15,18-11-2023 10:00,LOSS
7716,1,8,18-11-2023 11:00,LOSS
7717,10,11,18-11-2023 12:00,WIN
7718,18,17,18-11-2023 13:00,LOSS
7719,12,2,18-11-2023 14:00,WIN
7720,13,18,18-11-2023 15:00,WIN
7721,4,9,18-11-2023 16:00,LOSS
7722,1,7,18-11-2023 17:00,WIN
7723,4,10,18-11-2023 18:00,WIN
7724,20,8,18-11-2023 19:00,LOSS
7725,18,13,18-11-2023 20:00,LOSS
7726,17,2,18-11-2023 21:00,WIN
7727,20,10,18-11-2023 22:00,WIN
7728,14,17,18-11-2023 23:00,LOSS
7729,2,16,19-11-2023 00:00,LOSS
7730,14,12,19-11-2023 01:00,WIN
7731,10,6,19-11-2023 02:00,WIN
7732,20,15,19-11-2023 03:00,LOSS
7733,3,15,19-11-2023 04:00,WIN
7734,15,16,19-11-2023 05:00,LOSS
7735,7,3,19-11-2023 06:00,LOSS
7736,15,13,19-11-2023 07:00,WIN
7737,19,18,19-11-2023 08:00,WIN
7738,12,3,19-11-2023 09:00,WIN
7739,4,4,19-11-2023 10:00,WIN
7740,1,5,19-11-2023 11:00,LOSS
7741,5,20,19-11-2023 12:00,WIN
7742,9,6,19-11-2023 13:00,WIN
7743,8,7,19-11-2023 14:00,WIN
7744,14,20,19-11-2023 15:00,WIN
7745,14,13,19-11-2023 16:00,WIN
7746,4,14,19-11-2023 17:00,LOSS
7747,7,7,19-11-2023 18:00,LOSS
7748,2,11,19-11-2023 19:00,LOSS
7749,11,12,19-11-2023 20:00,LOSS
7750,7,18,19-11-2023 21:00,LOSS
7751,20,18,19-11-2023 22:00,WIN
7752,17,2,19-11-2023 23:00,WIN
7753,15,3,20-11-2023 00:00,WIN
7754,4,20,20-11-2023 01:00,LOSS
7755,2,7,20-11-2023 02:00,WIN
7756,9,1,20-11-2023 03:00,LOSS
7757,12,20,20-11-2023 04:00,WIN
7758,19,2,20-11-2023 05:00,LOSS
7759,19,18,20-11-2023 06:00,LOSS
7760,3,20,20-11-2023 07:00,LOSS
7761,20,14,20-11-2023 08:00,LOSS
7762,5,5,20-11-2023 09:00,LOSS
7763,9,12,20-11-2023 10:00,WIN
7764,19,2,20-11-2023 11:00,LOSS
7765,9,10,20-11-2023 12:00,WIN
7766,18,13,20-11-2023 13:00,LOSS
7767,16,14,20-11-2023 14:00,LOSS
7768,2,1,20-11-2023 15:00,WIN
7769,12,9,20-11-2023 16:00,LOSS
7770,18,1,20-11-2023 17:00,LOSS
7771,11,9,20-11-2023 18:00,WIN
7772,3,11,20-11-2023 19:00,LOSS
7773,20,7,20-11-2023 20:00,WIN
7774,3,1,20-11-2023 21:00,LOSS
7775,15,1,20-11-2023 22:00,LOSS
7776,12,9,20-11-2023 23:00,LOSS
7777,1,15,21-11-2023 00:00,WIN
7778,11,16,21-11-2023 01:00,WIN
7779,2,3,21-11-2023 02:00,WIN
7780,14,3,21-11-2023 03:00,WIN
7781,1,14,21-11-2023 04:00,WIN
7782,18,5,21-11-2023 05:00,LOSS
7783,18,17,21-11-2023 06:00,LOSS
7784,15,10,21-11-2023 07:00,WIN
7785,4,16,21-11-2023 08:00,WIN
7786,2,18,21-11-2023 09:00,WIN
7787,15,13,21-11-2023 10:00,WIN
7788,13,18,21-11-2023 11:00,LOSS
7789,10,17,21-11-2023 12:00,WIN
7790,15,4,21-11-2023 13:00,WIN
7791,6,4,21-11-2023 14:00,LOSS
7792,10,15,21-11-2023 15:00,WIN
7793,3,4,21-11-2023 16:00,WIN
7794,13,13,21-11-2023 17:00,LOSS
7795,18,18,21-11-2023 18:00,LOSS
7796,6,6,21-11-2023 19:00,WIN
7797,14,5,21-11-2023 20:00,LOSS
7798,18,1,21-11-2023 21:00,LOSS
7799,11,6,21-11-2023 22:00,LOSS
7800,20,2,21-11-2023 23:00,LOSS
7801,15,5,22-11-2023 00:00,WIN
7802,13,16,22-11-2023 01:00,WIN
7803,16,4,22-11-2023 02:00,LOSS
7804,12,13,22-11-2023 03:00,WIN
7805,1,7,22-11-2023 04:00,LOSS
7806,14,9,22-11-2023 05:00,LOSS
7807,3,1,22-11-2023 06:00,LOSS
7808,10,5,22-11-2023 07:00,LOSS
7809,10,20,22-11-2023 08:00,LOSS
7810,1,11,22-11-2023 09:00,LOSS
7811,18,17,22-11-2023 10:00,WIN
7812,17,13,22-11-2023 11:00,LOSS
7813,19,20,22-11-2023 12:00,LOSS
7814,1,2,22-11-2023 13:00,LOSS
7815,5,16,22-11-2023 14:00,LOSS
7816,6,19,22-11-2023 15:00,LOSS
7817,1,20,22-11-2023 16:00,WIN
7818,17,9,22-11-2023 17:00,LOSS
7819,12,4,22-11-2023 18:00,WIN
7820,4,18,22-11-2023 19:00,LOSS
7821,4,10,22-11-2023 20:00,WIN
7822,10,15,22-11-2023 21:00,WIN
7823,8,13,22-11-2023 22:00,LOSS
7824,12,16,22-11-2023 23:00,WIN
7825,12,10,23-11-2023 00:00,WIN
7826,3,4,23-11-2023 01:00,WIN
7827,16,16,23-11-2023 02:00,LOSS
7828,4,11,23-11-2023 03:00,WIN
7829,5,2,23-11-2023 04:00,WIN
7830,15,12,23-11-2023 05:00,WIN
7831,8,8,23-11-2023 06:00,LOSS
7832,20,13,23-11-2023 07:00,LOSS
7833,10,2,23-11-2023 08:00,LOSS
7834,1,2,23-11-2023 09:00,LOSS
7835,10,4,23-11-2023 10:00,WIN
7836,18,18,23-11-2023 11:00,WIN
7837,17,3,23-11-2023 12:00,LOSS
7838,4,7,23-11-2023 13:00,WIN
7839,13,6,23-11-2023 14:00,LOSS
7840,6,1,23-11-2023 15:00,LOSS
7841,1,9,23-11-2023 16:00,WIN
7842,1,12,23-11-2023 17:00,LOSS
7843,3,7,23-11-2023 18:00,LOSS
7844,5,1,23-11-2023 19:00,WIN
7845,18,20,23-11-2023 20:00,LOSS
7846,12,4,23-11-2023 21:00,LOSS
7847,1,6,23-11-2023 22:00,LOSS
7848,9,16,23-11-2023 23:00,LOSS
7849,17,15,24-11-2023 00:00,WIN
7850,13,3,24-11-2023 01:00,WIN
7851,14,18,24-11-2023 02:00,LOSS
7852,11,19,24-11-2023 03:00,LOSS
7853,11,13,24-11-2023 04:00,LOSS
7854,4,20,24-11-2023 05:00,WIN
7855,9,14,24-11-2023 06:00,LOSS
7856,18,14,24-11-2023 07:00,WIN
7857,19,8,24-11-2023 08:00,WIN
7858,4,11,24-11-2023 09:00,WIN
7859,12,12,24-11-2023 10:00,WIN
7860,18,1,24-11-2023 11:00,LOSS
7861,18,9,24-11-2023 12:00,WIN
7862,6,20,24-11-2023 13:00,LOSS
7863,11,14,24-11-2023 14:00,LOSS
7864,5,20,24-11-2023 15:00,WIN
7865,16,14,24-11-2023 16:00,WIN
7866,11,13,24-11-2023 17:00,WIN
7867,5,12,24-11-2023 18:00,WIN
7868,9,12,24-11-2023 19:00,LOSS
7869,11,20,24-11-2023 20:00,LOSS
7870,15,7,24-11-2023 21:00,WIN
7871,17,2,24-11-2023 22:00,LOSS
7872,18,11,24-11-2023 23:00,LOSS
7873,14,16,25-11-2023 00:00,WIN
7874,7,13,25-11-2023 01:00,LOSS
7875,16,18,25-11-2023 02:00,LOSS
7876,9,19,25-11-2023 03:00,WIN
7877,3,11,25-11-2023 04:00,WIN
7878,16,1,25-11-2023 05:00,LOSS
7879,7,13,25-11-2023 06:00,LOSS
7880,7,8,25-11-2023 07:00,WIN
7881,20,20,25-11-2023 08:00,LOSS
7882,1,14,25-11-2023 09:00,LOSS
7883,8,14,25-11-2023 10:00,LOSS
7884,1,16,25-11-2023 11:00,LOSS
7885,12,19,25-11-2023 12:00,WIN
7886,17,7,25-11-2023 13:00,WIN
7887,10,6,25-11-2023 14:00,LOSS
7888,19,9,25-11-2023 15:00,WIN
7889,9,18,25-11-2023 16:00,LOSS
7890,10,6,25-11-2023 17:00,LOSS
7891,11,17,25-11-2023 18:00,LOSS
7892,10,4,25-11-2023 19:00,WIN
7893,17,20,25-11-2023 20:00,WIN
7894,7,9,25-11-2023 21:00,WIN
7895,5,8,25-11-2023 22:00,LOSS
7896,20,15,25-11-2023 23:00,LOSS
7897,12,8,26-11-2023 00:00,LOSS
7898,5,11,26-11-2023 01:00,WIN
7899,1,19,26-11-2023 02:00,WIN
7900,10,13,26-11-2023 03:00,WIN
7901,7,15,26-11-2023 04:00,LOSS
7902,12,5,26-11-2023 05:00,WIN
7903,2,7,26-11-2023 06:00,WIN
7904,9,13,26-11-2023 07:00,LOSS
7905,5,16,26-11-2023 08:00,LOSS
7906,5,16,26-11-2023 09:00,LOSS
7907,14,2,26-11-2023 10:00,LOSS
7908,19,7,26-11-2023 11:00,WIN
7909,18,4,26-11-2023 12:00,WIN
7910,8,20,26-11-2023 13:00,WIN
7911,3,13,26-11-2023 14:00,WIN
7912,14,5,26-11-2023 15:00,LOSS
7913,11,12,26-11-2023 16:00,WIN
7914,8,13,26-11-2023 17:00,WIN
7915,12,9,26-11-2023 18:00,WIN
7916,11,16,26-11-2023 19:00,LOSS
7917,9,6,26-11-2023 20:00,WIN
7918,4,13,26-11-2023 21:00,LOSS
7919,19,14,26-11-2023 22:00,WIN
7920,7,4,26-11-2023 23:00,WIN
7921,17,9,27-11-2023 00:00,WIN
7922,16,5,27-11-2023 01:00,LOSS
7923,19,11,27-11-2023 02:00,WIN
7924,12,16,27-11-2023 03:00,LOSS
7925,7,12,27-11-2023 04:00,LOSS
7926,14,17,27-11-2023 05:00,WIN
7927,11,8,27-11-2023 06:00,LOSS
7928,11,12,27-11-2023 07:00,WIN
7929,7,8,27-11-2023 08:00,WIN
7930,11,13,27-11-2023 09:00,WIN
7931,3,5,27-11-2023 10:00,LOSS
7932,15,8,27-11-2023 11:00,WIN
7933,3,3,27-11-2023 12:00,LOSS
7934,9,11,27-11-2023 13:00,LOSS
7935,17,5,27-11-2023 14:00,WIN
7936,17,16,27-11-2023 15:00,WIN
7937,12,10,27-11-2023 16:00,LOSS
7938,7,10,27-11-2023 17:00,LOSS
7939,11,16,27-11-2023 18:00,WIN
7940,14,11,27-11-2023 19:00,WIN
7941,20,9,27-11-2023 20:00,WIN
7942,1,7,27-11-2023 21:00,WIN
7943,6,14,27-11-2023 22:00,WIN
7944,17,14,27-11-2023 23:00,WIN
7945,9,18,28-11-2023 00:00,LOSS
7946,1,17,28-11-2023 01:00,WIN
7947,12,1,28-11-2023 02:00,LOSS
7948,20,12,28-11-2023 03:00,LOSS
7949,17,8,28-11-2023 04:00,LOSS
7950,4,1,28-11-2023 05:00,LOSS
7951,8,12,28-11-2023 06:00,LOSS
7952,19,17,28-11-2023 07:00,LOSS
7953,19,7,28-11-2023 08:00,WIN
7954,5,11,28-11-2023 09:00,LOSS
7955,11,13,28-11-2023 10:00,LOSS
7956,6,9,28-11-2023 11:00,WIN
7957,13,7,28-11-2023 12:00,LOSS
7958,19,18,28-11-2023 13:00,LOSS
7959,6,18,28-11-2023 14:00,WIN
7960,13,10,28-11-2023 15:00,WIN
7961,6,1,28-11-2023 16:00,WIN
7962,16,14,28-11-2023 17:00,WIN
7963,18,1,28-11-2023 18:00,WIN
7964,11,7,28-11-2023 19:00,LOSS
7965,20,19,28-11-2023 20:00,WIN
7966,17,19,28-11-2023 21:00,LOSS
7967,10,4,28-11-2023 22:00,LOSS
7968,16,7,28-11-2023 23:00,LOSS
7969,5,16,29-11-2023 00:00,WIN
7970,10,7,29-11-2023 01:00,LOSS
7971,3,11,29-11-2023 02:00,LOSS
7972,19,8,29-11-2023 03:00,LOSS
7973,4,13,29-11-2023 04:00,LOSS
7974,12,9,29-11-2023 05:00,WIN
7975,10,5,29-11-2023 06:00,WIN
7976,11,10,29-11-2023 07:00,WIN
7977,8,11,29-11-2023 08:00,LOSS
7978,12,17,29-11-2023 09:00,WIN
7979,14,15,29-11-2023 10:00,WIN
7980,3,11,29-11-2023 11:00,LOSS
7981,11,2,29-11-2023 12:00,LOSS
7982,7,8,29-11-2023 13:00,LOSS
7983,15,12,29-11-2023 14:00,WIN
7984,11,7,29-11-2023 15:00,WIN
7985,7,2,29-11-2023 16:00,LOSS
7986,19,8,29-11-2023 17:00,LOSS
7987,16,15,29-11-2023 18:00,WIN
7988,19,12,29-11-2023 19:00,WIN
7989,13,3,29-11-2023 20:00,LOSS
7990,17,4,29-11-2023 21:00,LOSS
7991,14,12,29-11-2023 22:00,WIN
7992,2,7,29-11-2023 23:00,WIN
7993,10,16,30-11-2023 00:00,WIN
7994,6,17,30-11-2023 01:00,WIN
7995,16,19,30-11-2023 02:00,WIN
7996,7,15,30-11-2023 03:00,LOSS
7997,19,20,30-11-2023 04:00,WIN
7998,10,18,30-11-2023 05:00,LOSS
7999,20,5,30-11-2023 06:00,LOSS
8000,15,14,30-11-2023 07:00,WIN
8001,12,14,30-11-2023 08:00,LOSS
8002,9,14,30-11-2023 09:00,LOSS
8003,18,17,30-11-2023 10:00,WIN
8004,17,14,30-11-2023 11:00,LOSS
8005,19,4,30-11-2023 12:00,WIN
8006,10,10,30-11-2023 13:00,WIN
8007,8,4,30-11-2023 14:00,WIN
8008,20,3,30-11-2023 15:00,LOSS
8009,5,7,30-11-2023 16:00,LOSS
8010,13,20,30-11-2023 17:00,LOSS
8011,2,7,30-11-2023 18:00,LOSS
8012,1,3,30-11-2023 19:00,LOSS
8013,8,13,30-11-2023 20:00,LOSS
8014,10,4,30-11-2023 21:00,LOSS
8015,5,19,30-11-2023 22:00,WIN
8016,18,4,30-11-2023 23:00,LOSS
8017,2,15,01-12-2023 00:00,LOSS
8018,9,20,01-12-2023 01:00,LOSS
8019,16,12,01-12-2023 02:00,LOSS
8020,20,14,01-12-2023 03:00,LOSS
8021,17,4,01-12-2023 04:00,LOSS
8022,16,3,01-12-2023 05:00,LOSS
8023,1,6,01-12-2023 06:00,WIN
8024,5,15,01-12-2023 07:00,LOSS
8025,19,5,01-12-2023 08:00,WIN
8026,18,6,01-12-2023 09:00,WIN
8027,20,12,01-12-2023 10:00,WIN
8028,3,7,01-12-2023 11:00,WIN
8029,18,20,01-12-2023 12:00,WIN
8030,11,11,01-12-2023 13:00,LOSS
8031,11,17,01-12-2023 14:00,LOSS
8032,11,12,01-12-2023 15:00,LOSS
8033,10,8,01-12-2023 16:00,LOSS
8034,10,13,01-12-2023 17:00,WIN
8035,4,18,01-12-2023 18:00,LOSS
8036,9,19,01-12-2023 19:00,WIN
8037,10,18,01-12-2023 20:00,WIN
8038,13,10,01-12-2023 21:00,LOSS
8039,1,6,01-12-2023 22:00,WIN
8040,16,5,01-12-2023 23:00,WIN
8041,19,13,02-12-2023 00:00,LOSS
8042,12,7,02-12-2023 01:00,LOSS
8043,5,11,02-12-2023 02:00,LOSS
8044,5,13,02-12-2023 03:00,LOSS
8045,7,5,02-12-2023 04:00,LOSS
8046,12,19,02-12-2023 05:00,LOSS
8047,14,19,02-12-2023 06:00,WIN
8048,1,4,02-12-2023 07:00,LOSS
8049,6,12,02-12-2023 08:00,LOSS
8050,18,18,02-12-2023 09:00,LOSS
8051,6,3,02-12-2023 10:00,LOSS
8052,19,11,02-12-2023 11:00,LOSS
8053,12,9,02-12-2023 12:00,LOSS
8054,18,18,02-12-2023 13:00,WIN
8055,3,12,02-12-2023 14:00,WIN
8056,11,9,02-12-2023 15:00,WIN
8057,4,6,02-12-2023 16:00,LOSS
8058,13,2,02-12-2023 17:00,WIN
8059,1,1,02-12-2023 18:00,LOSS
8060,20,4,02-12-2023 19:00,WIN
8061,6,20,02-12-2023 20:00,WIN
8062,14,18,02-12-2023 21:00,WIN
8063,9,4,02-12-2023 22:00,WIN
8064,9,11,02-12-2023 23:00,WIN
8065,7,1,03-12-2023 00:00,WIN
8066,15,7,03-12-2023 01:00,LOSS
8067,10,11,03-12-2023 02:00,LOSS
8068,9,16,03-12-2023 03:00,WIN
8069,15,19,03-12-2023 04:00,WIN
8070,9,13,03-12-2023 05:00,WIN
8071,7,1,03-12-2023 06:00,WIN
8072,8,12,03-12-2023 07:00,LOSS
8073,2,1,03-12-2023 08:00,LOSS
8074,3,14,03-12-2023 09:00,LOSS
8075,2,13,03-12-2023 10:00,LOSS
8076,1,16,03-12-2023 11:00,LOSS
8077,12,5,03-12-2023 12:00,LOSS
8078,5,4,03-12-2023 13:00,WIN
8079,18,4,03-12-2023 14:00,LOSS
8080,19,8,03-12-2023 15:00,LOSS
8081,2,15,03-12-2023 16:00,LOSS
8082,16,16,03-12-2023 17:00,LOSS
8083,6,7,03-12-2023 18:00,LOSS
8084,3,8,03-12-2023 19:00,WIN
8085,8,18,03-12-2023 20:00,LOSS
8086,4,16,03-12-2023 21:00,LOSS
8087,18,15,03-12-2023 22:00,LOSS
8088,20,20,03-12-2023 23:00,LOSS
8089,4,16,04-12-2023 00:00,WIN
8090,8,16,04-12-2023 01:00,WIN
8091,7,2,04-12-2023 02:00,LOSS
8092,20,6,04-12-2023 03:00,WIN
8093,18,11,04-12-2023 04:00,LOSS
8094,1,5,04-12-2023 05:00,WIN
8095,18,15,04-12-2023 06:00,LOSS
8096,2,14,04-12-2023 07:00,WIN
8097,19,16,04-12-2023 08:00,LOSS
8098,10,16,04-12-2023 09:00,WIN
8099,1,9,04-12-2023 10:00,WIN
8100,7,19,04-12-2023 11:00,LOSS
8101,14,5,04-12-2023 12:00,LOSS
8102,1,8,04-12-2023 13:00,LOSS
8103,4,14,04-12-2023 14:00,LOSS
8104,11,9,04-12-2023 15:00,LOSS
8105,2,12,04-12-2023 16:00,LOSS
8106,8,15,04-12-2023 17:00,LOSS
8107,18,14,04-12-2023 18:00,LOSS
8108,17,2,04-12-2023 19:00,LOSS
8109,14,4,04-12-2023 20:00,WIN
8110,18,8,04-12-2023 21:00,WIN
8111,10,2,04-12-2023 22:00,WIN
8112,20,19,04-12-2023 23:00,WIN
8113,18,18,05-12-2023 00:00,WIN
8114,20,6,05-12-2023 01:00,WIN
8115,5,20,05-12-2023 02:00,WIN
8116,8,16,05-12-2023 03:00,WIN
8117,10,1,05-12-2023 04:00,LOSS
8118,1,9,05-12-2023 05:00,LOSS
8119,17,2,05-12-2023 06:00,WIN
8120,19,15,05-12-2023 07:00,LOSS
8121,17,19,05-12-2023 08:00,WIN
8122,10,9,05-12-2023 09:00,WIN
8123,18,9,05-12-2023 10:00,LOSS
8124,1,5,05-12-2023 11:00,LOSS
8125,17,4,05-12-2023 12:00,WIN
8126,13,5,05-12-2023 13:00,LOSS
8127,10,12,05-12-2023 14:00,LOSS
8128,1,1,05-12-2023 15:00,LOSS
8129,20,19,05-12-2023 16:00,LOSS
8130,7,9,05-12-2023 17:00,WIN
8131,13,12,05-12-2023 18:00,WIN
8132,7,13,05-12-2023 19:00,LOSS
8133,6,20,05-12-2023 20:00,LOSS
8134,13,17,05-12-2023 21:00,WIN
8135,8,3,05-12-2023 22:00,LOSS
8136,16,13,05-12-2023 23:00,WIN
8137,9,14,06-12-2023 00:00,LOSS
8138,13,4,06-12-2023 01:00,WIN
8139,2,4,06-12-2023 02:00,LOSS
8140,12,1,06-12-2023 03:00,LOSS
8141,12,6,06-12-2023 04:00,WIN
8142,15,11,06-12-2023 05:00,WIN
8143,20,2,06-12-2023 06:00,WIN
8144,10,19,06-12-2023 07:00,LOSS
8145,14,18,06-12-2023 08:00,LOSS
8146,17,20,06-12-2023 09:00,WIN
8147,10,16,06-12-2023 10:00,LOSS
8148,11,3,06-12-2023 11:00,LOSS
8149,17,1,06-12-2023 12:00,WIN
8150,11,2,06-12-2023 13:00,WIN
8151,15,13,06-12-2023 14:00,LOSS
8152,4,14,06-12-2023 15:00,WIN
8153,4,8,06-12-2023 16:00,WIN
8154,15,14,06-12-2023 17:00,WIN
8155,14,6,06-12-2023 18:00,LOSS
8156,9,12,06-12-2023 19:00,LOSS
8157,16,4,06-12-2023 20:00,WIN
8158,1,9,06-12-2023 21:00,LOSS
8159,3,7,06-12-2023 22:00,LOSS
8160,4,1,06-12-2023 23:00,WIN
8161,19,4,07-12-2023 00:00,LOSS
8162,9,6,07-12-2023 01:00,LOSS
8163,19,11,07-12-2023 02:00,WIN
8164,8,8,07-12-2023 03:00,WIN
8165,4,13,07-12-2023 04:00,LOSS
8166,13,9,07-12-2023 05:00,WIN
8167,19,19,07-12-2023 06:00,LOSS
8168,14,18,07-12-2023 07:00,LOSS
8169,5,19,07-12-2023 08:00,LOSS
8170,18,5,07-12-2023 09:00,LOSS
8171,18,10,07-12-2023 10:00,WIN
8172,15,15,07-12-2023 11:00,LOSS
8173,17,8,07-12-2023 12:00,WIN
8174,3,19,07-12-2023 13:00,LOSS
8175,1,8,07-12-2023 14:00,WIN
8176,18,15,07-12-2023 15:00,LOSS
8177,16,19,07-12-2023 16:00,WIN
8178,6,4,07-12-2023 17:00,LOSS
8179,9,3,07-12-2023 18:00,LOSS
8180,10,5,07-12-2023 19:00,WIN
8181,17,12,07-12-2023 20:00,WIN
8182,7,16,07-12-2023 21:00,WIN
8183,14,8,07-12-2023 22:00,WIN
8184,14,20,07-12-2023 23:00,WIN
8185,12,18,08-12-2023 00:00,WIN
8186,6,12,08-12-2023 01:00,WIN
8187,14,5,08-12-2023 02:00,WIN
8188,8,8,08-12-2023 03:00,WIN
8189,17,8,08-12-2023 04:00,LOSS
8190,8,1,08-12-2023 05:00,LOSS
8191,8,8,08-12-2023 06:00,WIN
8192,17,19,08-12-2023 07:00,LOSS
8193,11,18,08-12-2023 08:00,LOSS
8194,7,20,08-12-2023 09:00,LOSS
8195,7,10,08-12-2023 10:00,LOSS
8196,12,8,08-12-2023 11:00,WIN
8197,16,13,08-12-2023 12:00,WIN
8198,13,5,08-12-2023 13:00,WIN
8199,15,11,08-12-2023 14:00,WIN
8200,19,8,08-12-2023 15:00,LOSS
8201,3,19,08-12-2023 16:00,LOSS
8202,11,19,08-12-2023 17:00,WIN
8203,8,9,08-12-2023 18:00,LOSS
8204,8,16,08-12-2023 19:00,WIN
8205,12,12,08-12-2023 20:00,LOSS
8206,3,4,08-12-2023 21:00,LOSS
8207,20,4,08-12-2023 22:00,LOSS
8208,2,12,08-12-2023 23:00,LOSS
8209,3,14,09-12-2023 00:00,WIN
8210,16,16,09-12-2023 01:00,WIN
8211,19,12,09-12-2023 02:00,LOSS
8212,20,15,09-12-2023 03:00,LOSS
8213,7,1,09-12-2023 04:00,LOSS
8214,19,8,09-12-2023 05:00,WIN
8215,1,3,09-12-2023 06:00,WIN
8216,13,12,09-12-2023 07:00,WIN
8217,14,6,09-12-2023 08:00,LOSS
8218,1,9,09-12-2023 09:00,LOSS
8219,4,20,09-12-2023 10:00,WIN
8220,17,20,09-12-2023 11:00,WIN
8221,6,6,09-12-2023 12:00,LOSS
8222,20,15,09-12-2023 13:00,WIN
8223,6,4,09-12-2023 14:00,WIN
8224,2,5,09-12-2023 15:00,WIN
8225,17,17,09-12-2023 16:00,WIN
8226,16,9,09-12-2023 17:00,LOSS
8227,12,11,09-12-2023 18:00,LOSS
8228,12,7,09-12-2023 19:00,WIN
8229,18,6,09-12-2023 20:00,LOSS
8230,16,11,09-12-2023 21:00,LOSS
8231,6,14,09-12-2023 22:00,WIN
8232,13,11,09-12-2023 23:00,WIN
8233,16,19,10-12-2023 00:00,LOSS
8234,10,13,10-12-2023 01:00,WIN
8235,11,8,10-12-2023 02:00,LOSS
8236,1,19,10-12-2023 03:00,WIN
8237,7,14,10-12-2023 04:00,LOSS
8238,17,5,10-12-2023 05:00,LOSS
8239,12,11,10-12-2023 06:00,LOSS
8240,20,2,10-12-2023 07:00,LOSS
8241,20,15,10-12-2023 08:00,WIN
8242,15,16,10-12-2023 09:00,LOSS
8243,9,1,10-12-2023 10:00,LOSS
8244,6,3,10-12-2023 11:00,LOSS
8245,5,10,10-12-2023 12:00,LOSS
8246,5,4,10-12-2023 13:00,LOSS
8247,9,16,10-12-2023 14:00,WIN
8248,2,9,10-12-2023 15:00,LOSS
8249,10,4,10-12-2023 16:00,WIN
8250,5,19,10-12-2023 17:00,LOSS
8251,17,19,10-12-2023 18:00,LOSS
8252,4,10,10-12-2023 19:00,LOSS
8253,4,10,10-12-2023 20:00,WIN
8254,13,14,10-12-2023 21:00,WIN
8255,20,1,10-12-2023 22:00,LOSS
8256,19,16,10-12-2023 23:00,LOSS
8257,6,20,11-12-2023 00:00,WIN
8258,19,5,11-12-2023 01:00,LOSS
8259,16,14,11-12-2023 02:00,WIN
8260,6,18,11-12-2023 03:00,LOSS
8261,11,8,11-12-2023 04:00,LOSS
8262,10,10,11-12-2023 05:00,LOSS
8263,18,3,11-12-2023 06:00,LOSS
8264,9,8,11-12-2023 07:00,WIN
8265,10,15,11-12-2023 08:00,WIN
8266,15,14,11-12-2023 09:00,LOSS
8267,14,3,11-12-2023 10:00,LOSS
8268,16,15,11-12-2023 11:00,LOSS
8269,7,1,11-12-2023 12:00,WIN
8270,8,7,11-12-2023 13:00,WIN
8271,8,14,11-12-2023 14:00,LOSS
8272,13,4,11-12-2023 15:00,LOSS
8273,19,14,11-12-2023 16:00,WIN
8274,10,9,11-12-2023 17:00,LOSS
8275,1,10,11-12-2023 18:00,LOSS
8276,16,10,11-12-2023 19:00,WIN
8277,3,7,11-12-2023 20:00,LOSS
8278,3,15,11-12-2023 21:00,LOSS
8279,6,4,11-12-2023 22:00,WIN
8280,12,18,11-12-2023 23:00,LOSS
8281,5,16,12-12-2023 00:00,WIN
8282,16,19,12-12-2023 01:00,WIN
8283,17,8,12-12-2023 02:00,WIN
8284,10,16,12-12-2023 03:00,WIN
8285,7,6,12-12-2023 04:00,WIN
8286,10,19,12-12-2023 05:00,WIN
8287,2,10,12-12-2023 06:00,LOSS
8288,15,13,12-12-2023 07:00,LOSS
8289,17,16,12-12-2023 08:00,WIN
8290,4,2,12-12-2023 09:00,WIN
8291,8,8,12-12-2023 10:00,WIN
8292,19,9,12-12-2023 11:00,LOSS
8293,2,7,12-12-2023 12:00,LOSS
8294,16,5,12-12-2023 13:00,LOSS
8295,14,8,12-12-2023 14:00,WIN
8296,12,3,12-12-2023 15:00,WIN
8297,9,13,12-12-2023 16:00,WIN
8298,12,20,12-12-2023 17:00,WIN
8299,3,19,12-12-2023 18:00,WIN
8300,13,12,12-12-2023 19:00,WIN
8301,6,19,12-12-2023 20:00,WIN
8302,2,8,12-12-2023 21:00,LOSS
8303,7,19,12-12-2023 22:00,WIN
8304,20,6,12-12-2023 23:00,LOSS
8305,14,7,13-12-2023 00:00,WIN
8306,6,17,13-12-2023 01:00,WIN
8307,9,15,13-12-2023 02:00,WIN
8308,7,14,13-12-2023 03:00,LOSS
8309,19,15,13-12-2023 04:00,WIN
8310,16,8,13-12-2023 05:00,LOSS
8311,13,8,13-12-2023 06:00,WIN
8312,6,20,13-12-2023 07:00,WIN
8313,4,6,13-12-2023 08:00,LOSS
8314,12,3,13-12-2023 09:00,WIN
8315,10,16,13-12-2023 10:00,WIN
8316,16,3,13-12-2023 11:00,WIN
8317,1,13,13-12-2023 12:00,WIN
8318,12,15,13-12-2023 13:00,WIN
8319,20,10,13-12-2023 14:00,WIN
8320,19,9,13-12-2023 15:00,WIN
8321,19,15,13-12-2023 16:00,WIN
8322,18,12,13-12-2023 17:00,WIN
8323,9,19,13-12-2023 18:00,LOSS
8324,4,9,13-12-2023 19:00,LOSS
8325,11,3,13-12-2023 20:00,LOSS
8326,16,13,13-12-2023 21:00,LOSS
8327,20,4,13-12-2023 22:00,LOSS
8328,2,3,13-12-2023 23:00,WIN
8329,9,5,14-12-2023 00:00,WIN
8330,18,20,14-12-2023 01:00,LOSS
8331,17,9,14-12-2023 02:00,LOSS
8332,17,18,14-12-2023 03:00,WIN
8333,14,10,14-12-2023 04:00,LOSS
8334,13,19,14-12-2023 05:00,LOSS
8335,19,15,14-12-2023 06:00,WIN
8336,6,18,14-12-2023 07:00,WIN
8337,12,7,14-12-2023 08:00,WIN
8338,13,3,14-12-2023 09:00,LOSS
8339,3,2,14-12-2023 10:00,WIN
8340,16,11,14-12-2023 11:00,WIN
8341,10,15,14-12-2023 12:00,WIN
8342,10,7,14-12-2023 13:00,WIN
8343,18,19,14-12-2023 14:00,WIN
8344,3,5,14-12-2023 15:00,WIN
8345,13,19,14-12-2023 16:00,LOSS
8346,16,10,14-12-2023 17:00,WIN
8347,4,15,14-12-2023 18:00,LOSS
8348,11,1,14-12-2023 19:00,WIN
8349,17,17,14-12-2023 20:00,LOSS
8350,1,10,14-12-2023 21:00,WIN
8351,12,4,14-12-2023 22:00,LOSS
8352,3,17,14-12-2023 23:00,LOSS
8353,19,10,15-12-2023 00:00,LOSS
8354,9,12,15-12-2023 01:00,WIN
8355,19,11,15-12-2023 02:00,LOSS
8356,19,3,15-12-2023 03:00,WIN
8357,18,19,15-12-2023 04:00,LOSS
8358,20,18,15-12-2023 05:00,WIN
8359,11,18,15-12-2023 06:00,LOSS
8360,1,4,15-12-2023 07:00,LOSS
8361,12,5,15-12-2023 08:00,LOSS
8362,11,3,15-12-2023 09:00,LOSS
8363,10,1,15-12-2023 10:00,WIN
8364,11,17,15-12-2023 11:00,WIN
8365,8,17,15-12-2023 12:00,LOSS
8366,17,20,15-12-2023 13:00,LOSS
8367,6,1,15-12-2023 14:00,LOSS
8368,7,1,15-12-2023 15:00,LOSS
8369,5,4,15-12-2023 16:00,LOSS
8370,4,9,15-12-2023 17:00,WIN
8371,7,6,15-12-2023 18:00,LOSS
8372,16,12,15-12-2023 19:00,LOSS
8373,4,13,15-12-2023 20:00,LOSS
8374,3,20,15-12-2023 21:00,WIN
8375,14,11,15-12-2023 22:00,LOSS
8376,4,12,15-12-2023 23:00,WIN
8377,9,10,16-12-2023 00:00,LOSS
8378,11,16,16-12-2023 01:00,WIN
8379,1,17,16-12-2023 02:00,WIN
8380,9,13,16-12-2023 03:00,WIN
8381,8,1,16-12-2023 04:00,WIN
8382,15,9,16-12-2023 05:00,WIN
8383,8,8,16-12-2023 06:00,WIN
8384,20,18,16-12-2023 07:00,LOSS
8385,7,1,16-12-2023 08:00,WIN
8386,14,3,16-12-2023 09:00,WIN
8387,18,1,16-12-2023 10:00,WIN
8388,3,1,16-12-2023 11:00,WIN
8389,15,19,16-12-2023 12:00,LOSS
8390,20,18,16-12-2023 13:00,LOSS
8391,6,12,16-12-2023 14:00,WIN
8392,15,6,16-12-2023 15:00,WIN
8393,14,17,16-12-2023 16:00,WIN
8394,11,12,16-12-2023 17:00,WIN
8395,8,2,16-12-2023 18:00,WIN
8396,8,4,16-12-2023 19:00,LOSS
8397,5,7,16-12-2023 20:00,LOSS
8398,16,2,16-12-2023 21:00,LOSS
8399,7,20,16-12-2023 22:00,LOSS
8400,1,20,16-12-2023 23:00,WIN
8401,5,15,17-12-2023 00:00,LOSS
8402,3,7,17-12-2023 01:00,LOSS
8403,13,19,17-12-2023 02:00,WIN
8404,20,3,17-12-2023 03:00,LOSS
8405,17,9,17-12-2023 04:00,WIN
8406,1,12,17-12-2023 05:00,LOSS
8407,19,18,17-12-2023 06:00,LOSS
8408,4,3,17-12-2023 07:00,LOSS
8409,13,9,17-12-2023 08:00,WIN
8410,19,6,17-12-2023 09:00,WIN
8411,18,5,17-12-2023 10:00,WIN
8412,11,9,17-12-2023 11:00,WIN
8413,9,14,17-12-2023 12:00,WIN
8414,3,2,17-12-2023 13:00,LOSS
8415,16,3,17-12-2023 14:00,LOSS
8416,17,1,17-12-2023 15:00,LOSS
8417,13,4,17-12-2023 16:00,WIN
8418,6,13,17-12-2023 17:00,WIN
8419,7,8,17-12-2023 18:00,LOSS
8420,9,18,17-12-2023 19:00,LOSS
8421,5,20,17-12-2023 20:00,LOSS
8422,5,4,17-12-2023 21:00,WIN
8423,15,7,17-12-2023 22:00,WIN
8424,4,13,17-12-2023 23:00,WIN
8425,10,1,18-12-2023 00:00,LOSS
8426,9,18,18-12-2023 01:00,WIN
8427,7,14,18-12-2023 02:00,WIN
8428,15,8,18-12-2023 03:00,WIN
8429,19,10,18-12-2023 04:00,LOSS
8430,10,8,18-12-2023 05:00,WIN
8431,7,3,18-12-2023 06:00,WIN
8432,3,3,18-12-2023 07:00,LOSS
8433,3,6,18-12-2023 08:00,WIN
8434,20,11,18-12-2023 09:00,WIN
8435,18,4,18-12-2023 10:00,WIN
8436,13,20,18-12-2023 11:00,WIN
8437,12,16,18-12-2023 12:00,LOSS
8438,17,11,18-12-2023 13:00,LOSS
8439,17,20,18-12-2023 14:00,LOSS
8440,11,2,18-12-2023 15:00,WIN
8441,17,5,18-12-2023 16:00,LOSS
8442,20,5,18-12-2023 17:00,WIN
8443,17,16,18-12-2023 18:00,WIN
8444,19,14,18-12-2023 19:00,WIN
8445,7,7,18-12-2023 20:00,LOSS
8446,19,1,18-12-2023 21:00,WIN
8447,2,2,18-12-2023 22:00,WIN
8448,10,14,18-12-2023 23:00,WIN
8449,6,5,19-12-2023 00:00,WIN
8450,16,13,19-12-2023 01:00,LOSS
8451,8,13,19-12-2023 02:00,LOSS
8452,4,7,19-12-2023 03:00,LOSS
8453,20,15,19-12-2023 04:00,LOSS
8454,11,10,19-12-2023 05:00,LOSS
8455,18,2,19-12-2023 06:00,LOSS
8456,15,19,19-12-2023 07:00,LOSS
8457,16,13,19-12-2023 08:00,WIN
8458,8,6,19-12-2023 09:00,WIN
8459,17,1,19-12-2023 10:00,WIN
8460,2,1,19-12-2023 11:00,LOSS
8461,17,12,19-12-2023 12:00,WIN
8462,15,14,19-12-2023 13:00,LOSS
8463,20,11,19-12-2023 14:00,WIN
8464,7,1,19-12-2023 15:00,LOSS
8465,11,5,19-12-2023 16:00,WIN
8466,19,3,19-12-2023 17:00,WIN
8467,6,13,19-12-2023 18:00,WIN
8468,18,5,19-12-2023 19:00,LOSS
8469,9,13,19-12-2023 20:00,WIN
8470,16,10,19-12-2023 21:00,WIN
8471,13,3,19-12-2023 22:00,LOSS
8472,8,1,19-12-2023 23:00,LOSS
8473,17,13,20-12-2023 00:00,WIN
8474,14,5,20-12-2023 01:00,WIN
8475,9,11,20-12-2023 02:00,WIN
8476,6,12,20-12-2023 03:00,LOSS
8477,16,11,20-12-2023 04:00,WIN
8478,3,15,20-12-2023 05:00,LOSS
8479,2,6,20-12-2023 06:00,WIN
8480,8,3,20-12-2023 07:00,WIN
8481,4,16,20-12-2023 08:00,LOSS
8482,12,13,20-12-2023 09:00,LOSS
8483,1,16,20-12-2023 10:00,LOSS
8484,17,5,20-12-2023 11:00,WIN
8485,18,15,20-12-2023 12:00,WIN
8486,17,16,20-12-2023 13:00,WIN
8487,16,1,20-12-2023 14:00,WIN
8488,3,8,20-12-2023 15:00,WIN
8489,9,20,20-12-2023 16:00,WIN
8490,12,5,20-12-2023 17:00,WIN
8491,7,7,20-12-2023 18:00,WIN
8492,6,10,20-12-2023 19:00,WIN
8493,11,16,20-12-2023 20:00,WIN
8494,6,5,20-12-2023 21:00,WIN
8495,17,20,20-12-2023 22:00,WIN
8496,10,11,20-12-2023 23:00,WIN
8497,3,18,21-12-2023 00:00,LOSS
8498,19,20,21-12-2023 01:00,LOSS
8499,3,13,21-12-2023 02:00,WIN
8500,2,19,21-12-2023 03:00,WIN
8501,20,12,21-12-2023 04:00,WIN
8502,1,18,21-12-2023 05:00,LOSS
8503,18,15,21-12-2023 06:00,LOSS
8504,8,6,21-12-2023 07:00,WIN
8505,19,10,21-12-2023 08:00,LOSS
8506,5,17,21-12-2023 09:00,LOSS
8507,10,10,21-12-2023 10:00,LOSS
8508,9,4,21-12-2023 11:00,LOSS
8509,18,8,21-12-2023 12:00,WIN
8510,19,5,21-12-2023 13:00,LOSS
8511,5,19,21-12-2023 14:00,LOSS
8512,11,18,21-12-2023 15:00,LOSS
8513,20,16,21-12-2023 16:00,WIN
8514,1,4,21-12-2023 17:00,WIN
8515,12,7,21-12-2023 18:00,LOSS
8516,6,8,21-12-2023 19:00,LOSS
8517,20,15,21-12-2023 20:00,WIN
8518,12,9,21-12-2023 21:00,LOSS
8519,12,7,21-12-2023 22:00,LOSS
8520,3,9,21-12-2023 23:00,WIN
8521,15,20,22-12-2023 00:00,WIN
8522,11,1,22-12-2023 01:00,LOSS
8523,10,7,22-12-2023 02:00,LOSS
8524,16,2,22-12-2023 03:00,WIN
8525,12,15,22-12-2023 04:00,LOSS
8526,16,10,22-12-2023 05:00,WIN
8527,5,9,22-12-2023 06:00,LOSS
8528,18,16,22-12-2023 07:00,LOSS
8529,10,6,22-12-2023 08:00,LOSS
8530,6,12,22-12-2023 09:00,WIN
8531,14,8,22-12-2023 10:00,LOSS
8532,14,9,22-12-2023 11:00,WIN
8533,9,7,22-12-2023 12:00,LOSS
8534,16,14,22-12-2023 13:00,WIN
8535,13,11,22-12-2023 14:00,LOSS
8536,14,12,22-12-2023 15:00,WIN
8537,11,19,22-12-2023 16:00,LOSS
8538,2,10,22-12-2023 17:00,LOSS
8539,20,19,22-12-2023 18:00,LOSS
8540,20,13,22-12-2023 19:00,WIN
8541,19,3,22-12-2023 20:00,WIN
8542,12,16,22-12-2023 21:00,LOSS
8543,17,5,22-12-2023 22:00,LOSS
8544,9,8,22-12-2023 23:00,LOSS
8545,11,1,23-12-2023 00:00,WIN
8546,12,14,23-12-2023 01:00,LOSS
8547,3,20,23-12-2023 02:00,WIN
8548,17,5,23-12-2023 03:00,WIN
8549,6,16,23-12-2023 04:00,WIN
8550,4,1,23-12-2023 05:00,LOSS
8551,13,3,23-12-2023 06:00,LOSS
8552,17,3,23-12-2023 07:00,WIN
8553,10,11,23-12-2023 08:00,LOSS
8554,20,11,23-12-2023 09:00,WIN
8555,18,20,23-12-2023 10:00,WIN
8556,14,5,23-12-2023 11:00,WIN
8557,16,12,23-12-2023 12:00,WIN
8558,19,6,23-12-2023 13:00,WIN
8559,15,16,23-12-2023 14:00,LOSS
8560,13,6,23-12-2023 15:00,LOSS
8561,2,9,23-12-2023 16:00,WIN
8562,9,10,23-12-2023 17:00,LOSS
8563,13,14,23-12-2023 18:00,WIN
8564,12,15,23-12-2023 19:00,LOSS
8565,1,7,23-12-2023 20:00,LOSS
8566,13,20,23-12-2023 21:00,WIN
8567,8,5,23-12-2023 22:00,LOSS
8568,4,7,23-12-2023 23:00,WIN
8569,11,8,24-12-2023 00:00,WIN
8570,6,14,24-12-2023 01:00,LOSS
8571,13,15,24-12-2023 02:00,LOSS
8572,20,17,24-12-2023 03:00,WIN
8573,5,20,24-12-2023 04:00,WIN
8574,13,16,24-12-2023 05:00,WIN
8575,17,9,24-12-2023 06:00,LOSS
8576,19,11,24-12-2023 07:00,WIN
8577,19,4,24-12-2023 08:00,WIN
8578,1,2,24-12-2023 09:00,LOSS
8579,4,2,24-12-2023 10:00,LOSS
8580,2,15,24-12-2023 11:00,LOSS
8581,12,8,24-12-2023 12:00,LOSS
8582,1,16,24-12-2023 13:00,WIN
8583,12,8,24-12-2023 14:00,LOSS
8584,13,5,24-12-2023 15:00,LOSS
8585,6,11,24-12-2023 16:00,WIN
8586,7,5,24-12-2023 17:00,WIN
8587,20,8,24-12-2023 18:00,LOSS
8588,5,16,24-12-2023 19:00,WIN
8589,9,6,24-12-2023 20:00,LOSS
8590,13,6,24-12-2023 21:00,WIN
8591,14,7,24-12-2023 22:00,WIN
8592,8,18,24-12-2023 23:00,LOSS
8593,16,3,25-12-2023 00:00,LOSS
8594,14,14,25-12-2023 01:00,WIN
8595,18,17,25-12-2023 02:00,LOSS
8596,10,10,25-12-2023 03:00,WIN
8597,19,16,25-12-2023 04:00,WIN
8598,16,20,25-12-2023 05:00,WIN
8599,9,19,25-12-2023 06:00,LOSS
8600,1,12,25-12-2023 07:00,LOSS
8601,9,14,25-12-2023 08:00,LOSS
8602,14,11,25-12-2023 09:00,WIN
8603,7,1,25-12-2023 10:00,LOSS
8604,11,10,25-12-2023 11:00,LOSS
8605,20,11,25-12-2023 12:00,LOSS
8606,7,4,25-12-2023 13:00,WIN
8607,10,18,25-12-2023 14:00,LOSS
8608,19,11,25-12-2023 15:00,LOSS
8609,2,8,25-12-2023 16:00,LOSS
8610,2,7,25-12-2023 17:00,WIN
8611,16,17,25-12-2023 18:00,LOSS
8612,12,6,25-12-2023 19:00,LOSS
8613,8,10,25-12-2023 20:00,LOSS
8614,10,12,25-12-2023 21:00,LOSS
8615,15,2,25-12-2023 22:00,WIN
8616,16,13,25-12-2023 23:00,LOSS
8617,4,13,26-12-2023 00:00,LOSS
8618,5,5,26-12-2023 01:00,LOSS
8619,17,6,26-12-2023 02:00,WIN
8620,10,16,26-12-2023 03:00,LOSS
8621,4,18,26-12-2023 04:00,WIN
8622,1,17,26-12-2023 05:00,LOSS
8623,1,20,26-12-2023 06:00,LOSS
8624,7,15,26-12-2023 07:00,WIN
8625,3,15,26-12-2023 08:00,LOSS
8626,16,15,26-12-2023 09:00,WIN
8627,16,4,26-12-2023 10:00,LOSS
8628,15,9,26-12-2023 11:00,LOSS
8629,11,12,26-12-2023 12:00,LOSS
8630,18,14,26-12-2023 13:00,WIN
8631,20,1,26-12-2023 14:00,LOSS
8632,8,10,26-12-2023 15:00,LOSS
8633,6,15,26-12-2023 16:00,LOSS
8634,18,11,26-12-2023 17:00,LOSS
8635,8,1,26-12-2023 18:00,LOSS
8636,20,8,26-12-2023 19:00,WIN
8637,17,9,26-12-2023 20:00,WIN
8638,5,3,26-12-2023 21:00,LOSS
8639,3,1,26-12-2023 22:00,LOSS
8640,19,10,26-12-2023 23:00,WIN
8641,7,6,27-12-2023 00:00,LOSS
8642,12,19,27-12-2023 01:00,LOSS
8643,1,4,27-12-2023 02:00,LOSS
8644,3,19,27-12-2023 03:00,WIN
8645,10,7,27-12-2023 04:00,WIN
8646,6,12,27-12-2023 05:00,WIN
8647,16,5,27-12-2023 06:00,LOSS
8648,14,19,27-12-2023 07:00,LOSS
8649,8,19,27-12-2023 08:00,LOSS
8650,6,20,27-12-2023 09:00,LOSS
8651,11,7,27-12-2023 10:00,LOSS
8652,4,14,27-12-2023 11:00,LOSS
8653,8,9,27-12-2023 12:00,LOSS
8654,5,5,27-12-2023 13:00,LOSS
8655,10,18,27-12-2023 14:00,WIN
8656,12,9,27-12-2023 15:00,WIN
8657,17,5,27-12-2023 16:00,WIN
8658,20,16,27-12-2023 17:00,LOSS
8659,11,9,27-12-2023 18:00,LOSS
8660,20,20,27-12-2023 19:00,LOSS
8661,12,11,27-12-2023 20:00,WIN
8662,12,14,27-12-2023 21:00,LOSS
8663,17,3,27-12-2023 22:00,LOSS
8664,20,20,27-12-2023 23:00,WIN
8665,5,7,28-12-2023 00:00,LOSS
8666,17,11,28-12-2023 01:00,LOSS
8667,5,17,28-12-2023 02:00,LOSS
8668,13,18,28-12-2023 03:00,LOSS
8669,14,19,28-12-2023 04:00,LOSS
8670,8,17,28-12-2023 05:00,LOSS
8671,14,9,28-12-2023 06:00,LOSS
8672,6,14,28-12-2023 07:00,LOSS
8673,7,11,28-12-2023 08:00,WIN
8674,10,15,28-12-2023 09:00,LOSS
8675,17,4,28-12-2023 10:00,WIN
8676,6,19,28-12-2023 11:00,LOSS
8677,3,9,28-12-2023 12:00,LOSS
8678,19,2,28-12-2023 13:00,LOSS
8679,19,8,28-12-2023 14:00,LOSS
8680,3,7,28-12-2023 15:00,WIN
8681,3,18,28-12-2023 16:00,LOSS
8682,5,19,28-12-2023 17:00,LOSS
8683,6,18,28-12-2023 18:00,WIN
8684,6,15,28-12-2023 19:00,LOSS
8685,13,11,28-12-2023 20:00,LOSS
8686,19,12,28-12-2023 21:00,WIN
8687,5,3,28-12-2023 22:00,LOSS
8688,1,4,28-12-2023 23:00,LOSS
8689,17,18,29-12-2023 00:00,LOSS
8690,2,12,29-12-2023 01:00,WIN
8691,12,16,29-12-2023 02:00,LOSS
8692,18,12,29-12-2023 03:00,LOSS
8693,7,7,29-12-2023 04:00,WIN
8694,5,12,29-12-2023 05:00,LOSS
8695,19,4,29-12-2023 06:00,WIN
8696,16,16,29-12-2023 07:00,LOSS
8697,12,16,29-12-2023 08:00,LOSS
8698,19,17,29-12-2023 09:00,LOSS
8699,19,20,29-12-2023 10:00,LOSS
8700,20,9,29-12-2023 11:00,LOSS
8701,15,14,29-12-2023 12:00,WIN
8702,9,5,29-12-2023 13:00,WIN
8703,8,18,29-12-2023 14:00,WIN
8704,19,12,29-12-2023 15:00,LOSS
8705,7,7,29-12-2023 16:00,LOSS
8706,19,2,29-12-2023 17:00,LOSS
8707,12,18,29-12-2023 18:00,LOSS
8708,3,3,29-12-2023 19:00,WIN
8709,4,15,29-12-2023 20:00,WIN
8710,2,11,29-12-2023 21:00,WIN
8711,7,10,29-12-2023 22:00,WIN
8712,3,20,29-12-2023 23:00,LOSS
8713,1,19,30-12-2023 00:00,WIN
8714,12,13,30-12-2023 01:00,LOSS
8715,19,16,30-12-2023 02:00,WIN
8716,20,20,30-12-2023 03:00,LOSS
8717,17,18,30-12-2023 04:00,WIN
8718,18,12,30-12-2023 05:00,WIN
8719,3,15,30-12-2023 06:00,WIN
8720,13,2,30-12-2023 07:00,LOSS
8721,5,13,30-12-2023 08:00,WIN
8722,19,12,30-12-2023 09:00,WIN
8723,19,15,30-12-2023 10:00,LOSS
8724,8,3,30-12-2023 11:00,WIN
8725,20,17,30-12-2023 12:00,LOSS
8726,16,6,30-12-2023 13:00,LOSS
8727,5,11,30-12-2023 14:00,LOSS
8728,4,20,30-12-2023 15:00,LOSS
8729,16,4,30-12-2023 16:00,WIN
8730,14,10,30-12-2023 17:00,WIN
8731,13,19,30-12-2023 18:00,LOSS
8732,20,9,30-12-2023 19:00,WIN
8733,8,19,30-12-2023 20:00,WIN
8734,18,15,30-12-2023 21:00,WIN
8735,5,9,30-12-2023 22:00,LOSS
8736,6,13,30-12-2023 23:00,WIN
8737,6,2,31-12-2023 00:00,LOSS
8738,20,8,31-12-2023 01:00,LOSS
8739,17,12,31-12-2023 02:00,LOSS
8740,16,9,31-12-2023 03:00,WIN
8741,5,5,31-12-2023 04:00,LOSS
8742,20,4,31-12-2023 05:00,WIN
8743,3,13,31-12-2023 06:00,LOSS
8744,1,15,31-12-2023 07:00,WIN
8745,5,2,31-12-2023 08:00,LOSS
8746,3,1,31-12-2023 09:00,WIN
8747,16,4,31-12-2023 10:00,LOSS
8748,16,10,31-12-2023 11:00,LOSS
8749,4,1,31-12-2023 12:00,LOSS
8750,3,2,31-12-2023 13:00,LOSS
8751,12,12,31-12-2023 14:00,WIN
8752,17,16,31-12-2023 15:00,LOSS
8753,12,3,31-12-2023 16:00,LOSS
8754,10,9,31-12-2023 17:00,WIN
8755,2,3,31-12-2023 18:00,LOSS
8756,10,20,31-12-2023 19:00,LOSS
8757,2,16,31-12-2023 20:00,LOSS
8758,17,8,31-12-2023 21:00,LOSS
8759,5,19,31-12-2023 22:00,WIN
8760,2,11,31-12-2023 23:00,LOSS
8761,14,6,01-01-2024 00:00,LOSS
8762,10,14,01-01-2024 01:00,LOSS
8763,15,1,01-01-2024 02:00,LOSS
8764,5,12,01-01-2024 03:00,WIN
8765,14,15,01-01-2024 04:00,LOSS
8766,18,16,01-01-2024 05:00,LOSS
8767,13,4,01-01-2024 06:00,LOSS
8768,13,8,01-01-2024 07:00,WIN
8769,3,17,01-01-2024 08:00,WIN
8770,4,3,01-01-2024 09:00,LOSS
8771,5,3,01-01-2024 10:00,LOSS
8772,10,15,01-01-2024 11:00,WIN
8773,2,15,01-01-2024 12:00,WIN
8774,9,8,01-01-2024 13:00,LOSS
8775,9,15,01-01-2024 14:00,LOSS
8776,10,8,01-01-2024 15:00,WIN
8777,12,19,01-01-2024 16:00,LOSS
8778,15,4,01-01-2024 17:00,LOSS
8779,3,1,01-01-2024 18:00,LOSS
8780,9,3,01-01-2024 19:00,WIN
8781,7,8,01-01-2024 20:00,LOSS
8782,16,17,01-01-2024 21:00,WIN
8783,4,17,01-01-2024 22:00,LOSS
8784,14,6,01-01-2024 23:00,WIN
8785,5,11,02-01-2024 00:00,WIN
8786,16,6,02-01-2024 01:00,LOSS
8787,20,1,02-01-2024 02:00,LOSS
8788,14,3,02-01-2024 03:00,WIN
8789,13,20,02-01-2024 04:00,LOSS
8790,14,9,02-01-2024 05:00,WIN
8791,5,15,02-01-2024 06:00,LOSS
8792,19,8,02-01-2024 07:00,LOSS
8793,17,20,02-01-2024 08:00,WIN
8794,1,16,02-01-2024 09:00,LOSS
8795,19,10,02-01-2024 10:00,LOSS
8796,11,14,02-01-2024 11:00,WIN
8797,10,16,02-01-2024 12:00,WIN
8798,4,15,02-01-2024 13:00,WIN
8799,17,9,02-01-2024 14:00,LOSS
8800,17,10,02-01-2024 15:00,LOSS
8801,16,8,02-01-2024 16:00,WIN
8802,19,12,02-01-2024 17:00,WIN
8803,20,5,02-01-2024 18:00,LOSS
8804,14,14,02-01-2024 19:00,LOSS
8805,16,3,02-01-2024 20:00,LOSS
8806,2,15,02-01-2024 21:00,WIN
8807,8,6,02-01-2024 22:00,LOSS
8808,6,19,02-01-2024 23:00,WIN
8809,10,18,03-01-2024 00:00,LOSS
8810,2,7,03-01-2024 01:00,LOSS
8811,19,3,03-01-2024 02:00,WIN
8812,4,5,03-01-2024 03:00,LOSS
8813,6,16,03-01-2024 04:00,WIN
8814,13,15,03-01-2024 05:00,LOSS
8815,1,20,03-01-2024 06:00,LOSS
8816,5,9,03-01-2024 07:00,WIN
8817,7,3,03-01-2024 08:00,WIN
8818,14,12,03-01-2024 09:00,WIN
8819,19,1,03-01-2024 10:00,WIN
8820,11,20,03-01-2024 11:00,WIN
8821,18,6,03-01-2024 12:00,LOSS
8822,18,2,03-01-2024 13:00,WIN
8823,6,13,03-01-2024 14:00,WIN
8824,6,20,03-01-2024 15:00,WIN
8825,7,8,03-01-2024 16:00,WIN
8826,17,18,03-01-2024 17:00,WIN
8827,19,16,03-01-2024 18:00,WIN
8828,5,2,03-01-2024 19:00,LOSS
8829,7,16,03-01-2024 20:00,WIN
8830,6,3,03-01-2024 21:00,LOSS
8831,17,16,03-01-2024 22:00,WIN
8832,19,16,03-01-2024 23:00,WIN
8833,12,9,04-01-2024 00:00,WIN
8834,7,19,04-01-2024 01:00,LOSS
8835,12,11,04-01-2024 02:00,WIN
8836,17,2,04-01-2024 03:00,LOSS
8837,15,16,04-01-2024 04:00,LOSS
8838,16,16,04-01-2024 05:00,WIN
8839,1,15,04-01-2024 06:00,LOSS
8840,11,20,04-01-2024 07:00,WIN
8841,1,7,04-01-2024 08:00,LOSS
8842,13,12,04-01-2024 09:00,WIN
8843,20,15,04-01-2024 10:00,LOSS
8844,17,2,04-01-2024 11:00,LOSS
8845,16,7,04-01-2024 12:00,LOSS
8846,17,20,04-01-2024 13:00,WIN
8847,14,12,04-01-2024 14:00,WIN
8848,5,20,04-01-2024 15:00,LOSS
8849,13,19,04-01-2024 16:00,WIN
8850,18,14,04-01-2024 17:00,WIN
8851,7,2,04-01-2024 18:00,WIN
8852,17,14,04-01-2024 19:00,WIN
8853,11,20,04-01-2024 20:00,WIN
8854,17,14,04-01-2024 21:00,LOSS
8855,19,18,04-01-2024 22:00,WIN
8856,6,3,04-01-2024 23:00,WIN
8857,20,17,05-01-2024 00:00,LOSS
8858,18,16,05-01-2024 01:00,WIN
8859,10,13,05-01-2024 02:00,LOSS
8860,1,17,05-01-2024 03:00,WIN
8861,1,6,05-01-2024 04:00,WIN
8862,15,5,05-01-2024 05:00,WIN
8863,6,17,05-01-2024 06:00,WIN
8864,7,15,05-01-2024 07:00,WIN
8865,10,2,05-01-2024 08:00,LOSS
8866,4,7,05-01-2024 09:00,WIN
8867,14,4,05-01-2024 10:00,LOSS
8868,8,19,05-01-2024 11:00,LOSS
8869,1,13,05-01-2024 12:00,LOSS
8870,2,3,05-01-2024 13:00,LOSS
8871,19,9,05-01-2024 14:00,LOSS
8872,10,10,05-01-2024 15:00,LOSS
8873,4,18,05-01-2024 16:00,LOSS
8874,17,16,05-01-2024 17:00,WIN
8875,16,4,05-01-2024 18:00,WIN
8876,5,17,05-01-2024 19:00,LOSS
8877,10,16,05-01-2024 20:00,LOSS
8878,11,1,05-01-2024 21:00,LOSS
8879,1,5,05-01-2024 22:00,WIN
8880,13,2,05-01-2024 23:00,LOSS
8881,20,8,06-01-2024 00:00,WIN
8882,2,16,06-01-2024 01:00,WIN
8883,1,6,06-01-2024 02:00,WIN
8884,14,14,06-01-2024 03:00,LOSS
8885,12,4,06-01-2024 04:00,WIN
8886,11,8,06-01-2024 05:00,WIN
8887,1,20,06-01-2024 06:00,LOSS
8888,14,14,06-01-2024 07:00,WIN
8889,8,4,06-01-2024 08:00,WIN
8890,18,14,06-01-2024 09:00,WIN
8891,5,8,06-01-2024 10:00,LOSS
8892,3,19,06-01-2024 11:00,WIN
8893,6,5,06-01-2024 12:00,LOSS
8894,5,12,06-01-2024 13:00,LOSS
8895,2,3,06-01-2024 14:00,LOSS
8896,3,17,06-01-2024 15:00,LOSS
8897,4,19,06-01-2024 16:00,LOSS
8898,1,6,06-01-2024 17:00,WIN
8899,16,19,06-01-2024 18:00,WIN
8900,19,13,06-01-2024 19:00,LOSS
8901,8,9,06-01-2024 20:00,WIN
8902,2,18,06-01-2024 21:00,WIN
8903,3,14,06-01-2024 22:00,LOSS
8904,14,8,06-01-2024 23:00,WIN
8905,7,11,07-01-2024 00:00,LOSS
8906,13,18,07-01-2024 01:00,LOSS
8907,7,18,07-01-2024 02:00,LOSS
8908,16,15,07-01-2024 03:00,LOSS
8909,3,6,07-01-2024 04:00,WIN
8910,5,17,07-01-2024 05:00,LOSS
8911,3,8,07-01-2024 06:00,LOSS
8912,15,20,07-01-2024 07:00,WIN
8913,20,16,07-01-2024 08:00,WIN
8914,11,2,07-01-2024 09:00,LOSS
8915,18,1,07-01-2024 10:00,WIN
8916,5,13,07-01-2024 11:00,WIN
8917,13,7,07-01-2024 12:00,WIN
8918,1,19,07-01-2024 13:00,LOSS
8919,14,3,07-01-2024 14:00,LOSS
8920,9,12,07-01-2024 15:00,LOSS
8921,9,12,07-01-2024 16:00,LOSS
8922,4,17,07-01-2024 17:00,LOSS
8923,2,17,07-01-2024 18:00,LOSS
8924,16,18,07-01-2024 19:00,WIN
8925,5,3,07-01-2024 20:00,WIN
8926,20,20,07-01-2024 21:00,WIN
8927,18,15,07-01-2024 22:00,LOSS
8928,2,2,07-01-2024 23:00,LOSS
8929,14,7,08-01-2024 00:00,WIN
8930,15,13,08-01-2024 01:00,LOSS
8931,10,13,08-01-2024 02:00,WIN
8932,16,19,08-01-2024 03:00,WIN
8933,8,6,08-01-2024 04:00,LOSS
8934,14,10,08-01-2024 05:00,WIN
8935,20,8,08-01-2024 06:00,LOSS
8936,10,10,08-01-2024 07:00,LOSS
8937,13,6,08-01-2024 08:00,WIN
8938,19,12,08-01-2024 09:00,LOSS
8939,2,1,08-01-2024 10:00,WIN
8940,5,2,08-01-2024 11:00,LOSS
8941,14,11,08-01-2024 12:00,WIN
8942,8,3,08-01-2024 13:00,WIN
8943,1,1,08-01-2024 14:00,LOSS
8944,5,4,08-01-2024 15:00,WIN
8945,11,3,08-01-2024 16:00,LOSS
8946,8,17,08-01-2024 17:00,LOSS
8947,17,20,08-01-2024 18:00,WIN
8948,10,7,08-01-2024 19:00,LOSS
8949,14,12,08-01-2024 20:00,LOSS
8950,1,19,08-01-2024 21:00,WIN
8951,5,6,08-01-2024 22:00,LOSS
8952,15,7,08-01-2024 23:00,WIN
8953,10,5,09-01-2024 00:00,WIN
8954,15,4,09-01-2024 01:00,LOSS
8955,1,11,09-01-2024 02:00,WIN
8956,11,10,09-01-2024 03:00,WIN
8957,18,3,09-01-2024 04:00,WIN
8958,6,18,09-01-2024 05:00,WIN
8959,2,15,09-01-2024 06:00,LOSS
8960,2,12,09-01-2024 07:00,LOSS
8961,17,16,09-01-2024 08:00,LOSS
8962,5,5,09-01-2024 09:00,WIN
8963,20,10,09-01-2024 10:00,WIN
8964,14,11,09-01-2024 11:00,WIN
8965,12,1,09-01-2024 12:00,LOSS
8966,4,16,09-01-2024 13:00,LOSS
8967,9,12,09-01-2024 14:00,WIN
8968,18,2,09-01-2024 15:00,WIN
8969,10,12,09-01-2024 16:00,WIN
8970,7,2,09-01-2024 17:00,WIN
8971,5,11,09-01-2024 18:00,LOSS
8972,15,3,09-01-2024 19:00,WIN
8973,13,5,09-01-2024 20:00,LOSS
8974,14,15,09-01-2024 21:00,WIN
8975,4,5,09-01-2024 22:00,WIN
8976,6,19,09-01-2024 23:00,LOSS
8977,15,12,10-01-2024 00:00,LOSS
8978,13,8,10-01-2024 01:00,LOSS
8979,13,3,10-01-2024 02:00,LOSS
8980,18,13,10-01-2024 03:00,WIN
8981,17,11,10-01-2024 04:00,WIN
8982,1,11,10-01-2024 05:00,LOSS
8983,4,7,10-01-2024 06:00,LOSS
8984,11,6,10-01-2024 07:00,WIN
8985,19,11,10-01-2024 08:00,LOSS
8986,13,9,10-01-2024 09:00,WIN
8987,16,15,10-01-2024 10:00,LOSS
8988,19,16,10-01-2024 11:00,WIN
8989,15,2,10-01-2024 12:00,LOSS
8990,12,11,10-01-2024 13:00,WIN
8991,8,6,10-01-2024 14:00,WIN
8992,1,12,10-01-2024 15:00,WIN
8993,8,5,10-01-2024 16:00,LOSS
8994,5,18,10-01-2024 17:00,WIN
8995,1,12,10-01-2024 18:00,WIN
8996,12,8,10-01-2024 19:00,LOSS
8997,4,1,10-01-2024 20:00,LOSS
8998,15,3,10-01-2024 21:00,WIN
8999,9,4,10-01-2024 22:00,LOSS
9000,10,8,10-01-2024 23:00,LOSS
9001,13,18,11-01-2024 00:00,WIN
9002,10,8,11-01-2024 01:00,WIN
9003,10,2,11-01-2024 02:00,LOSS
9004,14,12,11-01-2024 03:00,LOSS
9005,19,19,11-01-2024 04:00,WIN
9006,19,8,11-01-2024 05:00,WIN
9007,1,9,11-01-2024 06:00,LOSS
9008,8,20,11-01-2024 07:00,LOSS
9009,17,15,11-01-2024 08:00,WIN
9010,10,19,11-01-2024 09:00,WIN
9011,1,15,11-01-2024 10:00,WIN
9012,8,19,11-01-2024 11:00,LOSS
9013,5,9,11-01-2024 12:00,LOSS
9014,2,20,11-01-2024 13:00,LOSS
9015,19,18,11-01-2024 14:00,WIN
9016,2,16,11-01-2024 15:00,LOSS
9017,20,13,11-01-2024 16:00,LOSS
9018,11,15,11-01-2024 17:00,WIN
9019,3,20,11-01-2024 18:00,WIN
9020,9,19,11-01-2024 19:00,WIN
9021,8,15,11-01-2024 20:00,WIN
9022,6,5,11-01-2024 21:00,WIN
9023,14,4,11-01-2024 22:00,WIN
9024,8,18,11-01-2024 23:00,WIN
9025,15,14,12-01-2024 00:00,WIN
9026,3,10,12-01-2024 01:00,LOSS
9027,8,1,12-01-2024 02:00,LOSS
9028,16,17,12-01-2024 03:00,LOSS
9029,6,1,12-01-2024 04:00,LOSS
9030,7,19,12-01-2024 05:00,LOSS
9031,13,15,12-01-2024 06:00,LOSS
9032,20,2,12-01-2024 07:00,WIN
9033,9,4,12-01-2024 08:00,LOSS
9034,19,3,12-01-2024 09:00,WIN
9035,7,8,12-01-2024 10:00,LOSS
9036,16,11,12-01-2024 11:00,LOSS
9037,7,6,12-01-2024 12:00,WIN
9038,15,9,12-01-2024 13:00,WIN
9039,5,17,12-01-2024 14:00,WIN
9040,2,15,12-01-2024 15:00,WIN
9041,2,13,12-01-2024 16:00,LOSS
9042,20,15,12-01-2024 17:00,WIN
9043,5,18,12-01-2024 18:00,WIN
9044,12,17,12-01-2024 19:00,WIN
9045,4,9,12-01-2024 20:00,WIN
9046,18,2,12-01-2024 21:00,WIN
9047,20,18,12-01-2024 22:00,WIN
9048,11,9,12-01-2024 23:00,LOSS
9049,20,19,13-01-2024 00:00,LOSS
9050,6,10,13-01-2024 01:00,WIN
9051,13,14,13-01-2024 02:00,LOSS
9052,5,1,13-01-2024 03:00,LOSS
9053,4,18,13-01-2024 04:00,WIN
9054,10,1,13-01-2024 05:00,WIN
9055,2,9,13-01-2024 06:00,WIN
9056,8,20,13-01-2024 07:00,LOSS
9057,20,16,13-01-2024 08:00,WIN
9058,20,19,13-01-2024 09:00,LOSS
9059,3,3,13-01-2024 10:00,LOSS
9060,9,1,13-01-2024 11:00,LOSS
9061,20,8,13-01-2024 12:00,LOSS
9062,2,20,13-01-2024 13:00,LOSS
9063,17,17,13-01-2024 14:00,WIN
9064,1,5,13-01-2024 15:00,WIN
9065,17,10,13-01-2024 16:00,WIN
9066,5,8,13-01-2024 17:00,LOSS
9067,13,12,13-01-2024 18:00,WIN
9068,8,16,13-01-2024 19:00,WIN
9069,7,19,13-01-2024 20:00,WIN
9070,14,4,13-01-2024 21:00,WIN
9071,8,10,13-01-2024 22:00,LOSS
9072,11,4,13-01-2024 23:00,LOSS
9073,3,16,14-01-2024 00:00,LOSS
9074,5,3,14-01-2024 01:00,WIN
9075,18,19,14-01-2024 02:00,WIN
9076,5,2,14-01-2024 03:00,WIN
9077,13,8,14-01-2024 04:00,WIN
9078,5,11,14-01-2024 05:00,WIN
9079,2,7,14-01-2024 06:00,WIN
9080,13,6,14-01-2024 07:00,WIN
9081,6,9,14-01-2024 08:00,WIN
9082,17,4,14-01-2024 09:00,LOSS
9083,8,14,14-01-2024 10:00,WIN
9084,17,15,14-01-2024 11:00,LOSS
9085,19,19,14-01-2024 12:00,LOSS
9086,15,19,14-01-2024 13:00,LOSS
9087,1,16,14-01-2024 14:00,LOSS
9088,18,12,14-01-2024 15:00,WIN
9089,7,10,14-01-2024 16:00,LOSS
9090,7,6,14-01-2024 17:00,WIN
9091,16,18,14-01-2024 18:00,WIN
9092,11,19,14-01-2024 19:00,WIN
9093,5,8,14-01-2024 20:00,LOSS
9094,14,15,14-01-2024 21:00,LOSS
9095,10,5,14-01-2024 22:00,LOSS
9096,5,13,14-01-2024 23:00,LOSS
9097,19,14,15-01-2024 00:00,LOSS
9098,18,15,15-01-2024 01:00,WIN
9099,4,2,15-01-2024 02:00,WIN
9100,9,19,15-01-2024 03:00,WIN
9101,19,2,15-01-2024 04:00,WIN
9102,11,5,15-01-2024 05:00,LOSS
9103,3,5,15-01-2024 06:00,LOSS
9104,11,2,15-01-2024 07:00,WIN
9105,7,17,15-01-2024 08:00,WIN
9106,17,7,15-01-2024 09:00,WIN
9107,18,10,15-01-2024 10:00,LOSS
9108,15,15,15-01-2024 11:00,WIN
9109,17,18,15-01-2024 12:00,LOSS
9110,17,8,15-01-2024 13:00,WIN
9111,10,4,15-01-2024 14:00,WIN
9112,15,11,15-01-2024 15:00,LOSS
9113,16,7,15-01-2024 16:00,LOSS
9114,15,16,15-01-2024 17:00,WIN
9115,9,3,15-01-2024 18:00,WIN
9116,19,20,15-01-2024 19:00,LOSS
9117,1,15,15-01-2024 20:00,LOSS
9118,2,9,15-01-2024 21:00,WIN
9119,6,19,15-01-2024 22:00,LOSS
9120,9,14,15-01-2024 23:00,WIN
9121,18,2,16-01-2024 00:00,WIN
9122,1,20,16-01-2024 01:00,LOSS
9123,10,18,16-01-2024 02:00,WIN
9124,4,11,16-01-2024 03:00,LOSS
9125,14,11,16-01-2024 04:00,WIN
9126,6,18,16-01-2024 05:00,LOSS
9127,20,1,16-01-2024 06:00,LOSS
9128,5,8,16-01-2024 07:00,LOSS
9129,15,1,16-01-2024 08:00,LOSS
9130,10,9,16-01-2024 09:00,LOSS
9131,3,7,16-01-2024 10:00,WIN
9132,17,17,16-01-2024 11:00,WIN
9133,9,17,16-01-2024 12:00,WIN
9134,9,12,16-01-2024 13:00,WIN
9135,15,1,16-01-2024 14:00,LOSS
9136,18,3,16-01-2024 15:00,WIN
9137,3,15,16-01-2024 16:00,WIN
9138,8,8,16-01-2024 17:00,LOSS
9139,3,12,16-01-2024 18:00,LOSS
9140,19,17,16-01-2024 19:00,LOSS
9141,13,6,16-01-2024 20:00,WIN
9142,16,12,16-01-2024 21:00,WIN
9143,7,11,16-01-2024 22:00,WIN
9144,20,2,16-01-2024 23:00,WIN
9145,5,20,17-01-2024 00:00,WIN
9146,19,16,17-01-2024 01:00,WIN
9147,2,20,17-01-2024 02:00,LOSS
9148,3,4,17-01-2024 03:00,WIN
9149,3,9,17-01-2024 04:00,WIN
9150,2,17,17-01-2024 05:00,WIN
9151,16,17,17-01-2024 06:00,WIN
9152,17,2,17-01-2024 07:00,LOSS
9153,16,11,17-01-2024 08:00,LOSS
9154,16,6,17-01-2024 09:00,LOSS
9155,19,19,17-01-2024 10:00,WIN
9156,17,17,17-01-2024 11:00,LOSS
9157,5,16,17-01-2024 12:00,WIN
9158,12,17,17-01-2024 13:00,WIN
9159,12,15,17-01-2024 14:00,WIN
9160,7,13,17-01-2024 15:00,WIN
9161,7,17,17-01-2024 16:00,LOSS
9162,4,8,17-01-2024 17:00,LOSS
9163,6,9,17-01-2024 18:00,WIN
9164,16,8,17-01-2024 19:00,WIN
9165,8,17,17-01-2024 20:00,WIN
9166,6,20,17-01-2024 21:00,LOSS
9167,19,14,17-01-2024 22:00,LOSS
9168,10,20,17-01-2024 23:00,WIN
9169,16,12,18-01-2024 00:00,LOSS
9170,2,1,18-01-2024 01:00,WIN
9171,14,13,18-01-2024 02:00,WIN
9172,11,7,18-01-2024 03:00,LOSS
9173,2,16,18-01-2024 04:00,LOSS
9174,3,3,18-01-2024 05:00,LOSS
9175,11,11,18-01-2024 06:00,LOSS
9176,4,18,18-01-2024 07:00,LOSS
9177,14,10,18-01-2024 08:00,WIN
9178,5,16,18-01-2024 09:00,WIN
9179,3,19,18-01-2024 10:00,WIN
9180,8,8,18-01-2024 11:00,WIN
9181,10,6,18-01-2024 12:00,WIN
9182,12,3,18-01-2024 13:00,LOSS
9183,8,2,18-01-2024 14:00,WIN
9184,7,17,18-01-2024 15:00,WIN
9185,2,3,18-01-2024 16:00,WIN
9186,12,3,18-01-2024 17:00,LOSS
9187,20,15,18-01-2024 18:00,WIN
9188,11,5,18-01-2024 19:00,WIN
9189,9,14,18-01-2024 20:00,WIN
9190,5,7,18-01-2024 21:00,LOSS
9191,6,5,18-01-2024 22:00,LOSS
9192,7,14,18-01-2024 23:00,WIN
9193,14,19,19-01-2024 00:00,LOSS
9194,18,11,19-01-2024 01:00,LOSS
9195,15,7,19-01-2024 02:00,LOSS
9196,1,8,19-01-2024 03:00,LOSS
9197,16,4,19-01-2024 04:00,WIN
9198,15,6,19-01-2024 05:00,WIN
9199,9,5,19-01-2024 06:00,WIN
9200,7,10,19-01-2024 07:00,LOSS
9201,12,18,19-01-2024 08:00,LOSS
9202,9,17,19-01-2024 09:00,LOSS
9203,12,14,19-01-2024 10:00,LOSS
9204,11,13,19-01-2024 11:00,LOSS
9205,3,6,19-01-2024 12:00,WIN
9206,13,16,19-01-2024 13:00,WIN
9207,5,10,19-01-2024 14:00,WIN
9208,18,7,19-01-2024 15:00,LOSS
9209,11,1,19-01-2024 16:00,LOSS
9210,3,11,19-01-2024 17:00,WIN
9211,9,6,19-01-2024 18:00,WIN
9212,8,4,19-01-2024 19:00,WIN
9213,8,11,19-01-2024 20:00,LOSS
9214,13,2,19-01-2024 21:00,WIN
9215,11,9,19-01-2024 22:00,WIN
9216,6,7,19-01-2024 23:00,LOSS
9217,13,14,20-01-2024 00:00,LOSS
9218,11,5,20-01-2024 01:00,WIN
9219,14,18,20-01-2024 02:00,LOSS
9220,14,17,20-01-2024 03:00,LOSS
9221,19,14,20-01-2024 04:00,WIN
9222,5,16,20-01-2024 05:00,WIN
9223,15,19,20-01-2024 06:00,WIN
9224,13,11,20-01-2024 07:00,LOSS
9225,16,1,20-01-2024 08:00,LOSS
9226,19,5,20-01-2024 09:00,WIN
9227,17,11,20-01-2024 10:00,LOSS
9228,16,20,20-01-2024 11:00,WIN
9229,14,13,20-01-2024 12:00,WIN
9230,17,2,20-01-2024 13:00,WIN
9231,7,1,20-01-2024 14:00,LOSS
9232,6,11,20-01-2024 15:00,WIN
9233,5,4,20-01-2024 16:00,LOSS
9234,1,8,20-01-2024 17:00,LOSS
9235,16,18,20-01-2024 18:00,WIN
9236,14,11,20-01-2024 19:00,LOSS
9237,2,2,20-01-2024 20:00,WIN
9238,4,4,20-01-2024 21:00,LOSS
9239,1,10,20-01-2024 22:00,LOSS
9240,2,20,20-01-2024 23:00,LOSS
9241,9,12,21-01-2024 00:00,WIN
9242,1,18,21-01-2024 01:00,LOSS
9243,20,15,21-01-2024 02:00,WIN
9244,16,12,21-01-2024 03:00,WIN
9245,14,1,21-01-2024 04:00,WIN
9246,13,6,21-01-2024 05:00,WIN
9247,19,11,21-01-2024 06:00,LOSS
9248,15,1,21-01-2024 07:00,LOSS
9249,18,6,21-01-2024 08:00,LOSS
9250,3,8,21-01-2024 09:00,LOSS
9251,15,6,21-01-2024 10:00,LOSS
9252,15,20,21-01-2024 11:00,LOSS
9253,5,12,21-01-2024 12:00,LOSS
9254,13,18,21-01-2024 13:00,LOSS
9255,20,5,21-01-2024 14:00,LOSS
9256,16,5,21-01-2024 15:00,LOSS
9257,20,8,21-01-2024 16:00,LOSS
9258,15,19,21-01-2024 17:00,LOSS
9259,14,2,21-01-2024 18:00,LOSS
9260,9,14,21-01-2024 19:00,LOSS
9261,18,17,21-01-2024 20:00,WIN
9262,17,18,21-01-2024 21:00,LOSS
9263,5,18,21-01-2024 22:00,WIN
9264,15,17,21-01-2024 23:00,LOSS
9265,11,8,22-01-2024 00:00,LOSS
9266,12,10,22-01-2024 01:00,LOSS
9267,7,4,22-01-2024 02:00,WIN
9268,20,19,22-01-2024 03:00,LOSS
9269,9,17,22-01-2024 04:00,WIN
9270,3,13,22-01-2024 05:00,LOSS
9271,17,8,22-01-2024 06:00,WIN
9272,9,4,22-01-2024 07:00,WIN
9273,11,5,22-01-2024 08:00,WIN
9274,14,20,22-01-2024 09:00,LOSS
9275,10,15,22-01-2024 10:00,LOSS
9276,4,20,22-01-2024 11:00,WIN
9277,16,9,22-01-2024 12:00,WIN
9278,16,1,22-01-2024 13:00,LOSS
9279,12,10,22-01-2024 14:00,LOSS
9280,6,3,22-01-2024 15:00,WIN
9281,7,13,22-01-2024 16:00,LOSS
9282,8,8,22-01-2024 17:00,WIN
9283,6,14,22-01-2024 18:00,WIN
9284,7,12,22-01-2024 19:00,LOSS
9285,9,11,22-01-2024 20:00,WIN
9286,16,15,22-01-2024 21:00,LOSS
9287,13,17,22-01-2024 22:00,LOSS
9288,15,2,22-01-2024 23:00,WIN
9289,18,1,23-01-2024 00:00,WIN
9290,4,20,23-01-2024 01:00,WIN
9291,5,13,23-01-2024 02:00,LOSS
9292,8,12,23-01-2024 03:00,LOSS
9293,4,8,23-01-2024 04:00,WIN
9294,17,19,23-01-2024 05:00,WIN
9295,17,15,23-01-2024 06:00,LOSS
9296,2,10,23-01-2024 07:00,WIN
9297,16,20,23-01-2024 08:00,WIN
9298,19,2,23-01-2024 09:00,LOSS
9299,7,2,23-01-2024 10:00,LOSS
9300,11,18,23-01-2024 11:00,LOSS
9301,1,1,23-01-2024 12:00,WIN
9302,18,10,23-01-2024 13:00,WIN
9303,7,16,23-01-2024 14:00,WIN
9304,13,14,23-01-2024 15:00,WIN
9305,3,11,23-01-2024 16:00,LOSS
9306,9,13,23-01-2024 17:00,LOSS
9307,17,19,23-01-2024 18:00,LOSS
9308,2,16,23-01-2024 19:00,WIN
9309,15,19,23-01-2024 20:00,WIN
9310,9,4,23-01-2024 21:00,LOSS
9311,7,8,23-01-2024 22:00,WIN
9312,19,10,23-01-2024 23:00,WIN
9313,11,11,24-01-2024 00:00,LOSS
9314,18,13,24-01-2024 01:00,WIN
9315,17,13,24-01-2024 02:00,WIN
9316,4,13,24-01-2024 03:00,WIN
9317,2,11,24-01-2024 04:00,WIN
9318,17,16,24-01-2024 05:00,LOSS
9319,20,15,24-01-2024 06:00,WIN
9320,1,4,24-01-2024 07:00,WIN
9321,13,2,24-01-2024 08:00,WIN
9322,10,16,24-01-2024 09:00,LOSS
9323,17,11,24-01-2024 10:00,WIN
9324,17,17,24-01-2024 11:00,LOSS
9325,11,8,24-01-2024 12:00,LOSS
9326,9,2,24-01-2024 13:00,LOSS
9327,3,8,24-01-2024 14:00,LOSS
9328,10,20,24-01-2024 15:00,LOSS
9329,17,17,24-01-2024 16:00,LOSS
9330,16,8,24-01-2024 17:00,WIN
9331,16,1,24-01-2024 18:00,LOSS
9332,15,14,24-01-2024 19:00,WIN
9333,13,5,24-01-2024 20:00,WIN
9334,2,16,24-01-2024 21:00,LOSS
9335,6,17,24-01-2024 22:00,WIN
9336,3,12,24-01-2024 23:00,LOSS
9337,1,20,25-01-2024 00:00,LOSS
9338,17,8,25-01-2024 01:00,LOSS
9339,1,8,25-01-2024 02:00,WIN
9340,11,2,25-01-2024 03:00,LOSS
9341,4,5,25-01-2024 04:00,LOSS
9342,11,13,25-01-2024 05:00,LOSS
9343,13,17,25-01-2024 06:00,LOSS
9344,17,3,25-01-2024 07:00,WIN
9345,20,15,25-01-2024 08:00,WIN
9346,13,12,25-01-2024 09:00,LOSS
9347,17,3,25-01-2024 10:00,LOSS
9348,2,10,25-01-2024 11:00,LOSS
9349,2,16,25-01-2024 12:00,LOSS
9350,18,19,25-01-2024 13:00,WIN
9351,6,3,25-01-2024 14:00,WIN
9352,2,10,25-01-2024 15:00,LOSS
9353,11,2,25-01-2024 16:00,WIN
9354,17,15,25-01-2024 17:00,LOSS
9355,9,7,25-01-2024 18:00,WIN
9356,20,20,25-01-2024 19:00,WIN
9357,5,8,25-01-2024 20:00,LOSS
9358,20,15,25-01-2024 21:00,LOSS
9359,15,8,25-01-2024 22:00,WIN
9360,17,13,25-01-2024 23:00,LOSS
9361,10,20,26-01-2024 00:00,LOSS
9362,6,4,26-01-2024 01:00,WIN
9363,13,12,26-01-2024 02:00,WIN
9364,16,12,26-01-2024 03:00,LOSS
9365,2,5,26-01-2024 04:00,WIN
9366,20,2,26-01-2024 05:00,WIN
9367,5,6,26-01-2024 06:00,LOSS
9368,17,11,26-01-2024 07:00,WIN
9369,7,11,26-01-2024 08:00,WIN
9370,17,3,26-01-2024 09:00,WIN
9371,5,10,26-01-2024 10:00,WIN
9372,6,16,26-01-2024 11:00,WIN
9373,10,16,26-01-2024 12:00,LOSS
9374,5,19,26-01-2024 13:00,LOSS
9375,14,14,26-01-2024 14:00,WIN
9376,20,8,26-01-2024 15:00,LOSS
9377,14,16,26-01-2024 16:00,WIN
9378,2,16,26-01-2024 17:00,LOSS
9379,9,7,26-01-2024 18:00,LOSS
9380,18,1,26-01-2024 19:00,LOSS
9381,18,16,26-01-2024 20:00,LOSS
9382,9,20,26-01-2024 21:00,LOSS
9383,5,2,26-01-2024 22:00,LOSS
9384,18,5,26-01-2024 23:00,LOSS
9385,12,2,27-01-2024 00:00,LOSS
9386,6,17,27-01-2024 01:00,WIN
9387,17,7,27-01-2024 02:00,WIN
9388,14,12,27-01-2024 03:00,WIN
9389,10,9,27-01-2024 04:00,LOSS
9390,19,11,27-01-2024 05:00,LOSS
9391,3,19,27-01-2024 06:00,WIN
9392,10,15,27-01-2024 07:00,WIN
9393,14,12,27-01-2024 08:00,WIN
9394,15,15,27-01-2024 09:00,LOSS
9395,16,17,27-01-2024 10:00,WIN
9396,6,11,27-01-2024 11:00,LOSS
9397,14,17,27-01-2024 12:00,LOSS
9398,4,12,27-01-2024 13:00,LOSS
9399,13,10,27-01-2024 14:00,WIN
9400,8,6,27-01-2024 15:00,WIN
9401,9,7,27-01-2024 16:00,LOSS
9402,11,14,27-01-2024 17:00,WIN
9403,5,16,27-01-2024 18:00,LOSS
9404,5,3,27-01-2024 19:00,WIN
9405,18,9,27-01-2024 20:00,LOSS
9406,16,6,27-01-2024 21:00,WIN
9407,19,5,27-01-2024 22:00,LOSS
9408,9,4,27-01-2024 23:00,LOSS
9409,11,15,28-01-2024 00:00,LOSS
9410,11,10,28-01-2024 01:00,LOSS
9411,14,1,28-01-2024 02:00,LOSS
9412,10,7,28-01-2024 03:00,WIN
9413,9,17,28-01-2024 04:00,LOSS
9414,5,4,28-01-2024 05:00,LOSS
9415,11,10,28-01-2024 06:00,LOSS
9416,9,1,28-01-2024 07:00,WIN
9417,13,10,28-01-2024 08:00,WIN
9418,19,20,28-01-2024 09:00,LOSS
9419,8,7,28-01-2024 10:00,WIN
9420,4,9,28-01-2024 11:00,WIN
9421,12,2,28-01-2024 12:00,WIN
9422,7,4,28-01-2024 13:00,WIN
9423,8,17,28-01-2024 14:00,LOSS
9424,19,6,28-01-2024 15:00,LOSS
9425,8,8,28-01-2024 16:00,WIN
9426,19,14,28-01-2024 17:00,LOSS
9427,4,12,28-01-2024 18:00,WIN
9428,10,19,28-01-2024 19:00,LOSS
9429,15,5,28-01-2024 20:00,LOSS
9430,8,11,28-01-2024 21:00,LOSS
9431,15,17,28-01-2024 22:00,WIN
9432,16,12,28-01-2024 23:00,LOSS
9433,7,5,29-01-2024 00:00,LOSS
9434,8,1,29-01-2024 01:00,LOSS
9435,13,7,29-01-2024 02:00,WIN
9436,13,7,29-01-2024 03:00,WIN
9437,2,11,29-01-2024 04:00,LOSS
9438,20,6,29-01-2024 05:00,LOSS
9439,15,6,29-01-2024 06:00,WIN
9440,6,10,29-01-2024 07:00,LOSS
9441,18,3,29-01-2024 08:00,WIN
9442,7,5,29-01-2024 09:00,LOSS
9443,2,18,29-01-2024 10:00,WIN
9444,2,15,29-01-2024 11:00,WIN
9445,1,12,29-01-2024 12:00,WIN
9446,14,8,29-01-2024 13:00,WIN
9447,2,7,29-01-2024 14:00,LOSS
9448,10,3,29-01-2024 15:00,LOSS
9449,4,7,29-01-2024 16:00,WIN
9450,4,18,29-01-2024 17:00,WIN
9451,7,16,29-01-2024 18:00,WIN
9452,20,20,29-01-2024 19:00,LOSS
9453,5,2,29-01-2024 20:00,WIN
9454,12,7,29-01-2024 21:00,LOSS
9455,12,5,29-01-2024 22:00,LOSS
9456,6,14,29-01-2024 23:00,LOSS
9457,18,15,30-01-2024 00:00,WIN
9458,2,16,30-01-2024 01:00,WIN
9459,19,2,30-01-2024 02:00,LOSS
9460,16,20,30-01-2024 03:00,LOSS
9461,2,19,30-01-2024 04:00,WIN
9462,17,10,30-01-2024 05:00,LOSS
9463,20,18,30-01-2024 06:00,LOSS
9464,7,2,30-01-2024 07:00,LOSS
9465,7,8,30-01-2024 08:00,LOSS
9466,12,6,30-01-2024 09:00,WIN
9467,11,19,30-01-2024 10:00,LOSS
9468,17,8,30-01-2024 11:00,WIN
9469,11,19,30-01-2024 12:00,WIN
9470,8,1,30-01-2024 13:00,WIN
9471,6,13,30-01-2024 14:00,WIN
9472,6,17,30-01-2024 15:00,WIN
9473,15,10,30-01-2024 16:00,LOSS
9474,20,18,30-01-2024 17:00,WIN
9475,12,17,30-01-2024 18:00,LOSS
9476,9,16,30-01-2024 19:00,LOSS
9477,13,15,30-01-2024 20:00,WIN
9478,15,10,30-01-2024 21:00,LOSS
9479,15,5,30-01-2024 22:00,LOSS
9480,13,11,30-01-2024 23:00,LOSS
9481,9,11,31-01-2024 00:00,LOSS
9482,11,14,31-01-2024 01:00,WIN
9483,11,6,31-01-2024 02:00,WIN
9484,9,15,31-01-2024 03:00,LOSS
9485,17,14,31-01-2024 04:00,WIN
9486,6,12,31-01-2024 05:00,WIN
9487,5,14,31-01-2024 06:00,LOSS
9488,3,11,31-01-2024 07:00,LOSS
9489,6,18,31-01-2024 08:00,LOSS
9490,17,18,31-01-2024 09:00,WIN
9491,11,14,31-01-2024 10:00,WIN
9492,4,7,31-01-2024 11:00,LOSS
9493,12,5,31-01-2024 12:00,WIN
9494,10,17,31-01-2024 13:00,LOSS
9495,17,8,31-01-2024 14:00,LOSS
9496,6,17,31-01-2024 15:00,LOSS
9497,18,15,31-01-2024 16:00,LOSS
9498,19,17,31-01-2024 17:00,WIN
9499,15,2,31-01-2024 18:00,WIN
9500,12,5,31-01-2024 19:00,LOSS
9501,19,20,31-01-2024 20:00,LOSS
9502,5,4,31-01-2024 21:00,WIN
9503,18,17,31-01-2024 22:00,WIN
9504,12,1,31-01-2024 23:00,LOSS
9505,15,10,01-02-2024 00:00,LOSS
9506,10,2,01-02-2024 01:00,WIN
9507,19,18,01-02-2024 02:00,WIN
9508,9,1,01-02-2024 03:00,WIN
9509,6,10,01-02-2024 04:00,WIN
9510,14,19,01-02-2024 05:00,WIN
9511,1,11,01-02-2024 06:00,WIN
9512,1,19,01-02-2024 07:00,WIN
9513,11,2,01-02-2024 08:00,WIN
9514,3,1,01-02-2024 09:00,LOSS
9515,5,13,01-02-2024 10:00,LOSS
9516,8,3,01-02-2024 11:00,WIN
9517,18,7,01-02-2024 12:00,LOSS
9518,5,15,01-02-2024 13:00,WIN
9519,12,20,01-02-2024 14:00,WIN
9520,18,4,01-02-2024 15:00,LOSS
9521,12,2,01-02-2024 16:00,LOSS
9522,8,6,01-02-2024 17:00,LOSS
9523,9,3,01-02-2024 18:00,LOSS
9524,15,2,01-02-2024 19:00,LOSS
9525,3,20,01-02-2024 20:00,WIN
9526,15,9,01-02-2024 21:00,LOSS
9527,4,17,01-02-2024 22:00,LOSS
9528,16,14,01-02-2024 23:00,LOSS
9529,19,14,02-02-2024 00:00,LOSS
9530,18,10,02-02-2024 01:00,LOSS
9531,16,17,02-02-2024 02:00,LOSS
9532,12,7,02-02-2024 03:00,LOSS
9533,12,5,02-02-2024 04:00,WIN
9534,4,15,02-02-2024 05:00,LOSS
9535,15,20,02-02-2024 06:00,WIN
9536,19,16,02-02-2024 07:00,WIN
9537,18,14,02-02-2024 08:00,WIN
9538,11,5,02-02-2024 09:00,WIN
9539,15,3,02-02-2024 10:00,WIN
9540,16,17,02-02-2024 11:00,WIN
9541,11,5,02-02-2024 12:00,WIN
9542,11,6,02-02-2024 13:00,LOSS
9543,13,16,02-02-2024 14:00,LOSS
9544,7,15,02-02-2024 15:00,WIN
9545,15,8,02-02-2024 16:00,LOSS
9546,17,10,02-02-2024 17:00,LOSS
9547,13,14,02-02-2024 18:00,LOSS
9548,4,10,02-02-2024 19:00,WIN
9549,1,19,02-02-2024 20:00,LOSS
9550,12,14,02-02-2024 21:00,WIN
9551,4,18,02-02-2024 22:00,WIN
9552,1,18,02-02-2024 23:00,WIN
9553,6,4,03-02-2024 00:00,LOSS
9554,11,3,03-02-2024 01:00,WIN
9555,18,17,03-02-2024 02:00,WIN
9556,18,3,03-02-2024 03:00,LOSS
9557,20,7,03-02-2024 04:00,LOSS
9558,6,6,03-02-2024 05:00,LOSS
9559,14,3,03-02-2024 06:00,LOSS
9560,6,13,03-02-2024 07:00,WIN
9561,15,18,03-02-2024 08:00,WIN
9562,1,13,03-02-2024 09:00,WIN
9563,17,12,03-02-2024 10:00,WIN
9564,12,7,03-02-2024 11:00,LOSS
9565,3,18,03-02-2024 12:00,WIN
9566,2,19,03-02-2024 13:00,LOSS
9567,6,14,03-02-2024 14:00,LOSS
9568,5,12,03-02-2024 15:00,LOSS
9569,8,17,03-02-2024 16:00,LOSS
9570,2,9,03-02-2024 17:00,LOSS
9571,12,4,03-02-2024 18:00,LOSS
9572,7,5,03-02-2024 19:00,WIN
9573,14,3,03-02-2024 20:00,LOSS
9574,10,7,03-02-2024 21:00,LOSS
9575,20,16,03-02-2024 22:00,LOSS
9576,14,20,03-02-2024 23:00,WIN
9577,11,4,04-02-2024 00:00,WIN
9578,19,9,04-02-2024 01:00,LOSS
9579,1,3,04-02-2024 02:00,LOSS
9580,2,19,04-02-2024 03:00,WIN
9581,3,13,04-02-2024 04:00,WIN
9582,5,18,04-02-2024 05:00,WIN
9583,11,2,04-02-2024 06:00,WIN
9584,19,5,04-02-2024 07:00,WIN
9585,7,14,04-02-2024 08:00,WIN
9586,16,13,04-02-2024 09:00,WIN
9587,20,10,04-02-2024 10:00,WIN
9588,8,12,04-02-2024 11:00,LOSS
9589,4,6,04-02-2024 12:00,WIN
9590,12,15,04-02-2024 13:00,WIN
9591,18,1,04-02-2024 14:00,WIN
9592,14,3,04-02-2024 15:00,WIN
9593,17,7,04-02-2024 16:00,LOSS
9594,12,4,04-02-2024 17:00,LOSS
9595,9,6,04-02-2024 18:00,WIN
9596,16,15,04-02-2024 19:00,WIN
9597,10,11,04-02-2024 20:00,WIN
9598,20,14,04-02-2024 21:00,WIN
9599,20,18,04-02-2024 22:00,LOSS
9600,11,16,04-02-2024 23:00,LOSS
9601,9,17,05-02-2024 00:00,LOSS
9602,1,17,05-02-2024 01:00,WIN
9603,16,17,05-02-2024 02:00,WIN
9604,4,20,05-02-2024 03:00,LOSS
9605,8,2,05-02-2024 04:00,LOSS
9606,2,4,05-02-2024 05:00,LOSS
9607,14,11,05-02-2024 06:00,LOSS
9608,9,18,05-02-2024 07:00,WIN
9609,14,13,05-02-2024 08:00,WIN
9610,14,19,05-02-2024 09:00,LOSS
9611,12,12,05-02-2024 10:00,LOSS
9612,11,17,05-02-2024 11:00,LOSS
9613,1,9,05-02-2024 12:00,LOSS
9614,1,11,05-02-2024 13:00,LOSS
9615,11,6,05-02-2024 14:00,WIN
9616,20,13,05-02-2024 15:00,WIN
9617,15,11,05-02-2024 16:00,WIN
9618,9,15,05-02-2024 17:00,WIN
9619,20,11,05-02-2024 18:00,WIN
9620,17,4,05-02-2024 19:00,LOSS
9621,10,20,05-02-2024 20:00,WIN
9622,15,10,05-02-2024 21:00,WIN
9623,12,10,05-02-2024 22:00,LOSS
9624,5,8,05-02-2024 23:00,WIN
9625,14,1,06-02-2024 00:00,WIN
9626,10,4,06-02-2024 01:00,WIN
9627,20,4,06-02-2024 02:00,LOSS
9628,1,8,06-02-2024 03:00,WIN
9629,16,16,06-02-2024 04:00,LOSS
9630,4,14,06-02-2024 05:00,LOSS
9631,5,2,06-02-2024 06:00,WIN
9632,9,2,06-02-2024 07:00,WIN
9633,17,5,06-02-2024 08:00,LOSS
9634,6,3,06-02-2024 09:00,LOSS
9635,5,9,06-02-2024 10:00,WIN
9636,18,6,06-02-2024 11:00,WIN
9637,17,14,06-02-2024 12:00,LOSS
9638,11,19,06-02-2024 13:00,WIN
9639,3,9,06-02-2024 14:00,LOSS
9640,6,7,06-02-2024 15:00,LOSS
9641,9,14,06-02-2024 16:00,WIN
9642,13,7,06-02-2024 17:00,LOSS
9643,1,10,06-02-2024 18:00,WIN
9644,15,2,06-02-2024 19:00,LOSS
9645,20,6,06-02-2024 20:00,WIN
9646,4,5,06-02-2024 21:00,LOSS
9647,2,6,06-02-2024 22:00,WIN
9648,16,15,06-02-2024 23:00,WIN
9649,6,12,07-02-2024 00:00,LOSS
9650,20,12,07-02-2024 01:00,WIN
9651,15,3,07-02-2024 02:00,LOSS
9652,19,9,07-02-2024 03:00,WIN
9653,7,16,07-02-2024 04:00,WIN
9654,11,7,07-02-2024 05:00,WIN
9655,18,13,07-02-2024 06:00,WIN
9656,8,20,07-02-2024 07:00,WIN
9657,2,19,07-02-2024 08:00,LOSS
9658,12,15,07-02-2024 09:00,WIN
9659,8,19,07-02-2024 10:00,WIN
9660,1,9,07-02-2024 11:00,WIN
9661,7,17,07-02-2024 12:00,WIN
9662,9,9,07-02-2024 13:00,LOSS
9663,9,1,07-02-2024 14:00,LOSS
9664,2,20,07-02-2024 15:00,WIN
9665,4,8,07-02-2024 16:00,WIN
9666,14,17,07-02-2024 17:00,LOSS
9667,14,4,07-02-2024 18:00,WIN
9668,8,2,07-02-2024 19:00,WIN
9669,9,1,07-02-2024 20:00,LOSS
9670,3,20,07-02-2024 21:00,WIN
9671,19,19,07-02-2024 22:00,WIN
9672,6,14,07-02-2024 23:00,WIN
9673,1,1,08-02-2024 00:00,WIN
9674,18,14,08-02-2024 01:00,WIN
9675,8,4,08-02-2024 02:00,WIN
9676,7,20,08-02-2024 03:00,LOSS
9677,7,3,08-02-2024 04:00,WIN
9678,10,18,08-02-2024 05:00,LOSS
9679,4,20,08-02-2024 06:00,LOSS
9680,18,7,08-02-2024 07:00,LOSS
9681,19,1,08-02-2024 08:00,WIN
9682,10,16,08-02-2024 09:00,LOSS
9683,20,13,08-02-2024 10:00,LOSS
9684,19,3,08-02-2024 11:00,LOSS
9685,3,12,08-02-2024 12:00,LOSS
9686,17,4,08-02-2024 13:00,LOSS
9687,1,19,08-02-2024 14:00,LOSS
9688,8,14,08-02-2024 15:00,LOSS
9689,17,7,08-02-2024 16:00,LOSS
9690,4,4,08-02-2024 17:00,LOSS
9691,2,12,08-02-2024 18:00,LOSS
9692,17,7,08-02-2024 19:00,WIN
9693,2,14,08-02-2024 20:00,WIN
9694,1,15,08-02-2024 21:00,WIN
9695,5,6,08-02-2024 22:00,LOSS
9696,6,17,08-02-2024 23:00,LOSS
9697,12,17,09-02-2024 00:00,WIN
9698,10,12,09-02-2024 01:00,WIN
9699,8,4,09-02-2024 02:00,LOSS
9700,14,7,09-02-2024 03:00,WIN
9701,4,4,09-02-2024 04:00,LOSS
9702,19,7,09-02-2024 05:00,WIN
9703,5,6,09-02-2024 06:00,WIN
9704,7,4,09-02-2024 07:00,LOSS
9705,20,10,09-02-2024 08:00,LOSS
9706,2,1,09-02-2024 09:00,LOSS
9707,11,1,09-02-2024 10:00,WIN
9708,10,7,09-02-2024 11:00,LOSS
9709,18,4,09-02-2024 12:00,LOSS
9710,2,16,09-02-2024 13:00,LOSS
9711,14,18,09-02-2024 14:00,WIN
9712,10,14,09-02-2024 15:00,WIN
9713,6,13,09-02-2024 16:00,WIN
9714,3,15,09-02-2024 17:00,LOSS
9715,16,1,09-02-2024 18:00,WIN
9716,8,10,09-02-2024 19:00,WIN
9717,9,18,09-02-2024 20:00,LOSS
9718,11,5,09-02-2024 21:00,WIN
9719,16,7,09-02-2024 22:00,LOSS
9720,2,2,09-02-2024 23:00,WIN
9721,5,9,10-02-2024 00:00,WIN
9722,1,5,10-02-2024 01:00,LOSS
9723,15,18,10-02-2024 02:00,WIN
9724,7,12,10-02-2024 03:00,WIN
9725,16,4,10-02-2024 04:00,LOSS
9726,12,16,10-02-2024 05:00,WIN
9727,19,11,10-02-2024 06:00,WIN
9728,15,19,10-02-2024 07:00,LOSS
9729,3,1,10-02-2024 08:00,WIN
9730,20,13,10-02-2024 09:00,LOSS
9731,5,5,10-02-2024 10:00,WIN
9732,15,8,10-02-2024 11:00,WIN
9733,17,10,10-02-2024 12:00,WIN
9734,16,15,10-02-2024 13:00,WIN
9735,16,15,10-02-2024 14:00,WIN
9736,12,13,10-02-2024 15:00,WIN
9737,4,2,10-02-2024 16:00,WIN
9738,5,4,10-02-2024 17:00,LOSS
9739,8,13,10-02-2024 18:00,LOSS
9740,12,9,10-02-2024 19:00,LOSS
9741,5,5,10-02-2024 20:00,WIN
9742,11,12,10-02-2024 21:00,WIN
9743,19,2,10-02-2024 22:00,WIN
9744,10,20,10-02-2024 23:00,WIN
9745,18,8,11-02-2024 00:00,WIN
9746,12,20,11-02-2024 01:00,LOSS
9747,9,16,11-02-2024 02:00,WIN
9748,10,20,11-02-2024 03:00,WIN
9749,20,8,11-02-2024 04:00,LOSS
9750,20,19,11-02-2024 05:00,WIN
9751,19,20,11-02-2024 06:00,WIN
9752,6,10,11-02-2024 07:00,LOSS
9753,10,5,11-02-2024 08:00,LOSS
9754,19,3,11-02-2024 09:00,WIN
9755,9,19,11-02-2024 10:00,WIN
9756,16,20,11-02-2024 11:00,LOSS
9757,8,2,11-02-2024 12:00,WIN
9758,12,7,11-02-2024 13:00,WIN
9759,5,9,11-02-2024 14:00,LOSS
9760,11,8,11-02-2024 15:00,LOSS
9761,19,19,11-02-2024 16:00,LOSS
9762,3,5,11-02-2024 17:00,WIN
9763,15,8,11-02-2024 18:00,LOSS
9764,20,15,11-02-2024 19:00,WIN
9765,3,2,11-02-2024 20:00,LOSS
9766,1,12,11-02-2024 21:00,WIN
9767,11,17,11-02-2024 22:00,LOSS
9768,13,16,11-02-2024 23:00,LOSS
9769,5,5,12-02-2024 00:00,LOSS
9770,7,1,12-02-2024 01:00,WIN
9771,1,13,12-02-2024 02:00,WIN
9772,13,7,12-02-2024 03:00,WIN
9773,10,8,12-02-2024 04:00,LOSS
9774,20,19,12-02-2024 05:00,LOSS
9775,18,14,12-02-2024 06:00,LOSS
9776,13,10,12-02-2024 07:00,WIN
9777,1,17,12-02-2024 08:00,WIN
9778,17,18,12-02-2024 09:00,WIN
9779,12,2,12-02-2024 10:00,LOSS
9780,6,10,12-02-2024 11:00,LOSS
9781,7,18,12-02-2024 12:00,LOSS
9782,1,10,12-02-2024 13:00,LOSS
9783,10,2,12-02-2024 14:00,LOSS
9784,3,9,12-02-2024 15:00,LOSS
9785,7,16,12-02-2024 16:00,LOSS
9786,10,6,12-02-2024 17:00,WIN
9787,10,7,12-02-2024 18:00,WIN
9788,9,3,12-02-2024 19:00,WIN
9789,6,7,12-02-2024 20:00,WIN
9790,9,20,12-02-2024 21:00,WIN
9791,9,8,12-02-2024 22:00,LOSS
9792,10,5,12-02-2024 23:00,LOSS
9793,4,3,13-02-2024 00:00,LOSS
9794,16,14,13-02-2024 01:00,WIN
9795,2,6,13-02-2024 02:00,WIN
9796,11,3,13-02-2024 03:00,LOSS
9797,9,7,13-02-2024 04:00,WIN
9798,3,6,13-02-2024 05:00,WIN
9799,7,20,13-02-2024 06:00,WIN
9800,13,18,13-02-2024 07:00,LOSS
9801,13,10,13-02-2024 08:00,WIN
9802,19,5,13-02-2024 09:00,WIN
9803,11,8,13-02-2024 10:00,LOSS
9804,5,15,13-02-2024 11:00,WIN
9805,16,16,13-02-2024 12:00,LOSS
9806,2,11,13-02-2024 13:00,WIN
9807,10,10,13-02-2024 14:00,LOSS
9808,10,1,13-02-2024 15:00,WIN
9809,19,1,13-02-2024 16:00,LOSS
9810,20,17,13-02-2024 17:00,WIN
9811,6,4,13-02-2024 18:00,LOSS
9812,16,16,13-02-2024 19:00,WIN
9813,13,19,13-02-2024 20:00,WIN
9814,19,5,13-02-2024 21:00,LOSS
9815,3,3,13-02-2024 22:00,WIN
9816,9,14,13-02-2024 23:00,WIN
9817,10,18,14-02-2024 00:00,WIN
9818,16,18,14-02-2024 01:00,WIN
9819,18,3,14-02-2024 02:00,WIN
9820,4,10,14-02-2024 03:00,LOSS
9821,16,19,14-02-2024 04:00,WIN
9822,18,3,14-02-2024 05:00,WIN
9823,10,14,14-02-2024 06:00,LOSS
9824,1,8,14-02-2024 07:00,WIN
9825,10,19,14-02-2024 08:00,WIN
9826,17,6,14-02-2024 09:00,WIN
9827,19,9,14-02-2024 10:00,WIN
9828,16,16,14-02-2024 11:00,WIN
9829,6,6,14-02-2024 12:00,LOSS
9830,8,16,14-02-2024 13:00,WIN
9831,16,10,14-02-2024 14:00,WIN
9832,12,8,14-02-2024 15:00,LOSS
9833,9,15,14-02-2024 16:00,WIN
9834,16,11,14-02-2024 17:00,LOSS
9835,7,11,14-02-2024 18:00,WIN
9836,8,14,14-02-2024 19:00,WIN
9837,20,6,14-02-2024 20:00,LOSS
9838,5,12,14-02-2024 21:00,LOSS
9839,9,15,14-02-2024 22:00,WIN
9840,8,5,14-02-2024 23:00,WIN
9841,20,11,15-02-2024 00:00,LOSS
9842,16,3,15-02-2024 01:00,WIN
9843,11,3,15-02-2024 02:00,LOSS
9844,1,10,15-02-2024 03:00,WIN
9845,17,10,15-02-2024 04:00,LOSS
9846,12,20,15-02-2024 05:00,LOSS
9847,5,5,15-02-2024 06:00,LOSS
9848,14,9,15-02-2024 07:00,WIN
9849,7,10,15-02-2024 08:00,LOSS
9850,7,11,15-02-2024 09:00,WIN
9851,4,2,15-02-2024 10:00,LOSS
9852,15,2,15-02-2024 11:00,LOSS
9853,7,14,15-02-2024 12:00,WIN
9854,9,17,15-02-2024 13:00,WIN
9855,1,8,15-02-2024 14:00,LOSS
9856,2,17,15-02-2024 15:00,LOSS
9857,8,13,15-02-2024 16:00,WIN
9858,7,6,15-02-2024 17:00,WIN
9859,3,2,15-02-2024 18:00,LOSS
9860,7,20,15-02-2024 19:00,WIN
9861,20,18,15-02-2024 20:00,LOSS
9862,16,7,15-02-2024 21:00,WIN
9863,2,5,15-02-2024 22:00,WIN
9864,1,1,15-02-2024 23:00,LOSS
9865,8,18,16-02-2024 00:00,WIN
9866,5,4,16-02-2024 01:00,WIN
9867,10,16,16-02-2024 02:00,WIN
9868,4,6,16-02-2024 03:00,LOSS
9869,9,17,16-02-2024 04:00,LOSS
9870,14,16,16-02-2024 05:00,LOSS
9871,10,8,16-02-2024 06:00,WIN
9872,18,13,16-02-2024 07:00,WIN
9873,9,20,16-02-2024 08:00,LOSS
9874,5,4,16-02-2024 09:00,WIN
9875,8,5,16-02-2024 10:00,WIN
9876,12,11,16-02-2024 11:00,LOSS
9877,20,3,16-02-2024 12:00,WIN
9878,19,18,16-02-2024 13:00,WIN
9879,14,12,16-02-2024 14:00,WIN
9880,11,3,16-02-2024 15:00,LOSS
9881,11,11,16-02-2024 16:00,LOSS
9882,4,15,16-02-2024 17:00,WIN
9883,18,3,16-02-2024 18:00,WIN
9884,9,7,16-02-2024 19:00,WIN
9885,8,6,16-02-2024 20:00,WIN
9886,4,3,16-02-2024 21:00,WIN
9887,19,6,16-02-2024 22:00,WIN
9888,19,1,16-02-2024 23:00,LOSS
9889,2,14,17-02-2024 00:00,LOSS
9890,11,20,17-02-2024 01:00,WIN
9891,3,3,17-02-2024 02:00,WIN
9892,1,19,17-02-2024 03:00,WIN
9893,10,8,17-02-2024 04:00,LOSS
9894,13,19,17-02-2024 05:00,LOSS
9895,3,18,17-02-2024 06:00,WIN
9896,7,5,17-02-2024 07:00,WIN
9897,5,19,17-02-2024 08:00,LOSS
9898,2,10,17-02-2024 09:00,LOSS
9899,18,16,17-02-2024 10:00,WIN
9900,14,19,17-02-2024 11:00,WIN
9901,20,8,17-02-2024 12:00,WIN
9902,2,9,17-02-2024 13:00,WIN
9903,5,2,17-02-2024 14:00,LOSS
9904,13,13,17-02-2024 15:00,WIN
9905,7,14,17-02-2024 16:00,LOSS
9906,10,17,17-02-2024 17:00,WIN
9907,20,10,17-02-2024 18:00,LOSS
9908,7,6,17-02-2024 19:00,WIN
9909,18,13,17-02-2024 20:00,LOSS
9910,18,13,17-02-2024 21:00,LOSS
9911,2,17,17-02-2024 22:00,LOSS
9912,16,5,17-02-2024 23:00,WIN
9913,13,15,18-02-2024 00:00,WIN
9914,17,5,18-02-2024 01:00,WIN
9915,6,19,18-02-2024 02:00,LOSS
9916,9,2,18-02-2024 03:00,WIN
9917,3,9,18-02-2024 04:00,LOSS
9918,7,11,18-02-2024 05:00,LOSS
9919,5,7,18-02-2024 06:00,WIN
9920,7,19,18-02-2024 07:00,WIN
9921,10,1,18-02-2024 08:00,LOSS
9922,10,18,18-02-2024 09:00,WIN
9923,10,6,18-02-2024 10:00,LOSS
9924,6,16,18-02-2024 11:00,WIN
9925,19,2,18-02-2024 12:00,LOSS
9926,18,9,18-02-2024 13:00,WIN
9927,15,10,18-02-2024 14:00,WIN
9928,13,17,18-02-2024 15:00,WIN
9929,20,4,18-02-2024 16:00,LOSS
9930,2,20,18-02-2024 17:00,LOSS
9931,10,14,18-02-2024 18:00,WIN
9932,2,17,18-02-2024 19:00,WIN
9933,3,6,18-02-2024 20:00,WIN
9934,5,9,18-02-2024 21:00,WIN
9935,15,11,18-02-2024 22:00,WIN
9936,7,8,18-02-2024 23:00,WIN
9937,15,15,19-02-2024 00:00,LOSS
9938,12,20,19-02-2024 01:00,WIN
9939,3,6,19-02-2024 02:00,LOSS
9940,10,17,19-02-2024 03:00,WIN
9941,4,7,19-02-2024 04:00,LOSS
9942,7,11,19-02-2024 05:00,LOSS
9943,11,7,19-02-2024 06:00,WIN
9944,17,5,19-02-2024 07:00,WIN
9945,20,16,19-02-2024 08:00,WIN
9946,15,12,19-02-2024 09:00,LOSS
9947,17,12,19-02-2024 10:00,WIN
9948,14,3,19-02-2024 11:00,LOSS
9949,12,17,19-02-2024 12:00,WIN
9950,18,4,19-02-2024 13:00,LOSS
9951,13,6,19-02-2024 14:00,WIN
9952,19,18,19-02-2024 15:00,WIN
9953,5,16,19-02-2024 16:00,WIN
9954,12,15,19-02-2024 17:00,WIN
9955,8,2,19-02-2024 18:00,LOSS
9956,8,14,19-02-2024 19:00,WIN
9957,9,16,19-02-2024 20:00,WIN
9958,19,3,19-02-2024 21:00,WIN
9959,19,9,19-02-2024 22:00,WIN
9960,4,4,19-02-2024 23:00,WIN
9961,6,11,20-02-2024 00:00,WIN
9962,12,7,20-02-2024 01:00,WIN
9963,1,7,20-02-2024 02:00,WIN
9964,18,13,20-02-2024 03:00,LOSS
9965,19,7,20-02-2024 04:00,LOSS
9966,17,10,20-02-2024 05:00,WIN
9967,3,15,20-02-2024 06:00,WIN
9968,4,11,20-02-2024 07:00,WIN
9969,14,13,20-02-2024 08:00,WIN
9970,6,6,20-02-2024 09:00,WIN
9971,5,4,20-02-2024 10:00,WIN
9972,6,11,20-02-2024 11:00,WIN
9973,13,20,20-02-2024 12:00,LOSS
9974,9,9,20-02-2024 13:00,LOSS
9975,17,5,20-02-2024 14:00,WIN
9976,15,9,20-02-2024 15:00,WIN
9977,15,9,20-02-2024 16:00,WIN
9978,19,12,20-02-2024 17:00,LOSS
9979,8,19,20-02-2024 18:00,WIN
9980,9,12,20-02-2024 19:00,WIN
9981,2,3,20-02-2024 20:00,LOSS
9982,14,4,20-02-2024 21:00,LOSS
9983,14,19,20-02-2024 22:00,LOSS
9984,5,18,20-02-2024 23:00,WIN
9985,3,12,21-02-2024 00:00,LOSS
9986,10,14,21-02-2024 01:00,WIN
9987,2,6,21-02-2024 02:00,LOSS
9988,13,15,21-02-2024 03:00,LOSS
9989,11,19,21-02-2024 04:00,WIN
9990,11,9,21-02-2024 05:00,LOSS
9991,9,16,21-02-2024 06:00,LOSS
9992,9,6,21-02-2024 07:00,LOSS
9993,12,5,21-02-2024 08:00,LOSS
9994,1,11,21-02-2024 09:00,WIN
9995,20,2,21-02-2024 10:00,WIN
9996,17,8,21-02-2024 11:00,LOSS
9997,5,19,21-02-2024 12:00,WIN
9998,12,10,21-02-2024 13:00,WIN
9999,11,20,21-02-2024 14:00,WIN
10000,16,19,21-02-2024 15:00,LOSS
10001,7,3,21-02-2024 16:00,LOSS
10002,8,2,21-02-2024 17:00,LOSS
10003,19,19,21-02-2024 18:00,LOSS
10004,15,11,21-02-2024 19:00,WIN
10005,5,4,21-02-2024 20:00,LOSS
10006,9,12,21-02-2024 21:00,WIN
10007,19,9,21-02-2024 22:00,LOSS
10008,13,16,21-02-2024 23:00,LOSS
10009,7,7,22-02-2024 00:00,WIN
10010,1,4,22-02-2024 01:00,LOSS
10011,3,5,22-02-2024 02:00,LOSS
10012,7,17,22-02-2024 03:00,WIN
10013,9,11,22-02-2024 04:00,LOSS
10014,4,4,22-02-2024 05:00,WIN
10015,8,18,22-02-2024 06:00,WIN
10016,20,9,22-02-2024 07:00,WIN
10017,18,8,22-02-2024 08:00,LOSS
10018,2,7,22-02-2024 09:00,LOSS
10019,14,18,22-02-2024 10:00,LOSS
10020,6,2,22-02-2024 11:00,LOSS
10021,7,11,22-02-2024 12:00,WIN
10022,1,9,22-02-2024 13:00,LOSS
10023,16,13,22-02-2024 14:00,WIN
10024,3,17,22-02-2024 15:00,LOSS
10025,15,17,22-02-2024 16:00,LOSS
10026,11,10,22-02-2024 17:00,LOSS
10027,5,6,22-02-2024 18:00,WIN
10028,17,6,22-02-2024 19:00,WIN
10029,16,15,22-02-2024 20:00,LOSS
10030,20,11,22-02-2024 21:00,LOSS
10031,18,20,22-02-2024 22:00,LOSS
10032,5,14,22-02-2024 23:00,LOSS
10033,19,5,23-02-2024 00:00,WIN
10034,8,5,23-02-2024 01:00,WIN
10035,14,1,23-02-2024 02:00,LOSS
10036,11,20,23-02-2024 03:00,LOSS
10037,15,19,23-02-2024 04:00,LOSS
10038,1,15,23-02-2024 05:00,WIN
10039,20,11,23-02-2024 06:00,WIN
10040,12,17,23-02-2024 07:00,LOSS
10041,11,2,23-02-2024 08:00,WIN
10042,15,2,23-02-2024 09:00,LOSS
10043,9,9,23-02-2024 10:00,WIN
10044,12,20,23-02-2024 11:00,LOSS
10045,1,19,23-02-2024 12:00,WIN
10046,2,4,23-02-2024 13:00,WIN
10047,17,11,23-02-2024 14:00,LOSS
10048,1,20,23-02-2024 15:00,WIN
10049,10,7,23-02-2024 16:00,WIN
10050,13,8,23-02-2024 17:00,WIN
10051,15,13,23-02-2024 18:00,LOSS
10052,5,12,23-02-2024 19:00,LOSS
10053,11,17,23-02-2024 20:00,WIN
10054,7,10,23-02-2024 21:00,WIN
10055,4,16,23-02-2024 22:00,WIN
10056,20,14,23-02-2024 23:00,LOSS
10057,11,3,24-02-2024 00:00,LOSS
10058,7,1,24-02-2024 01:00,WIN
10059,14,2,24-02-2024 02:00,LOSS
10060,7,1,24-02-2024 03:00,WIN
10061,10,10,24-02-2024 04:00,LOSS
10062,16,3,24-02-2024 05:00,WIN
10063,7,18,24-02-2024 06:00,WIN
10064,11,6,24-02-2024 07:00,LOSS
10065,19,6,24-02-2024 08:00,WIN
10066,4,7,24-02-2024 09:00,LOSS
10067,2,19,24-02-2024 10:00,LOSS
10068,16,6,24-02-2024 11:00,LOSS
10069,2,3,24-02-2024 12:00,LOSS
10070,8,19,24-02-2024 13:00,WIN
10071,11,6,24-02-2024 14:00,LOSS
10072,6,20,24-02-2024 15:00,WIN
10073,18,2,24-02-2024 16:00,WIN
10074,17,7,24-02-2024 17:00,LOSS
10075,19,5,24-02-2024 18:00,LOSS
10076,11,10,24-02-2024 19:00,WIN
10077,6,13,24-02-2024 20:00,LOSS
10078,12,12,24-02-2024 21:00,LOSS
10079,12,5,24-02-2024 22:00,WIN
10080,12,12,24-02-2024 23:00,WIN
10081,5,18,25-02-2024 00:00,WIN
10082,6,3,25-02-2024 01:00,WIN
10083,15,4,25-02-2024 02:00,LOSS
10084,7,11,25-02-2024 03:00,WIN
10085,7,19,25-02-2024 04:00,WIN
10086,3,3,25-02-2024 05:00,LOSS
10087,8,7,25-02-2024 06:00,LOSS
10088,11,9,25-02-2024 07:00,LOSS
10089,19,4,25-02-2024 08:00,LOSS
10090,1,11,25-02-2024 09:00,WIN
10091,2,19,25-02-2024 10:00,LOSS
10092,18,1,25-02-2024 11:00,LOSS
10093,19,4,25-02-2024 12:00,WIN
10094,20,9,25-02-2024 13:00,LOSS
10095,13,10,25-02-2024 14:00,LOSS
10096,18,7,25-02-2024 15:00,WIN
10097,19,16,25-02-2024 16:00,LOSS
10098,8,10,25-02-2024 17:00,WIN
10099,15,10,25-02-2024 18:00,WIN
10100,18,1,25-02-2024 19:00,LOSS
10101,10,4,25-02-2024 20:00,LOSS
10102,15,3,25-02-2024 21:00,WIN
10103,10,3,25-02-2024 22:00,LOSS
10104,18,13,25-02-2024 23:00,LOSS
10105,20,12,26-02-2024 00:00,LOSS
10106,6,17,26-02-2024 01:00,WIN
10107,1,19,26-02-2024 02:00,LOSS
10108,14,10,26-02-2024 03:00,WIN
10109,20,11,26-02-2024 04:00,WIN
10110,3,8,26-02-2024 05:00,LOSS
10111,1,20,26-02-2024 06:00,WIN
10112,10,7,26-02-2024 07:00,WIN
10113,17,2,26-02-2024 08:00,WIN
10114,1,12,26-02-2024 09:00,WIN
10115,16,7,26-02-2024 10:00,WIN
10116,1,8,26-02-2024 11:00,WIN
10117,3,8,26-02-2024 12:00,WIN
10118,5,15,26-02-2024 13:00,WIN
10119,19,16,26-02-2024 14:00,WIN
10120,14,4,26-02-2024 15:00,LOSS
10121,14,9,26-02-2024 16:00,WIN
10122,18,4,26-02-2024 17:00,WIN
10123,7,18,26-02-2024 18:00,WIN
10124,20,1,26-02-2024 19:00,LOSS
10125,11,12,26-02-2024 20:00,WIN
10126,10,18,26-02-2024 21:00,WIN
10127,12,11,26-02-2024 22:00,LOSS
10128,10,13,26-02-2024 23:00,WIN
10129,6,18,27-02-2024 00:00,WIN
10130,8,4,27-02-2024 01:00,LOSS
10131,7,1,27-02-2024 02:00,LOSS
10132,13,13,27-02-2024 03:00,LOSS
10133,12,2,27-02-2024 04:00,LOSS
10134,12,15,27-02-2024 05:00,WIN
10135,13,2,27-02-2024 06:00,LOSS
10136,9,12,27-02-2024 07:00,WIN
10137,20,18,27-02-2024 08:00,LOSS
10138,7,8,27-02-2024 09:00,WIN
10139,16,3,27-02-2024 10:00,WIN
10140,19,3,27-02-2024 11:00,WIN
10141,11,1,27-02-2024 12:00,LOSS
10142,5,4,27-02-2024 13:00,LOSS
10143,17,5,27-02-2024 14:00,WIN
10144,1,13,27-02-2024 15:00,LOSS
10145,5,13,27-02-2024 16:00,WIN
10146,2,3,27-02-2024 17:00,LOSS
10147,2,8,27-02-2024 18:00,LOSS
10148,12,6,27-02-2024 19:00,WIN
10149,5,1,27-02-2024 20:00,WIN
10150,11,3,27-02-2024 21:00,WIN
10151,13,10,27-02-2024 22:00,LOSS
10152,18,20,27-02-2024 23:00,LOSS
10153,14,16,28-02-2024 00:00,LOSS
10154,5,4,28-02-2024 01:00,WIN
10155,11,16,28-02-2024 02:00,WIN
10156,4,13,28-02-2024 03:00,LOSS
10157,17,4,28-02-2024 04:00,LOSS
10158,14,8,28-02-2024 05:00,LOSS
10159,3,18,28-02-2024 06:00,LOSS
10160,2,15,28-02-2024 07:00,WIN
10161,8,13,28-02-2024 08:00,WIN
10162,16,1,28-02-2024 09:00,WIN
10163,6,5,28-02-2024 10:00,WIN
10164,7,12,28-02-2024 11:00,WIN
10165,15,1,28-02-2024 12:00,WIN
10166,9,13,28-02-2024 13:00,LOSS
10167,18,18,28-02-2024 14:00,WIN
10168,12,13,28-02-2024 15:00,WIN
10169,6,13,28-02-2024 16:00,LOSS
10170,12,6,28-02-2024 17:00,LOSS
10171,7,17,28-02-2024 18:00,LOSS
10172,15,19,28-02-2024 19:00,WIN
10173,1,20,28-02-2024 20:00,WIN
10174,15,10,28-02-2024 21:00,LOSS
10175,14,5,28-02-2024 22:00,LOSS
10176,13,9,28-02-2024 23:00,LOSS
10177,14,5,29-02-2024 00:00,WIN
10178,15,14,29-02-2024 01:00,LOSS
10179,9,5,29-02-2024 02:00,LOSS
10180,18,16,29-02-2024 03:00,WIN
10181,6,2,29-02-2024 04:00,WIN
10182,20,14,29-02-2024 05:00,LOSS
10183,4,18,29-02-2024 06:00,WIN
10184,8,6,29-02-2024 07:00,LOSS
10185,19,10,29-02-2024 08:00,LOSS
10186,11,6,29-02-2024 09:00,WIN
10187,8,10,29-02-2024 10:00,LOSS
10188,10,6,29-02-2024 11:00,WIN
10189,5,3,29-02-2024 12:00,LOSS
10190,2,12,29-02-2024 13:00,LOSS
10191,12,20,29-02-2024 14:00,WIN
10192,20,20,29-02-2024 15:00,LOSS
10193,6,3,29-02-2024 16:00,LOSS
10194,11,1,29-02-2024 17:00,LOSS
10195,19,20,29-02-2024 18:00,WIN
10196,18,14,29-02-2024 19:00,WIN
10197,7,3,29-02-2024 20:00,LOSS
10198,17,16,29-02-2024 21:00,WIN
10199,4,14,29-02-2024 22:00,WIN
10200,3,3,29-02-2024 23:00,LOSS
10201,4,6,01-03-2024 00:00,LOSS
10202,14,9,01-03-2024 01:00,LOSS
10203,9,1,01-03-2024 02:00,WIN
10204,18,9,01-03-2024 03:00,LOSS
10205,18,12,01-03-2024 04:00,WIN
10206,16,2,01-03-2024 05:00,WIN
10207,12,11,01-03-2024 06:00,LOSS
10208,8,14,01-03-2024 07:00,LOSS
10209,9,3,01-03-2024 08:00,LOSS
10210,18,13,01-03-2024 09:00,WIN
10211,6,9,01-03-2024 10:00,WIN
10212,14,8,01-03-2024 11:00,LOSS
10213,6,9,01-03-2024 12:00,WIN
10214,7,8,01-03-2024 13:00,WIN
10215,5,16,01-03-2024 14:00,LOSS
10216,3,3,01-03-2024 15:00,WIN
10217,10,4,01-03-2024 16:00,LOSS
10218,16,1,01-03-2024 17:00,WIN
10219,11,7,01-03-2024 18:00,LOSS
10220,3,18,01-03-2024 19:00,LOSS
10221,15,17,01-03-2024 20:00,LOSS
10222,12,8,01-03-2024 21:00,LOSS
10223,1,10,01-03-2024 22:00,LOSS
10224,13,16,01-03-2024 23:00,WIN
10225,16,11,02-03-2024 00:00,WIN
10226,7,11,02-03-2024 01:00,LOSS
10227,7,13,02-03-2024 02:00,WIN
10228,6,9,02-03-2024 03:00,LOSS
10229,3,4,02-03-2024 04:00,LOSS
10230,12,3,02-03-2024 05:00,LOSS
10231,9,10,02-03-2024 06:00,LOSS
10232,11,5,02-03-2024 07:00,WIN
10233,6,12,02-03-2024 08:00,LOSS
10234,12,2,02-03-2024 09:00,LOSS
10235,16,12,02-03-2024 10:00,WIN
10236,6,6,02-03-2024 11:00,WIN
10237,12,15,02-03-2024 12:00,LOSS
10238,4,4,02-03-2024 13:00,WIN
10239,18,11,02-03-2024 14:00,LOSS
10240,17,10,02-03-2024 15:00,WIN
10241,8,7,02-03-2024 16:00,WIN
10242,13,9,02-03-2024 17:00,LOSS
10243,5,18,02-03-2024 18:00,WIN
10244,3,15,02-03-2024 19:00,LOSS
10245,19,11,02-03-2024 20:00,WIN
10246,5,10,02-03-2024 21:00,WIN
10247,18,2,02-03-2024 22:00,LOSS
10248,6,5,02-03-2024 23:00,WIN
10249,9,20,03-03-2024 00:00,LOSS
10250,17,1,03-03-2024 01:00,LOSS
10251,11,19,03-03-2024 02:00,WIN
10252,15,2,03-03-2024 03:00,WIN
10253,19,18,03-03-2024 04:00,LOSS
10254,16,14,03-03-2024 05:00,WIN
10255,1,5,03-03-2024 06:00,WIN
10256,15,18,03-03-2024 07:00,LOSS
10257,5,13,03-03-2024 08:00,WIN
10258,20,19,03-03-2024 09:00,LOSS
10259,5,15,03-03-2024 10:00,WIN
10260,16,18,03-03-2024 11:00,WIN
10261,8,4,03-03-2024 12:00,LOSS
10262,6,2,03-03-2024 13:00,WIN
10263,12,12,03-03-2024 14:00,WIN
10264,4,6,03-03-2024 15:00,LOSS
10265,16,15,03-03-2024 16:00,LOSS
10266,11,17,03-03-2024 17:00,LOSS
10267,13,7,03-03-2024 18:00,WIN
10268,20,3,03-03-2024 19:00,LOSS
10269,15,2,03-03-2024 20:00,LOSS
10270,5,8,03-03-2024 21:00,WIN
10271,13,3,03-03-2024 22:00,WIN
10272,2,18,03-03-2024 23:00,WIN
10273,12,16,04-03-2024 00:00,WIN
10274,6,6,04-03-2024 01:00,WIN
10275,3,18,04-03-2024 02:00,LOSS
10276,10,2,04-03-2024 03:00,WIN
10277,20,1,04-03-2024 04:00,WIN
10278,4,9,04-03-2024 05:00,LOSS
10279,10,4,04-03-2024 06:00,LOSS
10280,7,12,04-03-2024 07:00,WIN
10281,18,4,04-03-2024 08:00,WIN
10282,14,13,04-03-2024 09:00,WIN
10283,18,20,04-03-2024 10:00,LOSS
10284,1,13,04-03-2024 11:00,LOSS
10285,17,17,04-03-2024 12:00,LOSS
10286,3,12,04-03-2024 13:00,LOSS
10287,15,10,04-03-2024 14:00,LOSS
10288,14,14,04-03-2024 15:00,LOSS
10289,7,11,04-03-2024 16:00,WIN
10290,10,8,04-03-2024 17:00,WIN
10291,8,13,04-03-2024 18:00,WIN
10292,11,6,04-03-2024 19:00,WIN
10293,5,12,04-03-2024 20:00,WIN
10294,3,16,04-03-2024 21:00,LOSS
10295,20,7,04-03-2024 22:00,WIN
10296,9,1,04-03-2024 23:00,WIN
10297,19,5,05-03-2024 00:00,LOSS
10298,7,16,05-03-2024 01:00,WIN
10299,1,16,05-03-2024 02:00,WIN
10300,10,15,05-03-2024 03:00,LOSS
10301,12,16,05-03-2024 04:00,WIN
10302,15,6,05-03-2024 05:00,WIN
10303,11,8,05-03-2024 06:00,WIN
10304,6,17,05-03-2024 07:00,LOSS
10305,3,8,05-03-2024 08:00,LOSS
10306,9,7,05-03-2024 09:00,LOSS
10307,17,2,05-03-2024 10:00,LOSS
10308,19,13,05-03-2024 11:00,WIN
10309,2,4,05-03-2024 12:00,LOSS
10310,5,11,05-03-2024 13:00,LOSS
10311,18,4,05-03-2024 14:00,LOSS
10312,12,10,05-03-2024 15:00,WIN
10313,15,16,05-03-2024 16:00,LOSS
10314,14,2,05-03-2024 17:00,WIN
10315,2,9,05-03-2024 18:00,LOSS
10316,10,1,05-03-2024 19:00,WIN
10317,20,6,05-03-2024 20:00,WIN
10318,3,8,05-03-2024 21:00,WIN
10319,9,4,05-03-2024 22:00,LOSS
10320,15,1,05-03-2024 23:00,LOSS
10321,3,17,06-03-2024 00:00,WIN
10322,19,15,06-03-2024 01:00,LOSS
10323,6,1,06-03-2024 02:00,LOSS
10324,20,19,06-03-2024 03:00,WIN
10325,4,14,06-03-2024 04:00,WIN
10326,11,7,06-03-2024 05:00,LOSS
10327,8,2,06-03-2024 06:00,WIN
10328,18,11,06-03-2024 07:00,LOSS
10329,13,16,06-03-2024 08:00,WIN
10330,15,15,06-03-2024 09:00,WIN
10331,16,6,06-03-2024 10:00,LOSS
10332,3,9,06-03-2024 11:00,WIN
10333,5,4,06-03-2024 12:00,LOSS
10334,7,13,06-03-2024 13:00,WIN
10335,1,8,06-03-2024 14:00,LOSS
10336,8,3,06-03-2024 15:00,WIN
10337,6,4,06-03-2024 16:00,WIN
10338,4,8,06-03-2024 17:00,WIN
10339,11,20,06-03-2024 18:00,WIN
10340,6,6,06-03-2024 19:00,WIN
10341,18,2,06-03-2024 20:00,LOSS
10342,20,2,06-03-2024 21:00,LOSS
10343,20,4,06-03-2024 22:00,WIN
10344,2,19,06-03-2024 23:00,LOSS
10345,19,13,07-03-2024 00:00,WIN
10346,19,3,07-03-2024 01:00,WIN
10347,18,6,07-03-2024 02:00,LOSS
10348,11,10,07-03-2024 03:00,LOSS
10349,3,15,07-03-2024 04:00,LOSS
10350,11,6,07-03-2024 05:00,WIN
10351,1,8,07-03-2024 06:00,LOSS
10352,2,4,07-03-2024 07:00,WIN
10353,1,5,07-03-2024 08:00,LOSS
10354,1,19,07-03-2024 09:00,LOSS
10355,13,16,07-03-2024 10:00,WIN
10356,1,11,07-03-2024 11:00,WIN
10357,10,7,07-03-2024 12:00,LOSS
10358,13,4,07-03-2024 13:00,LOSS
10359,8,7,07-03-2024 14:00,WIN
10360,7,12,07-03-2024 15:00,WIN
10361,20,3,07-03-2024 16:00,LOSS
10362,12,13,07-03-2024 17:00,WIN
10363,8,6,07-03-2024 18:00,LOSS
10364,13,12,07-03-2024 19:00,WIN
10365,2,4,07-03-2024 20:00,WIN
10366,9,7,07-03-2024 21:00,LOSS
10367,20,7,07-03-2024 22:00,WIN
10368,17,12,07-03-2024 23:00,WIN
10369,18,14,08-03-2024 00:00,LOSS
10370,16,10,08-03-2024 01:00,LOSS
10371,9,7,08-03-2024 02:00,WIN
10372,5,5,08-03-2024 03:00,LOSS
10373,20,5,08-03-2024 04:00,LOSS
10374,16,19,08-03-2024 05:00,LOSS
10375,13,12,08-03-2024 06:00,WIN
10376,2,9,08-03-2024 07:00,LOSS
10377,12,1,08-03-2024 08:00,WIN
10378,9,20,08-03-2024 09:00,LOSS
10379,2,11,08-03-2024 10:00,WIN
10380,12,11,08-03-2024 11:00,WIN
10381,6,19,08-03-2024 12:00,WIN
10382,13,15,08-03-2024 13:00,WIN
10383,16,4,08-03-2024 14:00,LOSS
10384,20,18,08-03-2024 15:00,WIN
10385,8,7,08-03-2024 16:00,WIN
10386,7,16,08-03-2024 17:00,WIN
10387,15,6,08-03-2024 18:00,WIN
10388,5,13,08-03-2024 19:00,LOSS
10389,18,20,08-03-2024 20:00,LOSS
10390,19,14,08-03-2024 21:00,WIN
10391,13,2,08-03-2024 22:00,WIN
10392,16,10,08-03-2024 23:00,LOSS
10393,13,16,09-03-2024 00:00,LOSS
10394,14,7,09-03-2024 01:00,WIN
10395,16,14,09-03-2024 02:00,WIN
10396,12,1,09-03-2024 03:00,WIN
10397,12,1,09-03-2024 04:00,LOSS
10398,11,11,09-03-2024 05:00,LOSS
10399,7,14,09-03-2024 06:00,LOSS
10400,4,5,09-03-2024 07:00,LOSS
10401,6,5,09-03-2024 08:00,LOSS
10402,14,3,09-03-2024 09:00,WIN
10403,14,14,09-03-2024 10:00,LOSS
10404,12,16,09-03-2024 11:00,LOSS
10405,15,18,09-03-2024 12:00,LOSS
10406,11,10,09-03-2024 13:00,LOSS
10407,4,5,09-03-2024 14:00,WIN
10408,11,2,09-03-2024 15:00,WIN
10409,12,10,09-03-2024 16:00,LOSS
10410,20,14,09-03-2024 17:00,WIN
10411,8,14,09-03-2024 18:00,LOSS
10412,18,15,09-03-2024 19:00,WIN
10413,6,12,09-03-2024 20:00,WIN
10414,9,9,09-03-2024 21:00,LOSS
10415,17,2,09-03-2024 22:00,WIN
10416,5,15,09-03-2024 23:00,LOSS
10417,16,20,10-03-2024 00:00,LOSS
10418,13,16,10-03-2024 01:00,WIN
10419,13,20,10-03-2024 02:00,LOSS
10420,9,8,10-03-2024 03:00,LOSS
10421,2,18,10-03-2024 04:00,WIN
10422,16,10,10-03-2024 05:00,LOSS
10423,1,9,10-03-2024 06:00,LOSS
10424,8,12,10-03-2024 07:00,LOSS
10425,2,18,10-03-2024 08:00,LOSS
10426,10,20,10-03-2024 09:00,WIN
10427,13,3,10-03-2024 10:00,LOSS
10428,1,10,10-03-2024 11:00,WIN
10429,3,8,10-03-2024 12:00,LOSS
10430,9,1,10-03-2024 13:00,LOSS
10431,4,7,10-03-2024 14:00,LOSS
10432,5,9,10-03-2024 15:00,LOSS
10433,2,13,10-03-2024 16:00,LOSS
10434,15,16,10-03-2024 17:00,WIN
10435,3,6,10-03-2024 18:00,LOSS
10436,19,14,10-03-2024 19:00,WIN
10437,11,1,10-03-2024 20:00,LOSS
10438,7,2,10-03-2024 21:00,WIN
10439,7,12,10-03-2024 22:00,WIN
10440,17,6,10-03-2024 23:00,LOSS
10441,15,2,11-03-2024 00:00,LOSS
10442,8,5,11-03-2024 01:00,LOSS
10443,10,10,11-03-2024 02:00,LOSS
10444,15,17,11-03-2024 03:00,WIN
10445,20,17,11-03-2024 04:00,WIN
10446,7,6,11-03-2024 05:00,LOSS
10447,17,1,11-03-2024 06:00,WIN
10448,20,20,11-03-2024 07:00,LOSS
10449,13,18,11-03-2024 08:00,WIN
10450,6,9,11-03-2024 09:00,WIN
10451,5,17,11-03-2024 10:00,LOSS
10452,16,19,11-03-2024 11:00,LOSS
10453,2,17,11-03-2024 12:00,WIN
10454,5,13,11-03-2024 13:00,WIN
10455,5,1,11-03-2024 14:00,WIN
10456,12,13,11-03-2024 15:00,LOSS
10457,18,6,11-03-2024 16:00,WIN
10458,1,12,11-03-2024 17:00,WIN
10459,13,6,11-03-2024 18:00,LOSS
10460,20,4,11-03-2024 19:00,WIN
10461,12,10,11-03-2024 20:00,LOSS
10462,8,3,11-03-2024 21:00,LOSS
10463,1,16,11-03-2024 22:00,WIN
10464,15,1,11-03-2024 23:00,LOSS
10465,10,8,12-03-2024 00:00,WIN
10466,1,8,12-03-2024 01:00,LOSS
10467,14,20,12-03-2024 02:00,LOSS
10468,13,2,12-03-2024 03:00,LOSS
10469,20,7,12-03-2024 04:00,LOSS
10470,10,8,12-03-2024 05:00,WIN
10471,5,8,12-03-2024 06:00,WIN
10472,9,20,12-03-2024 07:00,WIN
10473,14,1,12-03-2024 08:00,WIN
10474,1,13,12-03-2024 09:00,WIN
10475,15,9,12-03-2024 10:00,WIN
10476,19,17,12-03-2024 11:00,WIN
10477,20,8,12-03-2024 12:00,LOSS
10478,7,11,12-03-2024 13:00,LOSS
10479,18,5,12-03-2024 14:00,LOSS
10480,4,13,12-03-2024 15:00,WIN
10481,6,12,12-03-2024 16:00,LOSS
10482,3,8,12-03-2024 17:00,WIN
10483,4,1,12-03-2024 18:00,LOSS
10484,2,3,12-03-2024 19:00,LOSS
10485,3,16,12-03-2024 20:00,WIN
10486,18,6,12-03-2024 21:00,WIN
10487,2,11,12-03-2024 22:00,LOSS
10488,8,5,12-03-2024 23:00,LOSS
10489,7,7,13-03-2024 00:00,LOSS
10490,9,15,13-03-2024 01:00,WIN
10491,9,13,13-03-2024 02:00,LOSS
10492,2,5,13-03-2024 03:00,LOSS
10493,7,7,13-03-2024 04:00,WIN
10494,13,19,13-03-2024 05:00,WIN
10495,8,6,13-03-2024 06:00,WIN
10496,1,18,13-03-2024 07:00,WIN
10497,3,1,13-03-2024 08:00,WIN
10498,8,18,13-03-2024 09:00,WIN
10499,19,20,13-03-2024 10:00,WIN
10500,4,11,13-03-2024 11:00,LOSS
10501,10,10,13-03-2024 12:00,LOSS
10502,18,6,13-03-2024 13:00,LOSS
10503,19,5,13-03-2024 14:00,LOSS
10504,12,2,13-03-2024 15:00,LOSS
10505,11,16,13-03-2024 16:00,LOSS
10506,6,3,13-03-2024 17:00,LOSS
10507,6,2,13-03-2024 18:00,LOSS
10508,8,10,13-03-2024 19:00,LOSS
10509,10,2,13-03-2024 20:00,WIN
10510,2,20,13-03-2024 21:00,LOSS
10511,13,12,13-03-2024 22:00,LOSS
10512,19,2,13-03-2024 23:00,WIN
10513,6,15,14-03-2024 00:00,LOSS
10514,4,18,14-03-2024 01:00,WIN
10515,11,3,14-03-2024 02:00,WIN
10516,18,1,14-03-2024 03:00,WIN
10517,2,5,14-03-2024 04:00,LOSS
10518,3,11,14-03-2024 05:00,WIN
10519,17,20,14-03-2024 06:00,WIN
10520,9,11,14-03-2024 07:00,LOSS
10521,19,1,14-03-2024 08:00,LOSS
10522,18,7,14-03-2024 09:00,WIN
10523,6,13,14-03-2024 10:00,LOSS
10524,4,4,14-03-2024 11:00,WIN
10525,17,19,14-03-2024 12:00,WIN
10526,19,11,14-03-2024 13:00,WIN
10527,11,3,14-03-2024 14:00,LOSS
10528,18,5,14-03-2024 15:00,LOSS
10529,16,7,14-03-2024 16:00,WIN
10530,19,1,14-03-2024 17:00,LOSS
10531,9,11,14-03-2024 18:00,WIN
10532,17,3,14-03-2024 19:00,WIN
10533,16,19,14-03-2024 20:00,WIN
10534,6,15,14-03-2024 21:00,WIN
10535,19,10,14-03-2024 22:00,WIN
10536,4,3,14-03-2024 23:00,LOSS
10537,11,7,15-03-2024 00:00,WIN
10538,20,13,15-03-2024 01:00,WIN
10539,15,6,15-03-2024 02:00,WIN
10540,9,5,15-03-2024 03:00,WIN
10541,11,9,15-03-2024 04:00,WIN
10542,10,12,15-03-2024 05:00,LOSS
10543,10,18,15-03-2024 06:00,LOSS
10544,19,8,15-03-2024 07:00,LOSS
10545,1,20,15-03-2024 08:00,WIN
10546,17,6,15-03-2024 09:00,WIN
10547,19,18,15-03-2024 10:00,WIN
10548,18,6,15-03-2024 11:00,WIN
10549,17,18,15-03-2024 12:00,LOSS
10550,19,17,15-03-2024 13:00,WIN
10551,3,11,15-03-2024 14:00,WIN
10552,13,4,15-03-2024 15:00,WIN
10553,2,15,15-03-2024 16:00,LOSS
10554,9,20,15-03-2024 17:00,LOSS
10555,13,17,15-03-2024 18:00,WIN
10556,1,12,15-03-2024 19:00,LOSS
10557,10,11,15-03-2024 20:00,LOSS
10558,3,8,15-03-2024 21:00,WIN
10559,10,17,15-03-2024 22:00,LOSS
10560,19,5,15-03-2024 23:00,LOSS
10561,7,12,16-03-2024 00:00,WIN
10562,17,16,16-03-2024 01:00,LOSS
10563,12,16,16-03-2024 02:00,LOSS
10564,8,17,16-03-2024 03:00,LOSS
10565,18,10,16-03-2024 04:00,LOSS
10566,3,10,16-03-2024 05:00,WIN
10567,4,3,16-03-2024 06:00,LOSS
10568,8,11,16-03-2024 07:00,WIN
10569,5,12,16-03-2024 08:00,LOSS
10570,11,20,16-03-2024 09:00,WIN
10571,2,2,16-03-2024 10:00,WIN
10572,19,9,16-03-2024 11:00,LOSS
10573,3,1,16-03-2024 12:00,LOSS
10574,12,4,16-03-2024 13:00,WIN
10575,7,10,16-03-2024 14:00,LOSS
10576,6,13,16-03-2024 15:00,LOSS
10577,8,19,16-03-2024 16:00,WIN
10578,5,3,16-03-2024 17:00,LOSS
10579,13,11,16-03-2024 18:00,WIN
10580,13,2,16-03-2024 19:00,WIN
10581,1,8,16-03-2024 20:00,WIN
10582,14,2,16-03-2024 21:00,LOSS
10583,4,9,16-03-2024 22:00,WIN
10584,20,13,16-03-2024 23:00,LOSS
10585,1,14,17-03-2024 00:00,WIN
10586,14,20,17-03-2024 01:00,WIN
10587,19,16,17-03-2024 02:00,WIN
10588,19,11,17-03-2024 03:00,WIN
10589,3,16,17-03-2024 04:00,WIN
10590,20,11,17-03-2024 05:00,WIN
10591,11,18,17-03-2024 06:00,WIN
10592,9,19,17-03-2024 07:00,WIN
10593,19,19,17-03-2024 08:00,LOSS
10594,2,13,17-03-2024 09:00,WIN
10595,13,1,17-03-2024 10:00,WIN
10596,3,3,17-03-2024 11:00,LOSS
10597,11,15,17-03-2024 12:00,WIN
10598,14,20,17-03-2024 13:00,WIN
10599,15,4,17-03-2024 14:00,WIN
10600,5,19,17-03-2024 15:00,LOSS
10601,7,16,17-03-2024 16:00,LOSS
10602,2,10,17-03-2024 17:00,LOSS
10603,6,4,17-03-2024 18:00,WIN
10604,11,11,17-03-2024 19:00,LOSS
10605,2,4,17-03-2024 20:00,WIN
10606,13,3,17-03-2024 21:00,WIN
10607,1,5,17-03-2024 22:00,LOSS
10608,3,12,17-03-2024 23:00,WIN
10609,20,19,18-03-2024 00:00,WIN
10610,2,8,18-03-2024 01:00,LOSS
10611,19,3,18-03-2024 02:00,WIN
10612,9,10,18-03-2024 03:00,LOSS
10613,18,19,18-03-2024 04:00,LOSS
10614,1,1,18-03-2024 05:00,LOSS
10615,20,15,18-03-2024 06:00,LOSS
10616,14,15,18-03-2024 07:00,WIN
10617,14,11,18-03-2024 08:00,LOSS
10618,18,4,18-03-2024 09:00,WIN
10619,13,3,18-03-2024 10:00,WIN
10620,4,17,18-03-2024 11:00,WIN
10621,18,17,18-03-2024 12:00,LOSS
10622,19,11,18-03-2024 13:00,LOSS
10623,4,4,18-03-2024 14:00,WIN
10624,6,5,18-03-2024 15:00,LOSS
10625,12,18,18-03-2024 16:00,LOSS
10626,9,3,18-03-2024 17:00,WIN
10627,13,1,18-03-2024 18:00,WIN
10628,14,20,18-03-2024 19:00,LOSS
10629,15,8,18-03-2024 20:00,LOSS
10630,14,12,18-03-2024 21:00,WIN
10631,18,12,18-03-2024 22:00,LOSS
10632,2,19,18-03-2024 23:00,WIN
10633,3,14,19-03-2024 00:00,WIN
10634,18,17,19-03-2024 01:00,WIN
10635,19,20,19-03-2024 02:00,WIN
10636,18,10,19-03-2024 03:00,LOSS
10637,15,8,19-03-2024 04:00,WIN
10638,6,15,19-03-2024 05:00,LOSS
10639,4,19,19-03-2024 06:00,WIN
10640,10,4,19-03-2024 07:00,WIN
10641,12,15,19-03-2024 08:00,WIN
10642,5,5,19-03-2024 09:00,WIN
10643,20,15,19-03-2024 10:00,LOSS
10644,5,1,19-03-2024 11:00,LOSS
10645,16,19,19-03-2024 12:00,WIN
10646,18,13,19-03-2024 13:00,WIN
10647,15,17,19-03-2024 14:00,WIN
10648,8,19,19-03-2024 15:00,LOSS
10649,1,13,19-03-2024 16:00,LOSS
10650,9,6,19-03-2024 17:00,WIN
10651,12,8,19-03-2024 18:00,WIN
10652,1,4,19-03-2024 19:00,LOSS
10653,5,13,19-03-2024 20:00,WIN
10654,9,17,19-03-2024 21:00,WIN
10655,1,14,19-03-2024 22:00,WIN
10656,14,2,19-03-2024 23:00,LOSS
10657,17,16,20-03-2024 00:00,WIN
10658,3,20,20-03-2024 01:00,WIN
10659,16,12,20-03-2024 02:00,WIN
10660,8,10,20-03-2024 03:00,LOSS
10661,19,4,20-03-2024 04:00,LOSS
10662,15,5,20-03-2024 05:00,LOSS
10663,2,17,20-03-2024 06:00,LOSS
10664,6,20,20-03-2024 07:00,WIN
10665,10,8,20-03-2024 08:00,LOSS
10666,13,18,20-03-2024 09:00,LOSS
10667,15,8,20-03-2024 10:00,WIN
10668,11,8,20-03-2024 11:00,LOSS
10669,9,15,20-03-2024 12:00,LOSS
10670,14,8,20-03-2024 13:00,LOSS
10671,3,10,20-03-2024 14:00,LOSS
10672,20,17,20-03-2024 15:00,WIN
10673,16,14,20-03-2024 16:00,WIN
10674,8,16,20-03-2024 17:00,LOSS
10675,11,20,20-03-2024 18:00,LOSS
10676,2,2,20-03-2024 19:00,LOSS
10677,5,20,20-03-2024 20:00,LOSS
10678,12,6,20-03-2024 21:00,LOSS
10679,9,20,20-03-2024 22:00,LOSS
10680,11,5,20-03-2024 23:00,WIN
10681,16,19,21-03-2024 00:00,WIN
10682,10,11,21-03-2024 01:00,LOSS
10683,11,16,21-03-2024 02:00,LOSS
10684,1,18,21-03-2024 03:00,WIN
10685,1,7,21-03-2024 04:00,WIN
10686,1,19,21-03-2024 05:00,WIN
10687,20,14,21-03-2024 06:00,LOSS
10688,15,10,21-03-2024 07:00,LOSS
10689,9,6,21-03-2024 08:00,LOSS
10690,6,8,21-03-2024 09:00,LOSS
10691,19,18,21-03-2024 10:00,WIN
10692,8,6,21-03-2024 11:00,WIN
10693,17,3,21-03-2024 12:00,LOSS
10694,12,3,21-03-2024 13:00,WIN
10695,2,14,21-03-2024 14:00,WIN
10696,8,13,21-03-2024 15:00,LOSS
10697,1,9,21-03-2024 16:00,LOSS
10698,13,16,21-03-2024 17:00,LOSS
10699,11,11,21-03-2024 18:00,WIN
10700,19,16,21-03-2024 19:00,WIN
10701,2,10,21-03-2024 20:00,LOSS
10702,20,13,21-03-2024 21:00,WIN
10703,18,20,21-03-2024 22:00,LOSS
10704,4,17,21-03-2024 23:00,LOSS
10705,7,20,22-03-2024 00:00,LOSS
10706,5,18,22-03-2024 01:00,WIN
10707,9,16,22-03-2024 02:00,WIN
10708,13,8,22-03-2024 03:00,WIN
10709,18,18,22-03-2024 04:00,LOSS
10710,15,9,22-03-2024 05:00,LOSS
10711,18,14,22-03-2024 06:00,WIN
10712,1,6,22-03-2024 07:00,WIN
10713,4,5,22-03-2024 08:00,LOSS
10714,13,13,22-03-2024 09:00,LOSS
10715,14,13,22-03-2024 10:00,WIN
10716,8,2,22-03-2024 11:00,WIN
10717,5,17,22-03-2024 12:00,LOSS
10718,20,20,22-03-2024 13:00,WIN
10719,7,18,22-03-2024 14:00,WIN
10720,9,6,22-03-2024 15:00,WIN
10721,6,1,22-03-2024 16:00,WIN
10722,12,20,22-03-2024 17:00,LOSS
10723,11,15,22-03-2024 18:00,WIN
10724,15,11,22-03-2024 19:00,WIN
10725,17,15,22-03-2024 20:00,WIN
10726,3,20,22-03-2024 21:00,LOSS
10727,17,10,22-03-2024 22:00,LOSS
10728,8,11,22-03-2024 23:00,LOSS
10729,12,7,23-03-2024 00:00,WIN
10730,13,19,23-03-2024 01:00,WIN
10731,12,8,23-03-2024 02:00,WIN
10732,5,2,23-03-2024 03:00,WIN
10733,1,4,23-03-2024 04:00,WIN
10734,17,20,23-03-2024 05:00,LOSS
10735,5,14,23-03-2024 06:00,LOSS
10736,8,5,23-03-2024 07:00,LOSS
10737,2,10,23-03-2024 08:00,WIN
10738,5,8,23-03-2024 09:00,LOSS
10739,14,8,23-03-2024 10:00,WIN
10740,2,16,23-03-2024 11:00,WIN
10741,12,9,23-03-2024 12:00,LOSS
10742,14,2,23-03-2024 13:00,LOSS
10743,5,13,23-03-2024 14:00,LOSS
10744,18,3,23-03-2024 15:00,WIN
10745,18,3,23-03-2024 16:00,WIN
10746,16,5,23-03-2024 17:00,WIN
10747,5,19,23-03-2024 18:00,LOSS
10748,2,4,23-03-2024 19:00,WIN
10749,18,3,23-03-2024 20:00,WIN
10750,3,10,23-03-2024 21:00,LOSS
10751,9,20,23-03-2024 22:00,WIN
10752,6,17,23-03-2024 23:00,WIN
10753,18,10,24-03-2024 00:00,LOSS
10754,1,11,24-03-2024 01:00,LOSS
10755,18,16,24-03-2024 02:00,LOSS
10756,2,7,24-03-2024 03:00,WIN
10757,17,8,24-03-2024 04:00,LOSS
10758,12,1,24-03-2024 05:00,LOSS
10759,2,13,24-03-2024 06:00,LOSS
10760,1,7,24-03-2024 07:00,WIN
10761,10,9,24-03-2024 08:00,LOSS
10762,2,4,24-03-2024 09:00,LOSS
10763,5,2,24-03-2024 10:00,LOSS
10764,17,17,24-03-2024 11:00,LOSS
10765,1,8,24-03-2024 12:00,WIN
10766,14,9,24-03-2024 13:00,WIN
10767,6,11,24-03-2024 14:00,WIN
10768,11,12,24-03-2024 15:00,LOSS
10769,7,19,24-03-2024 16:00,WIN
10770,20,14,24-03-2024 17:00,LOSS
10771,20,15,24-03-2024 18:00,WIN
10772,9,15,24-03-2024 19:00,LOSS
10773,3,8,24-03-2024 20:00,WIN
10774,6,1,24-03-2024 21:00,WIN
10775,9,2,24-03-2024 22:00,WIN
10776,6,2,24-03-2024 23:00,LOSS
10777,10,20,25-03-2024 00:00,WIN
10778,8,18,25-03-2024 01:00,WIN
10779,20,4,25-03-2024 02:00,WIN
10780,16,3,25-03-2024 03:00,WIN
10781,7,17,25-03-2024 04:00,LOSS
10782,18,6,25-03-2024 05:00,WIN
10783,18,4,25-03-2024 06:00,LOSS
10784,15,9,25-03-2024 07:00,LOSS
10785,6,1,25-03-2024 08:00,LOSS
10786,5,2,25-03-2024 09:00,LOSS
10787,18,13,25-03-2024 10:00,LOSS
10788,8,8,25-03-2024 11:00,WIN
10789,3,16,25-03-2024 12:00,LOSS
10790,16,18,25-03-2024 13:00,LOSS
10791,17,15,25-03-2024 14:00,WIN
10792,17,5,25-03-2024 15:00,LOSS
10793,12,10,25-03-2024 16:00,WIN
10794,7,10,25-03-2024 17:00,LOSS
10795,6,14,25-03-2024 18:00,WIN
10796,2,20,25-03-2024 19:00,LOSS
10797,5,13,25-03-2024 20:00,WIN
10798,2,16,25-03-2024 21:00,LOSS
10799,3,20,25-03-2024 22:00,LOSS
10800,5,19,25-03-2024 23:00,WIN
10801,17,4,26-03-2024 00:00,WIN
10802,19,5,26-03-2024 01:00,LOSS
10803,10,1,26-03-2024 02:00,WIN
10804,12,4,26-03-2024 03:00,LOSS
10805,18,11,26-03-2024 04:00,WIN
10806,19,5,26-03-2024 05:00,LOSS
10807,13,19,26-03-2024 06:00,LOSS
10808,8,2,26-03-2024 07:00,WIN
10809,3,8,26-03-2024 08:00,WIN
10810,12,13,26-03-2024 09:00,LOSS
10811,4,7,26-03-2024 10:00,LOSS
10812,14,17,26-03-2024 11:00,WIN
10813,7,11,26-03-2024 12:00,WIN
10814,13,9,26-03-2024 13:00,LOSS
10815,12,11,26-03-2024 14:00,LOSS
10816,15,7,26-03-2024 15:00,WIN
10817,2,5,26-03-2024 16:00,WIN
10818,1,6,26-03-2024 17:00,WIN
10819,6,13,26-03-2024 18:00,WIN
10820,1,5,26-03-2024 19:00,LOSS
10821,19,12,26-03-2024 20:00,WIN
10822,10,13,26-03-2024 21:00,LOSS
10823,14,18,26-03-2024 22:00,WIN
10824,2,12,26-03-2024 23:00,LOSS
10825,9,3,27-03-2024 00:00,WIN
10826,3,16,27-03-2024 01:00,LOSS
10827,19,4,27-03-2024 02:00,LOSS
10828,14,17,27-03-2024 03:00,LOSS
10829,16,10,27-03-2024 04:00,WIN
10830,7,13,27-03-2024 05:00,LOSS
10831,1,5,27-03-2024 06:00,LOSS
10832,5,17,27-03-2024 07:00,WIN
10833,3,9,27-03-2024 08:00,LOSS
10834,17,2,27-03-2024 09:00,WIN
10835,14,16,27-03-2024 10:00,WIN
10836,16,17,27-03-2024 11:00,WIN
10837,7,2,27-03-2024 12:00,LOSS
10838,9,4,27-03-2024 13:00,LOSS
10839,7,14,27-03-2024 14:00,WIN
10840,15,2,27-03-2024 15:00,WIN
10841,20,16,27-03-2024 16:00,LOSS
10842,3,6,27-03-2024 17:00,LOSS
10843,16,9,27-03-2024 18:00,LOSS
10844,18,14,27-03-2024 19:00,LOSS
10845,7,13,27-03-2024 20:00,LOSS
10846,17,11,27-03-2024 21:00,WIN
10847,18,8,27-03-2024 22:00,WIN
10848,3,2,27-03-2024 23:00,WIN
10849,11,19,28-03-2024 00:00,LOSS
10850,14,1,28-03-2024 01:00,LOSS
10851,17,15,28-03-2024 02:00,LOSS
10852,19,9,28-03-2024 03:00,WIN
10853,20,14,28-03-2024 04:00,WIN
10854,5,16,28-03-2024 05:00,LOSS
10855,3,2,28-03-2024 06:00,LOSS
10856,16,11,28-03-2024 07:00,WIN
10857,1,1,28-03-2024 08:00,WIN
10858,11,2,28-03-2024 09:00,WIN
10859,10,17,28-03-2024 10:00,WIN
10860,7,13,28-03-2024 11:00,WIN
10861,16,3,28-03-2024 12:00,WIN
10862,2,9,28-03-2024 13:00,WIN
10863,8,8,28-03-2024 14:00,LOSS
10864,15,14,28-03-2024 15:00,WIN
10865,16,9,28-03-2024 16:00,WIN
10866,3,4,28-03-2024 17:00,WIN
10867,20,3,28-03-2024 18:00,WIN
10868,2,19,28-03-2024 19:00,LOSS
10869,15,11,28-03-2024 20:00,WIN
10870,14,4,28-03-2024 21:00,WIN
10871,9,5,28-03-2024 22:00,LOSS
10872,4,14,28-03-2024 23:00,LOSS
10873,8,15,29-03-2024 00:00,LOSS
10874,10,16,29-03-2024 01:00,LOSS
10875,17,12,29-03-2024 02:00,LOSS
10876,6,20,29-03-2024 03:00,LOSS
10877,5,14,29-03-2024 04:00,LOSS
10878,10,4,29-03-2024 05:00,LOSS
10879,17,3,29-03-2024 06:00,LOSS
10880,16,7,29-03-2024 07:00,LOSS
10881,17,5,29-03-2024 08:00,LOSS
10882,18,18,29-03-2024 09:00,LOSS
10883,20,17,29-03-2024 10:00,LOSS
10884,9,12,29-03-2024 11:00,LOSS
10885,11,4,29-03-2024 12:00,LOSS
10886,2,11,29-03-2024 13:00,LOSS
10887,14,14,29-03-2024 14:00,LOSS
10888,15,7,29-03-2024 15:00,LOSS
10889,1,8,29-03-2024 16:00,WIN
10890,1,10,29-03-2024 17:00,LOSS
10891,9,11,29-03-2024 18:00,WIN
10892,12,6,29-03-2024 19:00,WIN
10893,17,9,29-03-2024 20:00,LOSS
10894,15,6,29-03-2024 21:00,LOSS
10895,4,7,29-03-2024 22:00,LOSS
10896,5,18,29-03-2024 23:00,WIN
10897,14,7,30-03-2024 00:00,LOSS
10898,6,7,30-03-2024 01:00,LOSS
10899,6,14,30-03-2024 02:00,LOSS
10900,19,15,30-03-2024 03:00,LOSS
10901,1,18,30-03-2024 04:00,LOSS
10902,9,4,30-03-2024 05:00,WIN
10903,1,4,30-03-2024 06:00,WIN
10904,4,9,30-03-2024 07:00,LOSS
10905,16,5,30-03-2024 08:00,LOSS
10906,5,19,30-03-2024 09:00,LOSS
10907,16,4,30-03-2024 10:00,WIN
10908,14,2,30-03-2024 11:00,WIN
10909,9,11,30-03-2024 12:00,LOSS
10910,14,16,30-03-2024 13:00,WIN
10911,16,3,30-03-2024 14:00,WIN
10912,6,20,30-03-2024 15:00,WIN
10913,17,9,30-03-2024 16:00,WIN
10914,1,4,30-03-2024 17:00,WIN
10915,18,1,30-03-2024 18:00,WIN
10916,11,15,30-03-2024 19:00,LOSS
10917,11,2,30-03-2024 20:00,WIN
10918,12,7,30-03-2024 21:00,WIN
10919,2,18,30-03-2024 22:00,LOSS
10920,16,15,30-03-2024 23:00,LOSS
10921,10,16,31-03-2024 00:00,LOSS
10922,14,3,31-03-2024 01:00,LOSS
10923,7,3,31-03-2024 02:00,WIN
10924,8,7,31-03-2024 03:00,LOSS
10925,10,17,31-03-2024 04:00,LOSS
10926,10,8,31-03-2024 05:00,WIN
10927,10,19,31-03-2024 06:00,LOSS
10928,14,5,31-03-2024 07:00,WIN
10929,19,7,31-03-2024 08:00,WIN
10930,9,19,31-03-2024 09:00,LOSS
10931,17,8,31-03-2024 10:00,LOSS
10932,19,2,31-03-2024 11:00,WIN
10933,2,8,31-03-2024 12:00,WIN
10934,15,14,31-03-2024 13:00,WIN
10935,6,10,31-03-2024 14:00,WIN
10936,16,18,31-03-2024 15:00,WIN
10937,17,18,31-03-2024 16:00,LOSS
10938,10,16,31-03-2024 17:00,LOSS
10939,12,15,31-03-2024 18:00,LOSS
10940,12,7,31-03-2024 19:00,WIN
10941,19,12,31-03-2024 20:00,WIN
10942,6,3,31-03-2024 21:00,LOSS
10943,2,1,31-03-2024 22:00,WIN
10944,18,11,31-03-2024 23:00,LOSS
10945,7,3,01-04-2024 00:00,LOSS
10946,5,1,01-04-2024 01:00,LOSS
10947,8,12,01-04-2024 02:00,WIN
10948,12,12,01-04-2024 03:00,LOSS
10949,1,20,01-04-2024 04:00,LOSS
10950,15,16,01-04-2024 05:00,LOSS
10951,13,5,01-04-2024 06:00,LOSS
10952,10,13,01-04-2024 07:00,WIN
10953,18,3,01-04-2024 08:00,LOSS
10954,18,5,01-04-2024 09:00,WIN
10955,7,1,01-04-2024 10:00,LOSS
10956,15,15,01-04-2024 11:00,WIN
10957,5,2,01-04-2024 12:00,LOSS
10958,5,14,01-04-2024 13:00,LOSS
10959,1,18,01-04-2024 14:00,WIN
10960,6,3,01-04-2024 15:00,WIN
10961,16,1,01-04-2024 16:00,LOSS
10962,8,15,01-04-2024 17:00,LOSS
10963,4,11,01-04-2024 18:00,LOSS
10964,13,16,01-04-2024 19:00,LOSS
10965,19,14,01-04-2024 20:00,LOSS
10966,10,7,01-04-2024 21:00,WIN
10967,17,6,01-04-2024 22:00,WIN
10968,20,15,01-04-2024 23:00,LOSS
10969,18,14,02-04-2024 00:00,LOSS
10970,5,20,02-04-2024 01:00,WIN
10971,12,7,02-04-2024 02:00,WIN
10972,1,18,02-04-2024 03:00,LOSS
10973,1,9,02-04-2024 04:00,LOSS
10974,3,12,02-04-2024 05:00,WIN
10975,7,20,02-04-2024 06:00,WIN
10976,11,7,02-04-2024 07:00,LOSS
10977,20,17,02-04-2024 08:00,WIN
10978,15,18,02-04-2024 09:00,LOSS
10979,3,18,02-04-2024 10:00,LOSS
10980,8,18,02-04-2024 11:00,WIN
10981,3,2,02-04-2024 12:00,WIN
10982,13,5,02-04-2024 13:00,WIN
10983,2,4,02-04-2024 14:00,WIN
10984,3,17,02-04-2024 15:00,WIN
10985,19,11,02-04-2024 16:00,LOSS
10986,15,6,02-04-2024 17:00,LOSS
10987,15,3,02-04-2024 18:00,LOSS
10988,20,8,02-04-2024 19:00,WIN
10989,7,2,02-04-2024 20:00,WIN
10990,3,5,02-04-2024 21:00,WIN
10991,17,10,02-04-2024 22:00,LOSS
10992,2,6,02-04-2024 23:00,WIN
10993,16,13,03-04-2024 00:00,WIN
10994,11,6,03-04-2024 01:00,WIN
10995,9,4,03-04-2024 02:00,LOSS
10996,11,1,03-04-2024 03:00,WIN
10997,5,2,03-04-2024 04:00,LOSS
10998,13,16,03-04-2024 05:00,LOSS
10999,19,8,03-04-2024 06:00,LOSS
11000,13,20,03-04-2024 07:00,LOSS
11001,2,14,03-04-2024 08:00,LOSS
11002,2,15,03-04-2024 09:00,LOSS
11003,8,8,03-04-2024 10:00,LOSS
11004,5,10,03-04-2024 11:00,WIN
11005,11,6,03-04-2024 12:00,LOSS
11006,2,17,03-04-2024 13:00,LOSS
11007,6,7,03-04-2024 14:00,LOSS
11008,12,14,03-04-2024 15:00,WIN
11009,6,17,03-04-2024 16:00,WIN
11010,16,11,03-04-2024 17:00,WIN
11011,19,8,03-04-2024 18:00,WIN
11012,18,8,03-04-2024 19:00,LOSS
11013,9,9,03-04-2024 20:00,LOSS
11014,17,1,03-04-2024 21:00,WIN
11015,20,13,03-04-2024 22:00,WIN
11016,17,9,03-04-2024 23:00,WIN
11017,3,8,04-04-2024 00:00,LOSS
11018,15,4,04-04-2024 01:00,WIN
11019,10,5,04-04-2024 02:00,LOSS
11020,19,9,04-04-2024 03:00,WIN
11021,5,17,04-04-2024 04:00,LOSS
11022,13,9,04-04-2024 05:00,LOSS
11023,4,9,04-04-2024 06:00,LOSS
11024,14,6,04-04-2024 07:00,LOSS
11025,20,20,04-04-2024 08:00,WIN
11026,7,2,04-04-2024 09:00,LOSS
11027,6,3,04-04-2024 10:00,LOSS
11028,11,11,04-04-2024 11:00,WIN
11029,11,20,04-04-2024 12:00,WIN
11030,18,3,04-04-2024 13:00,WIN
11031,7,9,04-04-2024 14:00,LOSS
11032,19,13,04-04-2024 15:00,WIN
11033,3,20,04-04-2024 16:00,LOSS
11034,9,14,04-04-2024 17:00,LOSS
11035,14,10,04-04-2024 18:00,LOSS
11036,17,17,04-04-2024 19:00,LOSS
11037,3,12,04-04-2024 20:00,WIN
11038,6,12,04-04-2024 21:00,LOSS
11039,11,20,04-04-2024 22:00,WIN
11040,13,9,04-04-2024 23:00,WIN
11041,14,12,05-04-2024 00:00,LOSS
11042,3,9,05-04-2024 01:00,WIN
11043,9,11,05-04-2024 02:00,LOSS
11044,6,9,05-04-2024 03:00,WIN
11045,11,13,05-04-2024 04:00,LOSS
11046,8,13,05-04-2024 05:00,WIN
11047,20,13,05-04-2024 06:00,WIN
11048,8,13,05-04-2024 07:00,LOSS
11049,15,7,05-04-2024 08:00,LOSS
11050,15,12,05-04-2024 09:00,LOSS
11051,8,9,05-04-2024 10:00,WIN
11052,13,2,05-04-2024 11:00,WIN
11053,15,12,05-04-2024 12:00,LOSS
11054,16,4,05-04-2024 13:00,WIN
11055,2,20,05-04-2024 14:00,LOSS
11056,3,4,05-04-2024 15:00,WIN
11057,16,3,05-04-2024 16:00,WIN
11058,10,17,05-04-2024 17:00,WIN
11059,20,6,05-04-2024 18:00,WIN
11060,1,5,05-04-2024 19:00,WIN
11061,5,11,05-04-2024 20:00,LOSS
11062,3,3,05-04-2024 21:00,WIN
11063,7,12,05-04-2024 22:00,LOSS
11064,18,6,05-04-2024 23:00,LOSS
11065,14,15,06-04-2024 00:00,WIN
11066,14,20,06-04-2024 01:00,LOSS
11067,14,20,06-04-2024 02:00,WIN
11068,1,3,06-04-2024 03:00,LOSS
11069,18,14,06-04-2024 04:00,LOSS
11070,3,1,06-04-2024 05:00,LOSS
11071,13,1,06-04-2024 06:00,LOSS
11072,20,2,06-04-2024 07:00,WIN
11073,15,20,06-04-2024 08:00,LOSS
11074,20,13,06-04-2024 09:00,LOSS
11075,18,18,06-04-2024 10:00,LOSS
11076,3,10,06-04-2024 11:00,LOSS
11077,19,10,06-04-2024 12:00,LOSS
11078,15,13,06-04-2024 13:00,LOSS
11079,18,2,06-04-2024 14:00,LOSS
11080,1,6,06-04-2024 15:00,LOSS
11081,18,3,06-04-2024 16:00,WIN
11082,5,18,06-04-2024 17:00,LOSS
11083,12,14,06-04-2024 18:00,WIN
11084,19,9,06-04-2024 19:00,WIN
11085,20,1,06-04-2024 20:00,WIN
11086,19,6,06-04-2024 21:00,LOSS
11087,1,15,06-04-2024 22:00,LOSS
11088,3,7,06-04-2024 23:00,LOSS
11089,1,20,07-04-2024 00:00,WIN
11090,17,12,07-04-2024 01:00,WIN
11091,9,2,07-04-2024 02:00,LOSS
11092,5,12,07-04-2024 03:00,WIN
11093,5,14,07-04-2024 04:00,WIN
11094,11,7,07-04-2024 05:00,LOSS
11095,17,6,07-04-2024 06:00,WIN
11096,16,4,07-04-2024 07:00,LOSS
11097,5,13,07-04-2024 08:00,LOSS
11098,12,6,07-04-2024 09:00,WIN
11099,14,2,07-04-2024 10:00,LOSS
11100,10,11,07-04-2024 11:00,WIN
11101,13,16,07-04-2024 12:00,LOSS
11102,15,18,07-04-2024 13:00,LOSS
11103,6,6,07-04-2024 14:00,WIN
11104,5,1,07-04-2024 15:00,WIN
11105,16,8,07-04-2024 16:00,LOSS
11106,6,8,07-04-2024 17:00,LOSS
11107,11,13,07-04-2024 18:00,LOSS
11108,9,16,07-04-2024 19:00,LOSS
11109,5,10,07-04-2024 20:00,WIN
11110,11,17,07-04-2024 21:00,WIN
11111,6,13,07-04-2024 22:00,LOSS
11112,17,8,07-04-2024 23:00,WIN
11113,9,18,08-04-2024 00:00,LOSS
11114,8,20,08-04-2024 01:00,WIN
11115,7,17,08-04-2024 02:00,WIN
11116,5,1,08-04-2024 03:00,LOSS
11117,17,12,08-04-2024 04:00,LOSS
11118,9,11,08-04-2024 05:00,WIN
11119,19,19,08-04-2024 06:00,WIN
11120,12,12,08-04-2024 07:00,WIN
11121,8,2,08-04-2024 08:00,LOSS
11122,16,14,08-04-2024 09:00,LOSS
11123,14,18,08-04-2024 10:00,LOSS
11124,14,15,08-04-2024 11:00,WIN
11125,19,12,08-04-2024 12:00,WIN
11126,3,3,08-04-2024 13:00,LOSS
11127,7,15,08-04-2024 14:00,LOSS
11128,6,13,08-04-2024 15:00,WIN
11129,5,10,08-04-2024 16:00,WIN
11130,16,10,08-04-2024 17:00,LOSS
11131,11,8,08-04-2024 18:00,LOSS
11132,1,10,08-04-2024 19:00,LOSS
11133,10,6,08-04-2024 20:00,WIN
11134,17,6,08-04-2024 21:00,WIN
11135,7,9,08-04-2024 22:00,LOSS
11136,3,8,08-04-2024 23:00,LOSS
11137,5,1,09-04-2024 00:00,LOSS
11138,12,19,09-04-2024 01:00,LOSS
11139,10,1,09-04-2024 02:00,WIN
11140,3,8,09-04-2024 03:00,LOSS
11141,16,15,09-04-2024 04:00,LOSS
11142,6,12,09-04-2024 05:00,LOSS
11143,16,3,09-04-2024 06:00,LOSS
11144,8,14,09-04-2024 07:00,WIN
11145,20,2,09-04-2024 08:00,LOSS
11146,20,2,09-04-2024 09:00,WIN
11147,9,19,09-04-2024 10:00,LOSS
11148,13,19,09-04-2024 11:00,WIN
11149,2,18,09-04-2024 12:00,WIN
11150,9,8,09-04-2024 13:00,WIN
11151,13,17,09-04-2024 14:00,LOSS
11152,14,3,09-04-2024 15:00,WIN
11153,13,16,09-04-2024 16:00,WIN
11154,19,17,09-04-2024 17:00,LOSS
11155,16,4,09-04-2024 18:00,LOSS
11156,18,17,09-04-2024 19:00,WIN
11157,16,17,09-04-2024 20:00,LOSS
11158,2,4,09-04-2024 21:00,LOSS
11159,1,6,09-04-2024 22:00,WIN
11160,10,12,09-04-2024 23:00,WIN
11161,14,20,10-04-2024 00:00,LOSS
11162,17,7,10-04-2024 01:00,WIN
11163,18,8,10-04-2024 02:00,LOSS
11164,7,18,10-04-2024 03:00,WIN
11165,17,5,10-04-2024 04:00,LOSS
11166,4,6,10-04-2024 05:00,LOSS
11167,12,17,10-04-2024 06:00,LOSS
11168,8,13,10-04-2024 07:00,LOSS
11169,2,15,10-04-2024 08:00,WIN
11170,19,4,10-04-2024 09:00,LOSS
11171,14,6,10-04-2024 10:00,WIN
11172,17,2,10-04-2024 11:00,LOSS
11173,17,7,10-04-2024 12:00,WIN
11174,8,9,10-04-2024 13:00,LOSS
11175,6,19,10-04-2024 14:00,WIN
11176,10,17,10-04-2024 15:00,WIN
11177,7,4,10-04-2024 16:00,LOSS
11178,2,3,10-04-2024 17:00,WIN
11179,15,5,10-04-2024 18:00,LOSS
11180,5,16,10-04-2024 19:00,LOSS
11181,3,19,10-04-2024 20:00,WIN
11182,9,2,10-04-2024 21:00,LOSS
11183,5,9,10-04-2024 22:00,LOSS
11184,20,11,10-04-2024 23:00,LOSS
11185,6,15,11-04-2024 00:00,WIN
11186,4,13,11-04-2024 01:00,LOSS
11187,4,6,11-04-2024 02:00,WIN
11188,17,6,11-04-2024 03:00,WIN
11189,15,18,11-04-2024 04:00,LOSS
11190,7,8,11-04-2024 05:00,LOSS
11191,19,5,11-04-2024 06:00,WIN
11192,11,10,11-04-2024 07:00,WIN
11193,3,9,11-04-2024 08:00,WIN
11194,15,7,11-04-2024 09:00,WIN
11195,19,1,11-04-2024 10:00,WIN
11196,17,12,11-04-2024 11:00,LOSS
11197,6,17,11-04-2024 12:00,LOSS
11198,5,4,11-04-2024 13:00,WIN
11199,13,2,11-04-2024 14:00,WIN
11200,17,20,11-04-2024 15:00,WIN
11201,2,18,11-04-2024 16:00,LOSS
11202,18,15,11-04-2024 17:00,WIN
11203,10,9,11-04-2024 18:00,LOSS
11204,8,16,11-04-2024 19:00,LOSS
11205,8,8,11-04-2024 20:00,LOSS
11206,18,12,11-04-2024 21:00,LOSS
11207,12,7,11-04-2024 22:00,LOSS
11208,5,8,11-04-2024 23:00,LOSS
11209,4,10,12-04-2024 00:00,LOSS
11210,13,15,12-04-2024 01:00,LOSS
11211,4,7,12-04-2024 02:00,LOSS
11212,1,10,12-04-2024 03:00,WIN
11213,11,20,12-04-2024 04:00,WIN
11214,9,7,12-04-2024 05:00,LOSS
11215,17,10,12-04-2024 06:00,LOSS
11216,20,10,12-04-2024 07:00,WIN
11217,11,6,12-04-2024 08:00,LOSS
11218,10,15,12-04-2024 09:00,WIN
11219,17,20,12-04-2024 10:00,WIN
11220,3,16,12-04-2024 11:00,WIN
11221,19,5,12-04-2024 12:00,WIN
11222,3,4,12-04-2024 13:00,WIN
11223,6,18,12-04-2024 14:00,WIN
11224,20,9,12-04-2024 15:00,WIN
11225,6,5,12-04-2024 16:00,WIN
11226,7,11,12-04-2024 17:00,WIN
11227,1,13,12-04-2024 18:00,WIN
11228,8,6,12-04-2024 19:00,LOSS
11229,16,1,12-04-2024 20:00,LOSS
11230,20,4,12-04-2024 21:00,WIN
11231,15,15,12-04-2024 22:00,WIN
11232,19,20,12-04-2024 23:00,LOSS
11233,10,18,13-04-2024 00:00,WIN
11234,12,17,13-04-2024 01:00,WIN
11235,5,9,13-04-2024 02:00,WIN
11236,3,15,13-04-2024 03:00,WIN
11237,13,4,13-04-2024 04:00,WIN
11238,19,11,13-04-2024 05:00,WIN
11239,3,12,13-04-2024 06:00,WIN
11240,20,12,13-04-2024 07:00,LOSS
11241,3,4,13-04-2024 08:00,LOSS
11242,16,8,13-04-2024 09:00,LOSS
11243,12,12,13-04-2024 10:00,WIN
11244,18,20,13-04-2024 11:00,WIN
11245,17,6,13-04-2024 12:00,LOSS
11246,17,13,13-04-2024 13:00,WIN
11247,17,5,13-04-2024 14:00,WIN
11248,7,14,13-04-2024 15:00,LOSS
11249,14,15,13-04-2024 16:00,WIN
11250,11,17,13-04-2024 17:00,WIN
11251,16,15,13-04-2024 18:00,WIN
11252,4,11,13-04-2024 19:00,WIN
11253,19,14,13-04-2024 20:00,LOSS
11254,8,13,13-04-2024 21:00,LOSS
11255,5,9,13-04-2024 22:00,LOSS
11256,3,20,13-04-2024 23:00,LOSS
11257,3,20,14-04-2024 00:00,WIN
11258,17,4,14-04-2024 01:00,LOSS
11259,6,16,14-04-2024 02:00,LOSS
11260,10,18,14-04-2024 03:00,LOSS
11261,9,3,14-04-2024 04:00,LOSS
11262,6,13,14-04-2024 05:00,WIN
11263,2,15,14-04-2024 06:00,LOSS
11264,3,20,14-04-2024 07:00,LOSS
11265,11,17,14-04-2024 08:00,LOSS
11266,15,8,14-04-2024 09:00,WIN
11267,14,20,14-04-2024 10:00,LOSS
11268,13,20,14-04-2024 11:00,WIN
11269,17,6,14-04-2024 12:00,WIN
11270,11,14,14-04-2024 13:00,WIN
11271,6,2,14-04-2024 14:00,WIN
11272,2,4,14-04-2024 15:00,LOSS
11273,1,12,14-04-2024 16:00,WIN
11274,4,2,14-04-2024 17:00,WIN
11275,9,16,14-04-2024 18:00,LOSS
11276,11,12,14-04-2024 19:00,WIN
11277,6,3,14-04-2024 20:00,WIN
11278,16,11,14-04-2024 21:00,LOSS
11279,10,13,14-04-2024 22:00,WIN
11280,3,9,14-04-2024 23:00,WIN
11281,10,1,15-04-2024 00:00,WIN
11282,12,4,15-04-2024 01:00,LOSS
11283,1,14,15-04-2024 02:00,LOSS
11284,10,16,15-04-2024 03:00,WIN
11285,10,8,15-04-2024 04:00,WIN
11286,4,13,15-04-2024 05:00,LOSS
11287,9,20,15-04-2024 06:00,LOSS
11288,9,1,15-04-2024 07:00,LOSS
11289,12,10,15-04-2024 08:00,WIN
11290,11,4,15-04-2024 09:00,WIN
11291,6,7,15-04-2024 10:00,LOSS
11292,7,11,15-04-2024 11:00,LOSS
11293,9,3,15-04-2024 12:00,WIN
11294,11,5,15-04-2024 13:00,WIN
11295,17,12,15-04-2024 14:00,LOSS
11296,11,11,15-04-2024 15:00,LOSS
11297,18,1,15-04-2024 16:00,LOSS
11298,9,12,15-04-2024 17:00,LOSS
11299,17,9,15-04-2024 18:00,LOSS
11300,16,16,15-04-2024 19:00,WIN
11301,14,11,15-04-2024 20:00,LOSS
11302,1,3,15-04-2024 21:00,WIN
11303,2,8,15-04-2024 22:00,WIN
11304,11,18,15-04-2024 23:00,LOSS
11305,7,4,16-04-2024 00:00,LOSS
11306,10,9,16-04-2024 01:00,LOSS
11307,12,4,16-04-2024 02:00,LOSS
11308,11,1,16-04-2024 03:00,WIN
11309,2,3,16-04-2024 04:00,LOSS
11310,14,11,16-04-2024 05:00,WIN
11311,9,10,16-04-2024 06:00,WIN
11312,12,18,16-04-2024 07:00,LOSS
11313,10,16,16-04-2024 08:00,LOSS
11314,2,14,16-04-2024 09:00,LOSS
11315,12,8,16-04-2024 10:00,LOSS
11316,3,11,16-04-2024 11:00,LOSS
11317,13,1,16-04-2024 12:00,LOSS
11318,19,11,16-04-2024 13:00,WIN
11319,13,13,16-04-2024 14:00,WIN
11320,16,13,16-04-2024 15:00,LOSS
11321,1,2,16-04-2024 16:00,WIN
11322,8,1,16-04-2024 17:00,WIN
11323,13,14,16-04-2024 18:00,WIN
11324,7,10,16-04-2024 19:00,LOSS
11325,2,4,16-04-2024 20:00,WIN
11326,13,15,16-04-2024 21:00,WIN
11327,12,16,16-04-2024 22:00,WIN
11328,17,1,16-04-2024 23:00,LOSS
11329,9,15,17-04-2024 00:00,LOSS
11330,10,13,17-04-2024 01:00,WIN
11331,3,5,17-04-2024 02:00,WIN
11332,11,8,17-04-2024 03:00,WIN
11333,12,11,17-04-2024 04:00,WIN
11334,7,15,17-04-2024 05:00,WIN
11335,10,8,17-04-2024 06:00,LOSS
11336,10,10,17-04-2024 07:00,WIN
11337,20,13,17-04-2024 08:00,WIN
11338,10,11,17-04-2024 09:00,WIN
11339,4,12,17-04-2024 10:00,LOSS
11340,10,13,17-04-2024 11:00,WIN
11341,10,13,17-04-2024 12:00,LOSS
11342,4,18,17-04-2024 13:00,LOSS
11343,7,1,17-04-2024 14:00,LOSS
11344,18,15,17-04-2024 15:00,LOSS
11345,3,8,17-04-2024 16:00,WIN
11346,15,9,17-04-2024 17:00,LOSS
11347,5,12,17-04-2024 18:00,WIN
11348,9,9,17-04-2024 19:00,WIN
11349,20,10,17-04-2024 20:00,LOSS
11350,12,13,17-04-2024 21:00,LOSS
11351,16,10,17-04-2024 22:00,LOSS
11352,11,20,17-04-2024 23:00,LOSS
11353,17,19,18-04-2024 00:00,LOSS
11354,3,4,18-04-2024 01:00,WIN
11355,15,19,18-04-2024 02:00,LOSS
11356,4,18,18-04-2024 03:00,WIN
11357,9,1,18-04-2024 04:00,LOSS
11358,8,20,18-04-2024 05:00,LOSS
11359,18,11,18-04-2024 06:00,LOSS
11360,4,8,18-04-2024 07:00,WIN
11361,5,11,18-04-2024 08:00,WIN
11362,9,6,18-04-2024 09:00,WIN
11363,16,6,18-04-2024 10:00,LOSS
11364,4,11,18-04-2024 11:00,WIN
11365,16,5,18-04-2024 12:00,WIN
11366,5,11,18-04-2024 13:00,LOSS
11367,7,4,18-04-2024 14:00,WIN
11368,11,8,18-04-2024 15:00,WIN
11369,7,11,18-04-2024 16:00,LOSS
11370,6,10,18-04-2024 17:00,LOSS
11371,19,11,18-04-2024 18:00,WIN
11372,17,19,18-04-2024 19:00,LOSS
11373,6,1,18-04-2024 20:00,LOSS
11374,19,8,18-04-2024 21:00,LOSS
11375,17,7,18-04-2024 22:00,LOSS
11376,12,16,18-04-2024 23:00,WIN
11377,12,5,19-04-2024 00:00,WIN
11378,13,5,19-04-2024 01:00,WIN
11379,6,16,19-04-2024 02:00,LOSS
11380,19,15,19-04-2024 03:00,WIN
11381,1,13,19-04-2024 04:00,LOSS
11382,13,10,19-04-2024 05:00,WIN
11383,5,17,19-04-2024 06:00,WIN
11384,1,8,19-04-2024 07:00,LOSS
11385,3,14,19-04-2024 08:00,WIN
11386,3,11,19-04-2024 09:00,LOSS
11387,15,14,19-04-2024 10:00,LOSS
11388,15,10,19-04-2024 11:00,WIN
11389,4,15,19-04-2024 12:00,WIN
11390,8,14,19-04-2024 13:00,WIN
11391,3,9,19-04-2024 14:00,WIN
11392,8,18,19-04-2024 15:00,WIN
11393,12,12,19-04-2024 16:00,WIN
11394,18,16,19-04-2024 17:00,LOSS
11395,13,5,19-04-2024 18:00,LOSS
11396,8,14,19-04-2024 19:00,LOSS
11397,17,4,19-04-2024 20:00,LOSS
11398,9,7,19-04-2024 21:00,LOSS
11399,7,3,19-04-2024 22:00,LOSS
11400,15,4,19-04-2024 23:00,LOSS
11401,16,4,20-04-2024 00:00,WIN
11402,20,6,20-04-2024 01:00,LOSS
11403,8,6,20-04-2024 02:00,WIN
11404,16,17,20-04-2024 03:00,LOSS
11405,19,2,20-04-2024 04:00,LOSS
11406,16,1,20-04-2024 05:00,LOSS
11407,14,5,20-04-2024 06:00,LOSS
11408,16,2,20-04-2024 07:00,WIN
11409,1,15,20-04-2024 08:00,WIN
11410,18,17,20-04-2024 09:00,LOSS
11411,18,15,20-04-2024 10:00,WIN
11412,1,20,20-04-2024 11:00,LOSS
11413,17,16,20-04-2024 12:00,WIN
11414,20,8,20-04-2024 13:00,LOSS
11415,7,7,20-04-2024 14:00,LOSS
11416,6,1,20-04-2024 15:00,WIN
11417,13,3,20-04-2024 16:00,LOSS
11418,7,6,20-04-2024 17:00,LOSS
11419,8,6,20-04-2024 18:00,WIN
11420,12,2,20-04-2024 19:00,WIN
11421,16,8,20-04-2024 20:00,LOSS
11422,3,19,20-04-2024 21:00,LOSS
11423,7,20,20-04-2024 22:00,WIN
11424,6,1,20-04-2024 23:00,WIN
11425,13,16,21-04-2024 00:00,WIN
11426,14,3,21-04-2024 01:00,LOSS
11427,13,11,21-04-2024 02:00,WIN
11428,8,16,21-04-2024 03:00,WIN
11429,19,5,21-04-2024 04:00,LOSS
11430,14,16,21-04-2024 05:00,WIN
11431,5,14,21-04-2024 06:00,WIN
11432,18,14,21-04-2024 07:00,LOSS
11433,4,10,21-04-2024 08:00,LOSS
11434,1,17,21-04-2024 09:00,LOSS
11435,1,17,21-04-2024 10:00,WIN
11436,9,8,21-04-2024 11:00,LOSS
11437,19,15,21-04-2024 12:00,WIN
11438,1,2,21-04-2024 13:00,LOSS
11439,15,11,21-04-2024 14:00,WIN
11440,13,7,21-04-2024 15:00,WIN
11441,7,11,21-04-2024 16:00,WIN
11442,14,14,21-04-2024 17:00,WIN
11443,2,17,21-04-2024 18:00,LOSS
11444,13,7,21-04-2024 19:00,WIN
11445,8,2,21-04-2024 20:00,LOSS
11446,12,7,21-04-2024 21:00,WIN
11447,13,18,21-04-2024 22:00,LOSS
11448,3,20,21-04-2024 23:00,WIN
11449,19,1,22-04-2024 00:00,WIN
11450,12,3,22-04-2024 01:00,LOSS
11451,2,6,22-04-2024 02:00,WIN
11452,20,19,22-04-2024 03:00,LOSS
11453,18,3,22-04-2024 04:00,WIN
11454,16,16,22-04-2024 05:00,LOSS
11455,9,13,22-04-2024 06:00,WIN
11456,17,14,22-04-2024 07:00,LOSS
11457,18,10,22-04-2024 08:00,LOSS
11458,19,13,22-04-2024 09:00,LOSS
11459,7,6,22-04-2024 10:00,LOSS
11460,4,13,22-04-2024 11:00,WIN
11461,8,18,22-04-2024 12:00,LOSS
11462,1,18,22-04-2024 13:00,LOSS
11463,10,4,22-04-2024 14:00,WIN
11464,4,17,22-04-2024 15:00,WIN
11465,17,6,22-04-2024 16:00,LOSS
11466,7,16,22-04-2024 17:00,LOSS
11467,1,12,22-04-2024 18:00,WIN
11468,16,10,22-04-2024 19:00,WIN
11469,10,13,22-04-2024 20:00,LOSS
11470,11,16,22-04-2024 21:00,LOSS
11471,6,20,22-04-2024 22:00,LOSS
11472,1,1,22-04-2024 23:00,LOSS
11473,9,7,23-04-2024 00:00,LOSS
11474,11,4,23-04-2024 01:00,WIN
11475,6,12,23-04-2024 02:00,WIN
11476,19,9,23-04-2024 03:00,LOSS
11477,13,20,23-04-2024 04:00,WIN
11478,17,11,23-04-2024 05:00,WIN
11479,14,1,23-04-2024 06:00,WIN
11480,20,10,23-04-2024 07:00,WIN
11481,4,15,23-04-2024 08:00,LOSS
11482,7,20,23-04-2024 09:00,WIN
11483,15,2,23-04-2024 10:00,WIN
11484,10,18,23-04-2024 11:00,WIN
11485,5,12,23-04-2024 12:00,WIN
11486,13,15,23-04-2024 13:00,LOSS
11487,15,18,23-04-2024 14:00,LOSS
11488,3,1,23-04-2024 15:00,WIN
11489,19,15,23-04-2024 16:00,LOSS
11490,3,13,23-04-2024 17:00,WIN
11491,19,9,23-04-2024 18:00,WIN
11492,12,16,23-04-2024 19:00,WIN
11493,14,17,23-04-2024 20:00,LOSS
11494,8,18,23-04-2024 21:00,LOSS
11495,18,12,23-04-2024 22:00,WIN
11496,4,1,23-04-2024 23:00,LOSS
11497,11,13,24-04-2024 00:00,WIN
11498,17,8,24-04-2024 01:00,WIN
11499,19,12,24-04-2024 02:00,WIN
11500,4,17,24-04-2024 03:00,WIN
11501,6,9,24-04-2024 04:00,WIN
11502,2,14,24-04-2024 05:00,LOSS
11503,7,16,24-04-2024 06:00,WIN
11504,19,18,24-04-2024 07:00,LOSS
11505,14,19,24-04-2024 08:00,LOSS
11506,16,10,24-04-2024 09:00,WIN
11507,8,4,24-04-2024 10:00,LOSS
11508,18,3,24-04-2024 11:00,WIN
11509,9,2,24-04-2024 12:00,LOSS
11510,4,5,24-04-2024 13:00,WIN
11511,14,18,24-04-2024 14:00,WIN
11512,20,14,24-04-2024 15:00,WIN
11513,18,2,24-04-2024 16:00,WIN
11514,20,2,24-04-2024 17:00,WIN
11515,5,14,24-04-2024 18:00,WIN
11516,1,1,24-04-2024 19:00,LOSS
11517,6,14,24-04-2024 20:00,WIN
11518,20,11,24-04-2024 21:00,LOSS
11519,4,15,24-04-2024 22:00,WIN
11520,19,8,24-04-2024 23:00,LOSS
11521,17,10,25-04-2024 00:00,LOSS
11522,6,3,25-04-2024 01:00,LOSS
11523,5,18,25-04-2024 02:00,WIN
11524,6,1,25-04-2024 03:00,LOSS
11525,1,8,25-04-2024 04:00,WIN
11526,18,3,25-04-2024 05:00,LOSS
11527,15,1,25-04-2024 06:00,LOSS
11528,16,7,25-04-2024 07:00,LOSS
11529,9,11,25-04-2024 08:00,LOSS
11530,5,4,25-04-2024 09:00,WIN
11531,11,18,25-04-2024 10:00,WIN
11532,5,11,25-04-2024 11:00,WIN
11533,6,1,25-04-2024 12:00,WIN
11534,2,11,25-04-2024 13:00,LOSS
11535,10,9,25-04-2024 14:00,LOSS
11536,4,2,25-04-2024 15:00,WIN
11537,14,9,25-04-2024 16:00,WIN
11538,3,20,25-04-2024 17:00,LOSS
11539,13,14,25-04-2024 18:00,LOSS
11540,15,15,25-04-2024 19:00,WIN
11541,16,9,25-04-2024 20:00,LOSS
11542,5,15,25-04-2024 21:00,WIN
11543,10,10,25-04-2024 22:00,WIN
11544,3,2,25-04-2024 23:00,LOSS
11545,16,15,26-04-2024 00:00,WIN
11546,8,1,26-04-2024 01:00,WIN
11547,16,12,26-04-2024 02:00,WIN
11548,5,20,26-04-2024 03:00,LOSS
11549,11,4,26-04-2024 04:00,WIN
11550,19,13,26-04-2024 05:00,LOSS
11551,16,10,26-04-2024 06:00,LOSS
11552,14,14,26-04-2024 07:00,WIN
11553,11,10,26-04-2024 08:00,LOSS
11554,14,11,26-04-2024 09:00,LOSS
11555,16,15,26-04-2024 10:00,WIN
11556,18,1,26-04-2024 11:00,LOSS
11557,3,3,26-04-2024 12:00,WIN
11558,3,7,26-04-2024 13:00,WIN
11559,1,14,26-04-2024 14:00,LOSS
11560,12,17,26-04-2024 15:00,LOSS
11561,7,8,26-04-2024 16:00,WIN
11562,11,9,26-04-2024 17:00,WIN
11563,13,20,26-04-2024 18:00,WIN
11564,14,5,26-04-2024 19:00,WIN
11565,12,20,26-04-2024 20:00,LOSS
11566,6,5,26-04-2024 21:00,LOSS
11567,6,2,26-04-2024 22:00,WIN
11568,7,18,26-04-2024 23:00,WIN
11569,6,1,27-04-2024 00:00,WIN
11570,9,4,27-04-2024 01:00,WIN
11571,17,10,27-04-2024 02:00,LOSS
11572,17,10,27-04-2024 03:00,LOSS
11573,15,15,27-04-2024 04:00,WIN
11574,1,18,27-04-2024 05:00,WIN
11575,14,14,27-04-2024 06:00,LOSS
11576,2,7,27-04-2024 07:00,LOSS
11577,20,12,27-04-2024 08:00,LOSS
11578,7,8,27-04-2024 09:00,WIN
11579,13,10,27-04-2024 10:00,LOSS
11580,7,1,27-04-2024 11:00,WIN
11581,18,3,27-04-2024 12:00,LOSS
11582,6,6,27-04-2024 13:00,LOSS
11583,19,14,27-04-2024 14:00,WIN
11584,9,16,27-04-2024 15:00,LOSS
11585,10,13,27-04-2024 16:00,WIN
11586,4,6,27-04-2024 17:00,WIN
11587,12,7,27-04-2024 18:00,WIN
11588,13,20,27-04-2024 19:00,LOSS
11589,18,2,27-04-2024 20:00,LOSS
11590,13,17,27-04-2024 21:00,LOSS
11591,20,4,27-04-2024 22:00,LOSS
11592,18,20,27-04-2024 23:00,LOSS
11593,5,17,28-04-2024 00:00,LOSS
11594,16,8,28-04-2024 01:00,LOSS
11595,10,2,28-04-2024 02:00,WIN
11596,14,4,28-04-2024 03:00,WIN
11597,15,9,28-04-2024 04:00,WIN
11598,11,7,28-04-2024 05:00,LOSS
11599,8,18,28-04-2024 06:00,LOSS
11600,17,14,28-04-2024 07:00,LOSS
11601,3,1,28-04-2024 08:00,LOSS
11602,1,10,28-04-2024 09:00,WIN
11603,7,7,28-04-2024 10:00,LOSS
11604,2,18,28-04-2024 11:00,LOSS
11605,10,19,28-04-2024 12:00,LOSS
11606,18,13,28-04-2024 13:00,LOSS
11607,7,15,28-04-2024 14:00,WIN
11608,5,20,28-04-2024 15:00,WIN
11609,4,7,28-04-2024 16:00,LOSS
11610,14,2,28-04-2024 17:00,LOSS
11611,3,20,28-04-2024 18:00,WIN
11612,13,20,28-04-2024 19:00,WIN
11613,3,20,28-04-2024 20:00,WIN
11614,8,7,28-04-2024 21:00,LOSS
11615,18,6,28-04-2024 22:00,LOSS
11616,19,18,28-04-2024 23:00,LOSS
11617,4,14,29-04-2024 00:00,WIN
11618,10,11,29-04-2024 01:00,WIN
11619,3,11,29-04-2024 02:00,WIN
11620,12,10,29-04-2024 03:00,WIN
11621,6,2,29-04-2024 04:00,LOSS
11622,19,3,29-04-2024 05:00,WIN
11623,4,10,29-04-2024 06:00,LOSS
11624,3,1,29-04-2024 07:00,LOSS
11625,18,16,29-04-2024 08:00,LOSS
11626,8,14,29-04-2024 09:00,LOSS
11627,2,9,29-04-2024 10:00,WIN
11628,7,7,29-04-2024 11:00,WIN
11629,11,7,29-04-2024 12:00,LOSS
11630,6,1,29-04-2024 13:00,LOSS
11631,19,20,29-04-2024 14:00,LOSS
11632,3,14,29-04-2024 15:00,WIN
11633,13,8,29-04-2024 16:00,WIN
11634,20,3,29-04-2024 17:00,WIN
11635,2,6,29-04-2024 18:00,LOSS
11636,5,15,29-04-2024 19:00,LOSS
11637,15,20,29-04-2024 20:00,WIN
11638,10,15,29-04-2024 21:00,LOSS
11639,6,8,29-04-2024 22:00,LOSS
11640,14,19,29-04-2024 23:00,WIN
11641,1,5,30-04-2024 00:00,WIN
11642,9,13,30-04-2024 01:00,WIN
11643,10,2,30-04-2024 02:00,LOSS
11644,11,12,30-04-2024 03:00,LOSS
11645,19,16,30-04-2024 04:00,WIN
11646,9,7,30-04-2024 05:00,LOSS
11647,12,9,30-04-2024 06:00,WIN
11648,20,12,30-04-2024 07:00,WIN
11649,6,15,30-04-2024 08:00,WIN
11650,16,13,30-04-2024 09:00,WIN
11651,13,2,30-04-2024 10:00,WIN
11652,6,8,30-04-2024 11:00,LOSS
11653,13,19,30-04-2024 12:00,LOSS
11654,15,10,30-04-2024 13:00,WIN
11655,18,5,30-04-2024 14:00,LOSS
11656,16,19,30-04-2024 15:00,WIN
11657,9,1,30-04-2024 16:00,LOSS
11658,18,8,30-04-2024 17:00,LOSS
11659,10,14,30-04-2024 18:00,LOSS
11660,12,8,30-04-2024 19:00,WIN
11661,5,3,30-04-2024 20:00,LOSS
11662,2,14,30-04-2024 21:00,WIN
11663,9,7,30-04-2024 22:00,LOSS
11664,18,2,30-04-2024 23:00,WIN
11665,1,19,01-05-2024 00:00,WIN
11666,14,6,01-05-2024 01:00,LOSS
11667,3,4,01-05-2024 02:00,WIN
11668,11,20,01-05-2024 03:00,LOSS
11669,18,1,01-05-2024 04:00,WIN
11670,2,18,01-05-2024 05:00,WIN
11671,17,6,01-05-2024 06:00,LOSS
11672,3,10,01-05-2024 07:00,WIN
11673,7,15,01-05-2024 08:00,WIN
11674,3,17,01-05-2024 09:00,LOSS
11675,15,1,01-05-2024 10:00,LOSS
11676,4,15,01-05-2024 11:00,WIN
11677,15,2,01-05-2024 12:00,LOSS
11678,3,4,01-05-2024 13:00,WIN
11679,11,8,01-05-2024 14:00,LOSS
11680,3,7,01-05-2024 15:00,WIN
11681,20,4,01-05-2024 16:00,LOSS
11682,18,13,01-05-2024 17:00,WIN
11683,14,20,01-05-2024 18:00,LOSS
11684,9,16,01-05-2024 19:00,LOSS
11685,15,15,01-05-2024 20:00,LOSS
11686,8,7,01-05-2024 21:00,LOSS
11687,8,15,01-05-2024 22:00,WIN
11688,8,10,01-05-2024 23:00,WIN
11689,14,9,02-05-2024 00:00,WIN
11690,6,19,02-05-2024 01:00,WIN
11691,13,12,02-05-2024 02:00,WIN
11692,7,13,02-05-2024 03:00,WIN
11693,15,14,02-05-2024 04:00,LOSS
11694,10,1,02-05-2024 05:00,LOSS
11695,12,2,02-05-2024 06:00,WIN
11696,5,20,02-05-2024 07:00,LOSS
11697,3,13,02-05-2024 08:00,WIN
11698,5,3,02-05-2024 09:00,LOSS
11699,12,3,02-05-2024 10:00,WIN
11700,3,9,02-05-2024 11:00,WIN
11701,1,19,02-05-2024 12:00,WIN
11702,17,19,02-05-2024 13:00,WIN
11703,10,1,02-05-2024 14:00,WIN
11704,6,15,02-05-2024 15:00,WIN
11705,20,5,02-05-2024 16:00,LOSS
11706,13,11,02-05-2024 17:00,WIN
11707,15,3,02-05-2024 18:00,WIN
11708,2,12,02-05-2024 19:00,LOSS
11709,2,4,02-05-2024 20:00,WIN
11710,17,3,02-05-2024 21:00,LOSS
11711,19,13,02-05-2024 22:00,WIN
11712,1,2,02-05-2024 23:00,LOSS
11713,5,15,03-05-2024 00:00,WIN
11714,20,5,03-05-2024 01:00,LOSS
11715,16,3,03-05-2024 02:00,WIN
11716,5,9,03-05-2024 03:00,WIN
11717,10,9,03-05-2024 04:00,LOSS
11718,10,20,03-05-2024 05:00,LOSS
11719,1,9,03-05-2024 06:00,LOSS
11720,9,4,03-05-2024 07:00,WIN
11721,18,4,03-05-2024 08:00,WIN
11722,7,2,03-05-2024 09:00,LOSS
11723,19,15,03-05-2024 10:00,LOSS
11724,16,15,03-05-2024 11:00,WIN
11725,6,17,03-05-2024 12:00,LOSS
11726,10,10,03-05-2024 13:00,WIN
11727,5,4,03-05-2024 14:00,WIN
11728,13,13,03-05-2024 15:00,WIN
11729,12,6,03-05-2024 16:00,WIN
11730,17,20,03-05-2024 17:00,WIN
11731,2,16,03-05-2024 18:00,LOSS
11732,5,20,03-05-2024 19:00,WIN
11733,10,2,03-05-2024 20:00,LOSS
11734,1,16,03-05-2024 21:00,LOSS
11735,12,3,03-05-2024 22:00,WIN
11736,14,19,03-05-2024 23:00,WIN
11737,8,7,04-05-2024 00:00,LOSS
11738,17,4,04-05-2024 01:00,WIN
11739,11,15,04-05-2024 02:00,LOSS
11740,20,3,04-05-2024 03:00,LOSS
11741,2,4,04-05-2024 04:00,LOSS
11742,5,1,04-05-2024 05:00,LOSS
11743,18,6,04-05-2024 06:00,LOSS
11744,9,3,04-05-2024 07:00,WIN
11745,9,20,04-05-2024 08:00,LOSS
11746,10,8,04-05-2024 09:00,WIN
11747,4,15,04-05-2024 10:00,LOSS
11748,17,7,04-05-2024 11:00,LOSS
11749,12,7,04-05-2024 12:00,LOSS
11750,3,14,04-05-2024 13:00,LOSS
11751,4,5,04-05-2024 14:00,LOSS
11752,7,15,04-05-2024 15:00,LOSS
11753,11,4,04-05-2024 16:00,LOSS
11754,4,17,04-05-2024 17:00,LOSS
11755,20,6,04-05-2024 18:00,LOSS
11756,6,13,04-05-2024 19:00,WIN
11757,1,18,04-05-2024 20:00,LOSS
11758,1,17,04-05-2024 21:00,LOSS
11759,6,10,04-05-2024 22:00,LOSS
11760,1,20,04-05-2024 23:00,LOSS
11761,15,14,05-05-2024 00:00,LOSS
11762,1,20,05-05-2024 01:00,LOSS
11763,6,1,05-05-2024 02:00,LOSS
11764,9,1,05-05-2024 03:00,LOSS
11765,6,17,05-05-2024 04:00,LOSS
11766,17,8,05-05-2024 05:00,LOSS
11767,18,17,05-05-2024 06:00,LOSS
11768,20,10,05-05-2024 07:00,LOSS
11769,1,6,05-05-2024 08:00,LOSS
11770,16,7,05-05-2024 09:00,WIN
11771,16,16,05-05-2024 10:00,LOSS
11772,1,17,05-05-2024 11:00,LOSS
11773,7,7,05-05-2024 12:00,LOSS
11774,14,6,05-05-2024 13:00,WIN
11775,15,11,05-05-2024 14:00,WIN
11776,6,6,05-05-2024 15:00,LOSS
11777,17,18,05-05-2024 16:00,LOSS
11778,17,9,05-05-2024 17:00,LOSS
11779,6,4,05-05-2024 18:00,WIN
11780,13,9,05-05-2024 19:00,LOSS
11781,11,3,05-05-2024 20:00,LOSS
11782,19,3,05-05-2024 21:00,WIN
11783,10,14,05-05-2024 22:00,WIN
11784,2,4,05-05-2024 23:00,LOSS
11785,20,13,06-05-2024 00:00,WIN
11786,8,16,06-05-2024 01:00,LOSS
11787,15,8,06-05-2024 02:00,WIN
11788,9,14,06-05-2024 03:00,WIN
11789,13,5,06-05-2024 04:00,LOSS
11790,15,3,06-05-2024 05:00,WIN
11791,15,15,06-05-2024 06:00,LOSS
11792,1,5,06-05-2024 07:00,LOSS
11793,5,14,06-05-2024 08:00,LOSS
11794,15,8,06-05-2024 09:00,WIN
11795,14,11,06-05-2024 10:00,LOSS
11796,6,1,06-05-2024 11:00,WIN
11797,6,19,06-05-2024 12:00,LOSS
11798,20,2,06-05-2024 13:00,WIN
11799,5,3,06-05-2024 14:00,WIN
11800,9,17,06-05-2024 15:00,WIN
11801,20,7,06-05-2024 16:00,LOSS
11802,20,11,06-05-2024 17:00,LOSS
11803,7,16,06-05-2024 18:00,WIN
11804,16,18,06-05-2024 19:00,LOSS
11805,17,19,06-05-2024 20:00,WIN
11806,8,20,06-05-2024 21:00,LOSS
11807,18,10,06-05-2024 22:00,LOSS
11808,20,12,06-05-2024 23:00,LOSS
11809,13,14,07-05-2024 00:00,LOSS
11810,14,8,07-05-2024 01:00,WIN
11811,4,7,07-05-2024 02:00,WIN
11812,10,13,07-05-2024 03:00,LOSS
11813,10,13,07-05-2024 04:00,WIN
11814,6,7,07-05-2024 05:00,LOSS
11815,7,13,07-05-2024 06:00,WIN
11816,7,9,07-05-2024 07:00,LOSS
11817,4,6,07-05-2024 08:00,WIN
11818,19,1,07-05-2024 09:00,LOSS
11819,20,19,07-05-2024 10:00,WIN
11820,9,17,07-05-2024 11:00,WIN
11821,19,2,07-05-2024 12:00,LOSS
11822,16,19,07-05-2024 13:00,WIN
11823,3,11,07-05-2024 14:00,WIN
11824,5,4,07-05-2024 15:00,LOSS
11825,5,2,07-05-2024 16:00,WIN
11826,6,3,07-05-2024 17:00,WIN
11827,9,17,07-05-2024 18:00,WIN
11828,9,13,07-05-2024 19:00,LOSS
11829,12,17,07-05-2024 20:00,WIN
11830,16,6,07-05-2024 21:00,LOSS
11831,16,20,07-05-2024 22:00,LOSS
11832,5,11,07-05-2024 23:00,WIN
11833,1,10,08-05-2024 00:00,WIN
11834,3,16,08-05-2024 01:00,LOSS
11835,6,11,08-05-2024 02:00,WIN
11836,8,4,08-05-2024 03:00,LOSS
11837,16,19,08-05-2024 04:00,WIN
11838,6,3,08-05-2024 05:00,LOSS
11839,14,15,08-05-2024 06:00,WIN
11840,10,15,08-05-2024 07:00,LOSS
11841,4,14,08-05-2024 08:00,LOSS
11842,12,18,08-05-2024 09:00,LOSS
11843,7,10,08-05-2024 10:00,LOSS
11844,7,5,08-05-2024 11:00,WIN
11845,16,6,08-05-2024 12:00,LOSS
11846,1,12,08-05-2024 13:00,LOSS
11847,16,1,08-05-2024 14:00,LOSS
11848,3,12,08-05-2024 15:00,WIN
11849,15,11,08-05-2024 16:00,WIN
11850,6,10,08-05-2024 17:00,WIN
11851,13,2,08-05-2024 18:00,LOSS
11852,20,15,08-05-2024 19:00,LOSS
11853,8,19,08-05-2024 20:00,WIN
11854,12,19,08-05-2024 21:00,LOSS
11855,14,12,08-05-2024 22:00,WIN
11856,16,19,08-05-2024 23:00,LOSS
11857,14,4,09-05-2024 00:00,LOSS
11858,16,12,09-05-2024 01:00,WIN
11859,6,1,09-05-2024 02:00,WIN
11860,4,1,09-05-2024 03:00,LOSS
11861,20,5,09-05-2024 04:00,LOSS
11862,19,13,09-05-2024 05:00,LOSS
11863,8,17,09-05-2024 06:00,WIN
11864,4,17,09-05-2024 07:00,LOSS
11865,3,1,09-05-2024 08:00,LOSS
11866,13,17,09-05-2024 09:00,WIN
11867,4,2,09-05-2024 10:00,WIN
11868,11,11,09-05-2024 11:00,WIN
11869,16,18,09-05-2024 12:00,LOSS
11870,15,14,09-05-2024 13:00,WIN
11871,2,13,09-05-2024 14:00,WIN
11872,15,5,09-05-2024 15:00,LOSS
11873,6,11,09-05-2024 16:00,LOSS
11874,15,13,09-05-2024 17:00,LOSS
11875,13,16,09-05-2024 18:00,LOSS
11876,3,9,09-05-2024 19:00,WIN
11877,19,4,09-05-2024 20:00,LOSS
11878,12,4,09-05-2024 21:00,WIN
11879,12,11,09-05-2024 22:00,LOSS
11880,17,6,09-05-2024 23:00,LOSS
11881,8,19,10-05-2024 00:00,WIN
11882,13,20,10-05-2024 01:00,LOSS
11883,12,9,10-05-2024 02:00,WIN
11884,16,1,10-05-2024 03:00,LOSS
11885,11,19,10-05-2024 04:00,WIN
11886,20,9,10-05-2024 05:00,LOSS
11887,9,12,10-05-2024 06:00,WIN
11888,19,7,10-05-2024 07:00,LOSS
11889,20,11,10-05-2024 08:00,WIN
11890,8,2,10-05-2024 09:00,WIN
11891,13,11,10-05-2024 10:00,LOSS
11892,2,5,10-05-2024 11:00,WIN
11893,19,16,10-05-2024 12:00,WIN
11894,13,15,10-05-2024 13:00,WIN
11895,19,17,10-05-2024 14:00,WIN
11896,11,17,10-05-2024 15:00,LOSS
11897,2,16,10-05-2024 16:00,WIN
11898,8,12,10-05-2024 17:00,WIN
11899,7,11,10-05-2024 18:00,LOSS
11900,1,8,10-05-2024 19:00,WIN
11901,14,8,10-05-2024 20:00,LOSS
11902,8,12,10-05-2024 21:00,LOSS
11903,1,19,10-05-2024 22:00,LOSS
11904,17,19,10-05-2024 23:00,LOSS
11905,4,18,11-05-2024 00:00,WIN
11906,6,1,11-05-2024 01:00,WIN
11907,1,15,11-05-2024 02:00,WIN
11908,3,16,11-05-2024 03:00,LOSS
11909,2,17,11-05-2024 04:00,WIN
11910,17,8,11-05-2024 05:00,LOSS
11911,9,10,11-05-2024 06:00,LOSS
11912,8,6,11-05-2024 07:00,LOSS
11913,19,2,11-05-2024 08:00,LOSS
11914,15,2,11-05-2024 09:00,WIN
11915,6,18,11-05-2024 10:00,LOSS
11916,6,12,11-05-2024 11:00,LOSS
11917,8,8,11-05-2024 12:00,LOSS
11918,3,1,11-05-2024 13:00,LOSS
11919,12,13,11-05-2024 14:00,LOSS
11920,20,10,11-05-2024 15:00,WIN
11921,8,4,11-05-2024 16:00,LOSS
11922,11,9,11-05-2024 17:00,LOSS
11923,15,7,11-05-2024 18:00,LOSS
11924,13,19,11-05-2024 19:00,LOSS
11925,13,10,11-05-2024 20:00,LOSS
11926,14,3,11-05-2024 21:00,WIN
11927,9,18,11-05-2024 22:00,LOSS
11928,3,8,11-05-2024 23:00,WIN
11929,12,1,12-05-2024 00:00,WIN
11930,9,18,12-05-2024 01:00,WIN
11931,12,7,12-05-2024 02:00,LOSS
11932,11,15,12-05-2024 03:00,LOSS
11933,19,9,12-05-2024 04:00,LOSS
11934,9,9,12-05-2024 05:00,LOSS
11935,5,5,12-05-2024 06:00,LOSS
11936,10,13,12-05-2024 07:00,LOSS
11937,9,13,12-05-2024 08:00,WIN
11938,1,3,12-05-2024 09:00,LOSS
11939,13,19,12-05-2024 10:00,WIN
11940,20,12,12-05-2024 11:00,LOSS
11941,12,17,12-05-2024 12:00,LOSS
11942,11,4,12-05-2024 13:00,LOSS
11943,9,19,12-05-2024 14:00,LOSS
11944,15,7,12-05-2024 15:00,LOSS
11945,13,6,12-05-2024 16:00,WIN
11946,12,14,12-05-2024 17:00,WIN
11947,14,13,12-05-2024 18:00,LOSS
11948,9,19,12-05-2024 19:00,WIN
11949,10,6,12-05-2024 20:00,LOSS
11950,6,10,12-05-2024 21:00,LOSS
11951,19,3,12-05-2024 22:00,WIN
11952,10,9,12-05-2024 23:00,WIN
11953,15,3,13-05-2024 00:00,WIN
11954,8,17,13-05-2024 01:00,LOSS
11955,18,19,13-05-2024 02:00,WIN
11956,2,14,13-05-2024 03:00,LOSS
11957,4,5,13-05-2024 04:00,LOSS
11958,9,8,13-05-2024 05:00,WIN
11959,16,15,13-05-2024 06:00,WIN
11960,5,17,13-05-2024 07:00,LOSS
11961,19,4,13-05-2024 08:00,WIN
11962,15,10,13-05-2024 09:00,WIN
11963,15,16,13-05-2024 10:00,LOSS
11964,12,8,13-05-2024 11:00,LOSS
11965,16,11,13-05-2024 12:00,LOSS
11966,11,20,13-05-2024 13:00,WIN
11967,7,19,13-05-2024 14:00,WIN
11968,16,1,13-05-2024 15:00,LOSS
11969,10,10,13-05-2024 16:00,WIN
11970,18,12,13-05-2024 17:00,WIN
11971,16,2,13-05-2024 18:00,LOSS
11972,1,7,13-05-2024 19:00,LOSS
11973,5,19,13-05-2024 20:00,WIN
11974,7,6,13-05-2024 21:00,WIN
11975,18,12,13-05-2024 22:00,WIN
11976,6,3,13-05-2024 23:00,LOSS
11977,17,16,14-05-2024 00:00,WIN
11978,12,16,14-05-2024 01:00,LOSS
11979,12,11,14-05-2024 02:00,WIN
11980,1,7,14-05-2024 03:00,WIN
11981,2,14,14-05-2024 04:00,LOSS
11982,18,10,14-05-2024 05:00,WIN
11983,14,13,14-05-2024 06:00,WIN
11984,10,16,14-05-2024 07:00,WIN
11985,14,7,14-05-2024 08:00,WIN
11986,3,18,14-05-2024 09:00,LOSS
11987,13,15,14-05-2024 10:00,WIN
11988,19,18,14-05-2024 11:00,LOSS
11989,5,15,14-05-2024 12:00,LOSS
11990,19,11,14-05-2024 13:00,WIN
11991,5,11,14-05-2024 14:00,WIN
11992,13,19,14-05-2024 15:00,WIN
11993,15,7,14-05-2024 16:00,LOSS
11994,6,17,14-05-2024 17:00,WIN
11995,12,8,14-05-2024 18:00,WIN
11996,16,20,14-05-2024 19:00,LOSS
11997,18,6,14-05-2024 20:00,WIN
11998,15,14,14-05-2024 21:00,WIN
11999,16,5,14-05-2024 22:00,LOSS
12000,14,1,14-05-2024 23:00,LOSS
12001,16,9,15-05-2024 00:00,WIN
12002,3,1,15-05-2024 01:00,WIN
12003,2,5,15-05-2024 02:00,WIN
12004,10,20,15-05-2024 03:00,WIN
12005,14,5,15-05-2024 04:00,LOSS
12006,17,2,15-05-2024 05:00,LOSS
12007,17,16,15-05-2024 06:00,WIN
12008,18,14,15-05-2024 07:00,LOSS
12009,3,4,15-05-2024 08:00,LOSS
12010,15,15,15-05-2024 09:00,WIN
12011,12,20,15-05-2024 10:00,WIN
12012,16,19,15-05-2024 11:00,WIN
12013,6,11,15-05-2024 12:00,WIN
12014,14,5,15-05-2024 13:00,LOSS
12015,18,8,15-05-2024 14:00,WIN
12016,20,16,15-05-2024 15:00,WIN
12017,3,2,15-05-2024 16:00,LOSS
12018,17,15,15-05-2024 17:00,LOSS
12019,20,14,15-05-2024 18:00,WIN
12020,6,2,15-05-2024 19:00,WIN
12021,7,5,15-05-2024 20:00,WIN
12022,6,2,15-05-2024 21:00,LOSS
12023,12,2,15-05-2024 22:00,WIN
12024,17,3,15-05-2024 23:00,WIN
12025,6,9,16-05-2024 00:00,WIN
12026,15,17,16-05-2024 01:00,LOSS
12027,5,16,16-05-2024 02:00,WIN
12028,15,19,16-05-2024 03:00,LOSS
12029,11,5,16-05-2024 04:00,LOSS
12030,9,4,16-05-2024 05:00,WIN
12031,4,5,16-05-2024 06:00,LOSS
12032,3,1,16-05-2024 07:00,LOSS
12033,13,17,16-05-2024 08:00,WIN
12034,6,18,16-05-2024 09:00,LOSS
12035,1,19,16-05-2024 10:00,LOSS
12036,10,8,16-05-2024 11:00,LOSS
12037,5,16,16-05-2024 12:00,LOSS
12038,2,13,16-05-2024 13:00,LOSS
12039,19,19,16-05-2024 14:00,LOSS
12040,16,3,16-05-2024 15:00,LOSS
12041,9,15,16-05-2024 16:00,WIN
12042,18,12,16-05-2024 17:00,LOSS
12043,17,15,16-05-2024 18:00,WIN
12044,7,9,16-05-2024 19:00,WIN
12045,17,9,16-05-2024 20:00,LOSS
12046,20,14,16-05-2024 21:00,LOSS
12047,1,2,16-05-2024 22:00,WIN
12048,8,16,16-05-2024 23:00,LOSS
12049,20,11,17-05-2024 00:00,LOSS
12050,10,17,17-05-2024 01:00,LOSS
12051,6,12,17-05-2024 02:00,LOSS
12052,9,2,17-05-2024 03:00,LOSS
12053,1,8,17-05-2024 04:00,WIN
12054,10,16,17-05-2024 05:00,WIN
12055,12,3,17-05-2024 06:00,WIN
12056,11,7,17-05-2024 07:00,WIN
12057,5,8,17-05-2024 08:00,LOSS
12058,19,17,17-05-2024 09:00,LOSS
12059,10,11,17-05-2024 10:00,LOSS
12060,18,12,17-05-2024 11:00,WIN
12061,9,7,17-05-2024 12:00,WIN
12062,3,20,17-05-2024 13:00,LOSS
12063,4,10,17-05-2024 14:00,LOSS
12064,6,10,17-05-2024 15:00,LOSS
12065,2,4,17-05-2024 16:00,LOSS
12066,5,17,17-05-2024 17:00,LOSS
12067,20,9,17-05-2024 18:00,WIN
12068,13,15,17-05-2024 19:00,WIN
12069,1,2,17-05-2024 20:00,LOSS
12070,14,11,17-05-2024 21:00,WIN
12071,20,3,17-05-2024 22:00,WIN
12072,11,20,17-05-2024 23:00,WIN
12073,2,19,18-05-2024 00:00,LOSS
12074,15,10,18-05-2024 01:00,WIN
12075,7,9,18-05-2024 02:00,LOSS
12076,5,8,18-05-2024 03:00,WIN
12077,12,16,18-05-2024 04:00,LOSS
12078,17,13,18-05-2024 05:00,WIN
12079,16,2,18-05-2024 06:00,LOSS
12080,17,15,18-05-2024 07:00,WIN
12081,7,11,18-05-2024 08:00,WIN
12082,1,4,18-05-2024 09:00,LOSS
12083,2,3,18-05-2024 10:00,LOSS
12084,20,4,18-05-2024 11:00,LOSS
12085,5,2,18-05-2024 12:00,WIN
12086,1,8,18-05-2024 13:00,LOSS
12087,13,6,18-05-2024 14:00,LOSS
12088,1,10,18-05-2024 15:00,WIN
12089,19,17,18-05-2024 16:00,LOSS
12090,1,7,18-05-2024 17:00,LOSS
12091,3,20,18-05-2024 18:00,LOSS
12092,5,13,18-05-2024 19:00,LOSS
12093,19,11,18-05-2024 20:00,LOSS
12094,12,20,18-05-2024 21:00,LOSS
12095,8,5,18-05-2024 22:00,LOSS
12096,5,10,18-05-2024 23:00,WIN
12097,15,2,19-05-2024 00:00,WIN
12098,11,9,19-05-2024 01:00,WIN
12099,15,18,19-05-2024 02:00,LOSS
12100,5,4,19-05-2024 03:00,WIN
12101,6,17,19-05-2024 04:00,WIN
12102,4,20,19-05-2024 05:00,WIN
12103,5,5,19-05-2024 06:00,WIN
12104,13,6,19-05-2024 07:00,LOSS
12105,12,2,19-05-2024 08:00,WIN
12106,6,5,19-05-2024 09:00,WIN
12107,5,20,19-05-2024 10:00,LOSS
12108,10,12,19-05-2024 11:00,LOSS
12109,6,11,19-05-2024 12:00,LOSS
12110,9,18,19-05-2024 13:00,WIN
12111,20,8,19-05-2024 14:00,LOSS
12112,18,14,19-05-2024 15:00,LOSS
12113,4,14,19-05-2024 16:00,LOSS
12114,13,4,19-05-2024 17:00,WIN
12115,4,5,19-05-2024 18:00,LOSS
12116,13,14,19-05-2024 19:00,LOSS
12117,11,14,19-05-2024 20:00,LOSS
12118,11,3,19-05-2024 21:00,WIN
12119,19,4,19-05-2024 22:00,WIN
12120,1,20,19-05-2024 23:00,WIN
12121,14,7,20-05-2024 00:00,WIN
12122,13,10,20-05-2024 01:00,WIN
12123,7,12,20-05-2024 02:00,WIN
12124,1,17,20-05-2024 03:00,WIN
12125,13,14,20-05-2024 04:00,LOSS
12126,5,8,20-05-2024 05:00,WIN
12127,8,11,20-05-2024 06:00,WIN
12128,14,8,20-05-2024 07:00,WIN
12129,2,19,20-05-2024 08:00,LOSS
12130,19,18,20-05-2024 09:00,LOSS
12131,4,8,20-05-2024 10:00,WIN
12132,2,16,20-05-2024 11:00,LOSS
12133,4,16,20-05-2024 12:00,LOSS
12134,6,10,20-05-2024 13:00,WIN
12135,18,19,20-05-2024 14:00,LOSS
12136,1,7,20-05-2024 15:00,WIN
12137,13,11,20-05-2024 16:00,WIN
12138,15,2,20-05-2024 17:00,LOSS
12139,9,4,20-05-2024 18:00,WIN
12140,2,11,20-05-2024 19:00,LOSS
12141,14,17,20-05-2024 20:00,LOSS
12142,4,12,20-05-2024 21:00,WIN
12143,19,10,20-05-2024 22:00,WIN
12144,20,12,20-05-2024 23:00,LOSS
12145,5,8,21-05-2024 00:00,LOSS
12146,9,15,21-05-2024 01:00,LOSS
12147,20,18,21-05-2024 02:00,WIN
12148,20,13,21-05-2024 03:00,LOSS
12149,17,14,21-05-2024 04:00,WIN
12150,16,9,21-05-2024 05:00,WIN
12151,17,20,21-05-2024 06:00,LOSS
12152,20,8,21-05-2024 07:00,WIN
12153,20,10,21-05-2024 08:00,LOSS
12154,7,19,21-05-2024 09:00,WIN
12155,1,1,21-05-2024 10:00,WIN
12156,12,8,21-05-2024 11:00,WIN
12157,20,4,21-05-2024 12:00,WIN
12158,17,17,21-05-2024 13:00,LOSS
12159,15,11,21-05-2024 14:00,LOSS
12160,6,11,21-05-2024 15:00,WIN
12161,13,15,21-05-2024 16:00,LOSS
12162,12,14,21-05-2024 17:00,LOSS
12163,3,8,21-05-2024 18:00,LOSS
12164,8,6,21-05-2024 19:00,LOSS
12165,16,8,21-05-2024 20:00,LOSS
12166,15,18,21-05-2024 21:00,WIN
12167,7,6,21-05-2024 22:00,LOSS
12168,16,18,21-05-2024 23:00,LOSS
12169,11,6,22-05-2024 00:00,LOSS
12170,4,6,22-05-2024 01:00,LOSS
12171,16,10,22-05-2024 02:00,WIN
12172,4,13,22-05-2024 03:00,LOSS
12173,11,7,22-05-2024 04:00,WIN
12174,16,14,22-05-2024 05:00,WIN
12175,16,1,22-05-2024 06:00,WIN
12176,7,17,22-05-2024 07:00,LOSS
12177,6,17,22-05-2024 08:00,LOSS
12178,10,5,22-05-2024 09:00,WIN
12179,19,1,22-05-2024 10:00,WIN
12180,20,19,22-05-2024 11:00,LOSS
12181,15,1,22-05-2024 12:00,WIN
12182,4,20,22-05-2024 13:00,WIN
12183,6,9,22-05-2024 14:00,LOSS
12184,19,8,22-05-2024 15:00,WIN
12185,20,7,22-05-2024 16:00,LOSS
12186,12,11,22-05-2024 17:00,LOSS
12187,6,3,22-05-2024 18:00,WIN
12188,13,18,22-05-2024 19:00,LOSS
12189,5,10,22-05-2024 20:00,WIN
12190,14,16,22-05-2024 21:00,WIN
12191,14,18,22-05-2024 22:00,WIN
12192,17,2,22-05-2024 23:00,LOSS
12193,4,9,23-05-2024 00:00,WIN
12194,8,9,23-05-2024 01:00,LOSS
12195,1,4,23-05-2024 02:00,WIN
12196,12,12,23-05-2024 03:00,WIN
12197,13,17,23-05-2024 04:00,WIN
12198,20,9,23-05-2024 05:00,LOSS
12199,5,11,23-05-2024 06:00,LOSS
12200,7,11,23-05-2024 07:00,LOSS
12201,3,17,23-05-2024 08:00,WIN
12202,19,18,23-05-2024 09:00,LOSS
12203,7,17,23-05-2024 10:00,WIN
12204,17,1,23-05-2024 11:00,WIN
12205,13,7,23-05-2024 12:00,LOSS
12206,19,14,23-05-2024 13:00,WIN
12207,13,19,23-05-2024 14:00,WIN
12208,8,15,23-05-2024 15:00,LOSS
12209,8,16,23-05-2024 16:00,LOSS
12210,13,15,23-05-2024 17:00,WIN
12211,2,15,23-05-2024 18:00,WIN
12212,3,14,23-05-2024 19:00,LOSS
12213,13,17,23-05-2024 20:00,WIN
12214,17,17,23-05-2024 21:00,LOSS
12215,6,7,23-05-2024 22:00,WIN
12216,3,5,23-05-2024 23:00,WIN
12217,1,13,24-05-2024 00:00,WIN
12218,15,16,24-05-2024 01:00,WIN
12219,8,1,24-05-2024 02:00,WIN
12220,12,15,24-05-2024 03:00,WIN
12221,7,6,24-05-2024 04:00,LOSS
12222,16,5,24-05-2024 05:00,LOSS
12223,8,16,24-05-2024 06:00,LOSS
12224,9,6,24-05-2024 07:00,LOSS
12225,8,12,24-05-2024 08:00,LOSS
12226,6,11,24-05-2024 09:00,LOSS
12227,1,11,24-05-2024 10:00,WIN
12228,16,11,24-05-2024 11:00,LOSS
12229,1,19,24-05-2024 12:00,WIN
12230,13,1,24-05-2024 13:00,LOSS
12231,11,10,24-05-2024 14:00,LOSS
12232,11,6,24-05-2024 15:00,LOSS
12233,19,16,24-05-2024 16:00,LOSS
12234,19,6,24-05-2024 17:00,WIN
12235,11,5,24-05-2024 18:00,WIN
12236,15,13,24-05-2024 19:00,LOSS
12237,10,10,24-05-2024 20:00,WIN
12238,20,11,24-05-2024 21:00,WIN
12239,16,5,24-05-2024 22:00,WIN
12240,3,12,24-05-2024 23:00,LOSS
12241,2,14,25-05-2024 00:00,LOSS
12242,14,10,25-05-2024 01:00,WIN
12243,15,3,25-05-2024 02:00,LOSS
12244,8,20,25-05-2024 03:00,LOSS
12245,1,14,25-05-2024 04:00,LOSS
12246,14,19,25-05-2024 05:00,WIN
12247,14,19,25-05-2024 06:00,WIN
12248,19,15,25-05-2024 07:00,WIN
12249,8,16,25-05-2024 08:00,LOSS
12250,9,10,25-05-2024 09:00,WIN
12251,15,6,25-05-2024 10:00,WIN
12252,12,6,25-05-2024 11:00,WIN
12253,18,1,25-05-2024 12:00,LOSS
12254,1,10,25-05-2024 13:00,WIN
12255,15,17,25-05-2024 14:00,WIN
12256,1,2,25-05-2024 15:00,WIN
12257,1,2,25-05-2024 16:00,WIN
12258,2,15,25-05-2024 17:00,LOSS
12259,4,19,25-05-2024 18:00,WIN
12260,17,20,25-05-2024 19:00,WIN
12261,2,7,25-05-2024 20:00,WIN
12262,7,9,25-05-2024 21:00,WIN
12263,10,7,25-05-2024 22:00,WIN
12264,10,16,25-05-2024 23:00,LOSS
12265,13,4,26-05-2024 00:00,LOSS
12266,5,8,26-05-2024 01:00,WIN
12267,7,10,26-05-2024 02:00,LOSS
12268,14,13,26-05-2024 03:00,LOSS
12269,18,12,26-05-2024 04:00,LOSS
12270,19,18,26-05-2024 05:00,LOSS
12271,20,3,26-05-2024 06:00,WIN
12272,10,9,26-05-2024 07:00,WIN
12273,8,8,26-05-2024 08:00,LOSS
12274,2,8,26-05-2024 09:00,LOSS
12275,14,1,26-05-2024 10:00,LOSS
12276,2,20,26-05-2024 11:00,LOSS
12277,12,14,26-05-2024 12:00,LOSS
12278,17,15,26-05-2024 13:00,LOSS
12279,18,2,26-05-2024 14:00,LOSS
12280,17,14,26-05-2024 15:00,LOSS
12281,15,13,26-05-2024 16:00,LOSS
12282,3,16,26-05-2024 17:00,LOSS
12283,19,9,26-05-2024 18:00,LOSS
12284,11,11,26-05-2024 19:00,WIN
12285,18,2,26-05-2024 20:00,LOSS
12286,3,6,26-05-2024 21:00,WIN
12287,18,8,26-05-2024 22:00,WIN
12288,4,6,26-05-2024 23:00,WIN
12289,9,8,27-05-2024 00:00,LOSS
12290,6,14,27-05-2024 01:00,WIN
12291,7,18,27-05-2024 02:00,WIN
12292,1,7,27-05-2024 03:00,LOSS
12293,3,18,27-05-2024 04:00,WIN
12294,15,16,27-05-2024 05:00,LOSS
12295,2,10,27-05-2024 06:00,WIN
12296,9,8,27-05-2024 07:00,WIN
12297,8,11,27-05-2024 08:00,WIN
12298,19,9,27-05-2024 09:00,WIN
12299,14,3,27-05-2024 10:00,WIN
12300,10,4,27-05-2024 11:00,LOSS
12301,11,15,27-05-2024 12:00,WIN
12302,8,13,27-05-2024 13:00,LOSS
12303,4,11,27-05-2024 14:00,WIN
12304,8,6,27-05-2024 15:00,LOSS
12305,10,14,27-05-2024 16:00,WIN
12306,15,15,27-05-2024 17:00,LOSS
12307,13,13,27-05-2024 18:00,WIN
12308,5,3,27-05-2024 19:00,LOSS
12309,15,16,27-05-2024 20:00,WIN
12310,3,8,27-05-2024 21:00,LOSS
12311,3,5,27-05-2024 22:00,LOSS
12312,13,5,27-05-2024 23:00,LOSS
12313,9,19,28-05-2024 00:00,WIN
12314,2,20,28-05-2024 01:00,LOSS
12315,15,3,28-05-2024 02:00,LOSS
12316,18,12,28-05-2024 03:00,WIN
12317,8,19,28-05-2024 04:00,LOSS
12318,3,2,28-05-2024 05:00,LOSS
12319,1,6,28-05-2024 06:00,LOSS
12320,7,12,28-05-2024 07:00,LOSS
12321,6,15,28-05-2024 08:00,WIN
12322,1,10,28-05-2024 09:00,LOSS
12323,9,6,28-05-2024 10:00,LOSS
12324,11,12,28-05-2024 11:00,WIN
12325,5,14,28-05-2024 12:00,LOSS
12326,3,6,28-05-2024 13:00,WIN
12327,9,5,28-05-2024 14:00,LOSS
12328,7,4,28-05-2024 15:00,WIN
12329,20,18,28-05-2024 16:00,WIN
12330,13,14,28-05-2024 17:00,LOSS
12331,1,2,28-05-2024 18:00,WIN
12332,20,20,28-05-2024 19:00,LOSS
12333,3,1,28-05-2024 20:00,LOSS
12334,6,10,28-05-2024 21:00,LOSS
12335,11,1,28-05-2024 22:00,WIN
12336,17,10,28-05-2024 23:00,LOSS
12337,15,5,29-05-2024 00:00,LOSS
12338,4,11,29-05-2024 01:00,LOSS
12339,1,7,29-05-2024 02:00,LOSS
12340,1,12,29-05-2024 03:00,LOSS
12341,6,7,29-05-2024 04:00,WIN
12342,9,9,29-05-2024 05:00,WIN
12343,14,5,29-05-2024 06:00,WIN
12344,14,1,29-05-2024 07:00,WIN
12345,7,14,29-05-2024 08:00,LOSS
12346,6,19,29-05-2024 09:00,WIN
12347,19,3,29-05-2024 10:00,LOSS
12348,3,5,29-05-2024 11:00,LOSS
12349,5,1,29-05-2024 12:00,LOSS
12350,6,10,29-05-2024 13:00,LOSS
12351,8,20,29-05-2024 14:00,LOSS
12352,13,17,29-05-2024 15:00,LOSS
12353,13,2,29-05-2024 16:00,LOSS
12354,1,17,29-05-2024 17:00,LOSS
12355,19,19,29-05-2024 18:00,LOSS
12356,9,7,29-05-2024 19:00,WIN
12357,4,20,29-05-2024 20:00,WIN
12358,5,13,29-05-2024 21:00,LOSS
12359,17,14,29-05-2024 22:00,LOSS
12360,7,12,29-05-2024 23:00,LOSS
12361,18,13,30-05-2024 00:00,LOSS
12362,13,15,30-05-2024 01:00,LOSS
12363,1,4,30-05-2024 02:00,WIN
12364,14,1,30-05-2024 03:00,WIN
12365,14,4,30-05-2024 04:00,LOSS
12366,13,12,30-05-2024 05:00,WIN
12367,18,6,30-05-2024 06:00,WIN
12368,8,3,30-05-2024 07:00,WIN
12369,1,6,30-05-2024 08:00,WIN
12370,15,16,30-05-2024 09:00,WIN
12371,17,12,30-05-2024 10:00,LOSS
12372,17,13,30-05-2024 11:00,LOSS
12373,2,9,30-05-2024 12:00,WIN
12374,14,4,30-05-2024 13:00,LOSS
12375,1,5,30-05-2024 14:00,WIN
12376,2,11,30-05-2024 15:00,WIN
12377,7,5,30-05-2024 16:00,WIN
12378,1,12,30-05-2024 17:00,WIN
12379,10,5,30-05-2024 18:00,WIN
12380,18,14,30-05-2024 19:00,WIN
12381,3,2,30-05-2024 20:00,LOSS
12382,18,5,30-05-2024 21:00,LOSS
12383,19,15,30-05-2024 22:00,LOSS
12384,13,3,30-05-2024 23:00,WIN
12385,2,20,31-05-2024 00:00,WIN
12386,3,14,31-05-2024 01:00,LOSS
12387,4,18,31-05-2024 02:00,WIN
12388,17,7,31-05-2024 03:00,LOSS
12389,8,2,31-05-2024 04:00,WIN
12390,8,14,31-05-2024 05:00,LOSS
12391,3,11,31-05-2024 06:00,LOSS
12392,15,12,31-05-2024 07:00,LOSS
12393,11,2,31-05-2024 08:00,LOSS
12394,9,14,31-05-2024 09:00,WIN
12395,11,5,31-05-2024 10:00,WIN
12396,6,6,31-05-2024 11:00,LOSS
12397,10,2,31-05-2024 12:00,LOSS
12398,10,14,31-05-2024 13:00,LOSS
12399,18,15,31-05-2024 14:00,LOSS
12400,13,9,31-05-2024 15:00,WIN
12401,17,18,31-05-2024 16:00,WIN
12402,4,17,31-05-2024 17:00,WIN
12403,18,20,31-05-2024 18:00,LOSS
12404,1,2,31-05-2024 19:00,LOSS
12405,18,4,31-05-2024 20:00,LOSS
12406,7,16,31-05-2024 21:00,LOSS
12407,5,2,31-05-2024 22:00,LOSS
12408,16,13,31-05-2024 23:00,LOSS
12409,5,14,01-06-2024 00:00,LOSS
12410,10,20,01-06-2024 01:00,WIN
12411,16,1,01-06-2024 02:00,LOSS
12412,4,14,01-06-2024 03:00,LOSS
12413,1,10,01-06-2024 04:00,WIN
12414,8,10,01-06-2024 05:00,WIN
12415,1,8,01-06-2024 06:00,LOSS
12416,3,1,01-06-2024 07:00,WIN
12417,18,18,01-06-2024 08:00,LOSS
12418,2,16,01-06-2024 09:00,WIN
12419,5,20,01-06-2024 10:00,LOSS
12420,11,3,01-06-2024 11:00,WIN
12421,14,14,01-06-2024 12:00,WIN
12422,18,3,01-06-2024 13:00,WIN
12423,10,9,01-06-2024 14:00,LOSS
12424,7,9,01-06-2024 15:00,LOSS
12425,8,11,01-06-2024 16:00,WIN
12426,20,7,01-06-2024 17:00,LOSS
12427,17,14,01-06-2024 18:00,WIN
12428,7,14,01-06-2024 19:00,LOSS
12429,16,11,01-06-2024 20:00,WIN
12430,17,4,01-06-2024 21:00,LOSS
12431,4,7,01-06-2024 22:00,LOSS
12432,4,8,01-06-2024 23:00,LOSS
12433,1,20,02-06-2024 00:00,LOSS
12434,3,16,02-06-2024 01:00,WIN
12435,12,8,02-06-2024 02:00,WIN
12436,17,14,02-06-2024 03:00,WIN
12437,16,14,02-06-2024 04:00,LOSS
12438,14,13,02-06-2024 05:00,WIN
12439,3,2,02-06-2024 06:00,LOSS
12440,19,4,02-06-2024 07:00,LOSS
12441,19,4,02-06-2024 08:00,LOSS
12442,16,10,02-06-2024 09:00,WIN
12443,4,4,02-06-2024 10:00,LOSS
12444,17,17,02-06-2024 11:00,LOSS
12445,19,6,02-06-2024 12:00,LOSS
12446,12,11,02-06-2024 13:00,LOSS
12447,1,3,02-06-2024 14:00,LOSS
12448,19,2,02-06-2024 15:00,LOSS
12449,19,13,02-06-2024 16:00,LOSS
12450,20,7,02-06-2024 17:00,WIN
12451,12,2,02-06-2024 18:00,WIN
12452,12,1,02-06-2024 19:00,WIN
12453,17,18,02-06-2024 20:00,WIN
12454,5,17,02-06-2024 21:00,LOSS
12455,4,12,02-06-2024 22:00,LOSS
12456,5,6,02-06-2024 23:00,WIN
12457,6,6,03-06-2024 00:00,WIN
12458,3,19,03-06-2024 01:00,WIN
12459,15,10,03-06-2024 02:00,LOSS
12460,3,2,03-06-2024 03:00,WIN
12461,13,8,03-06-2024 04:00,WIN
12462,5,5,03-06-2024 05:00,WIN
12463,9,4,03-06-2024 06:00,LOSS
12464,15,4,03-06-2024 07:00,WIN
12465,2,15,03-06-2024 08:00,WIN
12466,9,13,03-06-2024 09:00,LOSS
12467,15,5,03-06-2024 10:00,WIN
12468,3,15,03-06-2024 11:00,LOSS
12469,7,20,03-06-2024 12:00,WIN
12470,8,7,03-06-2024 13:00,WIN
12471,13,14,03-06-2024 14:00,WIN
12472,15,12,03-06-2024 15:00,LOSS
12473,6,6,03-06-2024 16:00,LOSS
12474,13,7,03-06-2024 17:00,WIN
12475,7,2,03-06-2024 18:00,LOSS
12476,17,13,03-06-2024 19:00,LOSS
12477,15,19,03-06-2024 20:00,LOSS
12478,5,19,03-06-2024 21:00,LOSS
12479,10,15,03-06-2024 22:00,WIN
12480,12,17,03-06-2024 23:00,LOSS
12481,19,14,04-06-2024 00:00,WIN
12482,18,5,04-06-2024 01:00,LOSS
12483,4,1,04-06-2024 02:00,WIN
12484,13,19,04-06-2024 03:00,LOSS
12485,3,14,04-06-2024 04:00,WIN
12486,6,9,04-06-2024 05:00,WIN
12487,6,18,04-06-2024 06:00,LOSS
12488,4,3,04-06-2024 07:00,WIN
12489,4,19,04-06-2024 08:00,WIN
12490,13,13,04-06-2024 09:00,WIN
12491,10,1,04-06-2024 10:00,LOSS
12492,10,5,04-06-2024 11:00,WIN
12493,11,10,04-06-2024 12:00,WIN
12494,13,11,04-06-2024 13:00,LOSS
12495,10,7,04-06-2024 14:00,LOSS
12496,11,11,04-06-2024 15:00,LOSS
12497,18,16,04-06-2024 16:00,WIN
12498,7,17,04-06-2024 17:00,LOSS
12499,9,18,04-06-2024 18:00,LOSS
12500,13,18,04-06-2024 19:00,WIN
12501,10,10,04-06-2024 20:00,LOSS
12502,18,4,04-06-2024 21:00,WIN
12503,15,20,04-06-2024 22:00,WIN
12504,5,17,04-06-2024 23:00,WIN
12505,15,2,05-06-2024 00:00,LOSS
12506,11,18,05-06-2024 01:00,LOSS
12507,6,11,05-06-2024 02:00,WIN
12508,1,1,05-06-2024 03:00,LOSS
12509,14,16,05-06-2024 04:00,WIN
12510,15,5,05-06-2024 05:00,LOSS
12511,7,6,05-06-2024 06:00,LOSS
12512,15,13,05-06-2024 07:00,LOSS
12513,16,11,05-06-2024 08:00,LOSS
12514,5,14,05-06-2024 09:00,WIN
12515,20,7,05-06-2024 10:00,WIN
12516,19,9,05-06-2024 11:00,WIN
12517,19,9,05-06-2024 12:00,LOSS
12518,18,17,05-06-2024 13:00,WIN
12519,6,6,05-06-2024 14:00,LOSS
12520,9,7,05-06-2024 15:00,LOSS
12521,3,10,05-06-2024 16:00,WIN
12522,17,5,05-06-2024 17:00,WIN
12523,10,2,05-06-2024 18:00,LOSS
12524,16,8,05-06-2024 19:00,LOSS
12525,1,1,05-06-2024 20:00,WIN
12526,4,13,05-06-2024 21:00,WIN
12527,1,12,05-06-2024 22:00,WIN
12528,18,4,05-06-2024 23:00,LOSS
12529,20,10,06-06-2024 00:00,WIN
12530,4,6,06-06-2024 01:00,WIN
12531,11,15,06-06-2024 02:00,WIN
12532,4,15,06-06-2024 03:00,LOSS
12533,19,19,06-06-2024 04:00,WIN
12534,4,2,06-06-2024 05:00,LOSS
12535,5,8,06-06-2024 06:00,LOSS
12536,13,6,06-06-2024 07:00,WIN
12537,4,11,06-06-2024 08:00,LOSS
12538,10,8,06-06-2024 09:00,WIN
12539,18,7,06-06-2024 10:00,LOSS
12540,3,19,06-06-2024 11:00,WIN
12541,19,14,06-06-2024 12:00,LOSS
12542,5,20,06-06-2024 13:00,LOSS
12543,11,18,06-06-2024 14:00,WIN
12544,2,8,06-06-2024 15:00,WIN
12545,18,6,06-06-2024 16:00,WIN
12546,11,14,06-06-2024 17:00,WIN
12547,12,5,06-06-2024 18:00,LOSS
12548,16,7,06-06-2024 19:00,WIN
12549,2,20,06-06-2024 20:00,LOSS
12550,16,4,06-06-2024 21:00,WIN
12551,16,11,06-06-2024 22:00,WIN
12552,4,2,06-06-2024 23:00,LOSS
12553,8,14,07-06-2024 00:00,LOSS
12554,4,8,07-06-2024 01:00,LOSS
12555,11,7,07-06-2024 02:00,WIN
12556,8,20,07-06-2024 03:00,WIN
12557,12,19,07-06-2024 04:00,WIN
12558,4,17,07-06-2024 05:00,LOSS
12559,7,13,07-06-2024 06:00,WIN
12560,13,5,07-06-2024 07:00,LOSS
12561,11,3,07-06-2024 08:00,WIN
12562,10,11,07-06-2024 09:00,WIN
12563,9,14,07-06-2024 10:00,WIN
12564,6,12,07-06-2024 11:00,WIN
12565,17,9,07-06-2024 12:00,WIN
12566,13,14,07-06-2024 13:00,WIN
12567,6,10,07-06-2024 14:00,LOSS
12568,17,5,07-06-2024 15:00,WIN
12569,13,15,07-06-2024 16:00,LOSS
12570,15,18,07-06-2024 17:00,LOSS
12571,16,16,07-06-2024 18:00,WIN
12572,7,6,07-06-2024 19:00,LOSS
12573,13,19,07-06-2024 20:00,WIN
12574,6,10,07-06-2024 21:00,LOSS
12575,8,3,07-06-2024 22:00,WIN
12576,10,16,07-06-2024 23:00,WIN
12577,10,17,08-06-2024 00:00,WIN
12578,1,4,08-06-2024 01:00,LOSS
12579,12,9,08-06-2024 02:00,LOSS
12580,8,4,08-06-2024 03:00,LOSS
12581,8,5,08-06-2024 04:00,LOSS
12582,7,4,08-06-2024 05:00,LOSS
12583,7,4,08-06-2024 06:00,WIN
12584,15,16,08-06-2024 07:00,WIN
12585,12,12,08-06-2024 08:00,WIN
12586,16,6,08-06-2024 09:00,LOSS
12587,16,19,08-06-2024 10:00,WIN
12588,2,6,08-06-2024 11:00,LOSS
12589,14,14,08-06-2024 12:00,LOSS
12590,16,9,08-06-2024 13:00,WIN
12591,14,3,08-06-2024 14:00,LOSS
12592,6,11,08-06-2024 15:00,LOSS
12593,18,7,08-06-2024 16:00,LOSS
12594,10,11,08-06-2024 17:00,LOSS
12595,15,18,08-06-2024 18:00,LOSS
12596,18,19,08-06-2024 19:00,WIN
12597,9,18,08-06-2024 20:00,WIN
12598,16,15,08-06-2024 21:00,WIN
12599,16,19,08-06-2024 22:00,LOSS
12600,2,16,08-06-2024 23:00,WIN
12601,15,7,09-06-2024 00:00,LOSS
12602,19,10,09-06-2024 01:00,LOSS
12603,11,19,09-06-2024 02:00,WIN
12604,8,11,09-06-2024 03:00,LOSS
12605,10,5,09-06-2024 04:00,LOSS
12606,6,6,09-06-2024 05:00,LOSS
12607,19,8,09-06-2024 06:00,LOSS
12608,3,9,09-06-2024 07:00,WIN
12609,18,12,09-06-2024 08:00,LOSS
12610,8,6,09-06-2024 09:00,LOSS
12611,9,11,09-06-2024 10:00,WIN
12612,5,2,09-06-2024 11:00,LOSS
12613,5,2,09-06-2024 12:00,WIN
12614,15,20,09-06-2024 13:00,WIN
12615,2,3,09-06-2024 14:00,WIN
12616,13,7,09-06-2024 15:00,WIN
12617,12,12,09-06-2024 16:00,WIN
12618,3,4,09-06-2024 17:00,LOSS
12619,5,19,09-06-2024 18:00,LOSS
12620,18,18,09-06-2024 19:00,WIN
12621,11,4,09-06-2024 20:00,LOSS
12622,16,15,09-06-2024 21:00,WIN
12623,9,5,09-06-2024 22:00,LOSS
12624,9,4,09-06-2024 23:00,WIN
12625,12,9,10-06-2024 00:00,WIN
12626,11,16,10-06-2024 01:00,WIN
12627,1,17,10-06-2024 02:00,WIN
12628,6,9,10-06-2024 03:00,LOSS
12629,13,14,10-06-2024 04:00,LOSS
12630,2,15,10-06-2024 05:00,WIN
12631,18,13,10-06-2024 06:00,LOSS
12632,16,3,10-06-2024 07:00,WIN
12633,10,9,10-06-2024 08:00,WIN
12634,17,2,10-06-2024 09:00,WIN
12635,16,19,10-06-2024 10:00,LOSS
12636,17,18,10-06-2024 11:00,LOSS
12637,15,18,10-06-2024 12:00,LOSS
12638,3,17,10-06-2024 13:00,WIN
12639,3,9,10-06-2024 14:00,LOSS
12640,9,4,10-06-2024 15:00,LOSS
12641,5,11,10-06-2024 16:00,LOSS
12642,17,6,10-06-2024 17:00,WIN
12643,18,15,10-06-2024 18:00,LOSS
12644,16,4,10-06-2024 19:00,LOSS
12645,20,4,10-06-2024 20:00,LOSS
12646,9,19,10-06-2024 21:00,LOSS
12647,15,4,10-06-2024 22:00,WIN
12648,9,4,10-06-2024 23:00,LOSS
12649,13,15,11-06-2024 00:00,LOSS
12650,1,4,11-06-2024 01:00,WIN
12651,16,15,11-06-2024 02:00,LOSS
12652,9,14,11-06-2024 03:00,LOSS
12653,13,15,11-06-2024 04:00,WIN
12654,14,11,11-06-2024 05:00,LOSS
12655,11,9,11-06-2024 06:00,LOSS
12656,1,12,11-06-2024 07:00,WIN
12657,14,18,11-06-2024 08:00,WIN
12658,20,14,11-06-2024 09:00,WIN
12659,18,3,11-06-2024 10:00,LOSS
12660,1,20,11-06-2024 11:00,LOSS
12661,1,6,11-06-2024 12:00,WIN
12662,17,3,11-06-2024 13:00,LOSS
12663,2,2,11-06-2024 14:00,WIN
12664,16,11,11-06-2024 15:00,WIN
12665,5,12,11-06-2024 16:00,LOSS
12666,5,16,11-06-2024 17:00,WIN
12667,7,13,11-06-2024 18:00,WIN
12668,4,16,11-06-2024 19:00,LOSS
12669,1,19,11-06-2024 20:00,LOSS
12670,18,2,11-06-2024 21:00,LOSS
12671,10,9,11-06-2024 22:00,WIN
12672,7,4,11-06-2024 23:00,LOSS
12673,11,11,12-06-2024 00:00,LOSS
12674,1,10,12-06-2024 01:00,WIN
12675,6,7,12-06-2024 02:00,WIN
12676,5,5,12-06-2024 03:00,LOSS
12677,13,16,12-06-2024 04:00,WIN
12678,17,7,12-06-2024 05:00,LOSS
12679,18,17,12-06-2024 06:00,WIN
12680,7,11,12-06-2024 07:00,LOSS
12681,6,8,12-06-2024 08:00,WIN
12682,7,2,12-06-2024 09:00,LOSS
12683,12,8,12-06-2024 10:00,WIN
12684,6,16,12-06-2024 11:00,WIN
12685,16,5,12-06-2024 12:00,WIN
12686,8,8,12-06-2024 13:00,LOSS
12687,15,2,12-06-2024 14:00,LOSS
12688,9,20,12-06-2024 15:00,WIN
12689,13,13,12-06-2024 16:00,WIN
12690,12,12,12-06-2024 17:00,WIN
12691,14,3,12-06-2024 18:00,WIN
12692,8,3,12-06-2024 19:00,WIN
12693,15,2,12-06-2024 20:00,LOSS
12694,4,14,12-06-2024 21:00,LOSS
12695,9,14,12-06-2024 22:00,WIN
12696,20,3,12-06-2024 23:00,LOSS
12697,6,8,13-06-2024 00:00,LOSS
12698,6,11,13-06-2024 01:00,WIN
12699,2,15,13-06-2024 02:00,WIN
12700,7,17,13-06-2024 03:00,LOSS
12701,1,15,13-06-2024 04:00,WIN
12702,9,10,13-06-2024 05:00,LOSS
12703,5,7,13-06-2024 06:00,LOSS
12704,9,16,13-06-2024 07:00,WIN
12705,13,16,13-06-2024 08:00,WIN
12706,1,18,13-06-2024 09:00,WIN
12707,20,1,13-06-2024 10:00,WIN
12708,15,15,13-06-2024 11:00,WIN
12709,17,7,13-06-2024 12:00,LOSS
12710,8,8,13-06-2024 13:00,LOSS
12711,15,13,13-06-2024 14:00,LOSS
12712,19,1,13-06-2024 15:00,LOSS
12713,11,4,13-06-2024 16:00,WIN
12714,8,3,13-06-2024 17:00,LOSS
12715,6,12,13-06-2024 18:00,WIN
12716,6,17,13-06-2024 19:00,LOSS
12717,8,19,13-06-2024 20:00,LOSS
12718,19,18,13-06-2024 21:00,LOSS
12719,20,1,13-06-2024 22:00,WIN
12720,9,6,13-06-2024 23:00,LOSS
12721,20,6,14-06-2024 00:00,WIN
12722,6,15,14-06-2024 01:00,LOSS
12723,5,18,14-06-2024 02:00,LOSS
12724,16,11,14-06-2024 03:00,WIN
12725,7,10,14-06-2024 04:00,LOSS
12726,1,7,14-06-2024 05:00,WIN
12727,10,14,14-06-2024 06:00,LOSS
12728,19,16,14-06-2024 07:00,WIN
12729,5,6,14-06-2024 08:00,LOSS
12730,20,13,14-06-2024 09:00,WIN
12731,19,18,14-06-2024 10:00,LOSS
12732,19,1,14-06-2024 11:00,LOSS
12733,9,11,14-06-2024 12:00,LOSS
12734,3,4,14-06-2024 13:00,WIN
12735,9,10,14-06-2024 14:00,WIN
12736,19,3,14-06-2024 15:00,WIN
12737,16,15,14-06-2024 16:00,WIN
12738,2,20,14-06-2024 17:00,WIN
12739,8,5,14-06-2024 18:00,LOSS
12740,14,16,14-06-2024 19:00,WIN
12741,6,10,14-06-2024 20:00,WIN
12742,12,16,14-06-2024 21:00,LOSS
12743,1,15,14-06-2024 22:00,WIN
12744,18,20,14-06-2024 23:00,LOSS
12745,7,4,15-06-2024 00:00,LOSS
12746,12,13,15-06-2024 01:00,WIN
12747,12,18,15-06-2024 02:00,LOSS
12748,6,17,15-06-2024 03:00,WIN
12749,20,16,15-06-2024 04:00,WIN
12750,2,11,15-06-2024 05:00,LOSS
12751,11,7,15-06-2024 06:00,LOSS
12752,16,2,15-06-2024 07:00,LOSS
12753,1,19,15-06-2024 08:00,WIN
12754,6,15,15-06-2024 09:00,WIN
12755,10,1,15-06-2024 10:00,LOSS
12756,9,20,15-06-2024 11:00,LOSS
12757,10,19,15-06-2024 12:00,LOSS
12758,18,17,15-06-2024 13:00,WIN
12759,18,1,15-06-2024 14:00,WIN
12760,9,6,15-06-2024 15:00,WIN
12761,13,7,15-06-2024 16:00,WIN
12762,10,14,15-06-2024 17:00,LOSS
12763,9,1,15-06-2024 18:00,WIN
12764,4,15,15-06-2024 19:00,LOSS
12765,15,16,15-06-2024 20:00,LOSS
12766,8,5,15-06-2024 21:00,LOSS
12767,2,5,15-06-2024 22:00,WIN
12768,4,19,15-06-2024 23:00,WIN
12769,6,11,16-06-2024 00:00,WIN
12770,20,1,16-06-2024 01:00,WIN
12771,7,15,16-06-2024 02:00,WIN
12772,13,19,16-06-2024 03:00,LOSS
12773,5,8,16-06-2024 04:00,WIN
12774,4,10,16-06-2024 05:00,WIN
12775,6,15,16-06-2024 06:00,LOSS
12776,5,19,16-06-2024 07:00,LOSS
12777,5,9,16-06-2024 08:00,LOSS
12778,7,8,16-06-2024 09:00,WIN
12779,5,5,16-06-2024 10:00,LOSS
12780,4,13,16-06-2024 11:00,LOSS
12781,9,11,16-06-2024 12:00,LOSS
12782,5,11,16-06-2024 13:00,WIN
12783,2,14,16-06-2024 14:00,WIN
12784,17,1,16-06-2024 15:00,LOSS
12785,19,18,16-06-2024 16:00,WIN
12786,7,13,16-06-2024 17:00,LOSS
12787,17,19,16-06-2024 18:00,WIN
12788,17,4,16-06-2024 19:00,WIN
12789,16,1,16-06-2024 20:00,WIN
12790,8,16,16-06-2024 21:00,WIN
12791,19,4,16-06-2024 22:00,LOSS
12792,18,7,16-06-2024 23:00,LOSS
12793,13,10,17-06-2024 00:00,LOSS
12794,14,2,17-06-2024 01:00,WIN
12795,18,6,17-06-2024 02:00,LOSS
12796,13,9,17-06-2024 03:00,WIN
12797,10,7,17-06-2024 04:00,LOSS
12798,14,7,17-06-2024 05:00,LOSS
12799,10,19,17-06-2024 06:00,WIN
12800,6,7,17-06-2024 07:00,WIN
12801,17,16,17-06-2024 08:00,WIN
12802,17,18,17-06-2024 09:00,WIN
12803,11,7,17-06-2024 10:00,WIN
12804,19,16,17-06-2024 11:00,WIN
12805,13,17,17-06-2024 12:00,WIN
12806,12,1,17-06-2024 13:00,LOSS
12807,12,12,17-06-2024 14:00,LOSS
12808,4,2,17-06-2024 15:00,LOSS
12809,16,9,17-06-2024 16:00,WIN
12810,1,19,17-06-2024 17:00,LOSS
12811,20,1,17-06-2024 18:00,LOSS
12812,14,12,17-06-2024 19:00,LOSS
12813,13,14,17-06-2024 20:00,LOSS
12814,7,13,17-06-2024 21:00,LOSS
12815,6,10,17-06-2024 22:00,LOSS
12816,1,1,17-06-2024 23:00,LOSS
12817,19,9,18-06-2024 00:00,WIN
12818,1,15,18-06-2024 01:00,WIN
12819,15,16,18-06-2024 02:00,LOSS
12820,12,12,18-06-2024 03:00,WIN
12821,15,18,18-06-2024 04:00,WIN
12822,3,4,18-06-2024 05:00,LOSS
12823,10,15,18-06-2024 06:00,WIN
12824,1,16,18-06-2024 07:00,LOSS
12825,1,13,18-06-2024 08:00,WIN
12826,16,19,18-06-2024 09:00,WIN
12827,5,12,18-06-2024 10:00,WIN
12828,5,10,18-06-2024 11:00,LOSS
12829,11,3,18-06-2024 12:00,LOSS
12830,11,13,18-06-2024 13:00,LOSS
12831,12,12,18-06-2024 14:00,WIN
12832,18,10,18-06-2024 15:00,LOSS
12833,14,15,18-06-2024 16:00,WIN
12834,1,17,18-06-2024 17:00,WIN
12835,8,5,18-06-2024 18:00,LOSS
12836,3,4,18-06-2024 19:00,LOSS
12837,18,13,18-06-2024 20:00,LOSS
12838,20,14,18-06-2024 21:00,WIN
12839,2,16,18-06-2024 22:00,LOSS
12840,9,3,18-06-2024 23:00,WIN
12841,19,7,19-06-2024 00:00,WIN
12842,12,16,19-06-2024 01:00,LOSS
12843,11,5,19-06-2024 02:00,LOSS
12844,1,11,19-06-2024 03:00,WIN
12845,16,7,19-06-2024 04:00,WIN
12846,1,12,19-06-2024 05:00,LOSS
12847,20,10,19-06-2024 06:00,LOSS
12848,9,14,19-06-2024 07:00,WIN
12849,5,19,19-06-2024 08:00,LOSS
12850,5,10,19-06-2024 09:00,WIN
12851,8,16,19-06-2024 10:00,WIN
12852,14,4,19-06-2024 11:00,WIN
12853,4,6,19-06-2024 12:00,LOSS
12854,12,6,19-06-2024 13:00,WIN
12855,2,19,19-06-2024 14:00,WIN
12856,6,18,19-06-2024 15:00,LOSS
12857,14,3,19-06-2024 16:00,WIN
12858,13,8,19-06-2024 17:00,WIN
12859,3,17,19-06-2024 18:00,LOSS
12860,19,3,19-06-2024 19:00,LOSS
12861,5,6,19-06-2024 20:00,LOSS
12862,18,13,19-06-2024 21:00,LOSS
12863,12,20,19-06-2024 22:00,LOSS
12864,11,16,19-06-2024 23:00,LOSS
12865,4,13,20-06-2024 00:00,LOSS
12866,12,11,20-06-2024 01:00,LOSS
12867,19,8,20-06-2024 02:00,WIN
12868,7,4,20-06-2024 03:00,WIN
12869,10,20,20-06-2024 04:00,LOSS
12870,19,11,20-06-2024 05:00,WIN
12871,1,13,20-06-2024 06:00,WIN
12872,16,14,20-06-2024 07:00,LOSS
12873,4,19,20-06-2024 08:00,LOSS
12874,12,2,20-06-2024 09:00,LOSS
12875,13,19,20-06-2024 10:00,WIN
12876,3,16,20-06-2024 11:00,LOSS
12877,16,10,20-06-2024 12:00,WIN
12878,2,11,20-06-2024 13:00,LOSS
12879,9,17,20-06-2024 14:00,WIN
12880,6,19,20-06-2024 15:00,LOSS
12881,10,17,20-06-2024 16:00,WIN
12882,17,14,20-06-2024 17:00,LOSS
12883,5,15,20-06-2024 18:00,LOSS
12884,12,6,20-06-2024 19:00,WIN
12885,8,10,20-06-2024 20:00,WIN
12886,12,7,20-06-2024 21:00,LOSS
12887,12,18,20-06-2024 22:00,WIN
12888,10,4,20-06-2024 23:00,WIN
12889,13,16,21-06-2024 00:00,LOSS
12890,1,11,21-06-2024 01:00,WIN
12891,2,11,21-06-2024 02:00,WIN
12892,20,8,21-06-2024 03:00,LOSS
12893,15,8,21-06-2024 04:00,WIN
12894,10,13,21-06-2024 05:00,WIN
12895,1,7,21-06-2024 06:00,LOSS
12896,20,11,21-06-2024 07:00,WIN
12897,18,6,21-06-2024 08:00,WIN
12898,1,9,21-06-2024 09:00,LOSS
12899,12,5,21-06-2024 10:00,WIN
12900,8,19,21-06-2024 11:00,LOSS
12901,9,18,21-06-2024 12:00,LOSS
12902,20,10,21-06-2024 13:00,WIN
12903,2,19,21-06-2024 14:00,LOSS
12904,16,4,21-06-2024 15:00,WIN
12905,14,17,21-06-2024 16:00,WIN
12906,1,2,21-06-2024 17:00,LOSS
12907,14,5,21-06-2024 18:00,WIN
12908,20,6,21-06-2024 19:00,LOSS
12909,17,6,21-06-2024 20:00,LOSS
12910,6,3,21-06-2024 21:00,LOSS
12911,8,4,21-06-2024 22:00,LOSS
12912,18,15,21-06-2024 23:00,WIN
12913,8,9,22-06-2024 00:00,LOSS
12914,8,1,22-06-2024 01:00,WIN
12915,2,16,22-06-2024 02:00,LOSS
12916,16,8,22-06-2024 03:00,WIN
12917,13,4,22-06-2024 04:00,WIN
12918,14,4,22-06-2024 05:00,LOSS
12919,7,11,22-06-2024 06:00,WIN
12920,3,18,22-06-2024 07:00,WIN
12921,8,18,22-06-2024 08:00,LOSS
12922,1,12,22-06-2024 09:00,LOSS
12923,17,5,22-06-2024 10:00,LOSS
12924,8,7,22-06-2024 11:00,WIN
12925,6,15,22-06-2024 12:00,WIN
12926,19,17,22-06-2024 13:00,WIN
12927,11,16,22-06-2024 14:00,WIN
12928,8,9,22-06-2024 15:00,LOSS
12929,8,13,22-06-2024 16:00,LOSS
12930,10,4,22-06-2024 17:00,LOSS
12931,10,11,22-06-2024 18:00,WIN
12932,13,14,22-06-2024 19:00,LOSS
12933,3,15,22-06-2024 20:00,WIN
12934,17,8,22-06-2024 21:00,LOSS
12935,15,6,22-06-2024 22:00,LOSS
12936,6,4,22-06-2024 23:00,WIN
12937,17,10,23-06-2024 00:00,LOSS
12938,1,20,23-06-2024 01:00,WIN
12939,3,10,23-06-2024 02:00,WIN
12940,8,20,23-06-2024 03:00,LOSS
12941,8,7,23-06-2024 04:00,LOSS
12942,11,5,23-06-2024 05:00,LOSS
12943,16,7,23-06-2024 06:00,WIN
12944,1,15,23-06-2024 07:00,WIN
12945,11,17,23-06-2024 08:00,WIN
12946,17,18,23-06-2024 09:00,WIN
12947,13,20,23-06-2024 10:00,WIN
12948,2,2,23-06-2024 11:00,WIN
12949,5,13,23-06-2024 12:00,LOSS
12950,12,18,23-06-2024 13:00,WIN
12951,15,8,23-06-2024 14:00,WIN
12952,7,11,23-06-2024 15:00,LOSS
12953,6,12,23-06-2024 16:00,LOSS
12954,5,17,23-06-2024 17:00,WIN
12955,15,4,23-06-2024 18:00,WIN
12956,3,20,23-06-2024 19:00,LOSS
12957,9,4,23-06-2024 20:00,LOSS
12958,17,17,23-06-2024 21:00,WIN
12959,14,10,23-06-2024 22:00,LOSS
12960,7,16,23-06-2024 23:00,WIN
12961,15,15,24-06-2024 00:00,WIN
12962,7,2,24-06-2024 01:00,LOSS
12963,13,14,24-06-2024 02:00,LOSS
12964,14,17,24-06-2024 03:00,LOSS
12965,11,8,24-06-2024 04:00,WIN
12966,18,8,24-06-2024 05:00,WIN
12967,13,14,24-06-2024 06:00,LOSS
12968,12,5,24-06-2024 07:00,LOSS
12969,2,20,24-06-2024 08:00,WIN
12970,10,10,24-06-2024 09:00,LOSS
12971,11,18,24-06-2024 10:00,LOSS
12972,16,1,24-06-2024 11:00,WIN
12973,17,2,24-06-2024 12:00,LOSS
12974,14,7,24-06-2024 13:00,LOSS
12975,13,6,24-06-2024 14:00,LOSS
12976,17,7,24-06-2024 15:00,LOSS
12977,5,15,24-06-2024 16:00,LOSS
12978,4,10,24-06-2024 17:00,LOSS
12979,11,14,24-06-2024 18:00,LOSS
12980,17,3,24-06-2024 19:00,WIN
12981,3,3,24-06-2024 20:00,WIN
12982,2,9,24-06-2024 21:00,WIN
12983,1,8,24-06-2024 22:00,LOSS
12984,18,7,24-06-2024 23:00,WIN
12985,16,14,25-06-2024 00:00,WIN
12986,11,4,25-06-2024 01:00,WIN
12987,7,20,25-06-2024 02:00,LOSS
12988,5,18,25-06-2024 03:00,LOSS
12989,18,15,25-06-2024 04:00,WIN
12990,4,6,25-06-2024 05:00,LOSS
12991,8,6,25-06-2024 06:00,WIN
12992,6,2,25-06-2024 07:00,WIN
12993,1,15,25-06-2024 08:00,LOSS
12994,7,20,25-06-2024 09:00,LOSS
12995,6,6,25-06-2024 10:00,WIN
12996,1,11,25-06-2024 11:00,WIN
12997,7,16,25-06-2024 12:00,LOSS
12998,14,16,25-06-2024 13:00,LOSS
12999,6,12,25-06-2024 14:00,WIN
13000,10,6,25-06-2024 15:00,LOSS
13001,18,7,25-06-2024 16:00,WIN
13002,16,12,25-06-2024 17:00,LOSS
13003,12,19,25-06-2024 18:00,WIN
13004,11,5,25-06-2024 19:00,WIN
13005,8,4,25-06-2024 20:00,WIN
13006,15,14,25-06-2024 21:00,WIN
13007,12,10,25-06-2024 22:00,LOSS
13008,7,7,25-06-2024 23:00,WIN
13009,16,5,26-06-2024 00:00,WIN
13010,4,3,26-06-2024 01:00,LOSS
13011,1,20,26-06-2024 02:00,LOSS
13012,1,2,26-06-2024 03:00,LOSS
13013,15,3,26-06-2024 04:00,LOSS
13014,14,5,26-06-2024 05:00,LOSS
13015,15,15,26-06-2024 06:00,LOSS
13016,2,1,26-06-2024 07:00,WIN
13017,16,16,26-06-2024 08:00,WIN
13018,5,20,26-06-2024 09:00,LOSS
13019,11,15,26-06-2024 10:00,WIN
13020,11,3,26-06-2024 11:00,LOSS
13021,1,9,26-06-2024 12:00,LOSS
13022,2,4,26-06-2024 13:00,LOSS
13023,1,13,26-06-2024 14:00,WIN
13024,3,10,26-06-2024 15:00,LOSS
13025,20,14,26-06-2024 16:00,LOSS
13026,1,15,26-06-2024 17:00,WIN
13027,17,13,26-06-2024 18:00,LOSS
13028,2,2,26-06-2024 19:00,LOSS
13029,14,18,26-06-2024 20:00,LOSS
13030,20,11,26-06-2024 21:00,LOSS
13031,2,9,26-06-2024 22:00,WIN
13032,18,9,26-06-2024 23:00,WIN
13033,8,15,27-06-2024 00:00,LOSS
13034,8,13,27-06-2024 01:00,WIN
13035,7,18,27-06-2024 02:00,LOSS
13036,11,1,27-06-2024 03:00,WIN
13037,20,17,27-06-2024 04:00,WIN
13038,7,12,27-06-2024 05:00,LOSS
13039,7,19,27-06-2024 06:00,WIN
13040,17,1,27-06-2024 07:00,LOSS
13041,15,4,27-06-2024 08:00,LOSS
13042,7,19,27-06-2024 09:00,WIN
13043,20,7,27-06-2024 10:00,LOSS
13044,17,11,27-06-2024 11:00,LOSS
13045,19,16,27-06-2024 12:00,LOSS
13046,14,14,27-06-2024 13:00,WIN
13047,20,19,27-06-2024 14:00,WIN
13048,5,5,27-06-2024 15:00,LOSS
13049,12,12,27-06-2024 16:00,WIN
13050,12,13,27-06-2024 17:00,WIN
13051,2,11,27-06-2024 18:00,WIN
13052,4,1,27-06-2024 19:00,LOSS
13053,2,3,27-06-2024 20:00,LOSS
13054,5,18,27-06-2024 21:00,WIN
13055,20,1,27-06-2024 22:00,WIN
13056,2,5,27-06-2024 23:00,LOSS
13057,13,1,28-06-2024 00:00,LOSS
13058,3,2,28-06-2024 01:00,LOSS
13059,15,1,28-06-2024 02:00,LOSS
13060,19,8,28-06-2024 03:00,WIN
13061,16,13,28-06-2024 04:00,WIN
13062,14,1,28-06-2024 05:00,WIN
13063,4,7,28-06-2024 06:00,WIN
13064,17,3,28-06-2024 07:00,LOSS
13065,12,19,28-06-2024 08:00,LOSS
13066,2,2,28-06-2024 09:00,WIN
13067,20,2,28-06-2024 10:00,WIN
13068,14,6,28-06-2024 11:00,LOSS
13069,3,3,28-06-2024 12:00,LOSS
13070,16,10,28-06-2024 13:00,LOSS
13071,8,4,28-06-2024 14:00,LOSS
13072,12,2,28-06-2024 15:00,WIN
13073,9,7,28-06-2024 16:00,WIN
13074,1,20,28-06-2024 17:00,WIN
13075,1,1,28-06-2024 18:00,LOSS
13076,9,9,28-06-2024 19:00,LOSS
13077,15,1,28-06-2024 20:00,LOSS
13078,10,1,28-06-2024 21:00,WIN
13079,17,7,28-06-2024 22:00,LOSS
13080,2,9,28-06-2024 23:00,WIN
13081,3,16,29-06-2024 00:00,LOSS
13082,10,18,29-06-2024 01:00,LOSS
13083,19,19,29-06-2024 02:00,LOSS
13084,9,14,29-06-2024 03:00,WIN
13085,18,14,29-06-2024 04:00,WIN
13086,3,5,29-06-2024 05:00,WIN
13087,9,6,29-06-2024 06:00,WIN
13088,11,19,29-06-2024 07:00,WIN
13089,9,6,29-06-2024 08:00,LOSS
13090,5,5,29-06-2024 09:00,LOSS
13091,20,11,29-06-2024 10:00,LOSS
13092,18,7,29-06-2024 11:00,LOSS
13093,12,10,29-06-2024 12:00,WIN
13094,17,18,29-06-2024 13:00,WIN
13095,17,8,29-06-2024 14:00,LOSS
13096,16,1,29-06-2024 15:00,WIN
13097,14,15,29-06-2024 16:00,WIN
13098,9,11,29-06-2024 17:00,WIN
13099,13,18,29-06-2024 18:00,WIN
13100,3,3,29-06-2024 19:00,LOSS
13101,5,19,29-06-2024 20:00,LOSS
13102,8,13,29-06-2024 21:00,WIN
13103,3,19,29-06-2024 22:00,WIN
13104,16,11,29-06-2024 23:00,LOSS
13105,4,5,30-06-2024 00:00,LOSS
13106,9,13,30-06-2024 01:00,WIN
13107,7,3,30-06-2024 02:00,WIN
13108,18,20,30-06-2024 03:00,LOSS
13109,17,17,30-06-2024 04:00,LOSS
13110,6,3,30-06-2024 05:00,LOSS
13111,10,4,30-06-2024 06:00,LOSS
13112,5,1,30-06-2024 07:00,WIN
13113,15,7,30-06-2024 08:00,LOSS
13114,2,20,30-06-2024 09:00,LOSS
13115,15,14,30-06-2024 10:00,LOSS
13116,9,11,30-06-2024 11:00,LOSS
13117,6,19,30-06-2024 12:00,LOSS
13118,4,13,30-06-2024 13:00,WIN
13119,14,8,30-06-2024 14:00,WIN
13120,9,5,30-06-2024 15:00,LOSS
13121,1,18,30-06-2024 16:00,WIN
13122,19,14,30-06-2024 17:00,LOSS
13123,10,17,30-06-2024 18:00,WIN
13124,18,12,30-06-2024 19:00,WIN
13125,19,8,30-06-2024 20:00,WIN
13126,6,3,30-06-2024 21:00,LOSS
13127,3,6,30-06-2024 22:00,WIN
13128,18,12,30-06-2024 23:00,LOSS
13129,20,17,01-07-2024 00:00,LOSS
13130,10,4,01-07-2024 01:00,WIN
13131,20,2,01-07-2024 02:00,LOSS
13132,4,1,01-07-2024 03:00,LOSS
13133,8,19,01-07-2024 04:00,WIN
13134,16,18,01-07-2024 05:00,WIN
13135,2,2,01-07-2024 06:00,LOSS
13136,19,7,01-07-2024 07:00,LOSS
13137,15,11,01-07-2024 08:00,LOSS
13138,8,12,01-07-2024 09:00,WIN
13139,17,19,01-07-2024 10:00,LOSS
13140,13,6,01-07-2024 11:00,WIN
13141,3,9,01-07-2024 12:00,WIN
13142,10,16,01-07-2024 13:00,LOSS
13143,13,19,01-07-2024 14:00,LOSS
13144,11,15,01-07-2024 15:00,WIN
13145,1,2,01-07-2024 16:00,WIN
13146,14,14,01-07-2024 17:00,LOSS
13147,2,18,01-07-2024 18:00,WIN
13148,12,5,01-07-2024 19:00,LOSS
13149,4,6,01-07-2024 20:00,LOSS
13150,12,20,01-07-2024 21:00,LOSS
13151,1,6,01-07-2024 22:00,LOSS
13152,10,20,01-07-2024 23:00,LOSS
13153,4,12,02-07-2024 00:00,LOSS
13154,2,5,02-07-2024 01:00,LOSS
13155,13,7,02-07-2024 02:00,WIN
13156,8,2,02-07-2024 03:00,LOSS
13157,2,9,02-07-2024 04:00,LOSS
13158,3,5,02-07-2024 05:00,WIN
13159,15,9,02-07-2024 06:00,WIN
13160,7,19,02-07-2024 07:00,LOSS
13161,10,7,02-07-2024 08:00,LOSS
13162,20,12,02-07-2024 09:00,WIN
13163,11,8,02-07-2024 10:00,WIN
13164,14,12,02-07-2024 11:00,LOSS
13165,19,5,02-07-2024 12:00,LOSS
13166,14,16,02-07-2024 13:00,WIN
13167,1,9,02-07-2024 14:00,WIN
13168,7,3,02-07-2024 15:00,WIN
13169,5,8,02-07-2024 16:00,LOSS
13170,7,11,02-07-2024 17:00,WIN
13171,13,18,02-07-2024 18:00,WIN
13172,7,10,02-07-2024 19:00,WIN
13173,19,1,02-07-2024 20:00,LOSS
13174,13,15,02-07-2024 21:00,LOSS
13175,16,10,02-07-2024 22:00,WIN
13176,15,12,02-07-2024 23:00,WIN
13177,19,19,03-07-2024 00:00,WIN
13178,7,3,03-07-2024 01:00,LOSS
13179,5,1,03-07-2024 02:00,WIN
13180,14,3,03-07-2024 03:00,WIN
13181,16,1,03-07-2024 04:00,WIN
13182,11,4,03-07-2024 05:00,WIN
13183,11,10,03-07-2024 06:00,WIN
13184,12,15,03-07-2024 07:00,LOSS
13185,13,9,03-07-2024 08:00,LOSS
13186,8,14,03-07-2024 09:00,WIN
13187,6,17,03-07-2024 10:00,WIN
13188,2,20,03-07-2024 11:00,LOSS
13189,10,20,03-07-2024 12:00,LOSS
13190,2,1,03-07-2024 13:00,LOSS
13191,11,12,03-07-2024 14:00,WIN
13192,5,19,03-07-2024 15:00,WIN
13193,6,5,03-07-2024 16:00,LOSS
13194,16,16,03-07-2024 17:00,LOSS
13195,20,9,03-07-2024 18:00,LOSS
13196,10,14,03-07-2024 19:00,WIN
13197,14,9,03-07-2024 20:00,WIN
13198,6,14,03-07-2024 21:00,LOSS
13199,5,14,03-07-2024 22:00,LOSS
13200,10,7,03-07-2024 23:00,LOSS
13201,12,9,04-07-2024 00:00,WIN
13202,17,12,04-07-2024 01:00,LOSS
13203,16,9,04-07-2024 02:00,LOSS
13204,10,14,04-07-2024 03:00,LOSS
13205,17,19,04-07-2024 04:00,WIN
13206,2,2,04-07-2024 05:00,WIN
13207,2,10,04-07-2024 06:00,WIN
13208,14,15,04-07-2024 07:00,LOSS
13209,4,16,04-07-2024 08:00,WIN
13210,12,15,04-07-2024 09:00,LOSS
13211,2,5,04-07-2024 10:00,LOSS
13212,14,5,04-07-2024 11:00,WIN
13213,18,2,04-07-2024 12:00,WIN
13214,9,10,04-07-2024 13:00,WIN
13215,8,4,04-07-2024 14:00,WIN
13216,7,1,04-07-2024 15:00,WIN
13217,13,12,04-07-2024 16:00,WIN
13218,2,1,04-07-2024 17:00,LOSS
13219,2,20,04-07-2024 18:00,WIN
13220,16,9,04-07-2024 19:00,LOSS
13221,16,9,04-07-2024 20:00,WIN
13222,18,16,04-07-2024 21:00,WIN
13223,2,1,04-07-2024 22:00,WIN
13224,7,19,04-07-2024 23:00,LOSS
13225,7,1,05-07-2024 00:00,LOSS
13226,17,5,05-07-2024 01:00,LOSS
13227,12,19,05-07-2024 02:00,WIN
13228,13,9,05-07-2024 03:00,WIN
13229,5,19,05-07-2024 04:00,LOSS
13230,15,14,05-07-2024 05:00,WIN
13231,2,18,05-07-2024 06:00,WIN
13232,6,4,05-07-2024 07:00,LOSS
13233,4,4,05-07-2024 08:00,WIN
13234,13,16,05-07-2024 09:00,WIN
13235,2,13,05-07-2024 10:00,WIN
13236,5,3,05-07-2024 11:00,WIN
13237,8,18,05-07-2024 12:00,LOSS
13238,16,4,05-07-2024 13:00,LOSS
13239,7,5,05-07-2024 14:00,LOSS
13240,3,19,05-07-2024 15:00,LOSS
13241,9,14,05-07-2024 16:00,WIN
13242,13,18,05-07-2024 17:00,WIN
13243,2,16,05-07-2024 18:00,LOSS
13244,19,5,05-07-2024 19:00,LOSS
13245,11,8,05-07-2024 20:00,LOSS
13246,10,19,05-07-2024 21:00,WIN
13247,11,18,05-07-2024 22:00,WIN
13248,17,5,05-07-2024 23:00,WIN
13249,17,14,06-07-2024 00:00,LOSS
13250,3,10,06-07-2024 01:00,WIN
13251,12,5,06-07-2024 02:00,LOSS
13252,3,13,06-07-2024 03:00,LOSS
13253,5,12,06-07-2024 04:00,WIN
13254,6,18,06-07-2024 05:00,LOSS
13255,20,11,06-07-2024 06:00,LOSS
13256,10,1,06-07-2024 07:00,WIN
13257,11,2,06-07-2024 08:00,LOSS
13258,19,2,06-07-2024 09:00,WIN
13259,20,13,06-07-2024 10:00,WIN
13260,11,9,06-07-2024 11:00,WIN
13261,8,16,06-07-2024 12:00,WIN
13262,9,16,06-07-2024 13:00,WIN
13263,3,9,06-07-2024 14:00,LOSS
13264,1,7,06-07-2024 15:00,WIN
13265,2,8,06-07-2024 16:00,LOSS
13266,2,10,06-07-2024 17:00,LOSS
13267,3,13,06-07-2024 18:00,WIN
13268,18,11,06-07-2024 19:00,WIN
13269,17,14,06-07-2024 20:00,LOSS
13270,12,5,06-07-2024 21:00,LOSS
13271,6,18,06-07-2024 22:00,WIN
13272,7,16,06-07-2024 23:00,LOSS
13273,17,6,07-07-2024 00:00,WIN
13274,9,12,07-07-2024 01:00,LOSS
13275,12,13,07-07-2024 02:00,LOSS
13276,14,2,07-07-2024 03:00,WIN
13277,11,17,07-07-2024 04:00,LOSS
13278,4,20,07-07-2024 05:00,LOSS
13279,19,20,07-07-2024 06:00,WIN
13280,6,4,07-07-2024 07:00,WIN
13281,19,1,07-07-2024 08:00,LOSS
13282,16,18,07-07-2024 09:00,WIN
13283,16,12,07-07-2024 10:00,LOSS
13284,4,6,07-07-2024 11:00,WIN
13285,5,11,07-07-2024 12:00,WIN
13286,10,9,07-07-2024 13:00,WIN
13287,5,8,07-07-2024 14:00,LOSS
13288,9,17,07-07-2024 15:00,LOSS
13289,18,5,07-07-2024 16:00,WIN
13290,6,4,07-07-2024 17:00,LOSS
13291,14,5,07-07-2024 18:00,LOSS
13292,20,15,07-07-2024 19:00,WIN
13293,16,6,07-07-2024 20:00,LOSS
13294,3,5,07-07-2024 21:00,LOSS
13295,1,13,07-07-2024 22:00,WIN
13296,6,19,07-07-2024 23:00,WIN
13297,1,3,08-07-2024 00:00,WIN
13298,6,8,08-07-2024 01:00,LOSS
13299,5,14,08-07-2024 02:00,WIN
13300,12,15,08-07-2024 03:00,WIN
13301,6,8,08-07-2024 04:00,WIN
13302,8,8,08-07-2024 05:00,LOSS
13303,19,13,08-07-2024 06:00,WIN
13304,5,5,08-07-2024 07:00,LOSS
13305,15,13,08-07-2024 08:00,LOSS
13306,14,12,08-07-2024 09:00,LOSS
13307,16,11,08-07-2024 10:00,LOSS
13308,6,15,08-07-2024 11:00,LOSS
13309,17,15,08-07-2024 12:00,LOSS
13310,17,11,08-07-2024 13:00,LOSS
13311,16,9,08-07-2024 14:00,WIN
13312,1,17,08-07-2024 15:00,LOSS
13313,18,20,08-07-2024 16:00,LOSS
13314,4,3,08-07-2024 17:00,LOSS
13315,3,1,08-07-2024 18:00,LOSS
13316,3,14,08-07-2024 19:00,LOSS
13317,13,7,08-07-2024 20:00,LOSS
13318,20,19,08-07-2024 21:00,WIN
13319,4,19,08-07-2024 22:00,WIN
13320,11,1,08-07-2024 23:00,WIN
13321,5,8,09-07-2024 00:00,LOSS
13322,2,20,09-07-2024 01:00,WIN
13323,6,17,09-07-2024 02:00,LOSS
13324,5,7,09-07-2024 03:00,LOSS
13325,1,3,09-07-2024 04:00,WIN
13326,11,16,09-07-2024 05:00,WIN
13327,6,5,09-07-2024 06:00,WIN
13328,17,9,09-07-2024 07:00,LOSS
13329,11,3,09-07-2024 08:00,WIN
13330,7,12,09-07-2024 09:00,WIN
13331,16,18,09-07-2024 10:00,LOSS
13332,20,12,09-07-2024 11:00,WIN
13333,5,8,09-07-2024 12:00,WIN
13334,7,2,09-07-2024 13:00,LOSS
13335,3,6,09-07-2024 14:00,WIN
13336,2,15,09-07-2024 15:00,LOSS
13337,1,2,09-07-2024 16:00,LOSS
13338,8,11,09-07-2024 17:00,WIN
13339,7,1,09-07-2024 18:00,LOSS
13340,10,13,09-07-2024 19:00,LOSS
13341,14,11,09-07-2024 20:00,LOSS
13342,9,15,09-07-2024 21:00,WIN
13343,11,12,09-07-2024 22:00,LOSS
13344,1,18,09-07-2024 23:00,LOSS
13345,19,12,10-07-2024 00:00,WIN
13346,14,17,10-07-2024 01:00,LOSS
13347,18,20,10-07-2024 02:00,LOSS
13348,12,19,10-07-2024 03:00,LOSS
13349,10,6,10-07-2024 04:00,WIN
13350,18,4,10-07-2024 05:00,LOSS
13351,3,16,10-07-2024 06:00,WIN
13352,4,14,10-07-2024 07:00,WIN
13353,9,2,10-07-2024 08:00,LOSS
13354,12,10,10-07-2024 09:00,WIN
13355,9,11,10-07-2024 10:00,LOSS
13356,9,10,10-07-2024 11:00,LOSS
13357,16,16,10-07-2024 12:00,WIN
13358,5,12,10-07-2024 13:00,LOSS
13359,5,8,10-07-2024 14:00,LOSS
13360,14,2,10-07-2024 15:00,WIN
13361,20,11,10-07-2024 16:00,WIN
13362,14,6,10-07-2024 17:00,LOSS
13363,15,5,10-07-2024 18:00,LOSS
13364,16,3,10-07-2024 19:00,WIN
13365,7,12,10-07-2024 20:00,LOSS
13366,11,12,10-07-2024 21:00,WIN
13367,4,2,10-07-2024 22:00,LOSS
13368,5,10,10-07-2024 23:00,LOSS
13369,14,9,11-07-2024 00:00,LOSS
13370,9,8,11-07-2024 01:00,LOSS
13371,9,15,11-07-2024 02:00,WIN
13372,11,9,11-07-2024 03:00,LOSS
13373,19,6,11-07-2024 04:00,WIN
13374,19,12,11-07-2024 05:00,WIN
13375,12,12,11-07-2024 06:00,WIN
13376,15,14,11-07-2024 07:00,WIN
13377,2,18,11-07-2024 08:00,LOSS
13378,12,17,11-07-2024 09:00,WIN
13379,3,8,11-07-2024 10:00,LOSS
13380,15,5,11-07-2024 11:00,WIN
13381,14,9,11-07-2024 12:00,WIN
13382,19,7,11-07-2024 13:00,LOSS
13383,3,20,11-07-2024 14:00,WIN
13384,15,5,11-07-2024 15:00,WIN
13385,11,19,11-07-2024 16:00,WIN
13386,9,10,11-07-2024 17:00,LOSS
13387,7,4,11-07-2024 18:00,WIN
13388,7,3,11-07-2024 19:00,LOSS
13389,7,4,11-07-2024 20:00,WIN
13390,17,20,11-07-2024 21:00,WIN
13391,4,14,11-07-2024 22:00,WIN
13392,4,8,11-07-2024 23:00,LOSS
13393,7,5,12-07-2024 00:00,LOSS
13394,2,5,12-07-2024 01:00,LOSS
13395,5,11,12-07-2024 02:00,LOSS
13396,10,6,12-07-2024 03:00,WIN
13397,18,5,12-07-2024 04:00,LOSS
13398,14,1,12-07-2024 05:00,LOSS
13399,3,14,12-07-2024 06:00,WIN
13400,3,17,12-07-2024 07:00,WIN
13401,19,2,12-07-2024 08:00,WIN
13402,13,3,12-07-2024 09:00,LOSS
13403,7,6,12-07-2024 10:00,WIN
13404,6,18,12-07-2024 11:00,WIN
13405,20,12,12-07-2024 12:00,LOSS
13406,13,6,12-07-2024 13:00,WIN
13407,5,2,12-07-2024 14:00,LOSS
13408,6,18,12-07-2024 15:00,WIN
13409,12,13,12-07-2024 16:00,WIN
13410,8,16,12-07-2024 17:00,LOSS
13411,18,13,12-07-2024 18:00,LOSS
13412,15,17,12-07-2024 19:00,WIN
13413,8,4,12-07-2024 20:00,WIN
13414,13,6,12-07-2024 21:00,LOSS
13415,7,14,12-07-2024 22:00,WIN
13416,16,19,12-07-2024 23:00,LOSS
13417,20,13,13-07-2024 00:00,LOSS
13418,5,11,13-07-2024 01:00,WIN
13419,20,15,13-07-2024 02:00,WIN
13420,15,16,13-07-2024 03:00,WIN
13421,15,1,13-07-2024 04:00,LOSS
13422,1,17,13-07-2024 05:00,WIN
13423,4,16,13-07-2024 06:00,LOSS
13424,20,5,13-07-2024 07:00,WIN
13425,4,16,13-07-2024 08:00,LOSS
13426,15,14,13-07-2024 09:00,WIN
13427,3,4,13-07-2024 10:00,WIN
13428,6,11,13-07-2024 11:00,LOSS
13429,14,3,13-07-2024 12:00,LOSS
13430,2,19,13-07-2024 13:00,LOSS
13431,16,2,13-07-2024 14:00,LOSS
13432,3,13,13-07-2024 15:00,WIN
13433,20,13,13-07-2024 16:00,LOSS
13434,6,9,13-07-2024 17:00,WIN
13435,3,7,13-07-2024 18:00,LOSS
13436,15,12,13-07-2024 19:00,LOSS
13437,5,16,13-07-2024 20:00,LOSS
13438,1,18,13-07-2024 21:00,WIN
13439,17,16,13-07-2024 22:00,WIN
13440,20,5,13-07-2024 23:00,LOSS
13441,12,12,14-07-2024 00:00,WIN
13442,20,1,14-07-2024 01:00,WIN
13443,10,10,14-07-2024 02:00,LOSS
13444,2,9,14-07-2024 03:00,LOSS
13445,8,18,14-07-2024 04:00,LOSS
13446,19,4,14-07-2024 05:00,WIN
13447,16,1,14-07-2024 06:00,WIN
13448,19,20,14-07-2024 07:00,LOSS
13449,9,13,14-07-2024 08:00,LOSS
13450,8,5,14-07-2024 09:00,WIN
13451,17,18,14-07-2024 10:00,LOSS
13452,15,6,14-07-2024 11:00,WIN
13453,2,20,14-07-2024 12:00,LOSS
13454,4,5,14-07-2024 13:00,LOSS
13455,6,12,14-07-2024 14:00,WIN
13456,15,12,14-07-2024 15:00,LOSS
13457,13,13,14-07-2024 16:00,WIN
13458,3,5,14-07-2024 17:00,LOSS
13459,20,20,14-07-2024 18:00,WIN
13460,16,17,14-07-2024 19:00,WIN
13461,14,4,14-07-2024 20:00,LOSS
13462,4,7,14-07-2024 21:00,LOSS
13463,10,4,14-07-2024 22:00,LOSS
13464,4,14,14-07-2024 23:00,WIN
13465,12,15,15-07-2024 00:00,WIN
13466,5,19,15-07-2024 01:00,LOSS
13467,4,17,15-07-2024 02:00,LOSS
13468,9,18,15-07-2024 03:00,LOSS
13469,20,1,15-07-2024 04:00,LOSS
13470,1,9,15-07-2024 05:00,WIN
13471,16,16,15-07-2024 06:00,WIN
13472,8,20,15-07-2024 07:00,WIN
13473,13,6,15-07-2024 08:00,WIN
13474,18,17,15-07-2024 09:00,WIN
13475,1,14,15-07-2024 10:00,WIN
13476,7,18,15-07-2024 11:00,WIN
13477,14,4,15-07-2024 12:00,LOSS
13478,8,6,15-07-2024 13:00,LOSS
13479,16,19,15-07-2024 14:00,WIN
13480,14,12,15-07-2024 15:00,LOSS
13481,10,15,15-07-2024 16:00,WIN
13482,9,5,15-07-2024 17:00,LOSS
13483,20,16,15-07-2024 18:00,LOSS
13484,7,10,15-07-2024 19:00,LOSS
13485,5,13,15-07-2024 20:00,WIN
13486,14,10,15-07-2024 21:00,LOSS
13487,18,5,15-07-2024 22:00,LOSS
13488,19,17,15-07-2024 23:00,LOSS
13489,8,19,16-07-2024 00:00,LOSS
13490,10,20,16-07-2024 01:00,LOSS
13491,11,17,16-07-2024 02:00,LOSS
13492,5,1,16-07-2024 03:00,LOSS
13493,15,20,16-07-2024 04:00,LOSS
13494,3,20,16-07-2024 05:00,LOSS
13495,7,7,16-07-2024 06:00,WIN
13496,7,6,16-07-2024 07:00,WIN
13497,20,1,16-07-2024 08:00,LOSS
13498,6,11,16-07-2024 09:00,WIN
13499,6,17,16-07-2024 10:00,LOSS
13500,10,14,16-07-2024 11:00,LOSS
13501,20,12,16-07-2024 12:00,WIN
13502,12,18,16-07-2024 13:00,LOSS
13503,4,19,16-07-2024 14:00,WIN
13504,5,18,16-07-2024 15:00,WIN
13505,16,17,16-07-2024 16:00,WIN
13506,13,2,16-07-2024 17:00,LOSS
13507,1,16,16-07-2024 18:00,WIN
13508,1,17,16-07-2024 19:00,LOSS
13509,16,10,16-07-2024 20:00,WIN
13510,5,7,16-07-2024 21:00,LOSS
13511,17,5,16-07-2024 22:00,LOSS
13512,7,8,16-07-2024 23:00,WIN
13513,4,12,17-07-2024 00:00,WIN
13514,2,3,17-07-2024 01:00,LOSS
13515,2,1,17-07-2024 02:00,LOSS
13516,4,4,17-07-2024 03:00,LOSS
13517,2,11,17-07-2024 04:00,LOSS
13518,1,5,17-07-2024 05:00,WIN
13519,17,8,17-07-2024 06:00,WIN
13520,8,2,17-07-2024 07:00,LOSS
13521,18,6,17-07-2024 08:00,WIN
13522,9,4,17-07-2024 09:00,WIN
13523,2,19,17-07-2024 10:00,WIN
13524,4,11,17-07-2024 11:00,LOSS
13525,7,9,17-07-2024 12:00,LOSS
13526,11,5,17-07-2024 13:00,LOSS
13527,8,18,17-07-2024 14:00,WIN
13528,3,3,17-07-2024 15:00,WIN
13529,17,8,17-07-2024 16:00,LOSS
13530,4,6,17-07-2024 17:00,WIN
13531,16,8,17-07-2024 18:00,WIN
13532,3,17,17-07-2024 19:00,WIN
13533,20,2,17-07-2024 20:00,LOSS
13534,16,5,17-07-2024 21:00,LOSS
13535,1,14,17-07-2024 22:00,WIN
13536,13,1,17-07-2024 23:00,WIN
13537,17,20,18-07-2024 00:00,WIN
13538,12,8,18-07-2024 01:00,LOSS
13539,16,12,18-07-2024 02:00,LOSS
13540,2,17,18-07-2024 03:00,LOSS
13541,10,2,18-07-2024 04:00,WIN
13542,3,3,18-07-2024 05:00,LOSS
13543,12,7,18-07-2024 06:00,LOSS
13544,6,2,18-07-2024 07:00,WIN
13545,5,19,18-07-2024 08:00,WIN
13546,1,20,18-07-2024 09:00,LOSS
13547,16,11,18-07-2024 10:00,LOSS
13548,8,11,18-07-2024 11:00,WIN
13549,13,16,18-07-2024 12:00,LOSS
13550,14,14,18-07-2024 13:00,LOSS
13551,11,6,18-07-2024 14:00,LOSS
13552,12,2,18-07-2024 15:00,LOSS
13553,13,10,18-07-2024 16:00,LOSS
13554,8,7,18-07-2024 17:00,LOSS
13555,10,20,18-07-2024 18:00,WIN
13556,3,6,18-07-2024 19:00,LOSS
13557,6,9,18-07-2024 20:00,WIN
13558,19,1,18-07-2024 21:00,LOSS
13559,18,4,18-07-2024 22:00,LOSS
13560,18,1,18-07-2024 23:00,WIN
13561,20,8,19-07-2024 00:00,WIN
13562,18,8,19-07-2024 01:00,WIN
13563,16,9,19-07-2024 02:00,WIN
13564,13,12,19-07-2024 03:00,LOSS
13565,11,17,19-07-2024 04:00,WIN
13566,18,12,19-07-2024 05:00,WIN
13567,16,11,19-07-2024 06:00,WIN
13568,14,16,19-07-2024 07:00,LOSS
13569,7,2,19-07-2024 08:00,WIN
13570,6,15,19-07-2024 09:00,WIN
13571,17,6,19-07-2024 10:00,WIN
13572,15,11,19-07-2024 11:00,LOSS
13573,10,5,19-07-2024 12:00,WIN
13574,17,14,19-07-2024 13:00,LOSS
13575,2,16,19-07-2024 14:00,LOSS
13576,17,3,19-07-2024 15:00,LOSS
13577,13,3,19-07-2024 16:00,LOSS
13578,18,15,19-07-2024 17:00,LOSS
13579,19,9,19-07-2024 18:00,LOSS
13580,2,17,19-07-2024 19:00,WIN
13581,2,4,19-07-2024 20:00,LOSS
13582,18,7,19-07-2024 21:00,WIN
13583,7,12,19-07-2024 22:00,WIN
13584,10,16,19-07-2024 23:00,LOSS
13585,4,1,20-07-2024 00:00,LOSS
13586,4,5,20-07-2024 01:00,WIN
13587,1,6,20-07-2024 02:00,LOSS
13588,2,15,20-07-2024 03:00,LOSS
13589,10,17,20-07-2024 04:00,LOSS
13590,15,16,20-07-2024 05:00,LOSS
13591,12,15,20-07-2024 06:00,LOSS
13592,3,20,20-07-2024 07:00,WIN
13593,4,12,20-07-2024 08:00,LOSS
13594,9,11,20-07-2024 09:00,WIN
13595,14,4,20-07-2024 10:00,WIN
13596,10,13,20-07-2024 11:00,WIN
13597,10,11,20-07-2024 12:00,LOSS
13598,5,19,20-07-2024 13:00,WIN
13599,11,9,20-07-2024 14:00,LOSS
13600,14,10,20-07-2024 15:00,LOSS
13601,6,1,20-07-2024 16:00,WIN
13602,11,1,20-07-2024 17:00,WIN
13603,11,14,20-07-2024 18:00,WIN
13604,3,16,20-07-2024 19:00,WIN
13605,13,10,20-07-2024 20:00,LOSS
13606,18,20,20-07-2024 21:00,LOSS
13607,18,1,20-07-2024 22:00,WIN
13608,6,13,20-07-2024 23:00,WIN
13609,13,7,21-07-2024 00:00,WIN
13610,6,20,21-07-2024 01:00,LOSS
13611,12,17,21-07-2024 02:00,WIN
13612,7,17,21-07-2024 03:00,LOSS
13613,14,13,21-07-2024 04:00,LOSS
13614,9,6,21-07-2024 05:00,LOSS
13615,3,6,21-07-2024 06:00,WIN
13616,15,9,21-07-2024 07:00,WIN
13617,7,17,21-07-2024 08:00,LOSS
13618,7,8,21-07-2024 09:00,WIN
13619,19,6,21-07-2024 10:00,WIN
13620,2,11,21-07-2024 11:00,LOSS
13621,20,13,21-07-2024 12:00,WIN
13622,14,9,21-07-2024 13:00,LOSS
13623,5,20,21-07-2024 14:00,LOSS
13624,1,13,21-07-2024 15:00,LOSS
13625,12,19,21-07-2024 16:00,WIN
13626,12,14,21-07-2024 17:00,LOSS
13627,19,18,21-07-2024 18:00,WIN
13628,2,19,21-07-2024 19:00,LOSS
13629,13,6,21-07-2024 20:00,WIN
13630,12,19,21-07-2024 21:00,WIN
13631,7,4,21-07-2024 22:00,WIN
13632,2,17,21-07-2024 23:00,LOSS
13633,8,5,22-07-2024 00:00,LOSS
13634,19,1,22-07-2024 01:00,LOSS
13635,19,12,22-07-2024 02:00,WIN
13636,18,4,22-07-2024 03:00,WIN
13637,2,20,22-07-2024 04:00,WIN
13638,2,14,22-07-2024 05:00,WIN
13639,13,7,22-07-2024 06:00,LOSS
13640,6,11,22-07-2024 07:00,WIN
13641,8,16,22-07-2024 08:00,WIN
13642,19,10,22-07-2024 09:00,WIN
13643,6,20,22-07-2024 10:00,WIN
13644,19,15,22-07-2024 11:00,LOSS
13645,9,5,22-07-2024 12:00,LOSS
13646,15,14,22-07-2024 13:00,LOSS
13647,17,2,22-07-2024 14:00,WIN
13648,8,9,22-07-2024 15:00,LOSS
13649,9,9,22-07-2024 16:00,LOSS
13650,5,7,22-07-2024 17:00,WIN
13651,6,8,22-07-2024 18:00,WIN
13652,11,5,22-07-2024 19:00,LOSS
13653,7,1,22-07-2024 20:00,WIN
13654,20,16,22-07-2024 21:00,LOSS
13655,15,12,22-07-2024 22:00,LOSS
13656,13,10,22-07-2024 23:00,LOSS
13657,15,10,23-07-2024 00:00,LOSS
13658,14,11,23-07-2024 01:00,LOSS
13659,6,19,23-07-2024 02:00,LOSS
13660,4,19,23-07-2024 03:00,WIN
13661,18,3,23-07-2024 04:00,WIN
13662,18,15,23-07-2024 05:00,WIN
13663,4,5,23-07-2024 06:00,LOSS
13664,1,16,23-07-2024 07:00,WIN
13665,3,13,23-07-2024 08:00,LOSS
13666,5,13,23-07-2024 09:00,WIN
13667,20,13,23-07-2024 10:00,LOSS
13668,6,16,23-07-2024 11:00,WIN
13669,4,4,23-07-2024 12:00,WIN
13670,5,10,23-07-2024 13:00,WIN
13671,12,13,23-07-2024 14:00,WIN
13672,7,3,23-07-2024 15:00,WIN
13673,13,10,23-07-2024 16:00,WIN
13674,8,5,23-07-2024 17:00,LOSS
13675,13,8,23-07-2024 18:00,WIN
13676,12,1,23-07-2024 19:00,LOSS
13677,10,19,23-07-2024 20:00,LOSS
13678,10,8,23-07-2024 21:00,LOSS
13679,8,1,23-07-2024 22:00,WIN
13680,14,12,23-07-2024 23:00,WIN
13681,4,4,24-07-2024 00:00,LOSS
13682,20,5,24-07-2024 01:00,WIN
13683,2,20,24-07-2024 02:00,WIN
13684,9,1,24-07-2024 03:00,WIN
13685,6,15,24-07-2024 04:00,WIN
13686,19,1,24-07-2024 05:00,WIN
13687,3,3,24-07-2024 06:00,WIN
13688,13,16,24-07-2024 07:00,WIN
13689,11,11,24-07-2024 08:00,LOSS
13690,14,15,24-07-2024 09:00,WIN
13691,17,8,24-07-2024 10:00,LOSS
13692,18,11,24-07-2024 11:00,WIN
13693,5,7,24-07-2024 12:00,LOSS
13694,3,7,24-07-2024 13:00,WIN
13695,7,10,24-07-2024 14:00,WIN
13696,6,19,24-07-2024 15:00,WIN
13697,3,20,24-07-2024 16:00,WIN
13698,20,4,24-07-2024 17:00,LOSS
13699,13,14,24-07-2024 18:00,WIN
13700,11,2,24-07-2024 19:00,WIN
13701,2,9,24-07-2024 20:00,WIN
13702,8,2,24-07-2024 21:00,WIN
13703,12,17,24-07-2024 22:00,WIN
13704,12,10,24-07-2024 23:00,LOSS
13705,15,5,25-07-2024 00:00,LOSS
13706,8,4,25-07-2024 01:00,LOSS
13707,12,19,25-07-2024 02:00,WIN
13708,10,7,25-07-2024 03:00,WIN
13709,3,9,25-07-2024 04:00,LOSS
13710,6,20,25-07-2024 05:00,LOSS
13711,15,3,25-07-2024 06:00,WIN
13712,14,6,25-07-2024 07:00,WIN
13713,3,5,25-07-2024 08:00,LOSS
13714,18,13,25-07-2024 09:00,WIN
13715,17,13,25-07-2024 10:00,LOSS
13716,14,2,25-07-2024 11:00,WIN
13717,14,18,25-07-2024 12:00,LOSS
13718,16,5,25-07-2024 13:00,WIN
13719,19,14,25-07-2024 14:00,WIN
13720,11,19,25-07-2024 15:00,LOSS
13721,5,19,25-07-2024 16:00,WIN
13722,1,13,25-07-2024 17:00,LOSS
13723,20,10,25-07-2024 18:00,LOSS
13724,18,17,25-07-2024 19:00,LOSS
13725,14,14,25-07-2024 20:00,LOSS
13726,5,1,25-07-2024 21:00,WIN
13727,5,1,25-07-2024 22:00,LOSS
13728,5,3,25-07-2024 23:00,LOSS
13729,10,7,26-07-2024 00:00,LOSS
13730,10,10,26-07-2024 01:00,WIN
13731,9,2,26-07-2024 02:00,WIN
13732,14,5,26-07-2024 03:00,WIN
13733,1,15,26-07-2024 04:00,LOSS
13734,6,1,26-07-2024 05:00,WIN
13735,7,19,26-07-2024 06:00,WIN
13736,12,1,26-07-2024 07:00,WIN
13737,15,14,26-07-2024 08:00,LOSS
13738,16,6,26-07-2024 09:00,WIN
13739,3,13,26-07-2024 10:00,WIN
13740,16,11,26-07-2024 11:00,WIN
13741,8,9,26-07-2024 12:00,LOSS
13742,14,7,26-07-2024 13:00,WIN
13743,3,7,26-07-2024 14:00,WIN
13744,12,11,26-07-2024 15:00,WIN
13745,14,5,26-07-2024 16:00,WIN
13746,19,11,26-07-2024 17:00,WIN
13747,4,12,26-07-2024 18:00,WIN
13748,12,20,26-07-2024 19:00,LOSS
13749,3,1,26-07-2024 20:00,WIN
13750,16,8,26-07-2024 21:00,WIN
13751,3,1,26-07-2024 22:00,WIN
13752,3,5,26-07-2024 23:00,LOSS
13753,7,10,27-07-2024 00:00,WIN
13754,10,2,27-07-2024 01:00,LOSS
13755,16,1,27-07-2024 02:00,LOSS
13756,13,4,27-07-2024 03:00,WIN
13757,19,3,27-07-2024 04:00,WIN
13758,6,7,27-07-2024 05:00,WIN
13759,9,5,27-07-2024 06:00,LOSS
13760,14,8,27-07-2024 07:00,LOSS
13761,17,3,27-07-2024 08:00,LOSS
13762,7,19,27-07-2024 09:00,LOSS
13763,8,2,27-07-2024 10:00,WIN
13764,5,9,27-07-2024 11:00,WIN
13765,20,20,27-07-2024 12:00,LOSS
13766,12,18,27-07-2024 13:00,LOSS
13767,2,7,27-07-2024 14:00,LOSS
13768,16,19,27-07-2024 15:00,WIN
13769,3,9,27-07-2024 16:00,LOSS
13770,15,20,27-07-2024 17:00,LOSS
13771,17,7,27-07-2024 18:00,LOSS
13772,16,16,27-07-2024 19:00,WIN
13773,3,14,27-07-2024 20:00,LOSS
13774,15,9,27-07-2024 21:00,LOSS
13775,1,7,27-07-2024 22:00,WIN
13776,12,13,27-07-2024 23:00,LOSS
13777,10,14,28-07-2024 00:00,WIN
13778,6,1,28-07-2024 01:00,LOSS
13779,8,13,28-07-2024 02:00,LOSS
13780,20,2,28-07-2024 03:00,LOSS
13781,6,7,28-07-2024 04:00,WIN
13782,19,13,28-07-2024 05:00,LOSS
13783,4,15,28-07-2024 06:00,WIN
13784,16,13,28-07-2024 07:00,WIN
13785,5,19,28-07-2024 08:00,LOSS
13786,16,9,28-07-2024 09:00,LOSS
13787,18,10,28-07-2024 10:00,WIN
13788,13,14,28-07-2024 11:00,LOSS
13789,13,10,28-07-2024 12:00,WIN
13790,18,3,28-07-2024 13:00,LOSS
13791,8,17,28-07-2024 14:00,WIN
13792,7,10,28-07-2024 15:00,WIN
13793,15,11,28-07-2024 16:00,WIN
13794,2,19,28-07-2024 17:00,WIN
13795,4,18,28-07-2024 18:00,WIN
13796,16,1,28-07-2024 19:00,LOSS
13797,12,20,28-07-2024 20:00,WIN
13798,16,19,28-07-2024 21:00,WIN
13799,17,16,28-07-2024 22:00,LOSS
13800,20,10,28-07-2024 23:00,WIN
13801,10,3,29-07-2024 00:00,WIN
13802,15,14,29-07-2024 01:00,WIN
13803,19,14,29-07-2024 02:00,LOSS
13804,14,12,29-07-2024 03:00,LOSS
13805,1,4,29-07-2024 04:00,WIN
13806,4,4,29-07-2024 05:00,LOSS
13807,2,4,29-07-2024 06:00,WIN
13808,8,1,29-07-2024 07:00,LOSS
13809,2,16,29-07-2024 08:00,LOSS
13810,11,14,29-07-2024 09:00,LOSS
13811,10,9,29-07-2024 10:00,LOSS
13812,11,13,29-07-2024 11:00,LOSS
13813,9,2,29-07-2024 12:00,LOSS
13814,4,13,29-07-2024 13:00,LOSS
13815,4,7,29-07-2024 14:00,LOSS
13816,1,14,29-07-2024 15:00,WIN
13817,4,19,29-07-2024 16:00,WIN
13818,1,6,29-07-2024 17:00,LOSS
13819,4,14,29-07-2024 18:00,WIN
13820,4,12,29-07-2024 19:00,LOSS
13821,1,14,29-07-2024 20:00,WIN
13822,14,10,29-07-2024 21:00,WIN
13823,16,16,29-07-2024 22:00,WIN
13824,9,15,29-07-2024 23:00,LOSS
13825,7,4,30-07-2024 00:00,WIN
13826,14,8,30-07-2024 01:00,WIN
13827,5,6,30-07-2024 02:00,LOSS
13828,14,11,30-07-2024 03:00,WIN
13829,13,8,30-07-2024 04:00,LOSS
13830,2,12,30-07-2024 05:00,LOSS
13831,20,16,30-07-2024 06:00,LOSS
13832,12,4,30-07-2024 07:00,LOSS
13833,7,10,30-07-2024 08:00,LOSS
13834,2,2,30-07-2024 09:00,WIN
13835,18,16,30-07-2024 10:00,LOSS
13836,10,4,30-07-2024 11:00,WIN
13837,6,18,30-07-2024 12:00,LOSS
13838,7,13,30-07-2024 13:00,WIN
13839,12,19,30-07-2024 14:00,LOSS
13840,16,13,30-07-2024 15:00,WIN
13841,19,19,30-07-2024 16:00,LOSS
13842,20,9,30-07-2024 17:00,WIN
13843,18,4,30-07-2024 18:00,WIN
13844,14,4,30-07-2024 19:00,LOSS
13845,15,1,30-07-2024 20:00,WIN
13846,8,1,30-07-2024 21:00,WIN
13847,15,15,30-07-2024 22:00,WIN
13848,12,12,30-07-2024 23:00,LOSS
13849,18,11,31-07-2024 00:00,WIN
13850,10,9,31-07-2024 01:00,WIN
13851,20,13,31-07-2024 02:00,LOSS
13852,14,17,31-07-2024 03:00,WIN
13853,19,18,31-07-2024 04:00,WIN
13854,16,13,31-07-2024 05:00,LOSS
13855,20,2,31-07-2024 06:00,LOSS
13856,6,4,31-07-2024 07:00,WIN
13857,13,10,31-07-2024 08:00,WIN
13858,11,18,31-07-2024 09:00,LOSS
13859,1,14,31-07-2024 10:00,WIN
13860,9,16,31-07-2024 11:00,LOSS
13861,19,19,31-07-2024 12:00,LOSS
13862,5,2,31-07-2024 13:00,LOSS
13863,7,9,31-07-2024 14:00,LOSS
13864,2,2,31-07-2024 15:00,WIN
13865,20,20,31-07-2024 16:00,WIN
13866,15,8,31-07-2024 17:00,WIN
13867,6,20,31-07-2024 18:00,LOSS
13868,1,17,31-07-2024 19:00,LOSS
13869,5,12,31-07-2024 20:00,WIN
13870,2,7,31-07-2024 21:00,WIN
13871,14,9,31-07-2024 22:00,WIN
13872,17,13,31-07-2024 23:00,WIN
13873,12,16,01-08-2024 00:00,LOSS
13874,6,15,01-08-2024 01:00,LOSS
13875,7,2,01-08-2024 02:00,WIN
13876,16,15,01-08-2024 03:00,WIN
13877,13,12,01-08-2024 04:00,WIN
13878,2,12,01-08-2024 05:00,WIN
13879,17,11,01-08-2024 06:00,LOSS
13880,5,9,01-08-2024 07:00,WIN
13881,2,3,01-08-2024 08:00,WIN
13882,20,2,01-08-2024 09:00,LOSS
13883,1,20,01-08-2024 10:00,LOSS
13884,1,4,01-08-2024 11:00,LOSS
13885,8,16,01-08-2024 12:00,LOSS
13886,11,15,01-08-2024 13:00,WIN
13887,12,15,01-08-2024 14:00,LOSS
13888,4,11,01-08-2024 15:00,LOSS
13889,7,10,01-08-2024 16:00,WIN
13890,13,5,01-08-2024 17:00,LOSS
13891,7,17,01-08-2024 18:00,WIN
13892,4,15,01-08-2024 19:00,WIN
13893,12,10,01-08-2024 20:00,LOSS
13894,18,15,01-08-2024 21:00,LOSS
13895,13,11,01-08-2024 22:00,LOSS
13896,19,17,01-08-2024 23:00,WIN
13897,3,12,02-08-2024 00:00,WIN
13898,14,10,02-08-2024 01:00,WIN
13899,16,16,02-08-2024 02:00,LOSS
13900,2,11,02-08-2024 03:00,WIN
13901,20,5,02-08-2024 04:00,LOSS
13902,1,14,02-08-2024 05:00,WIN
13903,14,10,02-08-2024 06:00,WIN
13904,4,17,02-08-2024 07:00,WIN
13905,5,13,02-08-2024 08:00,LOSS
13906,7,19,02-08-2024 09:00,LOSS
13907,11,18,02-08-2024 10:00,LOSS
13908,12,18,02-08-2024 11:00,WIN
13909,8,4,02-08-2024 12:00,LOSS
13910,7,7,02-08-2024 13:00,LOSS
13911,3,18,02-08-2024 14:00,WIN
13912,2,13,02-08-2024 15:00,LOSS
13913,18,7,02-08-2024 16:00,LOSS
13914,10,12,02-08-2024 17:00,WIN
13915,19,17,02-08-2024 18:00,WIN
13916,15,8,02-08-2024 19:00,LOSS
13917,17,3,02-08-2024 20:00,WIN
13918,19,13,02-08-2024 21:00,LOSS
13919,3,7,02-08-2024 22:00,WIN
13920,13,6,02-08-2024 23:00,WIN
13921,2,3,03-08-2024 00:00,LOSS
13922,15,18,03-08-2024 01:00,LOSS
13923,17,4,03-08-2024 02:00,WIN
13924,1,16,03-08-2024 03:00,LOSS
13925,14,17,03-08-2024 04:00,LOSS
13926,1,10,03-08-2024 05:00,LOSS
13927,11,13,03-08-2024 06:00,WIN
13928,3,3,03-08-2024 07:00,LOSS
13929,13,13,03-08-2024 08:00,WIN
13930,9,2,03-08-2024 09:00,LOSS
13931,15,17,03-08-2024 10:00,WIN
13932,9,17,03-08-2024 11:00,WIN
13933,7,8,03-08-2024 12:00,WIN
13934,7,11,03-08-2024 13:00,WIN
13935,2,3,03-08-2024 14:00,LOSS
13936,2,18,03-08-2024 15:00,WIN
13937,1,7,03-08-2024 16:00,LOSS
13938,18,6,03-08-2024 17:00,WIN
13939,16,4,03-08-2024 18:00,WIN
13940,10,9,03-08-2024 19:00,WIN
13941,16,9,03-08-2024 20:00,WIN
13942,13,3,03-08-2024 21:00,WIN
13943,2,17,03-08-2024 22:00,WIN
13944,2,4,03-08-2024 23:00,LOSS
13945,10,10,04-08-2024 00:00,WIN
13946,12,13,04-08-2024 01:00,LOSS
13947,5,17,04-08-2024 02:00,WIN
13948,8,18,04-08-2024 03:00,LOSS
13949,17,5,04-08-2024 04:00,LOSS
13950,9,16,04-08-2024 05:00,LOSS
13951,15,17,04-08-2024 06:00,WIN
13952,13,18,04-08-2024 07:00,LOSS
13953,14,16,04-08-2024 08:00,LOSS
13954,8,4,04-08-2024 09:00,WIN
13955,17,19,04-08-2024 10:00,LOSS
13956,11,16,04-08-2024 11:00,LOSS
13957,8,13,04-08-2024 12:00,LOSS
13958,14,4,04-08-2024 13:00,WIN
13959,1,2,04-08-2024 14:00,LOSS
13960,12,11,04-08-2024 15:00,LOSS
13961,20,12,04-08-2024 16:00,LOSS
13962,10,14,04-08-2024 17:00,WIN
13963,12,12,04-08-2024 18:00,LOSS
13964,19,11,04-08-2024 19:00,LOSS
13965,15,4,04-08-2024 20:00,WIN
13966,3,10,04-08-2024 21:00,LOSS
13967,9,13,04-08-2024 22:00,LOSS
13968,8,2,04-08-2024 23:00,LOSS
13969,10,8,05-08-2024 00:00,LOSS
13970,8,2,05-08-2024 01:00,WIN
13971,16,8,05-08-2024 02:00,WIN
13972,11,20,05-08-2024 03:00,LOSS
13973,8,7,05-08-2024 04:00,WIN
13974,18,17,05-08-2024 05:00,LOSS
13975,7,7,05-08-2024 06:00,WIN
13976,3,10,05-08-2024 07:00,WIN
13977,8,6,05-08-2024 08:00,WIN
13978,5,5,05-08-2024 09:00,WIN
13979,5,7,05-08-2024 10:00,LOSS
13980,19,13,05-08-2024 11:00,WIN
13981,17,1,05-08-2024 12:00,WIN
13982,14,2,05-08-2024 13:00,WIN
13983,18,14,05-08-2024 14:00,WIN
13984,2,13,05-08-2024 15:00,WIN
13985,18,20,05-08-2024 16:00,LOSS
13986,7,11,05-08-2024 17:00,WIN
13987,17,3,05-08-2024 18:00,WIN
13988,18,9,05-08-2024 19:00,LOSS
13989,16,2,05-08-2024 20:00,LOSS
13990,7,10,05-08-2024 21:00,LOSS
13991,18,15,05-08-2024 22:00,WIN
13992,12,17,05-08-2024 23:00,WIN
13993,16,6,06-08-2024 00:00,WIN
13994,14,11,06-08-2024 01:00,WIN
13995,7,3,06-08-2024 02:00,LOSS
13996,8,7,06-08-2024 03:00,LOSS
13997,14,12,06-08-2024 04:00,WIN
13998,20,15,06-08-2024 05:00,WIN
13999,14,8,06-08-2024 06:00,WIN
14000,3,15,06-08-2024 07:00,WIN
14001,8,2,06-08-2024 08:00,LOSS
14002,19,13,06-08-2024 09:00,WIN
14003,12,12,06-08-2024 10:00,WIN
14004,11,5,06-08-2024 11:00,LOSS
14005,11,10,06-08-2024 12:00,WIN
14006,3,5,06-08-2024 13:00,WIN
14007,9,7,06-08-2024 14:00,WIN
14008,11,15,06-08-2024 15:00,WIN
14009,19,4,06-08-2024 16:00,LOSS
14010,10,16,06-08-2024 17:00,LOSS
14011,16,15,06-08-2024 18:00,WIN
14012,4,13,06-08-2024 19:00,WIN
14013,1,13,06-08-2024 20:00,LOSS
14014,4,2,06-08-2024 21:00,LOSS
14015,8,16,06-08-2024 22:00,LOSS
14016,16,6,06-08-2024 23:00,WIN
14017,6,9,07-08-2024 00:00,LOSS
14018,1,13,07-08-2024 01:00,LOSS
14019,16,5,07-08-2024 02:00,LOSS
14020,1,5,07-08-2024 03:00,LOSS
14021,20,17,07-08-2024 04:00,WIN
14022,16,19,07-08-2024 05:00,LOSS
14023,4,18,07-08-2024 06:00,LOSS
14024,2,15,07-08-2024 07:00,WIN
14025,14,5,07-08-2024 08:00,WIN
14026,6,16,07-08-2024 09:00,WIN
14027,20,1,07-08-2024 10:00,LOSS
14028,12,3,07-08-2024 11:00,LOSS
14029,5,17,07-08-2024 12:00,LOSS
14030,14,11,07-08-2024 13:00,LOSS
14031,5,7,07-08-2024 14:00,LOSS
14032,18,17,07-08-2024 15:00,WIN
14033,16,8,07-08-2024 16:00,LOSS
14034,16,19,07-08-2024 17:00,LOSS
14035,10,2,07-08-2024 18:00,WIN
14036,11,5,07-08-2024 19:00,LOSS
14037,5,19,07-08-2024 20:00,WIN
14038,4,14,07-08-2024 21:00,WIN
14039,20,8,07-08-2024 22:00,WIN
14040,7,18,07-08-2024 23:00,LOSS
14041,6,3,08-08-2024 00:00,WIN
14042,15,3,08-08-2024 01:00,WIN
14043,15,16,08-08-2024 02:00,LOSS
14044,17,6,08-08-2024 03:00,WIN
14045,10,17,08-08-2024 04:00,LOSS
14046,18,5,08-08-2024 05:00,LOSS
14047,11,15,08-08-2024 06:00,WIN
14048,18,1,08-08-2024 07:00,LOSS
14049,2,1,08-08-2024 08:00,LOSS
14050,3,12,08-08-2024 09:00,WIN
14051,6,20,08-08-2024 10:00,WIN
14052,3,4,08-08-2024 11:00,WIN
14053,7,11,08-08-2024 12:00,WIN
14054,3,10,08-08-2024 13:00,LOSS
14055,15,8,08-08-2024 14:00,WIN
14056,13,16,08-08-2024 15:00,LOSS
14057,6,12,08-08-2024 16:00,LOSS
14058,2,3,08-08-2024 17:00,WIN
14059,2,13,08-08-2024 18:00,LOSS
14060,19,10,08-08-2024 19:00,WIN
14061,8,20,08-08-2024 20:00,WIN
14062,9,3,08-08-2024 21:00,WIN
14063,2,19,08-08-2024 22:00,WIN
14064,7,11,08-08-2024 23:00,WIN
14065,17,11,09-08-2024 00:00,WIN
14066,15,10,09-08-2024 01:00,LOSS
14067,4,14,09-08-2024 02:00,LOSS
14068,13,17,09-08-2024 03:00,LOSS
14069,3,20,09-08-2024 04:00,WIN
14070,12,17,09-08-2024 05:00,WIN
14071,3,5,09-08-2024 06:00,WIN
14072,19,19,09-08-2024 07:00,WIN
14073,9,8,09-08-2024 08:00,WIN
14074,16,9,09-08-2024 09:00,LOSS
14075,18,17,09-08-2024 10:00,LOSS
14076,16,16,09-08-2024 11:00,LOSS
14077,12,12,09-08-2024 12:00,WIN
14078,7,13,09-08-2024 13:00,WIN
14079,19,16,09-08-2024 14:00,WIN
14080,12,12,09-08-2024 15:00,WIN
14081,11,4,09-08-2024 16:00,WIN
14082,12,7,09-08-2024 17:00,WIN
14083,19,14,09-08-2024 18:00,LOSS
14084,17,5,09-08-2024 19:00,LOSS
14085,15,7,09-08-2024 20:00,LOSS
14086,10,10,09-08-2024 21:00,WIN
14087,4,18,09-08-2024 22:00,WIN
14088,18,3,09-08-2024 23:00,WIN
14089,13,13,10-08-2024 00:00,WIN
14090,5,13,10-08-2024 01:00,LOSS
14091,20,17,10-08-2024 02:00,LOSS
14092,20,16,10-08-2024 03:00,LOSS
14093,4,19,10-08-2024 04:00,LOSS
14094,16,9,10-08-2024 05:00,WIN
14095,20,17,10-08-2024 06:00,LOSS
14096,9,18,10-08-2024 07:00,LOSS
14097,7,8,10-08-2024 08:00,LOSS
14098,18,2,10-08-2024 09:00,LOSS
14099,10,16,10-08-2024 10:00,LOSS
14100,15,6,10-08-2024 11:00,LOSS
14101,9,9,10-08-2024 12:00,WIN
14102,18,18,10-08-2024 13:00,WIN
14103,11,9,10-08-2024 14:00,LOSS
14104,12,20,10-08-2024 15:00,WIN
14105,2,3,10-08-2024 16:00,WIN
14106,9,4,10-08-2024 17:00,WIN
14107,17,8,10-08-2024 18:00,LOSS
14108,3,7,10-08-2024 19:00,WIN
14109,14,17,10-08-2024 20:00,LOSS
14110,3,18,10-08-2024 21:00,LOSS
14111,6,15,10-08-2024 22:00,WIN
14112,11,18,10-08-2024 23:00,WIN
14113,3,15,11-08-2024 00:00,WIN
14114,15,8,11-08-2024 01:00,LOSS
14115,8,5,11-08-2024 02:00,LOSS
14116,2,19,11-08-2024 03:00,WIN
14117,11,18,11-08-2024 04:00,WIN
14118,14,12,11-08-2024 05:00,WIN
14119,3,19,11-08-2024 06:00,LOSS
14120,10,5,11-08-2024 07:00,WIN
14121,18,10,11-08-2024 08:00,LOSS
14122,18,16,11-08-2024 09:00,LOSS
14123,12,3,11-08-2024 10:00,LOSS
14124,19,5,11-08-2024 11:00,LOSS
14125,19,20,11-08-2024 12:00,WIN
14126,9,12,11-08-2024 13:00,LOSS
14127,1,1,11-08-2024 14:00,LOSS
14128,12,3,11-08-2024 15:00,LOSS
14129,2,9,11-08-2024 16:00,LOSS
14130,2,14,11-08-2024 17:00,LOSS
14131,5,17,11-08-2024 18:00,WIN
14132,1,16,11-08-2024 19:00,LOSS
14133,12,18,11-08-2024 20:00,LOSS
14134,5,10,11-08-2024 21:00,WIN
14135,14,12,11-08-2024 22:00,LOSS
14136,8,5,11-08-2024 23:00,LOSS
14137,11,19,12-08-2024 00:00,LOSS
14138,18,18,12-08-2024 01:00,WIN
14139,10,11,12-08-2024 02:00,WIN
14140,9,8,12-08-2024 03:00,WIN
14141,15,1,12-08-2024 04:00,LOSS
14142,10,6,12-08-2024 05:00,LOSS
14143,4,13,12-08-2024 06:00,WIN
14144,11,15,12-08-2024 07:00,LOSS
14145,17,3,12-08-2024 08:00,WIN
14146,18,13,12-08-2024 09:00,LOSS
14147,17,17,12-08-2024 10:00,LOSS
14148,1,17,12-08-2024 11:00,WIN
14149,12,11,12-08-2024 12:00,WIN
14150,15,12,12-08-2024 13:00,LOSS
14151,17,3,12-08-2024 14:00,LOSS
14152,20,6,12-08-2024 15:00,LOSS
14153,3,7,12-08-2024 16:00,LOSS
14154,7,20,12-08-2024 17:00,LOSS
14155,1,19,12-08-2024 18:00,LOSS
14156,20,3,12-08-2024 19:00,WIN
14157,11,20,12-08-2024 20:00,WIN
14158,5,19,12-08-2024 21:00,LOSS
14159,3,13,12-08-2024 22:00,WIN
14160,20,4,12-08-2024 23:00,WIN
14161,9,6,13-08-2024 00:00,LOSS
14162,8,15,13-08-2024 01:00,LOSS
14163,2,12,13-08-2024 02:00,WIN
14164,19,11,13-08-2024 03:00,WIN
14165,16,10,13-08-2024 04:00,LOSS
14166,16,10,13-08-2024 05:00,WIN
14167,4,7,13-08-2024 06:00,WIN
14168,10,5,13-08-2024 07:00,WIN
14169,17,12,13-08-2024 08:00,LOSS
14170,15,3,13-08-2024 09:00,WIN
14171,18,10,13-08-2024 10:00,WIN
14172,2,10,13-08-2024 11:00,WIN
14173,8,6,13-08-2024 12:00,WIN
14174,10,15,13-08-2024 13:00,LOSS
14175,1,12,13-08-2024 14:00,WIN
14176,18,6,13-08-2024 15:00,WIN
14177,16,20,13-08-2024 16:00,LOSS
14178,10,17,13-08-2024 17:00,WIN
14179,5,13,13-08-2024 18:00,WIN
14180,9,7,13-08-2024 19:00,WIN
14181,10,8,13-08-2024 20:00,LOSS
14182,5,20,13-08-2024 21:00,WIN
14183,7,8,13-08-2024 22:00,LOSS
14184,6,12,13-08-2024 23:00,LOSS
14185,14,10,14-08-2024 00:00,LOSS
14186,18,13,14-08-2024 01:00,LOSS
14187,13,18,14-08-2024 02:00,LOSS
14188,10,11,14-08-2024 03:00,WIN
14189,14,4,14-08-2024 04:00,WIN
14190,8,12,14-08-2024 05:00,WIN
14191,14,14,14-08-2024 06:00,LOSS
14192,4,9,14-08-2024 07:00,WIN
14193,9,3,14-08-2024 08:00,LOSS
14194,6,19,14-08-2024 09:00,LOSS
14195,2,7,14-08-2024 10:00,WIN
14196,3,6,14-08-2024 11:00,WIN
14197,11,6,14-08-2024 12:00,LOSS
14198,17,11,14-08-2024 13:00,LOSS
14199,1,10,14-08-2024 14:00,LOSS
14200,3,12,14-08-2024 15:00,LOSS
14201,14,10,14-08-2024 16:00,WIN
14202,11,18,14-08-2024 17:00,WIN
14203,16,5,14-08-2024 18:00,WIN
14204,14,12,14-08-2024 19:00,LOSS
14205,19,18,14-08-2024 20:00,LOSS
14206,9,15,14-08-2024 21:00,LOSS
14207,2,19,14-08-2024 22:00,LOSS
14208,10,7,14-08-2024 23:00,LOSS
14209,3,1,15-08-2024 00:00,WIN
14210,15,4,15-08-2024 01:00,WIN
14211,12,5,15-08-2024 02:00,WIN
14212,19,12,15-08-2024 03:00,LOSS
14213,9,16,15-08-2024 04:00,WIN
14214,14,5,15-08-2024 05:00,LOSS
14215,15,16,15-08-2024 06:00,WIN
14216,11,3,15-08-2024 07:00,LOSS
14217,11,8,15-08-2024 08:00,LOSS
14218,3,19,15-08-2024 09:00,WIN
14219,11,17,15-08-2024 10:00,WIN
14220,1,11,15-08-2024 11:00,LOSS
14221,4,14,15-08-2024 12:00,LOSS
14222,20,3,15-08-2024 13:00,WIN
14223,10,17,15-08-2024 14:00,LOSS
14224,18,4,15-08-2024 15:00,LOSS
14225,1,19,15-08-2024 16:00,WIN
14226,3,12,15-08-2024 17:00,LOSS
14227,3,9,15-08-2024 18:00,LOSS
14228,19,2,15-08-2024 19:00,WIN
14229,18,5,15-08-2024 20:00,LOSS
14230,13,10,15-08-2024 21:00,WIN
14231,3,3,15-08-2024 22:00,LOSS
14232,18,19,15-08-2024 23:00,LOSS
14233,19,18,16-08-2024 00:00,LOSS
14234,8,5,16-08-2024 01:00,LOSS
14235,14,3,16-08-2024 02:00,LOSS
14236,1,18,16-08-2024 03:00,WIN
14237,1,14,16-08-2024 04:00,LOSS
14238,8,3,16-08-2024 05:00,LOSS
14239,12,8,16-08-2024 06:00,LOSS
14240,8,18,16-08-2024 07:00,WIN
14241,11,8,16-08-2024 08:00,WIN
14242,14,7,16-08-2024 09:00,LOSS
14243,18,18,16-08-2024 10:00,LOSS
14244,12,10,16-08-2024 11:00,LOSS
14245,8,9,16-08-2024 12:00,LOSS
14246,1,3,16-08-2024 13:00,WIN
14247,10,9,16-08-2024 14:00,LOSS
14248,5,16,16-08-2024 15:00,WIN
14249,14,19,16-08-2024 16:00,LOSS
14250,8,3,16-08-2024 17:00,LOSS
14251,12,1,16-08-2024 18:00,WIN
14252,4,18,16-08-2024 19:00,LOSS
14253,18,10,16-08-2024 20:00,WIN
14254,15,8,16-08-2024 21:00,LOSS
14255,6,8,16-08-2024 22:00,LOSS
14256,11,11,16-08-2024 23:00,WIN
14257,13,1,17-08-2024 00:00,WIN
14258,20,5,17-08-2024 01:00,WIN
14259,2,17,17-08-2024 02:00,WIN
14260,9,2,17-08-2024 03:00,LOSS
14261,9,16,17-08-2024 04:00,LOSS
14262,2,2,17-08-2024 05:00,LOSS
14263,3,14,17-08-2024 06:00,LOSS
14264,10,12,17-08-2024 07:00,WIN
14265,18,4,17-08-2024 08:00,WIN
14266,18,15,17-08-2024 09:00,WIN
14267,1,3,17-08-2024 10:00,LOSS
14268,15,9,17-08-2024 11:00,WIN
14269,13,10,17-08-2024 12:00,LOSS
14270,15,5,17-08-2024 13:00,LOSS
14271,4,2,17-08-2024 14:00,WIN
14272,19,6,17-08-2024 15:00,LOSS
14273,3,13,17-08-2024 16:00,WIN
14274,13,6,17-08-2024 17:00,WIN
14275,7,5,17-08-2024 18:00,WIN
14276,12,14,17-08-2024 19:00,WIN
14277,2,19,17-08-2024 20:00,LOSS
14278,16,5,17-08-2024 21:00,WIN
14279,8,15,17-08-2024 22:00,LOSS
14280,12,9,17-08-2024 23:00,LOSS
14281,2,16,18-08-2024 00:00,LOSS
14282,16,20,18-08-2024 01:00,WIN
14283,15,12,18-08-2024 02:00,WIN
14284,9,20,18-08-2024 03:00,WIN
14285,15,14,18-08-2024 04:00,WIN
14286,3,18,18-08-2024 05:00,WIN
14287,11,19,18-08-2024 06:00,WIN
14288,19,7,18-08-2024 07:00,LOSS
14289,15,19,18-08-2024 08:00,WIN
14290,1,6,18-08-2024 09:00,WIN
14291,7,18,18-08-2024 10:00,LOSS
14292,4,3,18-08-2024 11:00,LOSS
14293,1,11,18-08-2024 12:00,LOSS
14294,20,17,18-08-2024 13:00,LOSS
14295,11,4,18-08-2024 14:00,LOSS
14296,19,15,18-08-2024 15:00,LOSS
14297,12,5,18-08-2024 16:00,WIN
14298,8,11,18-08-2024 17:00,LOSS
14299,13,17,18-08-2024 18:00,LOSS
14300,5,8,18-08-2024 19:00,LOSS
14301,1,13,18-08-2024 20:00,WIN
14302,18,16,18-08-2024 21:00,LOSS
14303,2,5,18-08-2024 22:00,WIN
14304,9,19,18-08-2024 23:00,LOSS
14305,13,19,19-08-2024 00:00,WIN
14306,13,3,19-08-2024 01:00,LOSS
14307,15,8,19-08-2024 02:00,WIN
14308,20,14,19-08-2024 03:00,LOSS
14309,9,8,19-08-2024 04:00,WIN
14310,15,19,19-08-2024 05:00,LOSS
14311,7,15,19-08-2024 06:00,LOSS
14312,11,20,19-08-2024 07:00,LOSS
14313,5,13,19-08-2024 08:00,WIN
14314,9,13,19-08-2024 09:00,LOSS
14315,14,11,19-08-2024 10:00,WIN
14316,19,1,19-08-2024 11:00,LOSS
14317,15,9,19-08-2024 12:00,LOSS
14318,16,18,19-08-2024 13:00,LOSS
14319,20,1,19-08-2024 14:00,LOSS
14320,15,5,19-08-2024 15:00,WIN
14321,15,15,19-08-2024 16:00,WIN
14322,4,12,19-08-2024 17:00,LOSS
14323,19,5,19-08-2024 18:00,WIN
14324,19,19,19-08-2024 19:00,WIN
14325,5,7,19-08-2024 20:00,LOSS
14326,2,8,19-08-2024 21:00,LOSS
14327,1,16,19-08-2024 22:00,WIN
14328,9,18,19-08-2024 23:00,LOSS
14329,8,3,20-08-2024 00:00,WIN
14330,12,9,20-08-2024 01:00,WIN
14331,3,14,20-08-2024 02:00,LOSS
14332,8,6,20-08-2024 03:00,LOSS
14333,18,1,20-08-2024 04:00,LOSS
14334,9,11,20-08-2024 05:00,LOSS
14335,4,12,20-08-2024 06:00,LOSS
14336,16,18,20-08-2024 07:00,LOSS
14337,18,6,20-08-2024 08:00,WIN
14338,10,15,20-08-2024 09:00,LOSS
14339,17,2,20-08-2024 10:00,WIN
14340,8,8,20-08-2024 11:00,LOSS
14341,2,17,20-08-2024 12:00,LOSS
14342,10,12,20-08-2024 13:00,LOSS
14343,12,2,20-08-2024 14:00,LOSS
14344,7,16,20-08-2024 15:00,WIN
14345,7,5,20-08-2024 16:00,WIN
14346,13,6,20-08-2024 17:00,WIN
14347,19,18,20-08-2024 18:00,WIN
14348,10,13,20-08-2024 19:00,LOSS
14349,20,3,20-08-2024 20:00,LOSS
14350,6,4,20-08-2024 21:00,LOSS
14351,13,8,20-08-2024 22:00,WIN
14352,18,1,20-08-2024 23:00,LOSS
14353,16,11,21-08-2024 00:00,LOSS
14354,7,7,21-08-2024 01:00,WIN
14355,8,19,21-08-2024 02:00,WIN
14356,8,3,21-08-2024 03:00,WIN
14357,16,10,21-08-2024 04:00,WIN
14358,8,4,21-08-2024 05:00,LOSS
14359,15,1,21-08-2024 06:00,WIN
14360,8,7,21-08-2024 07:00,WIN
14361,6,10,21-08-2024 08:00,WIN
14362,1,3,21-08-2024 09:00,LOSS
14363,16,11,21-08-2024 10:00,WIN
14364,13,14,21-08-2024 11:00,LOSS
14365,4,7,21-08-2024 12:00,LOSS
14366,18,14,21-08-2024 13:00,LOSS
14367,7,6,21-08-2024 14:00,LOSS
14368,1,4,21-08-2024 15:00,LOSS
14369,5,1,21-08-2024 16:00,LOSS
14370,8,7,21-08-2024 17:00,WIN
14371,4,18,21-08-2024 18:00,WIN
14372,7,1,21-08-2024 19:00,WIN
14373,16,9,21-08-2024 20:00,WIN
14374,5,4,21-08-2024 21:00,LOSS
14375,17,3,21-08-2024 22:00,LOSS
14376,11,18,21-08-2024 23:00,WIN
14377,18,15,22-08-2024 00:00,LOSS
14378,5,3,22-08-2024 01:00,WIN
14379,3,20,22-08-2024 02:00,WIN
14380,20,20,22-08-2024 03:00,LOSS
14381,3,10,22-08-2024 04:00,LOSS
14382,12,6,22-08-2024 05:00,LOSS
14383,15,10,22-08-2024 06:00,WIN
14384,9,6,22-08-2024 07:00,LOSS
14385,14,7,22-08-2024 08:00,WIN
14386,8,12,22-08-2024 09:00,WIN
14387,18,20,22-08-2024 10:00,LOSS
14388,10,11,22-08-2024 11:00,WIN
14389,17,6,22-08-2024 12:00,WIN
14390,15,20,22-08-2024 13:00,WIN
14391,2,18,22-08-2024 14:00,WIN
14392,3,16,22-08-2024 15:00,LOSS
14393,9,16,22-08-2024 16:00,WIN
14394,19,1,22-08-2024 17:00,WIN
14395,17,15,22-08-2024 18:00,LOSS
14396,2,3,22-08-2024 19:00,WIN
14397,6,8,22-08-2024 20:00,LOSS
14398,11,1,22-08-2024 21:00,LOSS
14399,11,20,22-08-2024 22:00,WIN
14400,9,4,22-08-2024 23:00,LOSS
14401,16,17,23-08-2024 00:00,WIN
14402,20,15,23-08-2024 01:00,WIN
14403,20,15,23-08-2024 02:00,WIN
14404,14,9,23-08-2024 03:00,LOSS
14405,20,1,23-08-2024 04:00,LOSS
14406,11,11,23-08-2024 05:00,LOSS
14407,10,19,23-08-2024 06:00,WIN
14408,2,10,23-08-2024 07:00,WIN
14409,7,2,23-08-2024 08:00,WIN
14410,1,11,23-08-2024 09:00,LOSS
14411,5,19,23-08-2024 10:00,LOSS
14412,15,18,23-08-2024 11:00,LOSS
14413,11,4,23-08-2024 12:00,LOSS
14414,20,8,23-08-2024 13:00,WIN
14415,18,15,23-08-2024 14:00,LOSS
14416,9,9,23-08-2024 15:00,LOSS
14417,1,8,23-08-2024 16:00,WIN
14418,20,10,23-08-2024 17:00,LOSS
14419,6,10,23-08-2024 18:00,LOSS
14420,20,1,23-08-2024 19:00,WIN
14421,10,5,23-08-2024 20:00,LOSS
14422,4,16,23-08-2024 21:00,WIN
14423,18,14,23-08-2024 22:00,LOSS
14424,12,2,23-08-2024 23:00,WIN
14425,9,9,24-08-2024 00:00,WIN
14426,17,2,24-08-2024 01:00,WIN
14427,17,16,24-08-2024 02:00,WIN
14428,14,17,24-08-2024 03:00,WIN
14429,9,3,24-08-2024 04:00,LOSS
14430,19,6,24-08-2024 05:00,WIN
14431,13,3,24-08-2024 06:00,LOSS
14432,3,6,24-08-2024 07:00,WIN
14433,18,19,24-08-2024 08:00,WIN
14434,9,15,24-08-2024 09:00,WIN
14435,16,18,24-08-2024 10:00,LOSS
14436,18,2,24-08-2024 11:00,WIN
14437,7,20,24-08-2024 12:00,LOSS
14438,18,19,24-08-2024 13:00,LOSS
14439,14,17,24-08-2024 14:00,LOSS
14440,10,6,24-08-2024 15:00,LOSS
14441,10,6,24-08-2024 16:00,WIN
14442,6,5,24-08-2024 17:00,LOSS
14443,3,12,24-08-2024 18:00,LOSS
14444,17,14,24-08-2024 19:00,LOSS
14445,2,10,24-08-2024 20:00,LOSS
14446,7,11,24-08-2024 21:00,WIN
14447,12,12,24-08-2024 22:00,LOSS
14448,1,8,24-08-2024 23:00,WIN
14449,20,1,25-08-2024 00:00,WIN
14450,5,20,25-08-2024 01:00,WIN
14451,13,10,25-08-2024 02:00,LOSS
14452,19,2,25-08-2024 03:00,WIN
14453,6,10,25-08-2024 04:00,LOSS
14454,5,16,25-08-2024 05:00,LOSS
14455,5,18,25-08-2024 06:00,LOSS
14456,18,5,25-08-2024 07:00,WIN
14457,10,12,25-08-2024 08:00,WIN
14458,19,2,25-08-2024 09:00,LOSS
14459,2,1,25-08-2024 10:00,WIN
14460,11,2,25-08-2024 11:00,LOSS
14461,1,12,25-08-2024 12:00,WIN
14462,6,11,25-08-2024 13:00,WIN
14463,14,1,25-08-2024 14:00,WIN
14464,3,11,25-08-2024 15:00,LOSS
14465,7,7,25-08-2024 16:00,LOSS
14466,15,8,25-08-2024 17:00,LOSS
14467,19,15,25-08-2024 18:00,LOSS
14468,7,3,25-08-2024 19:00,WIN
14469,3,19,25-08-2024 20:00,WIN
14470,11,6,25-08-2024 21:00,WIN
14471,5,3,25-08-2024 22:00,LOSS
14472,14,13,25-08-2024 23:00,LOSS
14473,3,17,26-08-2024 00:00,WIN
14474,4,1,26-08-2024 01:00,LOSS
14475,5,15,26-08-2024 02:00,LOSS
14476,4,5,26-08-2024 03:00,WIN
14477,4,20,26-08-2024 04:00,LOSS
14478,2,11,26-08-2024 05:00,LOSS
14479,5,2,26-08-2024 06:00,WIN
14480,3,3,26-08-2024 07:00,LOSS
14481,14,16,26-08-2024 08:00,WIN
14482,4,1,26-08-2024 09:00,LOSS
14483,16,10,26-08-2024 10:00,WIN
14484,4,6,26-08-2024 11:00,WIN
14485,6,11,26-08-2024 12:00,WIN
14486,19,2,26-08-2024 13:00,LOSS
14487,17,11,26-08-2024 14:00,LOSS
14488,4,14,26-08-2024 15:00,LOSS
14489,12,8,26-08-2024 16:00,WIN
14490,7,15,26-08-2024 17:00,LOSS
14491,16,14,26-08-2024 18:00,LOSS
14492,14,6,26-08-2024 19:00,LOSS
14493,13,14,26-08-2024 20:00,WIN
14494,11,18,26-08-2024 21:00,LOSS
14495,11,17,26-08-2024 22:00,LOSS
14496,1,9,26-08-2024 23:00,LOSS
14497,8,20,27-08-2024 00:00,WIN
14498,13,13,27-08-2024 01:00,LOSS
14499,4,10,27-08-2024 02:00,LOSS
14500,19,15,27-08-2024 03:00,LOSS
14501,20,11,27-08-2024 04:00,LOSS
14502,6,2,27-08-2024 05:00,WIN
14503,3,11,27-08-2024 06:00,WIN
14504,9,2,27-08-2024 07:00,WIN
14505,19,9,27-08-2024 08:00,WIN
14506,7,8,27-08-2024 09:00,LOSS
14507,11,2,27-08-2024 10:00,WIN
14508,15,6,27-08-2024 11:00,LOSS
14509,15,2,27-08-2024 12:00,LOSS
14510,17,8,27-08-2024 13:00,WIN
14511,15,1,27-08-2024 14:00,LOSS
14512,12,6,27-08-2024 15:00,LOSS
14513,19,1,27-08-2024 16:00,LOSS
14514,3,14,27-08-2024 17:00,WIN
14515,2,4,27-08-2024 18:00,WIN
14516,1,20,27-08-2024 19:00,WIN
14517,4,16,27-08-2024 20:00,LOSS
14518,7,3,27-08-2024 21:00,WIN
14519,12,5,27-08-2024 22:00,WIN
14520,17,14,27-08-2024 23:00,LOSS
14521,3,12,28-08-2024 00:00,WIN
14522,17,6,28-08-2024 01:00,LOSS
14523,17,14,28-08-2024 02:00,WIN
14524,10,19,28-08-2024 03:00,WIN
14525,15,1,28-08-2024 04:00,WIN
14526,9,8,28-08-2024 05:00,WIN
14527,17,7,28-08-2024 06:00,WIN
14528,4,20,28-08-2024 07:00,LOSS
14529,9,12,28-08-2024 08:00,LOSS
14530,6,10,28-08-2024 09:00,LOSS
14531,15,6,28-08-2024 10:00,LOSS
14532,12,6,28-08-2024 11:00,LOSS
14533,8,13,28-08-2024 12:00,LOSS
14534,9,13,28-08-2024 13:00,WIN
14535,9,8,28-08-2024 14:00,WIN
14536,18,17,28-08-2024 15:00,LOSS
14537,2,16,28-08-2024 16:00,LOSS
14538,20,18,28-08-2024 17:00,LOSS
14539,10,5,28-08-2024 18:00,LOSS
14540,4,9,28-08-2024 19:00,LOSS
14541,6,17,28-08-2024 20:00,LOSS
14542,12,6,28-08-2024 21:00,WIN
14543,13,5,28-08-2024 22:00,WIN
14544,17,11,28-08-2024 23:00,WIN
14545,20,14,29-08-2024 00:00,LOSS
14546,20,3,29-08-2024 01:00,WIN
14547,6,18,29-08-2024 02:00,WIN
14548,15,15,29-08-2024 03:00,LOSS
14549,8,19,29-08-2024 04:00,WIN
14550,4,14,29-08-2024 05:00,LOSS
14551,4,19,29-08-2024 06:00,WIN
14552,3,18,29-08-2024 07:00,LOSS
14553,16,4,29-08-2024 08:00,LOSS
14554,8,8,29-08-2024 09:00,LOSS
14555,6,20,29-08-2024 10:00,LOSS
14556,20,4,29-08-2024 11:00,WIN
14557,13,12,29-08-2024 12:00,WIN
14558,16,6,29-08-2024 13:00,WIN
14559,18,9,29-08-2024 14:00,WIN
14560,9,3,29-08-2024 15:00,LOSS
14561,2,7,29-08-2024 16:00,LOSS
14562,6,14,29-08-2024 17:00,WIN
14563,14,20,29-08-2024 18:00,LOSS
14564,17,15,29-08-2024 19:00,LOSS
14565,15,12,29-08-2024 20:00,WIN
14566,20,4,29-08-2024 21:00,WIN
14567,5,6,29-08-2024 22:00,LOSS
14568,2,3,29-08-2024 23:00,LOSS
14569,12,4,30-08-2024 00:00,LOSS
14570,5,5,30-08-2024 01:00,LOSS
14571,1,7,30-08-2024 02:00,WIN
14572,2,14,30-08-2024 03:00,WIN
14573,1,17,30-08-2024 04:00,WIN
14574,11,8,30-08-2024 05:00,LOSS
14575,2,6,30-08-2024 06:00,WIN
14576,11,13,30-08-2024 07:00,WIN
14577,2,8,30-08-2024 08:00,WIN
14578,7,9,30-08-2024 09:00,WIN
14579,7,20,30-08-2024 10:00,LOSS
14580,7,19,30-08-2024 11:00,LOSS
14581,2,13,30-08-2024 12:00,WIN
14582,16,17,30-08-2024 13:00,WIN
14583,3,11,30-08-2024 14:00,WIN
14584,2,16,30-08-2024 15:00,LOSS
14585,5,2,30-08-2024 16:00,LOSS
14586,3,13,30-08-2024 17:00,WIN
14587,6,10,30-08-2024 18:00,WIN
14588,5,12,30-08-2024 19:00,WIN
14589,18,8,30-08-2024 20:00,LOSS
14590,8,9,30-08-2024 21:00,LOSS
14591,13,2,30-08-2024 22:00,LOSS
14592,2,7,30-08-2024 23:00,LOSS
14593,13,19,31-08-2024 00:00,WIN
14594,17,12,31-08-2024 01:00,WIN
14595,6,16,31-08-2024 02:00,LOSS
14596,2,20,31-08-2024 03:00,WIN
14597,20,15,31-08-2024 04:00,LOSS
14598,12,14,31-08-2024 05:00,LOSS
14599,16,9,31-08-2024 06:00,WIN
14600,4,17,31-08-2024 07:00,WIN
14601,16,19,31-08-2024 08:00,LOSS
14602,13,12,31-08-2024 09:00,LOSS
14603,14,14,31-08-2024 10:00,LOSS
14604,9,2,31-08-2024 11:00,WIN
14605,12,11,31-08-2024 12:00,LOSS
14606,14,19,31-08-2024 13:00,WIN
14607,11,4,31-08-2024 14:00,WIN
14608,10,1,31-08-2024 15:00,WIN
14609,7,15,31-08-2024 16:00,LOSS
14610,6,14,31-08-2024 17:00,WIN
14611,17,9,31-08-2024 18:00,WIN
14612,13,19,31-08-2024 19:00,WIN
14613,15,11,31-08-2024 20:00,WIN
14614,4,2,31-08-2024 21:00,WIN
14615,3,5,31-08-2024 22:00,LOSS
14616,11,18,31-08-2024 23:00,WIN
14617,20,16,01-09-2024 00:00,WIN
14618,20,12,01-09-2024 01:00,LOSS
14619,2,6,01-09-2024 02:00,LOSS
14620,11,11,01-09-2024 03:00,LOSS
14621,4,5,01-09-2024 04:00,LOSS
14622,17,5,01-09-2024 05:00,LOSS
14623,17,17,01-09-2024 06:00,LOSS
14624,17,18,01-09-2024 07:00,LOSS
14625,13,9,01-09-2024 08:00,WIN
14626,13,11,01-09-2024 09:00,LOSS
14627,19,8,01-09-2024 10:00,LOSS
14628,3,12,01-09-2024 11:00,WIN
14629,10,20,01-09-2024 12:00,LOSS
14630,16,1,01-09-2024 13:00,LOSS
14631,20,16,01-09-2024 14:00,WIN
14632,1,8,01-09-2024 15:00,WIN
14633,20,17,01-09-2024 16:00,WIN
14634,5,9,01-09-2024 17:00,LOSS
14635,1,10,01-09-2024 18:00,LOSS
14636,16,9,01-09-2024 19:00,WIN
14637,11,3,01-09-2024 20:00,LOSS
14638,4,1,01-09-2024 21:00,LOSS
14639,5,18,01-09-2024 22:00,LOSS
14640,16,18,01-09-2024 23:00,WIN
14641,12,6,02-09-2024 00:00,LOSS
14642,12,12,02-09-2024 01:00,LOSS
14643,4,19,02-09-2024 02:00,WIN
14644,17,13,02-09-2024 03:00,LOSS
14645,9,10,02-09-2024 04:00,LOSS
14646,6,1,02-09-2024 05:00,WIN
14647,8,19,02-09-2024 06:00,LOSS
14648,8,16,02-09-2024 07:00,LOSS
14649,8,4,02-09-2024 08:00,LOSS
14650,8,3,02-09-2024 09:00,WIN
14651,15,4,02-09-2024 10:00,LOSS
14652,14,11,02-09-2024 11:00,LOSS
14653,6,5,02-09-2024 12:00,LOSS
14654,10,15,02-09-2024 13:00,LOSS
14655,8,4,02-09-2024 14:00,WIN
14656,10,19,02-09-2024 15:00,WIN
14657,8,2,02-09-2024 16:00,WIN
14658,3,10,02-09-2024 17:00,WIN
14659,4,11,02-09-2024 18:00,WIN
14660,11,15,02-09-2024 19:00,WIN
14661,13,9,02-09-2024 20:00,WIN
14662,3,17,02-09-2024 21:00,LOSS
14663,5,6,02-09-2024 22:00,WIN
14664,12,4,02-09-2024 23:00,WIN
14665,12,13,03-09-2024 00:00,LOSS
14666,18,9,03-09-2024 01:00,WIN
14667,12,5,03-09-2024 02:00,LOSS
14668,18,19,03-09-2024 03:00,WIN
14669,10,19,03-09-2024 04:00,LOSS
14670,7,17,03-09-2024 05:00,LOSS
14671,3,7,03-09-2024 06:00,WIN
14672,5,12,03-09-2024 07:00,LOSS
14673,12,16,03-09-2024 08:00,WIN
14674,14,13,03-09-2024 09:00,WIN
14675,13,8,03-09-2024 10:00,LOSS
14676,9,12,03-09-2024 11:00,WIN
14677,10,17,03-09-2024 12:00,WIN
14678,1,16,03-09-2024 13:00,WIN
14679,6,16,03-09-2024 14:00,WIN
14680,6,10,03-09-2024 15:00,WIN
14681,2,1,03-09-2024 16:00,LOSS
14682,16,17,03-09-2024 17:00,WIN
14683,5,5,03-09-2024 18:00,LOSS
14684,14,4,03-09-2024 19:00,WIN
14685,16,3,03-09-2024 20:00,WIN
14686,9,1,03-09-2024 21:00,LOSS
14687,11,8,03-09-2024 22:00,WIN
14688,16,19,03-09-2024 23:00,WIN
14689,20,4,04-09-2024 00:00,LOSS
14690,12,14,04-09-2024 01:00,WIN
14691,15,20,04-09-2024 02:00,LOSS
14692,5,1,04-09-2024 03:00,LOSS
14693,17,17,04-09-2024 04:00,WIN
14694,8,4,04-09-2024 05:00,LOSS
14695,1,6,04-09-2024 06:00,LOSS
14696,2,14,04-09-2024 07:00,LOSS
14697,1,13,04-09-2024 08:00,LOSS
14698,20,4,04-09-2024 09:00,LOSS
14699,9,11,04-09-2024 10:00,LOSS
14700,1,18,04-09-2024 11:00,WIN
14701,3,16,04-09-2024 12:00,WIN
14702,16,4,04-09-2024 13:00,LOSS
14703,11,20,04-09-2024 14:00,LOSS
14704,7,10,04-09-2024 15:00,WIN
14705,20,15,04-09-2024 16:00,LOSS
14706,13,14,04-09-2024 17:00,LOSS
14707,6,14,04-09-2024 18:00,WIN
14708,12,15,04-09-2024 19:00,LOSS
14709,6,17,04-09-2024 20:00,LOSS
14710,2,19,04-09-2024 21:00,LOSS
14711,1,3,04-09-2024 22:00,LOSS
14712,7,20,04-09-2024 23:00,LOSS
14713,19,3,05-09-2024 00:00,LOSS
14714,14,2,05-09-2024 01:00,WIN
14715,4,5,05-09-2024 02:00,WIN
14716,16,6,05-09-2024 03:00,LOSS
14717,14,9,05-09-2024 04:00,WIN
14718,18,10,05-09-2024 05:00,WIN
14719,7,1,05-09-2024 06:00,LOSS
14720,4,3,05-09-2024 07:00,LOSS
14721,1,5,05-09-2024 08:00,WIN
14722,19,9,05-09-2024 09:00,LOSS
14723,18,1,05-09-2024 10:00,LOSS
14724,7,17,05-09-2024 11:00,LOSS
14725,16,8,05-09-2024 12:00,WIN
14726,17,14,05-09-2024 13:00,WIN
14727,19,16,05-09-2024 14:00,LOSS
14728,1,9,05-09-2024 15:00,LOSS
14729,16,16,05-09-2024 16:00,LOSS
14730,20,16,05-09-2024 17:00,WIN
14731,7,16,05-09-2024 18:00,LOSS
14732,7,6,05-09-2024 19:00,WIN
14733,15,7,05-09-2024 20:00,WIN
14734,2,5,05-09-2024 21:00,WIN
14735,13,4,05-09-2024 22:00,LOSS
14736,2,14,05-09-2024 23:00,LOSS
14737,17,19,06-09-2024 00:00,LOSS
14738,2,11,06-09-2024 01:00,WIN
14739,15,7,06-09-2024 02:00,WIN
14740,14,6,06-09-2024 03:00,WIN
14741,16,10,06-09-2024 04:00,WIN
14742,11,18,06-09-2024 05:00,LOSS
14743,12,5,06-09-2024 06:00,WIN
14744,9,4,06-09-2024 07:00,LOSS
14745,7,3,06-09-2024 08:00,LOSS
14746,11,5,06-09-2024 09:00,LOSS
14747,19,3,06-09-2024 10:00,LOSS
14748,4,14,06-09-2024 11:00,LOSS
14749,5,13,06-09-2024 12:00,WIN
14750,2,6,06-09-2024 13:00,LOSS
14751,16,13,06-09-2024 14:00,LOSS
14752,9,4,06-09-2024 15:00,LOSS
14753,15,1,06-09-2024 16:00,WIN
14754,14,19,06-09-2024 17:00,WIN
14755,16,5,06-09-2024 18:00,LOSS
14756,6,13,06-09-2024 19:00,LOSS
14757,1,2,06-09-2024 20:00,LOSS
14758,18,9,06-09-2024 21:00,WIN
14759,15,10,06-09-2024 22:00,WIN
14760,20,15,06-09-2024 23:00,WIN
14761,12,17,07-09-2024 00:00,WIN
14762,8,20,07-09-2024 01:00,WIN
14763,9,20,07-09-2024 02:00,WIN
14764,1,18,07-09-2024 03:00,WIN
14765,16,15,07-09-2024 04:00,LOSS
14766,14,17,07-09-2024 05:00,LOSS
14767,12,1,07-09-2024 06:00,LOSS
14768,15,10,07-09-2024 07:00,LOSS
14769,8,10,07-09-2024 08:00,LOSS
14770,4,5,07-09-2024 09:00,LOSS
14771,5,10,07-09-2024 10:00,WIN
14772,14,17,07-09-2024 11:00,WIN
14773,7,13,07-09-2024 12:00,WIN
14774,15,14,07-09-2024 13:00,WIN
14775,19,4,07-09-2024 14:00,LOSS
14776,14,20,07-09-2024 15:00,LOSS
14777,7,20,07-09-2024 16:00,LOSS
14778,6,5,07-09-2024 17:00,LOSS
14779,2,15,07-09-2024 18:00,WIN
14780,9,18,07-09-2024 19:00,LOSS
14781,18,3,07-09-2024 20:00,WIN
14782,15,15,07-09-2024 21:00,LOSS
14783,15,15,07-09-2024 22:00,LOSS
14784,10,10,07-09-2024 23:00,LOSS
14785,3,12,08-09-2024 00:00,LOSS
14786,4,12,08-09-2024 01:00,WIN
14787,2,5,08-09-2024 02:00,LOSS
14788,7,5,08-09-2024 03:00,LOSS
14789,1,8,08-09-2024 04:00,WIN
14790,12,13,08-09-2024 05:00,WIN
14791,5,8,08-09-2024 06:00,LOSS
14792,16,4,08-09-2024 07:00,WIN
14793,3,13,08-09-2024 08:00,LOSS
14794,11,19,08-09-2024 09:00,LOSS
14795,15,10,08-09-2024 10:00,WIN
14796,5,4,08-09-2024 11:00,WIN
14797,6,19,08-09-2024 12:00,WIN
14798,4,19,08-09-2024 13:00,LOSS
14799,12,19,08-09-2024 14:00,LOSS
14800,10,17,08-09-2024 15:00,WIN
14801,9,9,08-09-2024 16:00,LOSS
14802,1,16,08-09-2024 17:00,WIN
14803,10,10,08-09-2024 18:00,LOSS
14804,6,14,08-09-2024 19:00,LOSS
14805,14,15,08-09-2024 20:00,LOSS
14806,11,17,08-09-2024 21:00,LOSS
14807,14,20,08-09-2024 22:00,WIN
14808,11,3,08-09-2024 23:00,LOSS
14809,2,7,09-09-2024 00:00,LOSS
14810,15,6,09-09-2024 01:00,WIN
14811,10,8,09-09-2024 02:00,LOSS
14812,11,8,09-09-2024 03:00,LOSS
14813,8,19,09-09-2024 04:00,WIN
14814,8,20,09-09-2024 05:00,WIN
14815,5,8,09-09-2024 06:00,WIN
14816,14,9,09-09-2024 07:00,LOSS
14817,16,5,09-09-2024 08:00,LOSS
14818,13,14,09-09-2024 09:00,WIN
14819,7,20,09-09-2024 10:00,WIN
14820,5,10,09-09-2024 11:00,LOSS
14821,15,20,09-09-2024 12:00,LOSS
14822,11,12,09-09-2024 13:00,WIN
14823,17,19,09-09-2024 14:00,WIN
14824,8,4,09-09-2024 15:00,WIN
14825,10,8,09-09-2024 16:00,LOSS
14826,6,8,09-09-2024 17:00,LOSS
14827,10,20,09-09-2024 18:00,LOSS
14828,19,3,09-09-2024 19:00,LOSS
14829,7,6,09-09-2024 20:00,WIN
14830,20,18,09-09-2024 21:00,LOSS
14831,5,18,09-09-2024 22:00,WIN
14832,13,5,09-09-2024 23:00,LOSS
14833,3,3,10-09-2024 00:00,LOSS
14834,16,14,10-09-2024 01:00,LOSS
14835,6,19,10-09-2024 02:00,LOSS
14836,8,9,10-09-2024 03:00,WIN
14837,16,1,10-09-2024 04:00,LOSS
14838,17,6,10-09-2024 05:00,LOSS
14839,10,18,10-09-2024 06:00,LOSS
14840,17,5,10-09-2024 07:00,WIN
14841,10,16,10-09-2024 08:00,LOSS
14842,7,11,10-09-2024 09:00,WIN
14843,11,18,10-09-2024 10:00,LOSS
14844,3,13,10-09-2024 11:00,LOSS
14845,8,13,10-09-2024 12:00,WIN
14846,3,13,10-09-2024 13:00,WIN
14847,13,11,10-09-2024 14:00,LOSS
14848,6,13,10-09-2024 15:00,WIN
14849,17,9,10-09-2024 16:00,WIN
14850,2,1,10-09-2024 17:00,LOSS
14851,7,6,10-09-2024 18:00,LOSS
14852,6,2,10-09-2024 19:00,WIN
14853,1,12,10-09-2024 20:00,LOSS
14854,10,14,10-09-2024 21:00,LOSS
14855,20,18,10-09-2024 22:00,WIN
14856,1,12,10-09-2024 23:00,WIN
14857,14,19,11-09-2024 00:00,LOSS
14858,3,16,11-09-2024 01:00,LOSS
14859,9,20,11-09-2024 02:00,WIN
14860,7,14,11-09-2024 03:00,LOSS
14861,8,19,11-09-2024 04:00,LOSS
14862,7,17,11-09-2024 05:00,WIN
14863,10,10,11-09-2024 06:00,LOSS
14864,15,4,11-09-2024 07:00,WIN
14865,19,16,11-09-2024 08:00,LOSS
14866,2,1,11-09-2024 09:00,WIN
14867,20,2,11-09-2024 10:00,WIN
14868,10,13,11-09-2024 11:00,WIN
14869,4,10,11-09-2024 12:00,WIN
14870,15,18,11-09-2024 13:00,WIN
14871,6,1,11-09-2024 14:00,LOSS
14872,3,6,11-09-2024 15:00,LOSS
14873,12,4,11-09-2024 16:00,LOSS
14874,1,13,11-09-2024 17:00,LOSS
14875,9,9,11-09-2024 18:00,LOSS
14876,9,16,11-09-2024 19:00,LOSS
14877,6,6,11-09-2024 20:00,WIN
14878,3,2,11-09-2024 21:00,WIN
14879,9,2,11-09-2024 22:00,LOSS
14880,14,13,11-09-2024 23:00,WIN
14881,17,10,12-09-2024 00:00,LOSS
14882,17,18,12-09-2024 01:00,WIN
14883,18,4,12-09-2024 02:00,WIN
14884,11,20,12-09-2024 03:00,WIN
14885,20,14,12-09-2024 04:00,WIN
14886,19,5,12-09-2024 05:00,WIN
14887,17,12,12-09-2024 06:00,LOSS
14888,14,7,12-09-2024 07:00,LOSS
14889,16,10,12-09-2024 08:00,LOSS
14890,20,1,12-09-2024 09:00,WIN
14891,16,7,12-09-2024 10:00,WIN
14892,11,3,12-09-2024 11:00,LOSS
14893,1,12,12-09-2024 12:00,LOSS
14894,16,19,12-09-2024 13:00,LOSS
14895,6,20,12-09-2024 14:00,LOSS
14896,15,2,12-09-2024 15:00,LOSS
14897,1,5,12-09-2024 16:00,WIN
14898,7,7,12-09-2024 17:00,WIN
14899,8,18,12-09-2024 18:00,LOSS
14900,10,5,12-09-2024 19:00,LOSS
14901,7,3,12-09-2024 20:00,WIN
14902,8,14,12-09-2024 21:00,WIN
14903,13,5,12-09-2024 22:00,LOSS
14904,14,5,12-09-2024 23:00,WIN
14905,3,15,13-09-2024 00:00,WIN
14906,12,13,13-09-2024 01:00,LOSS
14907,2,11,13-09-2024 02:00,LOSS
14908,5,17,13-09-2024 03:00,LOSS
14909,12,12,13-09-2024 04:00,WIN
14910,4,2,13-09-2024 05:00,WIN
14911,1,19,13-09-2024 06:00,LOSS
14912,8,14,13-09-2024 07:00,LOSS
14913,20,8,13-09-2024 08:00,LOSS
14914,2,9,13-09-2024 09:00,LOSS
14915,17,17,13-09-2024 10:00,LOSS
14916,9,12,13-09-2024 11:00,LOSS
14917,20,18,13-09-2024 12:00,WIN
14918,11,5,13-09-2024 13:00,WIN
14919,17,19,13-09-2024 14:00,WIN
14920,5,6,13-09-2024 15:00,LOSS
14921,9,19,13-09-2024 16:00,WIN
14922,7,19,13-09-2024 17:00,LOSS
14923,18,5,13-09-2024 18:00,LOSS
14924,15,15,13-09-2024 19:00,LOSS
14925,16,11,13-09-2024 20:00,LOSS
14926,16,10,13-09-2024 21:00,LOSS
14927,20,12,13-09-2024 22:00,WIN
14928,13,7,13-09-2024 23:00,LOSS
14929,5,7,14-09-2024 00:00,LOSS
14930,2,16,14-09-2024 01:00,LOSS
14931,19,2,14-09-2024 02:00,LOSS
14932,5,16,14-09-2024 03:00,WIN
14933,1,12,14-09-2024 04:00,WIN
14934,1,18,14-09-2024 05:00,WIN
14935,16,6,14-09-2024 06:00,LOSS
14936,17,5,14-09-2024 07:00,LOSS
14937,7,17,14-09-2024 08:00,WIN
14938,10,12,14-09-2024 09:00,WIN
14939,4,8,14-09-2024 10:00,WIN
14940,4,7,14-09-2024 11:00,LOSS
14941,13,10,14-09-2024 12:00,LOSS
14942,13,10,14-09-2024 13:00,WIN
14943,3,1,14-09-2024 14:00,LOSS
14944,11,17,14-09-2024 15:00,WIN
14945,18,1,14-09-2024 16:00,LOSS
14946,20,4,14-09-2024 17:00,WIN
14947,11,14,14-09-2024 18:00,WIN
14948,18,9,14-09-2024 19:00,WIN
14949,14,8,14-09-2024 20:00,WIN
14950,11,4,14-09-2024 21:00,LOSS
14951,13,15,14-09-2024 22:00,WIN
14952,11,19,14-09-2024 23:00,LOSS
14953,7,7,15-09-2024 00:00,WIN
14954,10,10,15-09-2024 01:00,WIN
14955,6,17,15-09-2024 02:00,WIN
14956,6,12,15-09-2024 03:00,WIN
14957,18,20,15-09-2024 04:00,LOSS
14958,11,1,15-09-2024 05:00,LOSS
14959,15,13,15-09-2024 06:00,LOSS
14960,18,20,15-09-2024 07:00,WIN
14961,8,20,15-09-2024 08:00,WIN
14962,9,18,15-09-2024 09:00,LOSS
14963,3,8,15-09-2024 10:00,WIN
14964,15,9,15-09-2024 11:00,WIN
14965,20,14,15-09-2024 12:00,LOSS
14966,14,5,15-09-2024 13:00,WIN
14967,2,4,15-09-2024 14:00,LOSS
14968,18,4,15-09-2024 15:00,WIN
14969,1,5,15-09-2024 16:00,LOSS
14970,2,14,15-09-2024 17:00,LOSS
14971,13,18,15-09-2024 18:00,WIN
14972,13,20,15-09-2024 19:00,WIN
14973,14,20,15-09-2024 20:00,WIN
14974,12,13,15-09-2024 21:00,WIN
14975,20,1,15-09-2024 22:00,WIN
14976,2,12,15-09-2024 23:00,WIN
14977,2,8,16-09-2024 00:00,WIN
14978,14,15,16-09-2024 01:00,WIN
14979,7,9,16-09-2024 02:00,WIN
14980,4,2,16-09-2024 03:00,WIN
14981,11,13,16-09-2024 04:00,LOSS
14982,7,9,16-09-2024 05:00,LOSS
14983,1,6,16-09-2024 06:00,LOSS
14984,13,15,16-09-2024 07:00,LOSS
14985,8,4,16-09-2024 08:00,LOSS
14986,16,11,16-09-2024 09:00,LOSS
14987,19,15,16-09-2024 10:00,WIN
14988,16,11,16-09-2024 11:00,WIN
14989,13,6,16-09-2024 12:00,WIN
14990,7,16,16-09-2024 13:00,LOSS
14991,19,4,16-09-2024 14:00,LOSS
14992,5,20,16-09-2024 15:00,LOSS
14993,2,10,16-09-2024 16:00,LOSS
14994,9,10,16-09-2024 17:00,WIN
14995,16,15,16-09-2024 18:00,LOSS
14996,4,1,16-09-2024 19:00,WIN
14997,10,12,16-09-2024 20:00,WIN
14998,3,20,16-09-2024 21:00,LOSS
14999,1,20,16-09-2024 22:00,WIN
15000,7,5,16-09-2024 23:00,LOSS
15001,3,13,17-09-2024 00:00,WIN
15002,11,19,17-09-2024 01:00,WIN
15003,13,5,17-09-2024 02:00,WIN
15004,17,12,17-09-2024 03:00,WIN
15005,10,18,17-09-2024 04:00,WIN
15006,8,18,17-09-2024 05:00,WIN
15007,8,12,17-09-2024 06:00,LOSS
15008,19,19,17-09-2024 07:00,LOSS
15009,19,17,17-09-2024 08:00,LOSS
15010,18,7,17-09-2024 09:00,LOSS
15011,9,9,17-09-2024 10:00,WIN
15012,20,6,17-09-2024 11:00,WIN
15013,20,20,17-09-2024 12:00,WIN
15014,12,8,17-09-2024 13:00,LOSS
15015,13,18,17-09-2024 14:00,WIN
15016,5,18,17-09-2024 15:00,LOSS
15017,19,20,17-09-2024 16:00,LOSS
15018,5,1,17-09-2024 17:00,WIN
15019,4,9,17-09-2024 18:00,LOSS
15020,20,20,17-09-2024 19:00,WIN
15021,2,18,17-09-2024 20:00,LOSS
15022,15,8,17-09-2024 21:00,LOSS
15023,8,9,17-09-2024 22:00,LOSS
15024,14,6,17-09-2024 23:00,LOSS
15025,4,6,18-09-2024 00:00,WIN
15026,12,2,18-09-2024 01:00,LOSS
15027,6,5,18-09-2024 02:00,LOSS
15028,8,7,18-09-2024 03:00,LOSS
15029,9,15,18-09-2024 04:00,LOSS
15030,9,8,18-09-2024 05:00,LOSS
15031,16,5,18-09-2024 06:00,LOSS
15032,9,20,18-09-2024 07:00,WIN
15033,19,8,18-09-2024 08:00,WIN
15034,8,7,18-09-2024 09:00,WIN
15035,7,2,18-09-2024 10:00,WIN
15036,13,6,18-09-2024 11:00,WIN
15037,5,12,18-09-2024 12:00,WIN
15038,20,20,18-09-2024 13:00,WIN
15039,18,10,18-09-2024 14:00,WIN
15040,7,14,18-09-2024 15:00,WIN
15041,6,9,18-09-2024 16:00,WIN
15042,10,17,18-09-2024 17:00,WIN
15043,15,7,18-09-2024 18:00,LOSS
15044,17,20,18-09-2024 19:00,WIN
15045,13,2,18-09-2024 20:00,LOSS
15046,1,10,18-09-2024 21:00,WIN
15047,20,3,18-09-2024 22:00,LOSS
15048,9,18,18-09-2024 23:00,LOSS
15049,19,5,19-09-2024 00:00,WIN
15050,6,4,19-09-2024 01:00,LOSS
15051,4,13,19-09-2024 02:00,LOSS
15052,18,3,19-09-2024 03:00,LOSS
15053,6,6,19-09-2024 04:00,LOSS
15054,10,7,19-09-2024 05:00,WIN
15055,3,7,19-09-2024 06:00,WIN
15056,14,2,19-09-2024 07:00,WIN
15057,2,9,19-09-2024 08:00,LOSS
15058,19,3,19-09-2024 09:00,WIN
15059,9,16,19-09-2024 10:00,WIN
15060,2,15,19-09-2024 11:00,WIN
15061,15,17,19-09-2024 12:00,LOSS
15062,13,3,19-09-2024 13:00,WIN
15063,12,17,19-09-2024 14:00,LOSS
15064,17,6,19-09-2024 15:00,LOSS
15065,16,15,19-09-2024 16:00,WIN
15066,3,12,19-09-2024 17:00,WIN
15067,6,1,19-09-2024 18:00,LOSS
15068,10,10,19-09-2024 19:00,LOSS
15069,5,6,19-09-2024 20:00,WIN
15070,14,10,19-09-2024 21:00,LOSS
15071,18,1,19-09-2024 22:00,LOSS
15072,8,13,19-09-2024 23:00,LOSS
15073,16,2,20-09-2024 00:00,WIN
15074,2,18,20-09-2024 01:00,WIN
15075,20,18,20-09-2024 02:00,LOSS
15076,9,17,20-09-2024 03:00,WIN
15077,19,2,20-09-2024 04:00,WIN
15078,1,8,20-09-2024 05:00,LOSS
15079,9,6,20-09-2024 06:00,WIN
15080,20,15,20-09-2024 07:00,LOSS
15081,7,13,20-09-2024 08:00,WIN
15082,3,20,20-09-2024 09:00,LOSS
15083,1,20,20-09-2024 10:00,LOSS
15084,13,8,20-09-2024 11:00,WIN
15085,14,16,20-09-2024 12:00,LOSS
15086,1,16,20-09-2024 13:00,WIN
15087,18,4,20-09-2024 14:00,LOSS
15088,7,2,20-09-2024 15:00,LOSS
15089,15,3,20-09-2024 16:00,WIN
15090,1,3,20-09-2024 17:00,LOSS
15091,7,6,20-09-2024 18:00,WIN
15092,20,17,20-09-2024 19:00,WIN
15093,20,1,20-09-2024 20:00,WIN
15094,2,12,20-09-2024 21:00,WIN
15095,14,19,20-09-2024 22:00,WIN
15096,7,3,20-09-2024 23:00,LOSS
15097,14,18,21-09-2024 00:00,WIN
15098,20,20,21-09-2024 01:00,WIN
15099,15,5,21-09-2024 02:00,WIN
15100,7,11,21-09-2024 03:00,WIN
15101,3,19,21-09-2024 04:00,LOSS
15102,10,7,21-09-2024 05:00,WIN
15103,12,10,21-09-2024 06:00,WIN
15104,9,10,21-09-2024 07:00,WIN
15105,8,5,21-09-2024 08:00,WIN
15106,10,4,21-09-2024 09:00,WIN
15107,17,18,21-09-2024 10:00,LOSS
15108,9,3,21-09-2024 11:00,LOSS
15109,10,17,21-09-2024 12:00,WIN
15110,15,19,21-09-2024 13:00,LOSS
15111,4,12,21-09-2024 14:00,WIN
15112,7,4,21-09-2024 15:00,WIN
15113,16,19,21-09-2024 16:00,LOSS
15114,8,7,21-09-2024 17:00,LOSS
15115,14,9,21-09-2024 18:00,WIN
15116,20,13,21-09-2024 19:00,WIN
15117,7,10,21-09-2024 20:00,WIN
15118,14,11,21-09-2024 21:00,WIN
15119,6,3,21-09-2024 22:00,LOSS
15120,9,2,21-09-2024 23:00,LOSS
15121,14,13,22-09-2024 00:00,WIN
15122,16,15,22-09-2024 01:00,LOSS
15123,4,11,22-09-2024 02:00,LOSS
15124,20,20,22-09-2024 03:00,WIN
15125,3,19,22-09-2024 04:00,WIN
15126,13,16,22-09-2024 05:00,WIN
15127,16,16,22-09-2024 06:00,LOSS
15128,4,6,22-09-2024 07:00,WIN
15129,3,14,22-09-2024 08:00,LOSS
15130,7,7,22-09-2024 09:00,WIN
15131,15,1,22-09-2024 10:00,LOSS
15132,2,1,22-09-2024 11:00,WIN
15133,9,16,22-09-2024 12:00,WIN
15134,3,12,22-09-2024 13:00,WIN
15135,10,1,22-09-2024 14:00,WIN
15136,18,1,22-09-2024 15:00,LOSS
15137,15,19,22-09-2024 16:00,LOSS
15138,16,6,22-09-2024 17:00,LOSS
15139,13,13,22-09-2024 18:00,LOSS
15140,12,20,22-09-2024 19:00,WIN
15141,12,16,22-09-2024 20:00,WIN
15142,1,1,22-09-2024 21:00,LOSS
15143,15,11,22-09-2024 22:00,LOSS
15144,1,2,22-09-2024 23:00,WIN
15145,8,5,23-09-2024 00:00,WIN
15146,16,5,23-09-2024 01:00,WIN
15147,16,6,23-09-2024 02:00,WIN
15148,3,12,23-09-2024 03:00,WIN
15149,19,1,23-09-2024 04:00,WIN
15150,14,5,23-09-2024 05:00,LOSS
15151,9,1,23-09-2024 06:00,WIN
15152,12,18,23-09-2024 07:00,WIN
15153,16,6,23-09-2024 08:00,LOSS
15154,1,7,23-09-2024 09:00,WIN
15155,7,2,23-09-2024 10:00,LOSS
15156,18,1,23-09-2024 11:00,WIN
15157,11,6,23-09-2024 12:00,WIN
15158,3,16,23-09-2024 13:00,LOSS
15159,10,10,23-09-2024 14:00,LOSS
15160,12,15,23-09-2024 15:00,WIN
15161,8,14,23-09-2024 16:00,WIN
15162,3,11,23-09-2024 17:00,LOSS
15163,2,5,23-09-2024 18:00,LOSS
15164,7,19,23-09-2024 19:00,WIN
15165,12,14,23-09-2024 20:00,LOSS
15166,13,1,23-09-2024 21:00,WIN
15167,19,15,23-09-2024 22:00,LOSS
15168,20,9,23-09-2024 23:00,LOSS
15169,11,1,24-09-2024 00:00,WIN
15170,13,7,24-09-2024 01:00,LOSS
15171,8,1,24-09-2024 02:00,LOSS
15172,20,13,24-09-2024 03:00,WIN
15173,5,9,24-09-2024 04:00,LOSS
15174,19,7,24-09-2024 05:00,LOSS
15175,20,11,24-09-2024 06:00,WIN
15176,8,11,24-09-2024 07:00,WIN
15177,7,6,24-09-2024 08:00,WIN
15178,5,13,24-09-2024 09:00,LOSS
15179,9,3,24-09-2024 10:00,LOSS
15180,12,11,24-09-2024 11:00,LOSS
15181,4,2,24-09-2024 12:00,WIN
15182,3,18,24-09-2024 13:00,LOSS
15183,11,9,24-09-2024 14:00,LOSS
15184,18,19,24-09-2024 15:00,LOSS
15185,19,7,24-09-2024 16:00,LOSS
15186,2,14,24-09-2024 17:00,WIN
15187,9,16,24-09-2024 18:00,LOSS
15188,10,20,24-09-2024 19:00,LOSS
15189,19,14,24-09-2024 20:00,LOSS
15190,6,15,24-09-2024 21:00,LOSS
15191,9,15,24-09-2024 22:00,LOSS
15192,19,11,24-09-2024 23:00,WIN
15193,18,14,25-09-2024 00:00,WIN
15194,20,4,25-09-2024 01:00,LOSS
15195,19,3,25-09-2024 02:00,WIN
15196,4,4,25-09-2024 03:00,LOSS
15197,4,18,25-09-2024 04:00,WIN
15198,17,14,25-09-2024 05:00,LOSS
15199,13,2,25-09-2024 06:00,LOSS
15200,3,20,25-09-2024 07:00,WIN
15201,4,3,25-09-2024 08:00,WIN
15202,7,5,25-09-2024 09:00,WIN
15203,10,17,25-09-2024 10:00,LOSS
15204,13,4,25-09-2024 11:00,WIN
15205,4,18,25-09-2024 12:00,WIN
15206,7,20,25-09-2024 13:00,WIN
15207,11,16,25-09-2024 14:00,LOSS
15208,16,12,25-09-2024 15:00,LOSS
15209,12,1,25-09-2024 16:00,LOSS
15210,6,4,25-09-2024 17:00,WIN
15211,5,18,25-09-2024 18:00,LOSS
15212,13,14,25-09-2024 19:00,LOSS
15213,1,17,25-09-2024 20:00,WIN
15214,15,15,25-09-2024 21:00,WIN
15215,19,15,25-09-2024 22:00,WIN
15216,8,17,25-09-2024 23:00,LOSS
15217,11,2,26-09-2024 00:00,LOSS
15218,1,8,26-09-2024 01:00,LOSS
15219,1,10,26-09-2024 02:00,WIN
15220,12,4,26-09-2024 03:00,WIN
15221,16,18,26-09-2024 04:00,WIN
15222,8,8,26-09-2024 05:00,LOSS
15223,14,3,26-09-2024 06:00,WIN
15224,7,16,26-09-2024 07:00,LOSS
15225,18,17,26-09-2024 08:00,LOSS
15226,13,18,26-09-2024 09:00,LOSS
15227,13,20,26-09-2024 10:00,WIN
15228,9,1,26-09-2024 11:00,WIN
15229,18,4,26-09-2024 12:00,WIN
15230,3,6,26-09-2024 13:00,LOSS
15231,3,11,26-09-2024 14:00,WIN
15232,14,4,26-09-2024 15:00,LOSS
15233,9,12,26-09-2024 16:00,WIN
15234,16,7,26-09-2024 17:00,WIN
15235,5,4,26-09-2024 18:00,WIN
15236,13,20,26-09-2024 19:00,WIN
15237,8,20,26-09-2024 20:00,LOSS
15238,19,11,26-09-2024 21:00,LOSS
15239,9,5,26-09-2024 22:00,LOSS
15240,9,12,26-09-2024 23:00,LOSS
15241,10,9,27-09-2024 00:00,LOSS
15242,9,10,27-09-2024 01:00,LOSS
15243,12,4,27-09-2024 02:00,LOSS
15244,12,15,27-09-2024 03:00,LOSS
15245,11,7,27-09-2024 04:00,LOSS
15246,20,8,27-09-2024 05:00,WIN
15247,18,15,27-09-2024 06:00,WIN
15248,7,7,27-09-2024 07:00,WIN
15249,1,6,27-09-2024 08:00,LOSS
15250,7,12,27-09-2024 09:00,LOSS
15251,1,12,27-09-2024 10:00,WIN
15252,14,15,27-09-2024 11:00,LOSS
15253,13,2,27-09-2024 12:00,LOSS
15254,13,16,27-09-2024 13:00,WIN
15255,17,5,27-09-2024 14:00,WIN
15256,8,6,27-09-2024 15:00,LOSS
15257,17,18,27-09-2024 16:00,LOSS
15258,13,9,27-09-2024 17:00,LOSS
15259,17,10,27-09-2024 18:00,WIN
15260,15,4,27-09-2024 19:00,WIN
15261,2,15,27-09-2024 20:00,LOSS
15262,13,16,27-09-2024 21:00,WIN
15263,20,15,27-09-2024 22:00,LOSS
15264,8,9,27-09-2024 23:00,LOSS
15265,3,20,28-09-2024 00:00,WIN
15266,7,13,28-09-2024 01:00,LOSS
15267,17,5,28-09-2024 02:00,WIN
15268,6,5,28-09-2024 03:00,LOSS
15269,6,1,28-09-2024 04:00,LOSS
15270,11,7,28-09-2024 05:00,WIN
15271,6,6,28-09-2024 06:00,LOSS
15272,2,19,28-09-2024 07:00,WIN
15273,3,8,28-09-2024 08:00,LOSS
15274,2,14,28-09-2024 09:00,WIN
15275,3,6,28-09-2024 10:00,LOSS
15276,1,9,28-09-2024 11:00,LOSS
15277,7,8,28-09-2024 12:00,WIN
15278,16,9,28-09-2024 13:00,LOSS
15279,16,8,28-09-2024 14:00,LOSS
15280,17,12,28-09-2024 15:00,WIN
15281,1,2,28-09-2024 16:00,WIN
15282,18,17,28-09-2024 17:00,LOSS
15283,7,9,28-09-2024 18:00,LOSS
15284,9,10,28-09-2024 19:00,WIN
15285,3,13,28-09-2024 20:00,WIN
15286,16,10,28-09-2024 21:00,LOSS
15287,3,19,28-09-2024 22:00,LOSS
15288,6,3,28-09-2024 23:00,WIN
15289,19,8,29-09-2024 00:00,WIN
15290,14,13,29-09-2024 01:00,WIN
15291,3,3,29-09-2024 02:00,LOSS
15292,6,10,29-09-2024 03:00,LOSS
15293,17,6,29-09-2024 04:00,LOSS
15294,4,6,29-09-2024 05:00,WIN
15295,4,5,29-09-2024 06:00,LOSS
15296,10,7,29-09-2024 07:00,LOSS
15297,15,11,29-09-2024 08:00,LOSS
15298,17,20,29-09-2024 09:00,LOSS
15299,20,15,29-09-2024 10:00,WIN
15300,17,12,29-09-2024 11:00,WIN
15301,11,6,29-09-2024 12:00,LOSS
15302,4,1,29-09-2024 13:00,WIN
15303,13,3,29-09-2024 14:00,WIN
15304,19,12,29-09-2024 15:00,WIN
15305,14,16,29-09-2024 16:00,LOSS
15306,11,1,29-09-2024 17:00,WIN
15307,6,15,29-09-2024 18:00,LOSS
15308,16,4,29-09-2024 19:00,LOSS
15309,11,13,29-09-2024 20:00,LOSS
15310,19,12,29-09-2024 21:00,WIN
15311,6,10,29-09-2024 22:00,WIN
15312,12,2,29-09-2024 23:00,LOSS
15313,19,18,30-09-2024 00:00,LOSS
15314,18,9,30-09-2024 01:00,WIN
15315,14,12,30-09-2024 02:00,LOSS
15316,9,18,30-09-2024 03:00,LOSS
15317,10,14,30-09-2024 04:00,LOSS
15318,15,7,30-09-2024 05:00,WIN
15319,18,12,30-09-2024 06:00,WIN
15320,17,8,30-09-2024 07:00,LOSS
15321,20,15,30-09-2024 08:00,WIN
15322,13,11,30-09-2024 09:00,LOSS
15323,16,2,30-09-2024 10:00,LOSS
15324,7,7,30-09-2024 11:00,LOSS
15325,6,15,30-09-2024 12:00,LOSS
15326,13,13,30-09-2024 13:00,LOSS
15327,12,13,30-09-2024 14:00,LOSS
15328,15,7,30-09-2024 15:00,LOSS
15329,4,10,30-09-2024 16:00,LOSS
15330,12,14,30-09-2024 17:00,WIN
15331,20,15,30-09-2024 18:00,LOSS
15332,10,10,30-09-2024 19:00,WIN
15333,8,9,30-09-2024 20:00,WIN
15334,14,8,30-09-2024 21:00,WIN
15335,14,10,30-09-2024 22:00,LOSS
15336,7,16,30-09-2024 23:00,LOSS
15337,10,9,01-10-2024 00:00,WIN
15338,10,1,01-10-2024 01:00,LOSS
15339,18,11,01-10-2024 02:00,LOSS
15340,17,2,01-10-2024 03:00,WIN
15341,18,8,01-10-2024 04:00,WIN
15342,14,6,01-10-2024 05:00,WIN
15343,5,1,01-10-2024 06:00,WIN
15344,7,11,01-10-2024 07:00,WIN
15345,17,10,01-10-2024 08:00,LOSS
15346,2,17,01-10-2024 09:00,WIN
15347,4,17,01-10-2024 10:00,WIN
15348,9,19,01-10-2024 11:00,WIN
15349,8,6,01-10-2024 12:00,WIN
15350,4,18,01-10-2024 13:00,LOSS
15351,11,11,01-10-2024 14:00,LOSS
15352,7,10,01-10-2024 15:00,WIN
15353,11,3,01-10-2024 16:00,WIN
15354,3,17,01-10-2024 17:00,LOSS
15355,12,15,01-10-2024 18:00,LOSS
15356,8,10,01-10-2024 19:00,LOSS
15357,7,15,01-10-2024 20:00,LOSS
15358,13,16,01-10-2024 21:00,LOSS
15359,4,20,01-10-2024 22:00,WIN
15360,19,6,01-10-2024 23:00,WIN
15361,3,12,02-10-2024 00:00,LOSS
15362,11,8,02-10-2024 01:00,LOSS
15363,6,14,02-10-2024 02:00,LOSS
15364,16,4,02-10-2024 03:00,WIN
15365,8,20,02-10-2024 04:00,WIN
15366,11,2,02-10-2024 05:00,WIN
15367,9,3,02-10-2024 06:00,WIN
15368,1,18,02-10-2024 07:00,LOSS
15369,7,12,02-10-2024 08:00,WIN
15370,10,9,02-10-2024 09:00,WIN
15371,9,20,02-10-2024 10:00,LOSS
15372,13,12,02-10-2024 11:00,LOSS
15373,18,13,02-10-2024 12:00,WIN
15374,16,3,02-10-2024 13:00,WIN
15375,4,18,02-10-2024 14:00,LOSS
15376,6,14,02-10-2024 15:00,LOSS
15377,20,17,02-10-2024 16:00,LOSS
15378,9,2,02-10-2024 17:00,LOSS
15379,12,20,02-10-2024 18:00,LOSS
15380,12,11,02-10-2024 19:00,LOSS
15381,1,12,02-10-2024 20:00,WIN
15382,9,20,02-10-2024 21:00,LOSS
15383,10,7,02-10-2024 22:00,LOSS
15384,17,14,02-10-2024 23:00,LOSS
15385,1,16,03-10-2024 00:00,WIN
15386,1,19,03-10-2024 01:00,WIN
15387,10,14,03-10-2024 02:00,LOSS
15388,9,4,03-10-2024 03:00,LOSS
15389,9,9,03-10-2024 04:00,LOSS
15390,5,7,03-10-2024 05:00,LOSS
15391,2,18,03-10-2024 06:00,LOSS
15392,14,9,03-10-2024 07:00,WIN
15393,12,9,03-10-2024 08:00,WIN
15394,16,2,03-10-2024 09:00,LOSS
15395,16,17,03-10-2024 10:00,WIN
15396,9,15,03-10-2024 11:00,WIN
15397,19,12,03-10-2024 12:00,WIN
15398,20,15,03-10-2024 13:00,WIN
15399,20,17,03-10-2024 14:00,LOSS
15400,19,13,03-10-2024 15:00,WIN
15401,10,10,03-10-2024 16:00,LOSS
15402,11,19,03-10-2024 17:00,WIN
15403,20,16,03-10-2024 18:00,WIN
15404,5,3,03-10-2024 19:00,WIN
15405,20,14,03-10-2024 20:00,WIN
15406,16,1,03-10-2024 21:00,LOSS
15407,19,18,03-10-2024 22:00,WIN
15408,12,7,03-10-2024 23:00,LOSS
15409,17,11,04-10-2024 00:00,WIN
15410,2,4,04-10-2024 01:00,LOSS
15411,9,3,04-10-2024 02:00,LOSS
15412,18,1,04-10-2024 03:00,WIN
15413,2,12,04-10-2024 04:00,LOSS
15414,10,10,04-10-2024 05:00,LOSS
15415,9,7,04-10-2024 06:00,LOSS
15416,3,6,04-10-2024 07:00,WIN
15417,9,20,04-10-2024 08:00,LOSS
15418,4,17,04-10-2024 09:00,LOSS
15419,13,18,04-10-2024 10:00,LOSS
15420,19,13,04-10-2024 11:00,WIN
15421,12,9,04-10-2024 12:00,WIN
15422,12,1,04-10-2024 13:00,WIN
15423,15,4,04-10-2024 14:00,WIN
15424,12,14,04-10-2024 15:00,WIN
15425,2,19,04-10-2024 16:00,LOSS
15426,12,9,04-10-2024 17:00,LOSS
15427,7,9,04-10-2024 18:00,LOSS
15428,7,14,04-10-2024 19:00,WIN
15429,18,15,04-10-2024 20:00,LOSS
15430,12,2,04-10-2024 21:00,LOSS
15431,18,15,04-10-2024 22:00,WIN
15432,6,19,04-10-2024 23:00,WIN
15433,8,14,05-10-2024 00:00,WIN
15434,17,6,05-10-2024 01:00,WIN
15435,15,16,05-10-2024 02:00,WIN
15436,12,8,05-10-2024 03:00,WIN
15437,7,12,05-10-2024 04:00,LOSS
15438,13,1,05-10-2024 05:00,LOSS
15439,12,8,05-10-2024 06:00,LOSS
15440,16,14,05-10-2024 07:00,WIN
15441,19,1,05-10-2024 08:00,LOSS
15442,10,13,05-10-2024 09:00,LOSS
15443,16,13,05-10-2024 10:00,LOSS
15444,12,8,05-10-2024 11:00,LOSS
15445,3,19,05-10-2024 12:00,WIN
15446,4,7,05-10-2024 13:00,WIN
15447,1,3,05-10-2024 14:00,LOSS
15448,4,19,05-10-2024 15:00,LOSS
15449,4,14,05-10-2024 16:00,LOSS
15450,3,18,05-10-2024 17:00,WIN
15451,18,12,05-10-2024 18:00,WIN
15452,18,1,05-10-2024 19:00,WIN
15453,8,20,05-10-2024 20:00,WIN
15454,8,13,05-10-2024 21:00,LOSS
15455,7,4,05-10-2024 22:00,WIN
15456,8,20,05-10-2024 23:00,LOSS
15457,16,9,06-10-2024 00:00,WIN
15458,3,3,06-10-2024 01:00,LOSS
15459,15,6,06-10-2024 02:00,WIN
15460,18,7,06-10-2024 03:00,WIN
15461,11,7,06-10-2024 04:00,LOSS
15462,2,5,06-10-2024 05:00,WIN
15463,19,18,06-10-2024 06:00,WIN
15464,16,2,06-10-2024 07:00,WIN
15465,6,13,06-10-2024 08:00,LOSS
15466,9,13,06-10-2024 09:00,LOSS
15467,15,15,06-10-2024 10:00,LOSS
15468,9,1,06-10-2024 11:00,LOSS
15469,10,14,06-10-2024 12:00,LOSS
15470,2,1,06-10-2024 13:00,WIN
15471,15,15,06-10-2024 14:00,LOSS
15472,1,16,06-10-2024 15:00,WIN
15473,6,8,06-10-2024 16:00,WIN
15474,13,12,06-10-2024 17:00,LOSS
15475,20,9,06-10-2024 18:00,LOSS
15476,7,16,06-10-2024 19:00,WIN
15477,17,16,06-10-2024 20:00,WIN
15478,19,12,06-10-2024 21:00,WIN
15479,17,6,06-10-2024 22:00,WIN
15480,1,12,06-10-2024 23:00,WIN
15481,17,3,07-10-2024 00:00,WIN
15482,7,2,07-10-2024 01:00,WIN
15483,3,12,07-10-2024 02:00,WIN
15484,4,7,07-10-2024 03:00,WIN
15485,14,17,07-10-2024 04:00,WIN
15486,12,8,07-10-2024 05:00,LOSS
15487,7,9,07-10-2024 06:00,LOSS
15488,14,7,07-10-2024 07:00,WIN
15489,13,3,07-10-2024 08:00,WIN
15490,17,15,07-10-2024 09:00,LOSS
15491,5,6,07-10-2024 10:00,WIN
15492,8,6,07-10-2024 11:00,LOSS
15493,11,12,07-10-2024 12:00,LOSS
15494,15,2,07-10-2024 13:00,LOSS
15495,15,4,07-10-2024 14:00,WIN
15496,13,2,07-10-2024 15:00,LOSS
15497,7,3,07-10-2024 16:00,LOSS
15498,17,7,07-10-2024 17:00,LOSS
15499,18,8,07-10-2024 18:00,LOSS
15500,12,11,07-10-2024 19:00,LOSS
15501,15,1,07-10-2024 20:00,LOSS
15502,5,8,07-10-2024 21:00,WIN
15503,19,13,07-10-2024 22:00,WIN
15504,8,7,07-10-2024 23:00,WIN
15505,4,3,08-10-2024 00:00,WIN
15506,5,9,08-10-2024 01:00,LOSS
15507,8,19,08-10-2024 02:00,WIN
15508,19,7,08-10-2024 03:00,WIN
15509,19,18,08-10-2024 04:00,LOSS
15510,2,20,08-10-2024 05:00,LOSS
15511,6,20,08-10-2024 06:00,LOSS
15512,18,15,08-10-2024 07:00,LOSS
15513,17,12,08-10-2024 08:00,LOSS
15514,17,9,08-10-2024 09:00,LOSS
15515,17,15,08-10-2024 10:00,WIN
15516,15,13,08-10-2024 11:00,WIN
15517,7,11,08-10-2024 12:00,WIN
15518,5,20,08-10-2024 13:00,WIN
15519,19,15,08-10-2024 14:00,LOSS
15520,7,18,08-10-2024 15:00,LOSS
15521,2,2,08-10-2024 16:00,LOSS
15522,15,12,08-10-2024 17:00,LOSS
15523,14,4,08-10-2024 18:00,LOSS
15524,6,10,08-10-2024 19:00,LOSS
15525,7,9,08-10-2024 20:00,WIN
15526,9,14,08-10-2024 21:00,WIN
15527,2,16,08-10-2024 22:00,WIN
15528,20,1,08-10-2024 23:00,WIN
15529,1,12,09-10-2024 00:00,WIN
15530,18,2,09-10-2024 01:00,WIN
15531,12,15,09-10-2024 02:00,WIN
15532,7,14,09-10-2024 03:00,WIN
15533,11,11,09-10-2024 04:00,WIN
15534,12,1,09-10-2024 05:00,WIN
15535,18,16,09-10-2024 06:00,LOSS
15536,5,7,09-10-2024 07:00,WIN
15537,1,13,09-10-2024 08:00,WIN
15538,1,2,09-10-2024 09:00,LOSS
15539,9,17,09-10-2024 10:00,WIN
15540,1,18,09-10-2024 11:00,WIN
15541,12,14,09-10-2024 12:00,WIN
15542,17,4,09-10-2024 13:00,WIN
15543,16,6,09-10-2024 14:00,LOSS
15544,17,16,09-10-2024 15:00,WIN
15545,7,11,09-10-2024 16:00,LOSS
15546,3,15,09-10-2024 17:00,WIN
15547,9,8,09-10-2024 18:00,LOSS
15548,3,7,09-10-2024 19:00,WIN
15549,16,14,09-10-2024 20:00,LOSS
15550,16,15,09-10-2024 21:00,LOSS
15551,10,7,09-10-2024 22:00,WIN
15552,8,11,09-10-2024 23:00,WIN
15553,16,11,10-10-2024 00:00,LOSS
15554,16,9,10-10-2024 01:00,WIN
15555,6,20,10-10-2024 02:00,WIN
15556,4,19,10-10-2024 03:00,WIN
15557,15,19,10-10-2024 04:00,WIN
15558,3,10,10-10-2024 05:00,LOSS
15559,17,3,10-10-2024 06:00,WIN
15560,15,9,10-10-2024 07:00,WIN
15561,20,16,10-10-2024 08:00,WIN
15562,9,14,10-10-2024 09:00,WIN
15563,13,17,10-10-2024 10:00,WIN
15564,1,6,10-10-2024 11:00,LOSS
15565,12,7,10-10-2024 12:00,WIN
15566,17,1,10-10-2024 13:00,LOSS
15567,14,14,10-10-2024 14:00,WIN
15568,1,12,10-10-2024 15:00,LOSS
15569,10,6,10-10-2024 16:00,LOSS
15570,14,4,10-10-2024 17:00,WIN
15571,15,20,10-10-2024 18:00,WIN
15572,11,5,10-10-2024 19:00,WIN
15573,19,14,10-10-2024 20:00,LOSS
15574,11,3,10-10-2024 21:00,WIN
15575,19,15,10-10-2024 22:00,LOSS
15576,11,20,10-10-2024 23:00,LOSS
15577,19,18,11-10-2024 00:00,WIN
15578,7,12,11-10-2024 01:00,WIN
15579,7,20,11-10-2024 02:00,WIN
15580,6,16,11-10-2024 03:00,LOSS
15581,9,4,11-10-2024 04:00,LOSS
15582,18,1,11-10-2024 05:00,LOSS
15583,6,9,11-10-2024 06:00,WIN
15584,14,5,11-10-2024 07:00,LOSS
15585,9,18,11-10-2024 08:00,LOSS
15586,3,4,11-10-2024 09:00,WIN
15587,3,8,11-10-2024 10:00,WIN
15588,8,10,11-10-2024 11:00,WIN
15589,12,7,11-10-2024 12:00,LOSS
15590,18,3,11-10-2024 13:00,LOSS
15591,1,10,11-10-2024 14:00,LOSS
15592,19,16,11-10-2024 15:00,WIN
15593,12,20,11-10-2024 16:00,WIN
15594,20,3,11-10-2024 17:00,LOSS
15595,16,17,11-10-2024 18:00,LOSS
15596,9,10,11-10-2024 19:00,LOSS
15597,6,11,11-10-2024 20:00,WIN
15598,6,8,11-10-2024 21:00,WIN
15599,7,8,11-10-2024 22:00,LOSS
15600,14,15,11-10-2024 23:00,WIN
15601,16,17,12-10-2024 00:00,WIN
15602,3,1,12-10-2024 01:00,LOSS
15603,1,10,12-10-2024 02:00,LOSS
15604,20,16,12-10-2024 03:00,LOSS
15605,17,5,12-10-2024 04:00,WIN
15606,1,11,12-10-2024 05:00,LOSS
15607,5,19,12-10-2024 06:00,LOSS
15608,17,1,12-10-2024 07:00,WIN
15609,5,11,12-10-2024 08:00,WIN
15610,11,18,12-10-2024 09:00,LOSS
15611,3,8,12-10-2024 10:00,WIN
15612,10,14,12-10-2024 11:00,LOSS
15613,14,20,12-10-2024 12:00,WIN
15614,19,2,12-10-2024 13:00,WIN
15615,11,8,12-10-2024 14:00,WIN
15616,1,11,12-10-2024 15:00,LOSS
15617,12,8,12-10-2024 16:00,LOSS
15618,20,1,12-10-2024 17:00,LOSS
15619,2,15,12-10-2024 18:00,LOSS
15620,1,19,12-10-2024 19:00,LOSS
15621,15,17,12-10-2024 20:00,WIN
15622,13,20,12-10-2024 21:00,LOSS
15623,13,15,12-10-2024 22:00,LOSS
15624,13,13,12-10-2024 23:00,WIN
15625,17,6,13-10-2024 00:00,LOSS
15626,6,3,13-10-2024 01:00,LOSS
15627,12,15,13-10-2024 02:00,LOSS
15628,15,18,13-10-2024 03:00,WIN
15629,3,13,13-10-2024 04:00,WIN
15630,6,15,13-10-2024 05:00,LOSS
15631,3,12,13-10-2024 06:00,LOSS
15632,12,16,13-10-2024 07:00,WIN
15633,11,12,13-10-2024 08:00,LOSS
15634,6,17,13-10-2024 09:00,WIN
15635,11,13,13-10-2024 10:00,WIN
15636,17,9,13-10-2024 11:00,WIN
15637,4,18,13-10-2024 12:00,WIN
15638,11,10,13-10-2024 13:00,LOSS
15639,13,13,13-10-2024 14:00,LOSS
15640,16,11,13-10-2024 15:00,WIN
15641,6,18,13-10-2024 16:00,LOSS
15642,20,9,13-10-2024 17:00,LOSS
15643,6,19,13-10-2024 18:00,WIN
15644,17,11,13-10-2024 19:00,WIN
15645,3,18,13-10-2024 20:00,WIN
15646,7,8,13-10-2024 21:00,LOSS
15647,1,18,13-10-2024 22:00,WIN
15648,12,14,13-10-2024 23:00,WIN
15649,18,19,14-10-2024 00:00,WIN
15650,13,1,14-10-2024 01:00,WIN
15651,3,6,14-10-2024 02:00,LOSS
15652,20,18,14-10-2024 03:00,LOSS
15653,6,17,14-10-2024 04:00,LOSS
15654,14,14,14-10-2024 05:00,WIN
15655,14,20,14-10-2024 06:00,LOSS
15656,9,13,14-10-2024 07:00,LOSS
15657,13,15,14-10-2024 08:00,WIN
15658,1,8,14-10-2024 09:00,WIN
15659,4,19,14-10-2024 10:00,WIN
15660,13,8,14-10-2024 11:00,LOSS
15661,20,17,14-10-2024 12:00,LOSS
15662,6,9,14-10-2024 13:00,WIN
15663,1,18,14-10-2024 14:00,LOSS
15664,14,9,14-10-2024 15:00,WIN
15665,1,3,14-10-2024 16:00,LOSS
15666,10,16,14-10-2024 17:00,WIN
15667,17,7,14-10-2024 18:00,WIN
15668,19,17,14-10-2024 19:00,WIN
15669,17,14,14-10-2024 20:00,WIN
15670,20,11,14-10-2024 21:00,LOSS
15671,7,14,14-10-2024 22:00,WIN
15672,9,7,14-10-2024 23:00,WIN
15673,12,16,15-10-2024 00:00,WIN
15674,20,1,15-10-2024 01:00,WIN
15675,13,20,15-10-2024 02:00,LOSS
15676,2,10,15-10-2024 03:00,WIN
15677,12,11,15-10-2024 04:00,WIN
15678,19,15,15-10-2024 05:00,WIN
15679,17,18,15-10-2024 06:00,LOSS
15680,2,16,15-10-2024 07:00,WIN
15681,2,14,15-10-2024 08:00,WIN
15682,6,5,15-10-2024 09:00,LOSS
15683,7,15,15-10-2024 10:00,WIN
15684,5,12,15-10-2024 11:00,LOSS
15685,12,16,15-10-2024 12:00,WIN
15686,11,20,15-10-2024 13:00,WIN
15687,10,11,15-10-2024 14:00,LOSS
15688,17,20,15-10-2024 15:00,WIN
15689,8,16,15-10-2024 16:00,LOSS
15690,10,8,15-10-2024 17:00,WIN
15691,12,8,15-10-2024 18:00,WIN
15692,2,2,15-10-2024 19:00,LOSS
15693,8,4,15-10-2024 20:00,WIN
15694,6,3,15-10-2024 21:00,LOSS
15695,1,9,15-10-2024 22:00,WIN
15696,13,16,15-10-2024 23:00,LOSS
15697,14,13,16-10-2024 00:00,LOSS
15698,10,13,16-10-2024 01:00,WIN
15699,9,6,16-10-2024 02:00,LOSS
15700,11,20,16-10-2024 03:00,WIN
15701,16,4,16-10-2024 04:00,WIN
15702,8,19,16-10-2024 05:00,WIN
15703,15,12,16-10-2024 06:00,WIN
15704,14,3,16-10-2024 07:00,LOSS
15705,4,5,16-10-2024 08:00,WIN
15706,12,5,16-10-2024 09:00,LOSS
15707,17,11,16-10-2024 10:00,WIN
15708,18,14,16-10-2024 11:00,LOSS
15709,5,17,16-10-2024 12:00,LOSS
15710,8,7,16-10-2024 13:00,LOSS
15711,5,7,16-10-2024 14:00,LOSS
15712,3,3,16-10-2024 15:00,WIN
15713,16,6,16-10-2024 16:00,LOSS
15714,2,14,16-10-2024 17:00,WIN
15715,4,17,16-10-2024 18:00,LOSS
15716,3,7,16-10-2024 19:00,WIN
15717,12,20,16-10-2024 20:00,WIN
15718,9,2,16-10-2024 21:00,LOSS
15719,19,18,16-10-2024 22:00,LOSS
15720,13,8,16-10-2024 23:00,LOSS
15721,14,13,17-10-2024 00:00,WIN
15722,9,19,17-10-2024 01:00,LOSS
15723,5,6,17-10-2024 02:00,WIN
15724,8,19,17-10-2024 03:00,LOSS
15725,1,18,17-10-2024 04:00,LOSS
15726,16,7,17-10-2024 05:00,WIN
15727,13,2,17-10-2024 06:00,WIN
15728,10,5,17-10-2024 07:00,WIN
15729,9,10,17-10-2024 08:00,LOSS
15730,16,18,17-10-2024 09:00,WIN
15731,9,8,17-10-2024 10:00,LOSS
15732,12,11,17-10-2024 11:00,LOSS
15733,4,16,17-10-2024 12:00,LOSS
15734,9,2,17-10-2024 13:00,LOSS
15735,18,9,17-10-2024 14:00,LOSS
15736,16,14,17-10-2024 15:00,LOSS
15737,2,20,17-10-2024 16:00,WIN
15738,14,20,17-10-2024 17:00,WIN
15739,4,9,17-10-2024 18:00,WIN
15740,11,7,17-10-2024 19:00,LOSS
15741,4,9,17-10-2024 20:00,WIN
15742,2,11,17-10-2024 21:00,WIN
15743,15,7,17-10-2024 22:00,LOSS
15744,18,5,17-10-2024 23:00,WIN
15745,9,4,18-10-2024 00:00,WIN
15746,12,11,18-10-2024 01:00,LOSS
15747,5,4,18-10-2024 02:00,LOSS
15748,7,17,18-10-2024 03:00,WIN
15749,12,17,18-10-2024 04:00,LOSS
15750,5,8,18-10-2024 05:00,WIN
15751,19,6,18-10-2024 06:00,LOSS
15752,3,17,18-10-2024 07:00,LOSS
15753,15,11,18-10-2024 08:00,LOSS
15754,19,12,18-10-2024 09:00,WIN
15755,17,8,18-10-2024 10:00,LOSS
15756,3,1,18-10-2024 11:00,LOSS
15757,20,8,18-10-2024 12:00,WIN
15758,15,19,18-10-2024 13:00,LOSS
15759,6,19,18-10-2024 14:00,LOSS
15760,11,4,18-10-2024 15:00,WIN
15761,14,8,18-10-2024 16:00,LOSS
15762,4,18,18-10-2024 17:00,LOSS
15763,3,2,18-10-2024 18:00,WIN
15764,8,1,18-10-2024 19:00,LOSS
15765,3,8,18-10-2024 20:00,LOSS
15766,4,9,18-10-2024 21:00,WIN
15767,4,20,18-10-2024 22:00,WIN
15768,14,8,18-10-2024 23:00,WIN
15769,12,15,19-10-2024 00:00,WIN
15770,3,14,19-10-2024 01:00,LOSS
15771,20,2,19-10-2024 02:00,WIN
15772,8,11,19-10-2024 03:00,LOSS
15773,19,7,19-10-2024 04:00,LOSS
15774,14,14,19-10-2024 05:00,LOSS
15775,1,10,19-10-2024 06:00,LOSS
15776,20,14,19-10-2024 07:00,LOSS
15777,14,19,19-10-2024 08:00,WIN
15778,19,19,19-10-2024 09:00,LOSS
15779,7,17,19-10-2024 10:00,WIN
15780,13,1,19-10-2024 11:00,WIN
15781,9,11,19-10-2024 12:00,WIN
15782,16,10,19-10-2024 13:00,LOSS
15783,16,16,19-10-2024 14:00,LOSS
15784,8,5,19-10-2024 15:00,LOSS
15785,8,8,19-10-2024 16:00,LOSS
15786,18,4,19-10-2024 17:00,WIN
15787,2,7,19-10-2024 18:00,WIN
15788,2,10,19-10-2024 19:00,LOSS
15789,10,11,19-10-2024 20:00,LOSS
15790,17,4,19-10-2024 21:00,LOSS
15791,8,15,19-10-2024 22:00,LOSS
15792,8,11,19-10-2024 23:00,LOSS
15793,5,13,20-10-2024 00:00,WIN
15794,3,4,20-10-2024 01:00,LOSS
15795,1,16,20-10-2024 02:00,WIN
15796,20,19,20-10-2024 03:00,LOSS
15797,7,8,20-10-2024 04:00,WIN
15798,7,17,20-10-2024 05:00,LOSS
15799,13,10,20-10-2024 06:00,WIN
15800,6,16,20-10-2024 07:00,LOSS
15801,13,4,20-10-2024 08:00,WIN
15802,2,18,20-10-2024 09:00,LOSS
15803,2,20,20-10-2024 10:00,LOSS
15804,2,7,20-10-2024 11:00,WIN
15805,15,10,20-10-2024 12:00,WIN
15806,15,13,20-10-2024 13:00,LOSS
15807,18,16,20-10-2024 14:00,LOSS
15808,5,14,20-10-2024 15:00,LOSS
15809,14,13,20-10-2024 16:00,LOSS
15810,5,2,20-10-2024 17:00,LOSS
15811,8,3,20-10-2024 18:00,LOSS
15812,11,8,20-10-2024 19:00,LOSS
15813,8,7,20-10-2024 20:00,WIN
15814,6,4,20-10-2024 21:00,LOSS
15815,4,4,20-10-2024 22:00,WIN
15816,20,16,20-10-2024 23:00,WIN
15817,3,16,21-10-2024 00:00,WIN
15818,12,9,21-10-2024 01:00,LOSS
15819,11,8,21-10-2024 02:00,LOSS
15820,5,14,21-10-2024 03:00,LOSS
15821,8,17,21-10-2024 04:00,WIN
15822,11,6,21-10-2024 05:00,WIN
15823,11,3,21-10-2024 06:00,LOSS
15824,20,20,21-10-2024 07:00,WIN
15825,3,13,21-10-2024 08:00,WIN
15826,11,10,21-10-2024 09:00,LOSS
15827,6,1,21-10-2024 10:00,LOSS
15828,6,18,21-10-2024 11:00,WIN
15829,18,6,21-10-2024 12:00,LOSS
15830,5,10,21-10-2024 13:00,LOSS
15831,5,8,21-10-2024 14:00,WIN
15832,19,8,21-10-2024 15:00,LOSS
15833,5,14,21-10-2024 16:00,LOSS
15834,1,15,21-10-2024 17:00,WIN
15835,1,7,21-10-2024 18:00,LOSS
15836,7,11,21-10-2024 19:00,WIN
15837,9,6,21-10-2024 20:00,LOSS
15838,16,20,21-10-2024 21:00,LOSS
15839,9,11,21-10-2024 22:00,LOSS
15840,12,15,21-10-2024 23:00,LOSS
15841,11,18,22-10-2024 00:00,WIN
15842,12,10,22-10-2024 01:00,LOSS
15843,10,18,22-10-2024 02:00,WIN
15844,9,14,22-10-2024 03:00,LOSS
15845,13,9,22-10-2024 04:00,LOSS
15846,12,5,22-10-2024 05:00,WIN
15847,9,19,22-10-2024 06:00,WIN
15848,19,20,22-10-2024 07:00,LOSS
15849,4,19,22-10-2024 08:00,LOSS
15850,1,15,22-10-2024 09:00,WIN
15851,13,8,22-10-2024 10:00,LOSS
15852,2,19,22-10-2024 11:00,LOSS
15853,8,4,22-10-2024 12:00,LOSS
15854,12,20,22-10-2024 13:00,LOSS
15855,13,4,22-10-2024 14:00,LOSS
15856,13,6,22-10-2024 15:00,LOSS
15857,1,6,22-10-2024 16:00,LOSS
15858,8,5,22-10-2024 17:00,LOSS
15859,5,7,22-10-2024 18:00,WIN
15860,19,13,22-10-2024 19:00,LOSS
15861,20,15,22-10-2024 20:00,WIN
15862,17,19,22-10-2024 21:00,LOSS
15863,19,3,22-10-2024 22:00,LOSS
15864,2,16,22-10-2024 23:00,LOSS
15865,12,14,23-10-2024 00:00,WIN
15866,1,3,23-10-2024 01:00,LOSS
15867,12,4,23-10-2024 02:00,WIN
15868,19,18,23-10-2024 03:00,LOSS
15869,12,16,23-10-2024 04:00,WIN
15870,1,8,23-10-2024 05:00,LOSS
15871,3,10,23-10-2024 06:00,LOSS
15872,1,11,23-10-2024 07:00,WIN
15873,1,15,23-10-2024 08:00,WIN
15874,9,11,23-10-2024 09:00,LOSS
15875,1,9,23-10-2024 10:00,LOSS
15876,12,20,23-10-2024 11:00,WIN
15877,5,4,23-10-2024 12:00,WIN
15878,15,1,23-10-2024 13:00,WIN
15879,15,18,23-10-2024 14:00,LOSS
15880,15,4,23-10-2024 15:00,LOSS
15881,17,7,23-10-2024 16:00,LOSS
15882,9,14,23-10-2024 17:00,LOSS
15883,14,8,23-10-2024 18:00,WIN
15884,18,18,23-10-2024 19:00,WIN
15885,16,6,23-10-2024 20:00,WIN
15886,9,17,23-10-2024 21:00,LOSS
15887,15,7,23-10-2024 22:00,LOSS
15888,20,18,23-10-2024 23:00,WIN
15889,15,6,24-10-2024 00:00,LOSS
15890,9,19,24-10-2024 01:00,LOSS
15891,2,9,24-10-2024 02:00,LOSS
15892,11,4,24-10-2024 03:00,WIN
15893,3,13,24-10-2024 04:00,LOSS
15894,10,2,24-10-2024 05:00,WIN
15895,9,14,24-10-2024 06:00,WIN
15896,16,18,24-10-2024 07:00,WIN
15897,10,18,24-10-2024 08:00,LOSS
15898,8,10,24-10-2024 09:00,WIN
15899,4,2,24-10-2024 10:00,LOSS
15900,8,11,24-10-2024 11:00,WIN
15901,15,1,24-10-2024 12:00,WIN
15902,10,17,24-10-2024 13:00,WIN
15903,12,10,24-10-2024 14:00,WIN
15904,15,8,24-10-2024 15:00,WIN
15905,1,20,24-10-2024 16:00,WIN
15906,8,20,24-10-2024 17:00,WIN
15907,20,16,24-10-2024 18:00,LOSS
15908,15,17,24-10-2024 19:00,WIN
15909,15,2,24-10-2024 20:00,LOSS
15910,11,10,24-10-2024 21:00,WIN
15911,16,5,24-10-2024 22:00,WIN
15912,10,4,24-10-2024 23:00,WIN
15913,4,5,25-10-2024 00:00,LOSS
15914,10,15,25-10-2024 01:00,WIN
15915,18,3,25-10-2024 02:00,LOSS
15916,17,15,25-10-2024 03:00,WIN
15917,16,15,25-10-2024 04:00,LOSS
15918,20,1,25-10-2024 05:00,WIN
15919,7,20,25-10-2024 06:00,WIN
15920,19,10,25-10-2024 07:00,WIN
15921,19,20,25-10-2024 08:00,WIN
15922,5,16,25-10-2024 09:00,LOSS
15923,10,1,25-10-2024 10:00,LOSS
15924,4,12,25-10-2024 11:00,LOSS
15925,7,9,25-10-2024 12:00,LOSS
15926,18,11,25-10-2024 13:00,LOSS
15927,11,18,25-10-2024 14:00,LOSS
15928,1,2,25-10-2024 15:00,LOSS
15929,4,20,25-10-2024 16:00,WIN
15930,16,19,25-10-2024 17:00,WIN
15931,1,7,25-10-2024 18:00,WIN
15932,1,1,25-10-2024 19:00,WIN
15933,17,4,25-10-2024 20:00,WIN
15934,2,3,25-10-2024 21:00,LOSS
15935,3,4,25-10-2024 22:00,LOSS
15936,17,11,25-10-2024 23:00,LOSS
15937,2,19,26-10-2024 00:00,LOSS
15938,2,9,26-10-2024 01:00,WIN
15939,8,10,26-10-2024 02:00,LOSS
15940,7,9,26-10-2024 03:00,LOSS
15941,19,20,26-10-2024 04:00,WIN
15942,19,9,26-10-2024 05:00,LOSS
15943,11,18,26-10-2024 06:00,WIN
15944,11,13,26-10-2024 07:00,WIN
15945,19,4,26-10-2024 08:00,WIN
15946,11,10,26-10-2024 09:00,LOSS
15947,13,4,26-10-2024 10:00,LOSS
15948,3,11,26-10-2024 11:00,LOSS
15949,1,10,26-10-2024 12:00,LOSS
15950,5,19,26-10-2024 13:00,LOSS
15951,3,18,26-10-2024 14:00,WIN
15952,3,13,26-10-2024 15:00,WIN
15953,12,5,26-10-2024 16:00,WIN
15954,4,11,26-10-2024 17:00,LOSS
15955,18,6,26-10-2024 18:00,WIN
15956,18,19,26-10-2024 19:00,LOSS
15957,19,20,26-10-2024 20:00,WIN
15958,4,2,26-10-2024 21:00,WIN
15959,2,19,26-10-2024 22:00,WIN
15960,5,5,26-10-2024 23:00,LOSS
15961,12,11,27-10-2024 00:00,WIN
15962,9,11,27-10-2024 01:00,WIN
15963,12,13,27-10-2024 02:00,WIN
15964,13,20,27-10-2024 03:00,LOSS
15965,13,10,27-10-2024 04:00,WIN
15966,18,10,27-10-2024 05:00,LOSS
15967,19,2,27-10-2024 06:00,WIN
15968,20,18,27-10-2024 07:00,WIN
15969,1,9,27-10-2024 08:00,WIN
15970,12,13,27-10-2024 09:00,LOSS
15971,2,7,27-10-2024 10:00,WIN
15972,4,4,27-10-2024 11:00,LOSS
15973,5,16,27-10-2024 12:00,WIN
15974,20,2,27-10-2024 13:00,LOSS
15975,10,1,27-10-2024 14:00,WIN
15976,1,17,27-10-2024 15:00,LOSS
15977,10,5,27-10-2024 16:00,LOSS
15978,15,19,27-10-2024 17:00,WIN
15979,8,4,27-10-2024 18:00,LOSS
15980,17,7,27-10-2024 19:00,LOSS
15981,12,1,27-10-2024 20:00,WIN
15982,5,6,27-10-2024 21:00,WIN
15983,6,2,27-10-2024 22:00,WIN
15984,16,19,27-10-2024 23:00,WIN
15985,7,15,28-10-2024 00:00,WIN
15986,19,16,28-10-2024 01:00,WIN
15987,9,1,28-10-2024 02:00,LOSS
15988,19,3,28-10-2024 03:00,LOSS
15989,17,8,28-10-2024 04:00,LOSS
15990,19,19,28-10-2024 05:00,WIN
15991,10,20,28-10-2024 06:00,WIN
15992,17,10,28-10-2024 07:00,LOSS
15993,14,15,28-10-2024 08:00,WIN
15994,14,4,28-10-2024 09:00,LOSS
15995,20,20,28-10-2024 10:00,LOSS
15996,15,9,28-10-2024 11:00,WIN
15997,19,20,28-10-2024 12:00,WIN
15998,7,13,28-10-2024 13:00,LOSS
15999,16,5,28-10-2024 14:00,WIN
16000,20,14,28-10-2024 15:00,WIN
16001,9,8,28-10-2024 16:00,WIN
16002,19,12,28-10-2024 17:00,WIN
16003,17,18,28-10-2024 18:00,LOSS
16004,19,1,28-10-2024 19:00,LOSS
16005,20,14,28-10-2024 20:00,WIN
16006,12,2,28-10-2024 21:00,LOSS
16007,2,4,28-10-2024 22:00,LOSS
16008,4,14,28-10-2024 23:00,WIN
16009,8,16,29-10-2024 00:00,WIN
16010,11,16,29-10-2024 01:00,WIN
16011,11,16,29-10-2024 02:00,WIN
16012,12,4,29-10-2024 03:00,LOSS
16013,5,16,29-10-2024 04:00,LOSS
16014,18,3,29-10-2024 05:00,LOSS
16015,15,1,29-10-2024 06:00,LOSS
16016,17,7,29-10-2024 07:00,WIN
16017,9,12,29-10-2024 08:00,WIN
16018,4,16,29-10-2024 09:00,WIN
16019,14,4,29-10-2024 10:00,WIN
16020,9,1,29-10-2024 11:00,LOSS
16021,9,16,29-10-2024 12:00,WIN
16022,17,9,29-10-2024 13:00,WIN
16023,12,19,29-10-2024 14:00,LOSS
16024,7,4,29-10-2024 15:00,WIN
16025,12,4,29-10-2024 16:00,LOSS
16026,12,17,29-10-2024 17:00,LOSS
16027,6,20,29-10-2024 18:00,LOSS
16028,16,2,29-10-2024 19:00,LOSS
16029,2,16,29-10-2024 20:00,LOSS
16030,10,20,29-10-2024 21:00,LOSS
16031,4,17,29-10-2024 22:00,LOSS
16032,5,4,29-10-2024 23:00,WIN
16033,5,6,30-10-2024 00:00,LOSS
16034,7,6,30-10-2024 01:00,LOSS
16035,2,13,30-10-2024 02:00,LOSS
16036,19,18,30-10-2024 03:00,WIN
16037,18,1,30-10-2024 04:00,LOSS
16038,7,7,30-10-2024 05:00,LOSS
16039,14,9,30-10-2024 06:00,LOSS
16040,15,3,30-10-2024 07:00,WIN
16041,20,17,30-10-2024 08:00,WIN
16042,15,5,30-10-2024 09:00,WIN
16043,20,4,30-10-2024 10:00,LOSS
16044,14,14,30-10-2024 11:00,WIN
16045,3,10,30-10-2024 12:00,WIN
16046,3,10,30-10-2024 13:00,LOSS
16047,12,5,30-10-2024 14:00,WIN
16048,2,11,30-10-2024 15:00,LOSS
16049,4,12,30-10-2024 16:00,WIN
16050,8,20,30-10-2024 17:00,LOSS
16051,9,10,30-10-2024 18:00,LOSS
16052,3,12,30-10-2024 19:00,LOSS
16053,3,10,30-10-2024 20:00,LOSS
16054,11,8,30-10-2024 21:00,WIN
16055,6,20,30-10-2024 22:00,WIN
16056,1,20,30-10-2024 23:00,LOSS
16057,9,10,31-10-2024 00:00,LOSS
16058,12,16,31-10-2024 01:00,LOSS
16059,13,15,31-10-2024 02:00,WIN
16060,14,12,31-10-2024 03:00,LOSS
16061,8,8,31-10-2024 04:00,WIN
16062,15,17,31-10-2024 05:00,WIN
16063,10,4,31-10-2024 06:00,LOSS
16064,19,1,31-10-2024 07:00,WIN
16065,6,5,31-10-2024 08:00,LOSS
16066,16,20,31-10-2024 09:00,WIN
16067,10,7,31-10-2024 10:00,WIN
16068,13,8,31-10-2024 11:00,WIN
16069,8,1,31-10-2024 12:00,LOSS
16070,4,5,31-10-2024 13:00,LOSS
16071,8,7,31-10-2024 14:00,WIN
16072,8,3,31-10-2024 15:00,LOSS
16073,11,8,31-10-2024 16:00,WIN
16074,1,3,31-10-2024 17:00,LOSS
16075,11,19,31-10-2024 18:00,LOSS
16076,5,16,31-10-2024 19:00,WIN
16077,15,3,31-10-2024 20:00,LOSS
16078,9,2,31-10-2024 21:00,WIN
16079,11,16,31-10-2024 22:00,LOSS
16080,11,17,31-10-2024 23:00,LOSS
16081,15,15,01-11-2024 00:00,LOSS
16082,12,14,01-11-2024 01:00,LOSS
16083,14,1,01-11-2024 02:00,LOSS
16084,6,7,01-11-2024 03:00,WIN
16085,16,12,01-11-2024 04:00,WIN
16086,13,18,01-11-2024 05:00,LOSS
16087,5,20,01-11-2024 06:00,LOSS
16088,18,8,01-11-2024 07:00,LOSS
16089,9,13,01-11-2024 08:00,WIN
16090,12,6,01-11-2024 09:00,WIN
16091,9,20,01-11-2024 10:00,LOSS
16092,17,10,01-11-2024 11:00,WIN
16093,14,13,01-11-2024 12:00,WIN
16094,13,19,01-11-2024 13:00,LOSS
16095,5,2,01-11-2024 14:00,LOSS
16096,10,13,01-11-2024 15:00,LOSS
16097,9,13,01-11-2024 16:00,WIN
16098,13,20,01-11-2024 17:00,WIN
16099,7,20,01-11-2024 18:00,WIN
16100,14,13,01-11-2024 19:00,LOSS
16101,4,13,01-11-2024 20:00,WIN
16102,8,12,01-11-2024 21:00,LOSS
16103,5,17,01-11-2024 22:00,LOSS
16104,13,8,01-11-2024 23:00,LOSS
16105,20,6,02-11-2024 00:00,WIN
16106,19,1,02-11-2024 01:00,WIN
16107,20,16,02-11-2024 02:00,LOSS
16108,15,3,02-11-2024 03:00,WIN
16109,7,18,02-11-2024 04:00,WIN
16110,17,10,02-11-2024 05:00,LOSS
16111,6,12,02-11-2024 06:00,LOSS
16112,14,13,02-11-2024 07:00,WIN
16113,14,19,02-11-2024 08:00,LOSS
16114,10,7,02-11-2024 09:00,WIN
16115,14,13,02-11-2024 10:00,LOSS
16116,19,15,02-11-2024 11:00,WIN
16117,20,9,02-11-2024 12:00,LOSS
16118,11,12,02-11-2024 13:00,LOSS
16119,10,6,02-11-2024 14:00,LOSS
16120,15,20,02-11-2024 15:00,WIN
16121,2,10,02-11-2024 16:00,LOSS
16122,19,20,02-11-2024 17:00,WIN
16123,12,12,02-11-2024 18:00,LOSS
16124,18,8,02-11-2024 19:00,WIN
16125,14,9,02-11-2024 20:00,WIN
16126,2,4,02-11-2024 21:00,LOSS
16127,12,8,02-11-2024 22:00,LOSS
16128,1,3,02-11-2024 23:00,WIN
16129,18,10,03-11-2024 00:00,LOSS
16130,12,18,03-11-2024 01:00,WIN
16131,12,6,03-11-2024 02:00,WIN
16132,4,5,03-11-2024 03:00,WIN
16133,17,18,03-11-2024 04:00,WIN
16134,16,5,03-11-2024 05:00,WIN
16135,19,16,03-11-2024 06:00,LOSS
16136,1,1,03-11-2024 07:00,LOSS
16137,20,8,03-11-2024 08:00,WIN
16138,17,2,03-11-2024 09:00,WIN
16139,2,14,03-11-2024 10:00,WIN
16140,11,4,03-11-2024 11:00,WIN
16141,7,18,03-11-2024 12:00,WIN
16142,1,11,03-11-2024 13:00,WIN
16143,6,20,03-11-2024 14:00,LOSS
16144,20,19,03-11-2024 15:00,LOSS
16145,6,15,03-11-2024 16:00,WIN
16146,5,3,03-11-2024 17:00,WIN
16147,11,13,03-11-2024 18:00,LOSS
16148,5,5,03-11-2024 19:00,WIN
16149,2,4,03-11-2024 20:00,LOSS
16150,10,15,03-11-2024 21:00,WIN
16151,14,1,03-11-2024 22:00,LOSS
16152,20,10,03-11-2024 23:00,LOSS
16153,20,3,04-11-2024 00:00,WIN
16154,18,5,04-11-2024 01:00,LOSS
16155,13,20,04-11-2024 02:00,LOSS
16156,3,16,04-11-2024 03:00,LOSS
16157,4,13,04-11-2024 04:00,WIN
16158,19,17,04-11-2024 05:00,LOSS
16159,18,5,04-11-2024 06:00,WIN
16160,12,17,04-11-2024 07:00,WIN
16161,18,13,04-11-2024 08:00,LOSS
16162,14,8,04-11-2024 09:00,LOSS
16163,4,15,04-11-2024 10:00,LOSS
16164,10,12,04-11-2024 11:00,LOSS
16165,9,6,04-11-2024 12:00,LOSS
16166,20,7,04-11-2024 13:00,WIN
16167,16,13,04-11-2024 14:00,LOSS
16168,11,17,04-11-2024 15:00,WIN
16169,20,18,04-11-2024 16:00,LOSS
16170,1,18,04-11-2024 17:00,LOSS
16171,10,3,04-11-2024 18:00,WIN
16172,10,5,04-11-2024 19:00,WIN
16173,9,13,04-11-2024 20:00,WIN
16174,1,13,04-11-2024 21:00,LOSS
16175,2,6,04-11-2024 22:00,LOSS
16176,15,13,04-11-2024 23:00,WIN
16177,8,15,05-11-2024 00:00,LOSS
16178,15,19,05-11-2024 01:00,LOSS
16179,17,6,05-11-2024 02:00,WIN
16180,10,6,05-11-2024 03:00,LOSS
16181,5,10,05-11-2024 04:00,WIN
16182,5,3,05-11-2024 05:00,LOSS
16183,11,20,05-11-2024 06:00,WIN
16184,10,20,05-11-2024 07:00,WIN
16185,3,17,05-11-2024 08:00,LOSS
16186,9,13,05-11-2024 09:00,LOSS
16187,5,16,05-11-2024 10:00,LOSS
16188,1,17,05-11-2024 11:00,LOSS
16189,5,4,05-11-2024 12:00,LOSS
16190,11,8,05-11-2024 13:00,LOSS
16191,1,9,05-11-2024 14:00,LOSS
16192,16,12,05-11-2024 15:00,WIN
16193,8,12,05-11-2024 16:00,LOSS
16194,16,19,05-11-2024 17:00,LOSS
16195,1,1,05-11-2024 18:00,LOSS
16196,8,4,05-11-2024 19:00,LOSS
16197,4,2,05-11-2024 20:00,WIN
16198,19,7,05-11-2024 21:00,WIN
16199,4,3,05-11-2024 22:00,LOSS
16200,18,8,05-11-2024 23:00,LOSS
16201,19,9,06-11-2024 00:00,WIN
16202,4,20,06-11-2024 01:00,WIN
16203,9,1,06-11-2024 02:00,LOSS
16204,2,11,06-11-2024 03:00,WIN
16205,3,2,06-11-2024 04:00,LOSS
16206,13,9,06-11-2024 05:00,WIN
16207,20,7,06-11-2024 06:00,LOSS
16208,19,15,06-11-2024 07:00,WIN
16209,19,16,06-11-2024 08:00,WIN
16210,9,12,06-11-2024 09:00,WIN
16211,5,10,06-11-2024 10:00,WIN
16212,15,9,06-11-2024 11:00,WIN
16213,9,16,06-11-2024 12:00,WIN
16214,6,12,06-11-2024 13:00,WIN
16215,10,10,06-11-2024 14:00,WIN
16216,1,20,06-11-2024 15:00,LOSS
16217,13,13,06-11-2024 16:00,WIN
16218,17,13,06-11-2024 17:00,WIN
16219,14,19,06-11-2024 18:00,WIN
16220,3,13,06-11-2024 19:00,LOSS
16221,13,18,06-11-2024 20:00,LOSS
16222,8,13,06-11-2024 21:00,LOSS
16223,1,9,06-11-2024 22:00,LOSS
16224,2,17,06-11-2024 23:00,LOSS
16225,2,10,07-11-2024 00:00,WIN
16226,9,15,07-11-2024 01:00,WIN
16227,1,8,07-11-2024 02:00,LOSS
16228,11,18,07-11-2024 03:00,LOSS
16229,7,14,07-11-2024 04:00,WIN
16230,6,16,07-11-2024 05:00,WIN
16231,17,7,07-11-2024 06:00,LOSS
16232,6,17,07-11-2024 07:00,LOSS
16233,16,14,07-11-2024 08:00,WIN
16234,1,3,07-11-2024 09:00,WIN
16235,4,10,07-11-2024 10:00,WIN
16236,18,1,07-11-2024 11:00,WIN
16237,2,11,07-11-2024 12:00,LOSS
16238,1,9,07-11-2024 13:00,WIN
16239,7,4,07-11-2024 14:00,WIN
16240,16,5,07-11-2024 15:00,LOSS
16241,13,19,07-11-2024 16:00,WIN
16242,18,11,07-11-2024 17:00,LOSS
16243,7,6,07-11-2024 18:00,LOSS
16244,18,12,07-11-2024 19:00,LOSS
16245,7,13,07-11-2024 20:00,WIN
16246,4,17,07-11-2024 21:00,LOSS
16247,17,1,07-11-2024 22:00,LOSS
16248,19,6,07-11-2024 23:00,WIN
16249,5,17,08-11-2024 00:00,WIN
16250,7,10,08-11-2024 01:00,WIN
16251,6,7,08-11-2024 02:00,LOSS
16252,5,16,08-11-2024 03:00,WIN
16253,13,7,08-11-2024 04:00,LOSS
16254,12,13,08-11-2024 05:00,LOSS
16255,5,4,08-11-2024 06:00,LOSS
16256,4,15,08-11-2024 07:00,LOSS
16257,8,16,08-11-2024 08:00,LOSS
16258,15,9,08-11-2024 09:00,LOSS
16259,11,4,08-11-2024 10:00,WIN
16260,5,16,08-11-2024 11:00,LOSS
16261,11,10,08-11-2024 12:00,LOSS
16262,10,10,08-11-2024 13:00,WIN
16263,2,9,08-11-2024 14:00,WIN
16264,20,19,08-11-2024 15:00,LOSS
16265,8,20,08-11-2024 16:00,WIN
16266,20,13,08-11-2024 17:00,LOSS
16267,4,14,08-11-2024 18:00,WIN
16268,16,5,08-11-2024 19:00,LOSS
16269,14,6,08-11-2024 20:00,LOSS
16270,3,10,08-11-2024 21:00,LOSS
16271,8,6,08-11-2024 22:00,LOSS
16272,4,10,08-11-2024 23:00,WIN
16273,7,1,09-11-2024 00:00,LOSS
16274,9,16,09-11-2024 01:00,WIN
16275,2,20,09-11-2024 02:00,LOSS
16276,3,7,09-11-2024 03:00,WIN
16277,9,8,09-11-2024 04:00,WIN
16278,7,14,09-11-2024 05:00,LOSS
16279,20,8,09-11-2024 06:00,LOSS
16280,15,3,09-11-2024 07:00,LOSS
16281,17,4,09-11-2024 08:00,WIN
16282,12,20,09-11-2024 09:00,WIN
16283,4,13,09-11-2024 10:00,LOSS
16284,17,6,09-11-2024 11:00,LOSS
16285,9,4,09-11-2024 12:00,WIN
16286,6,11,09-11-2024 13:00,LOSS
16287,18,19,09-11-2024 14:00,WIN
16288,17,19,09-11-2024 15:00,WIN
16289,3,17,09-11-2024 16:00,LOSS
16290,17,4,09-11-2024 17:00,WIN
16291,17,19,09-11-2024 18:00,LOSS
16292,13,18,09-11-2024 19:00,WIN
16293,15,10,09-11-2024 20:00,WIN
16294,12,9,09-11-2024 21:00,LOSS
16295,14,5,09-11-2024 22:00,WIN
16296,15,14,09-11-2024 23:00,WIN
16297,14,10,10-11-2024 00:00,LOSS
16298,4,4,10-11-2024 01:00,WIN
16299,16,20,10-11-2024 02:00,WIN
16300,8,4,10-11-2024 03:00,LOSS
16301,11,17,10-11-2024 04:00,WIN
16302,5,12,10-11-2024 05:00,WIN
16303,3,11,10-11-2024 06:00,LOSS
16304,20,14,10-11-2024 07:00,WIN
16305,10,9,10-11-2024 08:00,LOSS
16306,5,5,10-11-2024 09:00,WIN
16307,9,20,10-11-2024 10:00,WIN
16308,3,9,10-11-2024 11:00,LOSS
16309,5,18,10-11-2024 12:00,WIN
16310,16,12,10-11-2024 13:00,LOSS
16311,13,8,10-11-2024 14:00,LOSS
16312,11,4,10-11-2024 15:00,LOSS
16313,17,13,10-11-2024 16:00,LOSS
16314,4,4,10-11-2024 17:00,WIN
16315,17,1,10-11-2024 18:00,LOSS
16316,1,14,10-11-2024 19:00,WIN
16317,6,16,10-11-2024 20:00,WIN
16318,1,2,10-11-2024 21:00,LOSS
16319,20,5,10-11-2024 22:00,WIN
16320,7,19,10-11-2024 23:00,WIN
16321,11,18,11-11-2024 00:00,LOSS
16322,10,10,11-11-2024 01:00,LOSS
16323,18,17,11-11-2024 02:00,WIN
16324,10,17,11-11-2024 03:00,WIN
16325,19,8,11-11-2024 04:00,WIN
16326,2,20,11-11-2024 05:00,LOSS
16327,1,14,11-11-2024 06:00,LOSS
16328,14,9,11-11-2024 07:00,LOSS
16329,12,17,11-11-2024 08:00,LOSS
16330,15,14,11-11-2024 09:00,WIN
16331,19,4,11-11-2024 10:00,WIN
16332,17,11,11-11-2024 11:00,LOSS
16333,18,7,11-11-2024 12:00,LOSS
16334,9,14,11-11-2024 13:00,WIN
16335,1,20,11-11-2024 14:00,WIN
16336,1,14,11-11-2024 15:00,LOSS
16337,9,17,11-11-2024 16:00,WIN
16338,19,15,11-11-2024 17:00,LOSS
16339,6,20,11-11-2024 18:00,WIN
16340,19,14,11-11-2024 19:00,WIN
16341,18,8,11-11-2024 20:00,WIN
16342,3,2,11-11-2024 21:00,WIN
16343,4,9,11-11-2024 22:00,WIN
16344,11,14,11-11-2024 23:00,WIN
16345,17,13,12-11-2024 00:00,WIN
16346,3,6,12-11-2024 01:00,LOSS
16347,2,3,12-11-2024 02:00,LOSS
16348,4,4,12-11-2024 03:00,LOSS
16349,11,7,12-11-2024 04:00,WIN
16350,3,6,12-11-2024 05:00,LOSS
16351,7,5,12-11-2024 06:00,LOSS
16352,19,11,12-11-2024 07:00,WIN
16353,6,7,12-11-2024 08:00,LOSS
16354,16,13,12-11-2024 09:00,WIN
16355,11,5,12-11-2024 10:00,LOSS
16356,1,16,12-11-2024 11:00,WIN
16357,8,15,12-11-2024 12:00,LOSS
16358,4,8,12-11-2024 13:00,WIN
16359,18,4,12-11-2024 14:00,LOSS
16360,3,13,12-11-2024 15:00,WIN
16361,13,18,12-11-2024 16:00,WIN
16362,6,15,12-11-2024 17:00,LOSS
16363,3,2,12-11-2024 18:00,LOSS
16364,14,5,12-11-2024 19:00,LOSS
16365,7,3,12-11-2024 20:00,LOSS
16366,18,19,12-11-2024 21:00,LOSS
16367,4,5,12-11-2024 22:00,LOSS
16368,13,6,12-11-2024 23:00,LOSS
16369,11,19,13-11-2024 00:00,LOSS
16370,10,8,13-11-2024 01:00,LOSS
16371,16,8,13-11-2024 02:00,WIN
16372,11,4,13-11-2024 03:00,WIN
16373,14,20,13-11-2024 04:00,WIN
16374,8,4,13-11-2024 05:00,LOSS
16375,8,6,13-11-2024 06:00,WIN
16376,6,19,13-11-2024 07:00,WIN
16377,1,6,13-11-2024 08:00,LOSS
16378,6,5,13-11-2024 09:00,LOSS
16379,14,4,13-11-2024 10:00,LOSS
16380,6,14,13-11-2024 11:00,WIN
16381,15,20,13-11-2024 12:00,WIN
16382,18,19,13-11-2024 13:00,WIN
16383,15,14,13-11-2024 14:00,WIN
16384,12,18,13-11-2024 15:00,LOSS
16385,11,6,13-11-2024 16:00,WIN
16386,2,14,13-11-2024 17:00,LOSS
16387,2,1,13-11-2024 18:00,WIN
16388,12,6,13-11-2024 19:00,LOSS
16389,6,5,13-11-2024 20:00,WIN
16390,6,2,13-11-2024 21:00,LOSS
16391,12,11,13-11-2024 22:00,WIN
16392,4,5,13-11-2024 23:00,WIN
16393,7,16,14-11-2024 00:00,WIN
16394,12,12,14-11-2024 01:00,WIN
16395,9,12,14-11-2024 02:00,LOSS
16396,7,17,14-11-2024 03:00,LOSS
16397,16,5,14-11-2024 04:00,WIN
16398,15,1,14-11-2024 05:00,LOSS
16399,3,8,14-11-2024 06:00,LOSS
16400,6,15,14-11-2024 07:00,LOSS
16401,14,11,14-11-2024 08:00,LOSS
16402,8,11,14-11-2024 09:00,LOSS
16403,4,6,14-11-2024 10:00,LOSS
16404,13,16,14-11-2024 11:00,WIN
16405,5,18,14-11-2024 12:00,LOSS
16406,20,18,14-11-2024 13:00,LOSS
16407,18,15,14-11-2024 14:00,LOSS
16408,11,1,14-11-2024 15:00,WIN
16409,5,10,14-11-2024 16:00,WIN
16410,17,3,14-11-2024 17:00,LOSS
16411,2,2,14-11-2024 18:00,LOSS
16412,5,11,14-11-2024 19:00,WIN
16413,8,18,14-11-2024 20:00,WIN
16414,6,1,14-11-2024 21:00,LOSS
16415,8,20,14-11-2024 22:00,LOSS
16416,2,7,14-11-2024 23:00,WIN
16417,8,15,15-11-2024 00:00,LOSS
16418,7,17,15-11-2024 01:00,WIN
16419,8,3,15-11-2024 02:00,LOSS
16420,18,16,15-11-2024 03:00,WIN
16421,7,19,15-11-2024 04:00,LOSS
16422,15,3,15-11-2024 05:00,WIN
16423,9,12,15-11-2024 06:00,LOSS
16424,14,20,15-11-2024 07:00,WIN
16425,13,20,15-11-2024 08:00,LOSS
16426,3,1,15-11-2024 09:00,WIN
16427,6,7,15-11-2024 10:00,WIN
16428,4,5,15-11-2024 11:00,LOSS
16429,18,7,15-11-2024 12:00,WIN
16430,11,1,15-11-2024 13:00,LOSS
16431,7,9,15-11-2024 14:00,WIN
16432,15,12,15-11-2024 15:00,WIN
16433,11,1,15-11-2024 16:00,LOSS
16434,19,15,15-11-2024 17:00,LOSS
16435,9,16,15-11-2024 18:00,LOSS
16436,6,15,15-11-2024 19:00,WIN
16437,7,17,15-11-2024 20:00,LOSS
16438,8,19,15-11-2024 21:00,LOSS
16439,12,13,15-11-2024 22:00,WIN
16440,19,12,15-11-2024 23:00,WIN
16441,14,18,16-11-2024 00:00,WIN
16442,20,1,16-11-2024 01:00,WIN
16443,20,14,16-11-2024 02:00,LOSS
16444,7,11,16-11-2024 03:00,WIN
16445,2,20,16-11-2024 04:00,WIN
16446,11,12,16-11-2024 05:00,LOSS
16447,11,2,16-11-2024 06:00,LOSS
16448,8,5,16-11-2024 07:00,WIN
16449,6,5,16-11-2024 08:00,WIN
16450,11,9,16-11-2024 09:00,WIN
16451,11,16,16-11-2024 10:00,WIN
16452,5,7,16-11-2024 11:00,WIN
16453,10,12,16-11-2024 12:00,LOSS
16454,1,15,16-11-2024 13:00,LOSS
16455,7,2,16-11-2024 14:00,LOSS
16456,4,6,16-11-2024 15:00,LOSS
16457,13,10,16-11-2024 16:00,WIN
16458,20,1,16-11-2024 17:00,WIN
16459,15,2,16-11-2024 18:00,LOSS
16460,16,18,16-11-2024 19:00,WIN
16461,3,17,16-11-2024 20:00,WIN
16462,3,16,16-11-2024 21:00,WIN
16463,8,6,16-11-2024 22:00,WIN
16464,16,15,16-11-2024 23:00,WIN
16465,2,14,17-11-2024 00:00,WIN
16466,7,3,17-11-2024 01:00,LOSS
16467,1,9,17-11-2024 02:00,LOSS
16468,9,8,17-11-2024 03:00,LOSS
16469,9,7,17-11-2024 04:00,WIN
16470,18,14,17-11-2024 05:00,LOSS
16471,12,5,17-11-2024 06:00,LOSS
16472,12,19,17-11-2024 07:00,WIN
16473,5,15,17-11-2024 08:00,WIN
16474,11,11,17-11-2024 09:00,LOSS
16475,4,2,17-11-2024 10:00,LOSS
16476,16,5,17-11-2024 11:00,WIN
16477,12,5,17-11-2024 12:00,WIN
16478,2,3,17-11-2024 13:00,LOSS
16479,5,12,17-11-2024 14:00,WIN
16480,8,2,17-11-2024 15:00,WIN
16481,16,2,17-11-2024 16:00,LOSS
16482,18,12,17-11-2024 17:00,LOSS
16483,3,5,17-11-2024 18:00,LOSS
16484,6,16,17-11-2024 19:00,LOSS
16485,4,12,17-11-2024 20:00,LOSS
16486,11,1,17-11-2024 21:00,LOSS
16487,2,15,17-11-2024 22:00,WIN
16488,13,1,17-11-2024 23:00,WIN
16489,13,13,18-11-2024 00:00,LOSS
16490,18,16,18-11-2024 01:00,WIN
16491,13,19,18-11-2024 02:00,WIN
16492,12,10,18-11-2024 03:00,LOSS
16493,9,5,18-11-2024 04:00,LOSS
16494,1,15,18-11-2024 05:00,WIN
16495,5,19,18-11-2024 06:00,LOSS
16496,4,18,18-11-2024 07:00,LOSS
16497,4,16,18-11-2024 08:00,WIN
16498,14,3,18-11-2024 09:00,WIN
16499,11,7,18-11-2024 10:00,LOSS
16500,14,11,18-11-2024 11:00,LOSS
16501,12,7,18-11-2024 12:00,LOSS
16502,16,14,18-11-2024 13:00,WIN
16503,15,5,18-11-2024 14:00,LOSS
16504,10,2,18-11-2024 15:00,WIN
16505,4,13,18-11-2024 16:00,WIN
16506,1,1,18-11-2024 17:00,WIN
16507,19,19,18-11-2024 18:00,LOSS
16508,8,17,18-11-2024 19:00,LOSS
16509,10,15,18-11-2024 20:00,WIN
16510,7,6,18-11-2024 21:00,WIN
16511,2,16,18-11-2024 22:00,LOSS
16512,2,14,18-11-2024 23:00,WIN
16513,19,4,19-11-2024 00:00,LOSS
16514,12,6,19-11-2024 01:00,WIN
16515,19,4,19-11-2024 02:00,WIN
16516,12,5,19-11-2024 03:00,LOSS
16517,13,3,19-11-2024 04:00,WIN
16518,16,9,19-11-2024 05:00,LOSS
16519,8,17,19-11-2024 06:00,WIN
16520,10,5,19-11-2024 07:00,LOSS
16521,6,13,19-11-2024 08:00,LOSS
16522,15,18,19-11-2024 09:00,LOSS
16523,17,6,19-11-2024 10:00,LOSS
16524,11,3,19-11-2024 11:00,LOSS
16525,19,20,19-11-2024 12:00,WIN
16526,10,20,19-11-2024 13:00,LOSS
16527,18,18,19-11-2024 14:00,LOSS
16528,9,17,19-11-2024 15:00,LOSS
16529,9,19,19-11-2024 16:00,LOSS
16530,18,15,19-11-2024 17:00,WIN
16531,6,12,19-11-2024 18:00,WIN
16532,16,11,19-11-2024 19:00,LOSS
16533,12,10,19-11-2024 20:00,LOSS
16534,2,8,19-11-2024 21:00,WIN
16535,17,3,19-11-2024 22:00,WIN
16536,9,1,19-11-2024 23:00,WIN
16537,5,20,20-11-2024 00:00,WIN
16538,17,6,20-11-2024 01:00,LOSS
16539,15,9,20-11-2024 02:00,WIN
16540,7,17,20-11-2024 03:00,LOSS
16541,19,17,20-11-2024 04:00,WIN
16542,6,11,20-11-2024 05:00,WIN
16543,4,3,20-11-2024 06:00,WIN
16544,12,20,20-11-2024 07:00,WIN
16545,19,15,20-11-2024 08:00,LOSS
16546,6,13,20-11-2024 09:00,WIN
16547,14,13,20-11-2024 10:00,WIN
16548,16,9,20-11-2024 11:00,LOSS
16549,5,6,20-11-2024 12:00,LOSS
16550,5,18,20-11-2024 13:00,WIN
16551,17,17,20-11-2024 14:00,WIN
16552,4,10,20-11-2024 15:00,WIN
16553,11,2,20-11-2024 16:00,WIN
16554,6,1,20-11-2024 17:00,LOSS
16555,12,14,20-11-2024 18:00,WIN
16556,11,8,20-11-2024 19:00,WIN
16557,9,18,20-11-2024 20:00,LOSS
16558,20,9,20-11-2024 21:00,WIN
16559,13,15,20-11-2024 22:00,LOSS
16560,15,10,20-11-2024 23:00,LOSS
16561,3,6,21-11-2024 00:00,LOSS
16562,5,8,21-11-2024 01:00,LOSS
16563,19,10,21-11-2024 02:00,LOSS
16564,15,19,21-11-2024 03:00,LOSS
16565,7,11,21-11-2024 04:00,WIN
16566,3,13,21-11-2024 05:00,LOSS
16567,8,10,21-11-2024 06:00,WIN
16568,13,15,21-11-2024 07:00,LOSS
16569,16,5,21-11-2024 08:00,LOSS
16570,8,14,21-11-2024 09:00,LOSS
16571,9,15,21-11-2024 10:00,LOSS
16572,2,9,21-11-2024 11:00,WIN
16573,20,10,21-11-2024 12:00,WIN
16574,1,8,21-11-2024 13:00,WIN
16575,20,12,21-11-2024 14:00,LOSS
16576,13,13,21-11-2024 15:00,LOSS
16577,13,7,21-11-2024 16:00,LOSS
16578,11,4,21-11-2024 17:00,WIN
16579,10,17,21-11-2024 18:00,LOSS
16580,20,2,21-11-2024 19:00,LOSS
16581,6,1,21-11-2024 20:00,WIN
16582,16,11,21-11-2024 21:00,LOSS
16583,6,2,21-11-2024 22:00,LOSS
16584,20,11,21-11-2024 23:00,WIN
16585,13,8,22-11-2024 00:00,WIN
16586,12,13,22-11-2024 01:00,LOSS
16587,8,6,22-11-2024 02:00,LOSS
16588,3,9,22-11-2024 03:00,WIN
16589,13,18,22-11-2024 04:00,WIN
16590,1,1,22-11-2024 05:00,WIN
16591,10,13,22-11-2024 06:00,WIN
16592,15,4,22-11-2024 07:00,WIN
16593,11,4,22-11-2024 08:00,LOSS
16594,16,15,22-11-2024 09:00,WIN
16595,3,18,22-11-2024 10:00,LOSS
16596,9,14,22-11-2024 11:00,WIN
16597,7,17,22-11-2024 12:00,LOSS
16598,16,18,22-11-2024 13:00,LOSS
16599,7,11,22-11-2024 14:00,LOSS
16600,8,13,22-11-2024 15:00,LOSS
16601,20,16,22-11-2024 16:00,LOSS
16602,5,15,22-11-2024 17:00,LOSS
16603,6,11,22-11-2024 18:00,LOSS
16604,9,11,22-11-2024 19:00,LOSS
16605,5,4,22-11-2024 20:00,WIN
16606,9,15,22-11-2024 21:00,LOSS
16607,10,10,22-11-2024 22:00,WIN
16608,6,13,22-11-2024 23:00,LOSS
16609,1,16,23-11-2024 00:00,LOSS
16610,13,8,23-11-2024 01:00,WIN
16611,5,11,23-11-2024 02:00,WIN
16612,19,2,23-11-2024 03:00,WIN
16613,16,11,23-11-2024 04:00,LOSS
16614,15,9,23-11-2024 05:00,LOSS
16615,14,15,23-11-2024 06:00,LOSS
16616,14,20,23-11-2024 07:00,WIN
16617,4,13,23-11-2024 08:00,LOSS
16618,7,15,23-11-2024 09:00,WIN
16619,15,18,23-11-2024 10:00,WIN
16620,5,19,23-11-2024 11:00,LOSS
16621,1,6,23-11-2024 12:00,WIN
16622,19,18,23-11-2024 13:00,LOSS
16623,18,19,23-11-2024 14:00,LOSS
16624,14,12,23-11-2024 15:00,WIN
16625,2,12,23-11-2024 16:00,WIN
16626,4,11,23-11-2024 17:00,LOSS
16627,7,12,23-11-2024 18:00,WIN
16628,1,1,23-11-2024 19:00,WIN
16629,12,7,23-11-2024 20:00,LOSS
16630,1,16,23-11-2024 21:00,LOSS
16631,14,12,23-11-2024 22:00,LOSS
16632,6,11,23-11-2024 23:00,LOSS
16633,1,12,24-11-2024 00:00,LOSS
16634,2,3,24-11-2024 01:00,LOSS
16635,17,1,24-11-2024 02:00,WIN
16636,8,13,24-11-2024 03:00,LOSS
16637,18,2,24-11-2024 04:00,WIN
16638,17,10,24-11-2024 05:00,LOSS
16639,16,12,24-11-2024 06:00,WIN
16640,15,16,24-11-2024 07:00,LOSS
16641,15,20,24-11-2024 08:00,LOSS
16642,12,10,24-11-2024 09:00,WIN
16643,17,17,24-11-2024 10:00,LOSS
16644,18,18,24-11-2024 11:00,LOSS
16645,8,8,24-11-2024 12:00,WIN
16646,9,4,24-11-2024 13:00,LOSS
16647,15,8,24-11-2024 14:00,LOSS
16648,13,2,24-11-2024 15:00,LOSS
16649,5,1,24-11-2024 16:00,LOSS
16650,1,14,24-11-2024 17:00,LOSS
16651,12,4,24-11-2024 18:00,WIN
16652,1,18,24-11-2024 19:00,LOSS
16653,17,14,24-11-2024 20:00,WIN
16654,2,5,24-11-2024 21:00,WIN
16655,7,1,24-11-2024 22:00,WIN
16656,3,3,24-11-2024 23:00,WIN
16657,18,16,25-11-2024 00:00,WIN
16658,14,4,25-11-2024 01:00,LOSS
16659,10,14,25-11-2024 02:00,LOSS
16660,7,16,25-11-2024 03:00,WIN
16661,14,7,25-11-2024 04:00,WIN
16662,3,11,25-11-2024 05:00,WIN
16663,11,3,25-11-2024 06:00,LOSS
16664,15,15,25-11-2024 07:00,WIN
16665,19,8,25-11-2024 08:00,LOSS
16666,12,20,25-11-2024 09:00,LOSS
16667,5,13,25-11-2024 10:00,LOSS
16668,9,18,25-11-2024 11:00,LOSS
16669,7,2,25-11-2024 12:00,LOSS
16670,15,1,25-11-2024 13:00,LOSS
16671,1,17,25-11-2024 14:00,LOSS
16672,1,17,25-11-2024 15:00,WIN
16673,6,9,25-11-2024 16:00,LOSS
16674,5,19,25-11-2024 17:00,LOSS
16675,11,7,25-11-2024 18:00,WIN
16676,11,12,25-11-2024 19:00,WIN
16677,14,11,25-11-2024 20:00,WIN
16678,8,12,25-11-2024 21:00,LOSS
16679,14,15,25-11-2024 22:00,LOSS
16680,9,7,25-11-2024 23:00,LOSS
16681,11,13,26-11-2024 00:00,WIN
16682,11,14,26-11-2024 01:00,LOSS
16683,20,11,26-11-2024 02:00,LOSS
16684,16,17,26-11-2024 03:00,LOSS
16685,12,15,26-11-2024 04:00,LOSS
16686,7,8,26-11-2024 05:00,LOSS
16687,3,2,26-11-2024 06:00,LOSS
16688,12,15,26-11-2024 07:00,WIN
16689,6,15,26-11-2024 08:00,WIN
16690,19,13,26-11-2024 09:00,WIN
16691,4,5,26-11-2024 10:00,LOSS
16692,10,15,26-11-2024 11:00,WIN
16693,8,3,26-11-2024 12:00,LOSS
16694,10,16,26-11-2024 13:00,WIN
16695,16,10,26-11-2024 14:00,LOSS
16696,11,10,26-11-2024 15:00,WIN
16697,4,16,26-11-2024 16:00,WIN
16698,13,17,26-11-2024 17:00,LOSS
16699,20,8,26-11-2024 18:00,LOSS
16700,3,18,26-11-2024 19:00,WIN
16701,3,4,26-11-2024 20:00,WIN
16702,17,3,26-11-2024 21:00,WIN
16703,7,20,26-11-2024 22:00,LOSS
16704,11,2,26-11-2024 23:00,LOSS
16705,4,5,27-11-2024 00:00,LOSS
16706,16,11,27-11-2024 01:00,LOSS
16707,7,15,27-11-2024 02:00,LOSS
16708,16,19,27-11-2024 03:00,LOSS
16709,18,17,27-11-2024 04:00,LOSS
16710,12,20,27-11-2024 05:00,LOSS
16711,9,18,27-11-2024 06:00,LOSS
16712,10,15,27-11-2024 07:00,LOSS
16713,4,7,27-11-2024 08:00,LOSS
16714,6,18,27-11-2024 09:00,WIN
16715,19,18,27-11-2024 10:00,LOSS
16716,18,11,27-11-2024 11:00,WIN
16717,12,8,27-11-2024 12:00,WIN
16718,18,20,27-11-2024 13:00,WIN
16719,3,7,27-11-2024 14:00,LOSS
16720,18,8,27-11-2024 15:00,LOSS
16721,2,14,27-11-2024 16:00,LOSS
16722,19,2,27-11-2024 17:00,WIN
16723,17,10,27-11-2024 18:00,LOSS
16724,11,16,27-11-2024 19:00,LOSS
16725,13,20,27-11-2024 20:00,LOSS
16726,9,19,27-11-2024 21:00,LOSS
16727,17,6,27-11-2024 22:00,WIN
16728,13,6,27-11-2024 23:00,LOSS
16729,13,8,28-11-2024 00:00,LOSS
16730,2,12,28-11-2024 01:00,LOSS
16731,17,17,28-11-2024 02:00,LOSS
16732,5,5,28-11-2024 03:00,LOSS
16733,14,12,28-11-2024 04:00,LOSS
16734,17,3,28-11-2024 05:00,LOSS
16735,6,13,28-11-2024 06:00,WIN
16736,9,9,28-11-2024 07:00,LOSS
16737,12,3,28-11-2024 08:00,LOSS
16738,20,10,28-11-2024 09:00,LOSS
16739,12,12,28-11-2024 10:00,WIN
16740,7,6,28-11-2024 11:00,WIN
16741,18,2,28-11-2024 12:00,LOSS
16742,20,20,28-11-2024 13:00,LOSS
16743,5,18,28-11-2024 14:00,LOSS
16744,11,9,28-11-2024 15:00,LOSS
16745,14,14,28-11-2024 16:00,LOSS
16746,7,12,28-11-2024 17:00,WIN
16747,11,16,28-11-2024 18:00,LOSS
16748,2,18,28-11-2024 19:00,WIN
16749,17,4,28-11-2024 20:00,WIN
16750,15,15,28-11-2024 21:00,WIN
16751,1,18,28-11-2024 22:00,WIN
16752,13,7,28-11-2024 23:00,WIN
16753,6,11,29-11-2024 00:00,WIN
16754,2,15,29-11-2024 01:00,LOSS
16755,2,14,29-11-2024 02:00,WIN
16756,20,12,29-11-2024 03:00,LOSS
16757,10,20,29-11-2024 04:00,WIN
16758,18,2,29-11-2024 05:00,WIN
16759,12,11,29-11-2024 06:00,WIN
16760,19,8,29-11-2024 07:00,LOSS
16761,13,1,29-11-2024 08:00,WIN
16762,8,12,29-11-2024 09:00,LOSS
16763,16,4,29-11-2024 10:00,LOSS
16764,11,19,29-11-2024 11:00,WIN
16765,20,9,29-11-2024 12:00,WIN
16766,4,20,29-11-2024 13:00,WIN
16767,17,5,29-11-2024 14:00,WIN
16768,8,3,29-11-2024 15:00,WIN
16769,1,11,29-11-2024 16:00,WIN
16770,20,2,29-11-2024 17:00,WIN
16771,3,8,29-11-2024 18:00,WIN
16772,13,15,29-11-2024 19:00,LOSS
16773,1,19,29-11-2024 20:00,LOSS
16774,2,1,29-11-2024 21:00,WIN
16775,5,2,29-11-2024 22:00,WIN
16776,8,12,29-11-2024 23:00,WIN
16777,17,11,30-11-2024 00:00,LOSS
16778,2,9,30-11-2024 01:00,WIN
16779,8,2,30-11-2024 02:00,WIN
16780,11,6,30-11-2024 03:00,WIN
16781,19,14,30-11-2024 04:00,LOSS
16782,13,20,30-11-2024 05:00,LOSS
16783,7,14,30-11-2024 06:00,LOSS
16784,19,5,30-11-2024 07:00,LOSS
16785,6,11,30-11-2024 08:00,LOSS
16786,13,8,30-11-2024 09:00,LOSS
16787,17,5,30-11-2024 10:00,LOSS
16788,20,11,30-11-2024 11:00,LOSS
16789,4,20,30-11-2024 12:00,WIN
16790,11,7,30-11-2024 13:00,WIN
16791,17,19,30-11-2024 14:00,LOSS
16792,1,5,30-11-2024 15:00,WIN
16793,11,15,30-11-2024 16:00,WIN
16794,19,16,30-11-2024 17:00,LOSS
16795,13,9,30-11-2024 18:00,WIN
16796,14,17,30-11-2024 19:00,LOSS
16797,16,9,30-11-2024 20:00,WIN
16798,14,19,30-11-2024 21:00,WIN
16799,7,4,30-11-2024 22:00,LOSS
16800,5,5,30-11-2024 23:00,WIN
16801,9,10,01-12-2024 00:00,WIN
16802,11,14,01-12-2024 01:00,WIN
16803,18,5,01-12-2024 02:00,WIN
16804,9,10,01-12-2024 03:00,WIN
16805,9,3,01-12-2024 04:00,WIN
16806,6,4,01-12-2024 05:00,LOSS
16807,20,6,01-12-2024 06:00,WIN
16808,6,15,01-12-2024 07:00,WIN
16809,4,11,01-12-2024 08:00,WIN
16810,11,20,01-12-2024 09:00,WIN
16811,2,18,01-12-2024 10:00,WIN
16812,12,14,01-12-2024 11:00,WIN
16813,8,1,01-12-2024 12:00,WIN
16814,13,9,01-12-2024 13:00,WIN
16815,4,6,01-12-2024 14:00,LOSS
16816,9,14,01-12-2024 15:00,LOSS
16817,16,7,01-12-2024 16:00,WIN
16818,2,17,01-12-2024 17:00,LOSS
16819,19,6,01-12-2024 18:00,WIN
16820,5,16,01-12-2024 19:00,LOSS
16821,20,8,01-12-2024 20:00,WIN
16822,14,13,01-12-2024 21:00,LOSS
16823,11,18,01-12-2024 22:00,LOSS
16824,3,1,01-12-2024 23:00,WIN
16825,20,11,02-12-2024 00:00,LOSS
16826,9,7,02-12-2024 01:00,WIN
16827,5,8,02-12-2024 02:00,WIN
16828,18,12,02-12-2024 03:00,LOSS
16829,9,14,02-12-2024 04:00,LOSS
16830,9,1,02-12-2024 05:00,WIN
16831,2,7,02-12-2024 06:00,LOSS
16832,6,17,02-12-2024 07:00,LOSS
16833,4,2,02-12-2024 08:00,WIN
16834,1,12,02-12-2024 09:00,WIN
16835,13,15,02-12-2024 10:00,WIN
16836,5,6,02-12-2024 11:00,LOSS
16837,14,20,02-12-2024 12:00,WIN
16838,14,4,02-12-2024 13:00,WIN
16839,19,4,02-12-2024 14:00,WIN
16840,1,12,02-12-2024 15:00,WIN
16841,18,11,02-12-2024 16:00,LOSS
16842,7,10,02-12-2024 17:00,LOSS
16843,17,5,02-12-2024 18:00,LOSS
16844,3,18,02-12-2024 19:00,LOSS
16845,1,4,02-12-2024 20:00,LOSS
16846,1,3,02-12-2024 21:00,LOSS
16847,12,17,02-12-2024 22:00,LOSS
16848,13,2,02-12-2024 23:00,WIN
16849,4,15,03-12-2024 00:00,WIN
16850,15,17,03-12-2024 01:00,LOSS
16851,17,2,03-12-2024 02:00,LOSS
16852,6,12,03-12-2024 03:00,LOSS
16853,13,17,03-12-2024 04:00,LOSS
16854,7,17,03-12-2024 05:00,WIN
16855,5,5,03-12-2024 06:00,WIN
16856,11,10,03-12-2024 07:00,WIN
16857,5,11,03-12-2024 08:00,LOSS
16858,1,15,03-12-2024 09:00,WIN
16859,13,14,03-12-2024 10:00,WIN
16860,12,13,03-12-2024 11:00,WIN
16861,14,7,03-12-2024 12:00,LOSS
16862,1,16,03-12-2024 13:00,WIN
16863,13,17,03-12-2024 14:00,WIN
16864,18,16,03-12-2024 15:00,WIN
16865,17,1,03-12-2024 16:00,WIN
16866,8,19,03-12-2024 17:00,LOSS
16867,8,18,03-12-2024 18:00,WIN
16868,8,16,03-12-2024 19:00,LOSS
16869,17,2,03-12-2024 20:00,LOSS
16870,20,2,03-12-2024 21:00,WIN
16871,12,8,03-12-2024 22:00,LOSS
16872,11,3,03-12-2024 23:00,LOSS
16873,17,20,04-12-2024 00:00,LOSS
16874,20,16,04-12-2024 01:00,WIN
16875,7,4,04-12-2024 02:00,WIN
16876,10,4,04-12-2024 03:00,LOSS
16877,17,1,04-12-2024 04:00,LOSS
16878,18,1,04-12-2024 05:00,WIN
16879,17,1,04-12-2024 06:00,WIN
16880,20,2,04-12-2024 07:00,WIN
16881,11,12,04-12-2024 08:00,LOSS
16882,9,15,04-12-2024 09:00,LOSS
16883,8,7,04-12-2024 10:00,LOSS
16884,11,3,04-12-2024 11:00,WIN
16885,4,7,04-12-2024 12:00,WIN
16886,19,13,04-12-2024 13:00,LOSS
16887,8,7,04-12-2024 14:00,WIN
16888,9,17,04-12-2024 15:00,LOSS
16889,14,16,04-12-2024 16:00,LOSS
16890,14,15,04-12-2024 17:00,LOSS
16891,1,3,04-12-2024 18:00,LOSS
16892,15,4,04-12-2024 19:00,WIN
16893,8,16,04-12-2024 20:00,LOSS
16894,5,17,04-12-2024 21:00,WIN
16895,19,8,04-12-2024 22:00,LOSS
16896,16,16,04-12-2024 23:00,LOSS
16897,10,6,05-12-2024 00:00,LOSS
16898,11,9,05-12-2024 01:00,LOSS
16899,5,4,05-12-2024 02:00,LOSS
16900,10,9,05-12-2024 03:00,LOSS
16901,16,12,05-12-2024 04:00,WIN
16902,4,15,05-12-2024 05:00,WIN
16903,1,6,05-12-2024 06:00,WIN
16904,15,14,05-12-2024 07:00,LOSS
16905,7,15,05-12-2024 08:00,LOSS
16906,20,12,05-12-2024 09:00,WIN
16907,4,14,05-12-2024 10:00,LOSS
16908,14,2,05-12-2024 11:00,LOSS
16909,5,18,05-12-2024 12:00,LOSS
16910,17,12,05-12-2024 13:00,WIN
16911,4,17,05-12-2024 14:00,LOSS
16912,5,12,05-12-2024 15:00,LOSS
16913,17,11,05-12-2024 16:00,LOSS
16914,11,6,05-12-2024 17:00,LOSS
16915,4,4,05-12-2024 18:00,LOSS
16916,15,11,05-12-2024 19:00,WIN
16917,7,5,05-12-2024 20:00,LOSS
16918,5,17,05-12-2024 21:00,LOSS
16919,14,12,05-12-2024 22:00,WIN
16920,1,16,05-12-2024 23:00,LOSS
16921,7,8,06-12-2024 00:00,LOSS
16922,13,11,06-12-2024 01:00,WIN
16923,13,7,06-12-2024 02:00,LOSS
16924,1,3,06-12-2024 03:00,WIN
16925,15,13,06-12-2024 04:00,LOSS
16926,2,5,06-12-2024 05:00,WIN
16927,8,9,06-12-2024 06:00,LOSS
16928,8,3,06-12-2024 07:00,WIN
16929,14,4,06-12-2024 08:00,WIN
16930,4,9,06-12-2024 09:00,LOSS
16931,13,15,06-12-2024 10:00,WIN
16932,5,9,06-12-2024 11:00,WIN
16933,14,20,06-12-2024 12:00,LOSS
16934,18,1,06-12-2024 13:00,LOSS
16935,10,5,06-12-2024 14:00,LOSS
16936,4,7,06-12-2024 15:00,WIN
16937,7,6,06-12-2024 16:00,LOSS
16938,4,8,06-12-2024 17:00,WIN
16939,11,12,06-12-2024 18:00,WIN
16940,11,3,06-12-2024 19:00,WIN
16941,12,19,06-12-2024 20:00,WIN
16942,15,3,06-12-2024 21:00,LOSS
16943,5,8,06-12-2024 22:00,LOSS
16944,8,15,06-12-2024 23:00,LOSS
16945,20,14,07-12-2024 00:00,LOSS
16946,11,8,07-12-2024 01:00,LOSS
16947,18,12,07-12-2024 02:00,LOSS
16948,18,8,07-12-2024 03:00,WIN
16949,6,7,07-12-2024 04:00,LOSS
16950,18,6,07-12-2024 05:00,LOSS
16951,19,2,07-12-2024 06:00,WIN
16952,14,15,07-12-2024 07:00,LOSS
16953,11,16,07-12-2024 08:00,WIN
16954,7,7,07-12-2024 09:00,WIN
16955,14,1,07-12-2024 10:00,WIN
16956,16,14,07-12-2024 11:00,WIN
16957,13,13,07-12-2024 12:00,WIN
16958,6,17,07-12-2024 13:00,LOSS
16959,15,16,07-12-2024 14:00,LOSS
16960,5,12,07-12-2024 15:00,LOSS
16961,17,6,07-12-2024 16:00,WIN
16962,5,2,07-12-2024 17:00,WIN
16963,18,7,07-12-2024 18:00,WIN
16964,10,8,07-12-2024 19:00,WIN
16965,19,8,07-12-2024 20:00,WIN
16966,2,19,07-12-2024 21:00,WIN
16967,16,5,07-12-2024 22:00,WIN
16968,13,9,07-12-2024 23:00,LOSS
16969,19,15,08-12-2024 00:00,WIN
16970,3,12,08-12-2024 01:00,WIN
16971,18,3,08-12-2024 02:00,WIN
16972,14,11,08-12-2024 03:00,WIN
16973,7,9,08-12-2024 04:00,LOSS
16974,12,6,08-12-2024 05:00,LOSS
16975,17,20,08-12-2024 06:00,LOSS
16976,12,6,08-12-2024 07:00,LOSS
16977,3,12,08-12-2024 08:00,WIN
16978,8,16,08-12-2024 09:00,WIN
16979,18,19,08-12-2024 10:00,WIN
16980,15,11,08-12-2024 11:00,LOSS
16981,19,1,08-12-2024 12:00,WIN
16982,13,7,08-12-2024 13:00,WIN
16983,16,12,08-12-2024 14:00,WIN
16984,15,19,08-12-2024 15:00,WIN
16985,11,15,08-12-2024 16:00,LOSS
16986,13,18,08-12-2024 17:00,WIN
16987,14,14,08-12-2024 18:00,WIN
16988,13,7,08-12-2024 19:00,LOSS
16989,8,20,08-12-2024 20:00,WIN
16990,11,5,08-12-2024 21:00,LOSS
16991,14,10,08-12-2024 22:00,WIN
16992,19,6,08-12-2024 23:00,WIN
16993,15,4,09-12-2024 00:00,WIN
16994,10,6,09-12-2024 01:00,WIN
16995,4,4,09-12-2024 02:00,LOSS
16996,7,20,09-12-2024 03:00,WIN
16997,6,9,09-12-2024 04:00,WIN
16998,1,15,09-12-2024 05:00,WIN
16999,20,17,09-12-2024 06:00,WIN
17000,11,5,09-12-2024 07:00,WIN
17001,19,5,09-12-2024 08:00,WIN
17002,3,1,09-12-2024 09:00,LOSS
17003,3,20,09-12-2024 10:00,LOSS
17004,1,18,09-12-2024 11:00,LOSS
17005,10,18,09-12-2024 12:00,LOSS
17006,14,2,09-12-2024 13:00,LOSS
17007,17,12,09-12-2024 14:00,WIN
17008,2,10,09-12-2024 15:00,LOSS
17009,14,17,09-12-2024 16:00,LOSS
17010,5,9,09-12-2024 17:00,WIN
17011,7,20,09-12-2024 18:00,LOSS
17012,15,10,09-12-2024 19:00,LOSS
17013,19,18,09-12-2024 20:00,WIN
17014,6,5,09-12-2024 21:00,WIN
17015,20,19,09-12-2024 22:00,LOSS
17016,4,15,09-12-2024 23:00,WIN
17017,14,17,10-12-2024 00:00,WIN
17018,1,2,10-12-2024 01:00,LOSS
17019,8,12,10-12-2024 02:00,WIN
17020,20,8,10-12-2024 03:00,WIN
17021,6,7,10-12-2024 04:00,LOSS
17022,15,13,10-12-2024 05:00,WIN
17023,6,10,10-12-2024 06:00,WIN
17024,15,13,10-12-2024 07:00,WIN
17025,1,18,10-12-2024 08:00,WIN
17026,10,18,10-12-2024 09:00,WIN
17027,4,16,10-12-2024 10:00,WIN
17028,14,14,10-12-2024 11:00,WIN
17029,12,6,10-12-2024 12:00,LOSS
17030,20,11,10-12-2024 13:00,WIN
17031,16,18,10-12-2024 14:00,LOSS
17032,20,9,10-12-2024 15:00,WIN
17033,7,6,10-12-2024 16:00,WIN
17034,7,6,10-12-2024 17:00,WIN
17035,7,5,10-12-2024 18:00,WIN
17036,6,10,10-12-2024 19:00,WIN
17037,19,6,10-12-2024 20:00,LOSS
17038,15,13,10-12-2024 21:00,WIN
17039,10,9,10-12-2024 22:00,WIN
17040,12,6,10-12-2024 23:00,WIN
17041,8,16,11-12-2024 00:00,WIN
17042,4,17,11-12-2024 01:00,WIN
17043,7,4,11-12-2024 02:00,WIN
17044,3,12,11-12-2024 03:00,LOSS
17045,8,19,11-12-2024 04:00,LOSS
17046,13,6,11-12-2024 05:00,LOSS
17047,13,4,11-12-2024 06:00,LOSS
17048,16,15,11-12-2024 07:00,WIN
17049,16,8,11-12-2024 08:00,LOSS
17050,2,18,11-12-2024 09:00,LOSS
17051,3,14,11-12-2024 10:00,LOSS
17052,15,15,11-12-2024 11:00,LOSS
17053,17,15,11-12-2024 12:00,LOSS
17054,2,3,11-12-2024 13:00,WIN
17055,17,17,11-12-2024 14:00,WIN
17056,6,9,11-12-2024 15:00,LOSS
17057,11,12,11-12-2024 16:00,LOSS
17058,5,11,11-12-2024 17:00,WIN
17059,6,12,11-12-2024 18:00,WIN
17060,3,6,11-12-2024 19:00,WIN
17061,4,15,11-12-2024 20:00,LOSS
17062,15,19,11-12-2024 21:00,WIN
17063,17,16,11-12-2024 22:00,LOSS
17064,3,5,11-12-2024 23:00,WIN
17065,16,5,12-12-2024 00:00,WIN
17066,16,9,12-12-2024 01:00,WIN
17067,1,2,12-12-2024 02:00,LOSS
17068,11,16,12-12-2024 03:00,LOSS
17069,1,10,12-12-2024 04:00,LOSS
17070,7,10,12-12-2024 05:00,LOSS
17071,9,16,12-12-2024 06:00,LOSS
17072,13,20,12-12-2024 07:00,WIN
17073,20,13,12-12-2024 08:00,WIN
17074,6,14,12-12-2024 09:00,LOSS
17075,17,17,12-12-2024 10:00,LOSS
17076,20,20,12-12-2024 11:00,WIN
17077,6,18,12-12-2024 12:00,LOSS
17078,2,16,12-12-2024 13:00,WIN
17079,3,11,12-12-2024 14:00,WIN
17080,20,3,12-12-2024 15:00,LOSS
17081,6,15,12-12-2024 16:00,LOSS
17082,19,18,12-12-2024 17:00,WIN
17083,1,13,12-12-2024 18:00,LOSS
17084,16,17,12-12-2024 19:00,WIN
17085,8,12,12-12-2024 20:00,LOSS
17086,16,1,12-12-2024 21:00,LOSS
17087,4,5,12-12-2024 22:00,LOSS
17088,15,19,12-12-2024 23:00,LOSS
17089,14,9,13-12-2024 00:00,LOSS
17090,1,8,13-12-2024 01:00,LOSS
17091,1,20,13-12-2024 02:00,WIN
17092,4,13,13-12-2024 03:00,WIN
17093,15,10,13-12-2024 04:00,WIN
17094,6,12,13-12-2024 05:00,WIN
17095,4,18,13-12-2024 06:00,WIN
17096,20,8,13-12-2024 07:00,LOSS
17097,4,6,13-12-2024 08:00,LOSS
17098,10,8,13-12-2024 09:00,LOSS
17099,7,11,13-12-2024 10:00,LOSS
17100,6,13,13-12-2024 11:00,LOSS
17101,4,7,13-12-2024 12:00,WIN
17102,13,16,13-12-2024 13:00,LOSS
17103,11,13,13-12-2024 14:00,LOSS
17104,9,20,13-12-2024 15:00,WIN
17105,8,3,13-12-2024 16:00,LOSS
17106,10,18,13-12-2024 17:00,WIN
17107,2,18,13-12-2024 18:00,LOSS
17108,3,18,13-12-2024 19:00,LOSS
17109,2,19,13-12-2024 20:00,LOSS
17110,18,4,13-12-2024 21:00,WIN
17111,11,5,13-12-2024 22:00,WIN
17112,20,4,13-12-2024 23:00,LOSS
17113,1,20,14-12-2024 00:00,WIN
17114,5,14,14-12-2024 01:00,LOSS
17115,7,19,14-12-2024 02:00,WIN
17116,18,7,14-12-2024 03:00,WIN
17117,5,7,14-12-2024 04:00,WIN
17118,20,20,14-12-2024 05:00,WIN
17119,6,13,14-12-2024 06:00,WIN
17120,1,1,14-12-2024 07:00,WIN
17121,17,2,14-12-2024 08:00,WIN
17122,18,4,14-12-2024 09:00,LOSS
17123,4,4,14-12-2024 10:00,LOSS
17124,17,2,14-12-2024 11:00,LOSS
17125,13,1,14-12-2024 12:00,WIN
17126,5,11,14-12-2024 13:00,WIN
17127,4,1,14-12-2024 14:00,LOSS
17128,5,6,14-12-2024 15:00,LOSS
17129,9,16,14-12-2024 16:00,LOSS
17130,13,15,14-12-2024 17:00,LOSS
17131,9,9,14-12-2024 18:00,WIN
17132,4,14,14-12-2024 19:00,WIN
17133,14,1,14-12-2024 20:00,LOSS
17134,2,10,14-12-2024 21:00,LOSS
17135,18,2,14-12-2024 22:00,LOSS
17136,19,19,14-12-2024 23:00,LOSS
17137,2,20,15-12-2024 00:00,LOSS
17138,9,3,15-12-2024 01:00,LOSS
17139,14,3,15-12-2024 02:00,LOSS
17140,12,19,15-12-2024 03:00,WIN
17141,20,15,15-12-2024 04:00,WIN
17142,5,18,15-12-2024 05:00,LOSS
17143,2,17,15-12-2024 06:00,WIN
17144,8,11,15-12-2024 07:00,WIN
17145,7,2,15-12-2024 08:00,LOSS
17146,7,10,15-12-2024 09:00,WIN
17147,8,15,15-12-2024 10:00,LOSS
17148,20,17,15-12-2024 11:00,LOSS
17149,4,15,15-12-2024 12:00,LOSS
17150,1,14,15-12-2024 13:00,LOSS
17151,2,3,15-12-2024 14:00,WIN
17152,4,6,15-12-2024 15:00,WIN
17153,9,19,15-12-2024 16:00,LOSS
17154,3,20,15-12-2024 17:00,LOSS
17155,1,9,15-12-2024 18:00,WIN
17156,5,3,15-12-2024 19:00,WIN
17157,11,15,15-12-2024 20:00,LOSS
17158,11,6,15-12-2024 21:00,WIN
17159,11,10,15-12-2024 22:00,LOSS
17160,15,1,15-12-2024 23:00,WIN
17161,1,6,16-12-2024 00:00,LOSS
17162,11,13,16-12-2024 01:00,LOSS
17163,6,16,16-12-2024 02:00,LOSS
17164,17,4,16-12-2024 03:00,WIN
17165,18,12,16-12-2024 04:00,LOSS
17166,11,4,16-12-2024 05:00,LOSS
17167,9,13,16-12-2024 06:00,WIN
17168,12,16,16-12-2024 07:00,LOSS
17169,13,1,16-12-2024 08:00,LOSS
17170,3,19,16-12-2024 09:00,LOSS
17171,4,1,16-12-2024 10:00,WIN
17172,16,13,16-12-2024 11:00,LOSS
17173,4,11,16-12-2024 12:00,LOSS
17174,12,17,16-12-2024 13:00,LOSS
17175,10,7,16-12-2024 14:00,LOSS
17176,13,1,16-12-2024 15:00,LOSS
17177,6,2,16-12-2024 16:00,LOSS
17178,8,9,16-12-2024 17:00,LOSS
17179,11,14,16-12-2024 18:00,WIN
17180,17,16,16-12-2024 19:00,LOSS
17181,6,18,16-12-2024 20:00,WIN
17182,15,20,16-12-2024 21:00,LOSS
17183,13,7,16-12-2024 22:00,LOSS
17184,9,17,16-12-2024 23:00,LOSS
17185,15,13,17-12-2024 00:00,LOSS
17186,19,2,17-12-2024 01:00,LOSS
17187,19,12,17-12-2024 02:00,WIN
17188,10,10,17-12-2024 03:00,WIN
17189,5,2,17-12-2024 04:00,LOSS
17190,15,6,17-12-2024 05:00,WIN
17191,3,1,17-12-2024 06:00,WIN
17192,16,6,17-12-2024 07:00,LOSS
17193,5,9,17-12-2024 08:00,LOSS
17194,5,10,17-12-2024 09:00,WIN
17195,2,10,17-12-2024 10:00,LOSS
17196,8,16,17-12-2024 11:00,LOSS
17197,17,16,17-12-2024 12:00,WIN
17198,3,19,17-12-2024 13:00,WIN
17199,1,12,17-12-2024 14:00,WIN
17200,10,20,17-12-2024 15:00,LOSS
17201,16,10,17-12-2024 16:00,LOSS
17202,13,1,17-12-2024 17:00,LOSS
17203,6,15,17-12-2024 18:00,LOSS
17204,13,19,17-12-2024 19:00,WIN
17205,12,11,17-12-2024 20:00,WIN
17206,5,10,17-12-2024 21:00,LOSS
17207,7,1,17-12-2024 22:00,WIN
17208,2,14,17-12-2024 23:00,LOSS
17209,18,13,18-12-2024 00:00,WIN
17210,10,2,18-12-2024 01:00,WIN
17211,19,8,18-12-2024 02:00,WIN
17212,20,11,18-12-2024 03:00,LOSS
17213,10,19,18-12-2024 04:00,LOSS
17214,7,19,18-12-2024 05:00,LOSS
17215,13,11,18-12-2024 06:00,LOSS
17216,13,5,18-12-2024 07:00,LOSS
17217,11,17,18-12-2024 08:00,LOSS
17218,19,3,18-12-2024 09:00,LOSS
17219,7,18,18-12-2024 10:00,WIN
17220,2,18,18-12-2024 11:00,WIN
17221,12,11,18-12-2024 12:00,WIN
17222,13,13,18-12-2024 13:00,LOSS
17223,4,13,18-12-2024 14:00,WIN
17224,1,3,18-12-2024 15:00,WIN
17225,20,16,18-12-2024 16:00,WIN
17226,15,14,18-12-2024 17:00,LOSS
17227,18,4,18-12-2024 18:00,LOSS
17228,15,5,18-12-2024 19:00,WIN
17229,17,6,18-12-2024 20:00,WIN
17230,3,15,18-12-2024 21:00,LOSS
17231,8,9,18-12-2024 22:00,WIN
17232,7,13,18-12-2024 23:00,WIN
17233,1,13,19-12-2024 00:00,WIN
17234,19,6,19-12-2024 01:00,WIN
17235,18,18,19-12-2024 02:00,LOSS
17236,1,16,19-12-2024 03:00,WIN
17237,11,16,19-12-2024 04:00,LOSS
17238,1,16,19-12-2024 05:00,LOSS
17239,15,11,19-12-2024 06:00,LOSS
17240,8,9,19-12-2024 07:00,WIN
17241,13,1,19-12-2024 08:00,WIN
17242,3,13,19-12-2024 09:00,LOSS
17243,7,1,19-12-2024 10:00,LOSS
17244,13,20,19-12-2024 11:00,WIN
17245,18,16,19-12-2024 12:00,LOSS
17246,12,7,19-12-2024 13:00,LOSS
17247,3,14,19-12-2024 14:00,LOSS
17248,10,9,19-12-2024 15:00,WIN
17249,5,18,19-12-2024 16:00,LOSS
17250,9,13,19-12-2024 17:00,WIN
17251,1,13,19-12-2024 18:00,WIN
17252,5,4,19-12-2024 19:00,LOSS
17253,1,17,19-12-2024 20:00,WIN
17254,2,5,19-12-2024 21:00,WIN
17255,10,17,19-12-2024 22:00,WIN
17256,4,17,19-12-2024 23:00,LOSS
17257,3,10,20-12-2024 00:00,LOSS
17258,10,16,20-12-2024 01:00,WIN
17259,15,14,20-12-2024 02:00,LOSS
17260,6,2,20-12-2024 03:00,LOSS
17261,1,15,20-12-2024 04:00,WIN
17262,10,7,20-12-2024 05:00,LOSS
17263,2,3,20-12-2024 06:00,LOSS
17264,9,18,20-12-2024 07:00,LOSS
17265,17,15,20-12-2024 08:00,WIN
17266,16,11,20-12-2024 09:00,WIN
17267,2,7,20-12-2024 10:00,WIN
17268,16,9,20-12-2024 11:00,LOSS
17269,3,9,20-12-2024 12:00,WIN
17270,19,1,20-12-2024 13:00,WIN
17271,13,2,20-12-2024 14:00,WIN
17272,6,13,20-12-2024 15:00,WIN
17273,7,2,20-12-2024 16:00,LOSS
17274,12,12,20-12-2024 17:00,LOSS
17275,14,9,20-12-2024 18:00,WIN
17276,15,20,20-12-2024 19:00,LOSS
17277,2,9,20-12-2024 20:00,WIN
17278,10,15,20-12-2024 21:00,LOSS
17279,17,11,20-12-2024 22:00,WIN
17280,15,8,20-12-2024 23:00,LOSS
17281,6,4,21-12-2024 00:00,WIN
17282,2,15,21-12-2024 01:00,LOSS
17283,1,5,21-12-2024 02:00,LOSS
17284,9,2,21-12-2024 03:00,WIN
17285,16,8,21-12-2024 04:00,LOSS
17286,16,8,21-12-2024 05:00,WIN
17287,14,10,21-12-2024 06:00,LOSS
17288,1,6,21-12-2024 07:00,LOSS
17289,2,11,21-12-2024 08:00,LOSS
17290,9,2,21-12-2024 09:00,LOSS
17291,16,20,21-12-2024 10:00,WIN
17292,5,12,21-12-2024 11:00,LOSS
17293,18,15,21-12-2024 12:00,WIN
17294,16,18,21-12-2024 13:00,LOSS
17295,5,2,21-12-2024 14:00,WIN
17296,17,16,21-12-2024 15:00,LOSS
17297,10,9,21-12-2024 16:00,WIN
17298,12,16,21-12-2024 17:00,LOSS
17299,5,5,21-12-2024 18:00,WIN
17300,8,19,21-12-2024 19:00,LOSS
17301,11,12,21-12-2024 20:00,WIN
17302,3,4,21-12-2024 21:00,LOSS
17303,16,12,21-12-2024 22:00,LOSS
17304,20,19,21-12-2024 23:00,LOSS
17305,11,8,22-12-2024 00:00,WIN
17306,18,6,22-12-2024 01:00,LOSS
17307,17,15,22-12-2024 02:00,WIN
17308,10,4,22-12-2024 03:00,LOSS
17309,11,9,22-12-2024 04:00,LOSS
17310,15,17,22-12-2024 05:00,WIN
17311,8,5,22-12-2024 06:00,WIN
17312,5,19,22-12-2024 07:00,LOSS
17313,5,16,22-12-2024 08:00,LOSS
17314,1,11,22-12-2024 09:00,WIN
17315,9,2,22-12-2024 10:00,LOSS
17316,14,5,22-12-2024 11:00,WIN
17317,3,3,22-12-2024 12:00,WIN
17318,17,17,22-12-2024 13:00,LOSS
17319,13,5,22-12-2024 14:00,LOSS
17320,20,15,22-12-2024 15:00,WIN
17321,20,11,22-12-2024 16:00,LOSS
17322,10,18,22-12-2024 17:00,LOSS
17323,10,5,22-12-2024 18:00,LOSS
17324,5,3,22-12-2024 19:00,WIN
17325,15,2,22-12-2024 20:00,LOSS
17326,10,2,22-12-2024 21:00,LOSS
17327,5,20,22-12-2024 22:00,LOSS
17328,1,8,22-12-2024 23:00,LOSS
17329,13,13,23-12-2024 00:00,LOSS
17330,4,11,23-12-2024 01:00,WIN
17331,8,9,23-12-2024 02:00,LOSS
17332,20,11,23-12-2024 03:00,LOSS
17333,3,20,23-12-2024 04:00,LOSS
17334,20,15,23-12-2024 05:00,WIN
17335,3,17,23-12-2024 06:00,LOSS
17336,16,12,23-12-2024 07:00,WIN
17337,12,13,23-12-2024 08:00,WIN
17338,13,20,23-12-2024 09:00,WIN
17339,19,6,23-12-2024 10:00,LOSS
17340,9,7,23-12-2024 11:00,LOSS
17341,16,4,23-12-2024 12:00,LOSS
17342,19,17,23-12-2024 13:00,LOSS
17343,1,3,23-12-2024 14:00,LOSS
17344,16,19,23-12-2024 15:00,WIN
17345,19,1,23-12-2024 16:00,LOSS
17346,9,20,23-12-2024 17:00,WIN
17347,13,19,23-12-2024 18:00,LOSS
17348,4,18,23-12-2024 19:00,LOSS
17349,6,18,23-12-2024 20:00,WIN
17350,8,7,23-12-2024 21:00,WIN
17351,7,14,23-12-2024 22:00,LOSS
17352,8,5,23-12-2024 23:00,LOSS
17353,11,18,24-12-2024 00:00,WIN
17354,3,12,24-12-2024 01:00,WIN
17355,4,4,24-12-2024 02:00,WIN
17356,1,20,24-12-2024 03:00,LOSS
17357,20,12,24-12-2024 04:00,LOSS
17358,5,18,24-12-2024 05:00,WIN
17359,2,19,24-12-2024 06:00,WIN
17360,14,15,24-12-2024 07:00,LOSS
17361,13,20,24-12-2024 08:00,WIN
17362,17,6,24-12-2024 09:00,LOSS
17363,13,19,24-12-2024 10:00,LOSS
17364,8,7,24-12-2024 11:00,LOSS
17365,11,4,24-12-2024 12:00,WIN
17366,9,9,24-12-2024 13:00,LOSS
17367,13,3,24-12-2024 14:00,LOSS
17368,13,16,24-12-2024 15:00,WIN
17369,7,9,24-12-2024 16:00,WIN
17370,11,18,24-12-2024 17:00,LOSS
17371,17,5,24-12-2024 18:00,LOSS
17372,10,12,24-12-2024 19:00,WIN
17373,1,4,24-12-2024 20:00,LOSS
17374,8,11,24-12-2024 21:00,WIN
17375,15,12,24-12-2024 22:00,LOSS
17376,5,3,24-12-2024 23:00,LOSS
17377,20,20,25-12-2024 00:00,LOSS
17378,4,3,25-12-2024 01:00,LOSS
17379,13,1,25-12-2024 02:00,WIN
17380,16,2,25-12-2024 03:00,LOSS
17381,8,12,25-12-2024 04:00,WIN
17382,14,11,25-12-2024 05:00,LOSS
17383,12,5,25-12-2024 06:00,WIN
17384,20,19,25-12-2024 07:00,LOSS
17385,7,5,25-12-2024 08:00,WIN
17386,5,10,25-12-2024 09:00,LOSS
17387,15,19,25-12-2024 10:00,LOSS
17388,10,15,25-12-2024 11:00,LOSS
17389,1,8,25-12-2024 12:00,LOSS
17390,6,18,25-12-2024 13:00,WIN
17391,8,8,25-12-2024 14:00,WIN
17392,11,13,25-12-2024 15:00,LOSS
17393,6,1,25-12-2024 16:00,LOSS
17394,8,9,25-12-2024 17:00,WIN
17395,18,1,25-12-2024 18:00,LOSS
17396,14,9,25-12-2024 19:00,WIN
17397,9,18,25-12-2024 20:00,WIN
17398,13,16,25-12-2024 21:00,WIN
17399,18,9,25-12-2024 22:00,LOSS
17400,14,6,25-12-2024 23:00,WIN
17401,3,3,26-12-2024 00:00,WIN
17402,17,18,26-12-2024 01:00,WIN
17403,11,5,26-12-2024 02:00,WIN
17404,13,7,26-12-2024 03:00,WIN
17405,20,11,26-12-2024 04:00,LOSS
17406,20,14,26-12-2024 05:00,LOSS
17407,10,17,26-12-2024 06:00,WIN
17408,5,3,26-12-2024 07:00,LOSS
17409,7,14,26-12-2024 08:00,WIN
17410,10,10,26-12-2024 09:00,LOSS
17411,6,18,26-12-2024 10:00,WIN
17412,18,5,26-12-2024 11:00,LOSS
17413,6,1,26-12-2024 12:00,LOSS
17414,13,9,26-12-2024 13:00,WIN
17415,17,12,26-12-2024 14:00,WIN
17416,7,6,26-12-2024 15:00,WIN
17417,3,8,26-12-2024 16:00,WIN
17418,7,13,26-12-2024 17:00,LOSS
17419,20,15,26-12-2024 18:00,WIN
17420,20,6,26-12-2024 19:00,WIN
17421,7,7,26-12-2024 20:00,WIN
17422,2,11,26-12-2024 21:00,WIN
17423,5,8,26-12-2024 22:00,WIN
17424,13,9,26-12-2024 23:00,WIN
17425,6,4,27-12-2024 00:00,WIN
17426,4,14,27-12-2024 01:00,WIN
17427,1,14,27-12-2024 02:00,LOSS
17428,11,19,27-12-2024 03:00,LOSS
17429,1,10,27-12-2024 04:00,WIN
17430,19,10,27-12-2024 05:00,WIN
17431,9,13,27-12-2024 06:00,LOSS
17432,18,18,27-12-2024 07:00,LOSS
17433,14,18,27-12-2024 08:00,LOSS
17434,7,20,27-12-2024 09:00,LOSS
17435,2,16,27-12-2024 10:00,WIN
17436,17,11,27-12-2024 11:00,LOSS
17437,7,19,27-12-2024 12:00,LOSS
17438,7,4,27-12-2024 13:00,WIN
17439,1,16,27-12-2024 14:00,WIN
17440,8,3,27-12-2024 15:00,WIN
17441,14,14,27-12-2024 16:00,LOSS
17442,13,3,27-12-2024 17:00,LOSS
17443,10,13,27-12-2024 18:00,WIN
17444,12,9,27-12-2024 19:00,WIN
17445,13,19,27-12-2024 20:00,LOSS
17446,16,11,27-12-2024 21:00,LOSS
17447,13,2,27-12-2024 22:00,WIN
17448,15,13,27-12-2024 23:00,LOSS
17449,4,14,28-12-2024 00:00,LOSS
17450,5,2,28-12-2024 01:00,LOSS
17451,14,12,28-12-2024 02:00,WIN
17452,5,13,28-12-2024 03:00,LOSS
17453,7,14,28-12-2024 04:00,LOSS
17454,14,13,28-12-2024 05:00,LOSS
17455,2,19,28-12-2024 06:00,LOSS
17456,2,14,28-12-2024 07:00,LOSS
17457,1,10,28-12-2024 08:00,LOSS
17458,2,10,28-12-2024 09:00,LOSS
17459,2,11,28-12-2024 10:00,LOSS
17460,13,3,28-12-2024 11:00,WIN
17461,5,10,28-12-2024 12:00,WIN
17462,20,2,28-12-2024 13:00,WIN
17463,15,8,28-12-2024 14:00,LOSS
17464,20,4,28-12-2024 15:00,WIN
17465,15,16,28-12-2024 16:00,WIN
17466,7,1,28-12-2024 17:00,WIN
17467,13,10,28-12-2024 18:00,LOSS
17468,16,6,28-12-2024 19:00,LOSS
17469,19,13,28-12-2024 20:00,LOSS
17470,13,8,28-12-2024 21:00,WIN
17471,3,7,28-12-2024 22:00,LOSS
17472,1,12,28-12-2024 23:00,LOSS
17473,5,18,29-12-2024 00:00,LOSS
17474,9,3,29-12-2024 01:00,LOSS
17475,18,17,29-12-2024 02:00,LOSS
17476,3,4,29-12-2024 03:00,WIN
17477,20,9,29-12-2024 04:00,LOSS
17478,2,17,29-12-2024 05:00,LOSS
17479,5,12,29-12-2024 06:00,WIN
17480,14,15,29-12-2024 07:00,LOSS
17481,1,4,29-12-2024 08:00,LOSS
17482,17,2,29-12-2024 09:00,WIN
17483,13,18,29-12-2024 10:00,WIN
17484,12,2,29-12-2024 11:00,WIN
17485,19,7,29-12-2024 12:00,WIN
17486,12,20,29-12-2024 13:00,WIN
17487,8,12,29-12-2024 14:00,LOSS
17488,11,16,29-12-2024 15:00,WIN
17489,2,14,29-12-2024 16:00,LOSS
17490,5,15,29-12-2024 17:00,WIN
17491,3,18,29-12-2024 18:00,LOSS
17492,15,16,29-12-2024 19:00,WIN
17493,14,15,29-12-2024 20:00,LOSS
17494,8,7,29-12-2024 21:00,WIN
17495,6,17,29-12-2024 22:00,WIN
17496,9,17,29-12-2024 23:00,WIN
17497,19,7,30-12-2024 00:00,WIN
17498,3,5,30-12-2024 01:00,LOSS
17499,13,1,30-12-2024 02:00,LOSS
17500,10,18,30-12-2024 03:00,LOSS
17501,4,11,30-12-2024 04:00,LOSS
17502,1,4,30-12-2024 05:00,WIN
17503,8,5,30-12-2024 06:00,WIN
17504,8,9,30-12-2024 07:00,LOSS
17505,14,20,30-12-2024 08:00,WIN
17506,14,20,30-12-2024 09:00,WIN
17507,12,5,30-12-2024 10:00,LOSS
17508,2,17,30-12-2024 11:00,WIN
17509,7,9,30-12-2024 12:00,WIN
17510,4,17,30-12-2024 13:00,LOSS
17511,10,20,30-12-2024 14:00,LOSS
17512,11,9,30-12-2024 15:00,LOSS
17513,10,17,30-12-2024 16:00,WIN
17514,18,20,30-12-2024 17:00,LOSS
17515,4,18,30-12-2024 18:00,WIN
17516,19,12,30-12-2024 19:00,WIN
17517,7,7,30-12-2024 20:00,WIN
17518,1,15,30-12-2024 21:00,LOSS
17519,14,12,30-12-2024 22:00,LOSS
17520,13,19,30-12-2024 23:00,WIN
17521,6,8,31-12-2024 00:00,LOSS
17522,19,13,31-12-2024 01:00,LOSS
17523,9,4,31-12-2024 02:00,LOSS
17524,3,5,31-12-2024 03:00,LOSS
17525,17,15,31-12-2024 04:00,LOSS
17526,19,7,31-12-2024 05:00,WIN
17527,16,16,31-12-2024 06:00,WIN
17528,4,17,31-12-2024 07:00,LOSS
17529,16,10,31-12-2024 08:00,LOSS
17530,19,11,31-12-2024 09:00,WIN
17531,12,14,31-12-2024 10:00,WIN
17532,7,13,31-12-2024 11:00,LOSS
17533,20,18,31-12-2024 12:00,LOSS
17534,9,17,31-12-2024 13:00,LOSS
17535,2,9,31-12-2024 14:00,LOSS
17536,8,16,31-12-2024 15:00,LOSS
17537,10,9,31-12-2024 16:00,WIN
17538,1,11,31-12-2024 17:00,WIN
17539,18,14,31-12-2024 18:00,LOSS
17540,8,14,31-12-2024 19:00,LOSS
17541,13,11,31-12-2024 20:00,WIN
17542,7,15,31-12-2024 21:00,WIN
17543,14,12,31-12-2024 22:00,WIN
17544,7,14,31-12-2024 23:00,LOSS
17545,17,3,01-01-2025 00:00,WIN
17546,18,12,01-01-2025 01:00,LOSS
17547,2,14,01-01-2025 02:00,WIN
17548,3,9,01-01-2025 03:00,LOSS
17549,19,17,01-01-2025 04:00,LOSS
17550,3,17,01-01-2025 05:00,WIN
17551,12,16,01-01-2025 06:00,LOSS
17552,4,2,01-01-2025 07:00,LOSS
17553,4,4,01-01-2025 08:00,WIN
17554,9,8,01-01-2025 09:00,LOSS
17555,3,9,01-01-2025 10:00,LOSS
17556,3,16,01-01-2025 11:00,WIN
17557,20,11,01-01-2025 12:00,LOSS
17558,5,10,01-01-2025 13:00,WIN
17559,16,2,01-01-2025 14:00,LOSS
17560,19,1,01-01-2025 15:00,WIN
17561,5,19,01-01-2025 16:00,WIN
17562,8,7,01-01-2025 17:00,WIN
17563,12,8,01-01-2025 18:00,WIN
17564,6,2,01-01-2025 19:00,WIN
17565,2,3,01-01-2025 20:00,LOSS
17566,15,16,01-01-2025 21:00,LOSS
17567,16,7,01-01-2025 22:00,WIN
17568,4,13,01-01-2025 23:00,LOSS
17569,15,3,02-01-2025 00:00,WIN
17570,7,7,02-01-2025 01:00,WIN
17571,15,12,02-01-2025 02:00,LOSS
17572,16,5,02-01-2025 03:00,WIN
17573,17,2,02-01-2025 04:00,LOSS
17574,5,16,02-01-2025 05:00,WIN
17575,6,4,02-01-2025 06:00,WIN
17576,4,10,02-01-2025 07:00,LOSS
17577,10,6,02-01-2025 08:00,WIN
17578,1,19,02-01-2025 09:00,LOSS
17579,8,14,02-01-2025 10:00,LOSS
17580,6,14,02-01-2025 11:00,WIN
17581,10,15,02-01-2025 12:00,WIN
17582,4,11,02-01-2025 13:00,LOSS
17583,13,6,02-01-2025 14:00,LOSS
17584,18,12,02-01-2025 15:00,LOSS
17585,20,14,02-01-2025 16:00,WIN
17586,2,6,02-01-2025 17:00,WIN
17587,6,19,02-01-2025 18:00,LOSS
17588,11,14,02-01-2025 19:00,WIN
17589,12,17,02-01-2025 20:00,WIN
17590,9,14,02-01-2025 21:00,LOSS
17591,11,1,02-01-2025 22:00,LOSS
17592,15,10,02-01-2025 23:00,WIN
17593,13,17,03-01-2025 00:00,WIN
17594,2,9,03-01-2025 01:00,WIN
17595,20,10,03-01-2025 02:00,WIN
17596,14,18,03-01-2025 03:00,WIN
17597,10,11,03-01-2025 04:00,LOSS
17598,15,17,03-01-2025 05:00,WIN
17599,10,12,03-01-2025 06:00,WIN
17600,9,5,03-01-2025 07:00,WIN
17601,6,5,03-01-2025 08:00,LOSS
17602,3,10,03-01-2025 09:00,LOSS
17603,12,2,03-01-2025 10:00,LOSS
17604,17,1,03-01-2025 11:00,LOSS
17605,12,18,03-01-2025 12:00,WIN
17606,4,16,03-01-2025 13:00,LOSS
17607,14,16,03-01-2025 14:00,WIN
17608,8,5,03-01-2025 15:00,LOSS
17609,18,19,03-01-2025 16:00,WIN
17610,2,8,03-01-2025 17:00,LOSS
17611,14,1,03-01-2025 18:00,WIN
17612,4,11,03-01-2025 19:00,LOSS
17613,2,19,03-01-2025 20:00,WIN
17614,6,8,03-01-2025 21:00,LOSS
17615,8,19,03-01-2025 22:00,LOSS
17616,3,5,03-01-2025 23:00,WIN
17617,15,20,04-01-2025 00:00,WIN
17618,19,18,04-01-2025 01:00,WIN
17619,20,2,04-01-2025 02:00,WIN
17620,5,19,04-01-2025 03:00,LOSS
17621,19,10,04-01-2025 04:00,LOSS
17622,6,18,04-01-2025 05:00,LOSS
17623,10,16,04-01-2025 06:00,LOSS
17624,4,5,04-01-2025 07:00,WIN
17625,9,13,04-01-2025 08:00,WIN
17626,10,2,04-01-2025 09:00,WIN
17627,5,11,04-01-2025 10:00,WIN
17628,16,12,04-01-2025 11:00,LOSS
17629,11,8,04-01-2025 12:00,LOSS
17630,4,12,04-01-2025 13:00,WIN
17631,12,15,04-01-2025 14:00,LOSS
17632,10,15,04-01-2025 15:00,LOSS
17633,2,17,04-01-2025 16:00,WIN
17634,19,10,04-01-2025 17:00,LOSS
17635,20,7,04-01-2025 18:00,WIN
17636,10,20,04-01-2025 19:00,LOSS
17637,12,20,04-01-2025 20:00,LOSS
17638,2,10,04-01-2025 21:00,WIN
17639,7,18,04-01-2025 22:00,LOSS
17640,1,14,04-01-2025 23:00,WIN
17641,11,16,05-01-2025 00:00,WIN
17642,19,13,05-01-2025 01:00,WIN
17643,13,11,05-01-2025 02:00,WIN
17644,18,3,05-01-2025 03:00,WIN
17645,13,17,05-01-2025 04:00,LOSS
17646,17,5,05-01-2025 05:00,WIN
17647,14,7,05-01-2025 06:00,LOSS
17648,16,6,05-01-2025 07:00,WIN
17649,19,6,05-01-2025 08:00,WIN
17650,12,6,05-01-2025 09:00,LOSS
17651,18,20,05-01-2025 10:00,LOSS
17652,12,7,05-01-2025 11:00,LOSS
17653,12,6,05-01-2025 12:00,WIN
17654,18,5,05-01-2025 13:00,LOSS
17655,10,7,05-01-2025 14:00,WIN
17656,2,15,05-01-2025 15:00,WIN
17657,20,18,05-01-2025 16:00,LOSS
17658,6,5,05-01-2025 17:00,WIN
17659,1,11,05-01-2025 18:00,LOSS
17660,7,20,05-01-2025 19:00,LOSS
17661,1,14,05-01-2025 20:00,WIN
17662,10,8,05-01-2025 21:00,WIN
17663,13,8,05-01-2025 22:00,WIN
17664,9,2,05-01-2025 23:00,LOSS
17665,15,16,06-01-2025 00:00,WIN
17666,18,17,06-01-2025 01:00,LOSS
17667,7,10,06-01-2025 02:00,WIN
17668,2,14,06-01-2025 03:00,WIN
17669,14,12,06-01-2025 04:00,LOSS
17670,20,20,06-01-2025 05:00,LOSS
17671,5,11,06-01-2025 06:00,WIN
17672,10,2,06-01-2025 07:00,WIN
17673,19,15,06-01-2025 08:00,LOSS
17674,7,15,06-01-2025 09:00,LOSS
17675,6,3,06-01-2025 10:00,WIN
17676,3,18,06-01-2025 11:00,WIN
17677,13,20,06-01-2025 12:00,LOSS
17678,7,16,06-01-2025 13:00,WIN
17679,2,9,06-01-2025 14:00,WIN
17680,19,18,06-01-2025 15:00,WIN
17681,4,7,06-01-2025 16:00,LOSS
17682,1,10,06-01-2025 17:00,WIN
17683,11,20,06-01-2025 18:00,LOSS
17684,2,17,06-01-2025 19:00,WIN
17685,2,16,06-01-2025 20:00,WIN
17686,14,10,06-01-2025 21:00,LOSS
17687,18,17,06-01-2025 22:00,LOSS
17688,11,12,06-01-2025 23:00,WIN
17689,2,7,07-01-2025 00:00,WIN
17690,6,1,07-01-2025 01:00,WIN
17691,7,12,07-01-2025 02:00,LOSS
17692,10,18,07-01-2025 03:00,WIN
17693,1,16,07-01-2025 04:00,LOSS
17694,6,12,07-01-2025 05:00,LOSS
17695,20,10,07-01-2025 06:00,WIN
17696,14,11,07-01-2025 07:00,LOSS
17697,6,12,07-01-2025 08:00,WIN
17698,9,4,07-01-2025 09:00,WIN
17699,5,4,07-01-2025 10:00,LOSS
17700,10,10,07-01-2025 11:00,WIN
17701,7,6,07-01-2025 12:00,LOSS
17702,8,5,07-01-2025 13:00,LOSS
17703,12,13,07-01-2025 14:00,LOSS
17704,8,11,07-01-2025 15:00,WIN
17705,10,9,07-01-2025 16:00,LOSS
17706,9,3,07-01-2025 17:00,WIN
17707,16,16,07-01-2025 18:00,LOSS
17708,15,16,07-01-2025 19:00,LOSS
17709,9,17,07-01-2025 20:00,LOSS
17710,14,7,07-01-2025 21:00,LOSS
17711,1,8,07-01-2025 22:00,LOSS
17712,16,11,07-01-2025 23:00,LOSS
17713,7,12,08-01-2025 00:00,LOSS
17714,11,16,08-01-2025 01:00,WIN
17715,2,17,08-01-2025 02:00,WIN
17716,18,1,08-01-2025 03:00,LOSS
17717,7,13,08-01-2025 04:00,LOSS
17718,3,8,08-01-2025 05:00,LOSS
17719,16,2,08-01-2025 06:00,WIN
17720,4,16,08-01-2025 07:00,WIN
17721,3,8,08-01-2025 08:00,LOSS
17722,4,7,08-01-2025 09:00,LOSS
17723,13,1,08-01-2025 10:00,WIN
17724,14,2,08-01-2025 11:00,WIN
17725,10,18,08-01-2025 12:00,WIN
17726,14,17,08-01-2025 13:00,WIN
17727,17,16,08-01-2025 14:00,LOSS
17728,14,19,08-01-2025 15:00,WIN
17729,5,15,08-01-2025 16:00,WIN
17730,3,14,08-01-2025 17:00,LOSS
17731,19,2,08-01-2025 18:00,LOSS
17732,15,11,08-01-2025 19:00,LOSS
17733,9,15,08-01-2025 20:00,WIN
17734,9,14,08-01-2025 21:00,WIN
17735,10,3,08-01-2025 22:00,WIN
17736,16,11,08-01-2025 23:00,LOSS
17737,8,9,09-01-2025 00:00,WIN
17738,7,2,09-01-2025 01:00,WIN
17739,14,12,09-01-2025 02:00,WIN
17740,18,9,09-01-2025 03:00,LOSS
17741,15,15,09-01-2025 04:00,WIN
17742,12,9,09-01-2025 05:00,LOSS
17743,10,3,09-01-2025 06:00,WIN
17744,5,13,09-01-2025 07:00,WIN
17745,17,2,09-01-2025 08:00,LOSS
17746,6,1,09-01-2025 09:00,LOSS
17747,19,3,09-01-2025 10:00,LOSS
17748,17,8,09-01-2025 11:00,WIN
17749,14,18,09-01-2025 12:00,LOSS
17750,16,5,09-01-2025 13:00,LOSS
17751,7,14,09-01-2025 14:00,WIN
17752,15,20,09-01-2025 15:00,WIN
17753,14,14,09-01-2025 16:00,LOSS
17754,19,9,09-01-2025 17:00,WIN
17755,13,10,09-01-2025 18:00,LOSS
17756,10,13,09-01-2025 19:00,WIN
17757,14,1,09-01-2025 20:00,WIN
17758,14,8,09-01-2025 21:00,LOSS
17759,12,9,09-01-2025 22:00,LOSS
17760,8,11,09-01-2025 23:00,LOSS
17761,8,5,10-01-2025 00:00,WIN
17762,17,19,10-01-2025 01:00,LOSS
17763,17,20,10-01-2025 02:00,LOSS
17764,7,20,10-01-2025 03:00,LOSS
17765,18,16,10-01-2025 04:00,WIN
17766,19,9,10-01-2025 05:00,LOSS
17767,10,14,10-01-2025 06:00,WIN
17768,18,18,10-01-2025 07:00,WIN
17769,1,16,10-01-2025 08:00,LOSS
17770,16,18,10-01-2025 09:00,LOSS
17771,5,20,10-01-2025 10:00,WIN
17772,8,16,10-01-2025 11:00,WIN
17773,12,16,10-01-2025 12:00,LOSS
17774,20,17,10-01-2025 13:00,WIN
17775,13,6,10-01-2025 14:00,WIN
17776,17,17,10-01-2025 15:00,WIN
17777,10,19,10-01-2025 16:00,WIN
17778,2,17,10-01-2025 17:00,LOSS
17779,18,4,10-01-2025 18:00,LOSS
17780,3,10,10-01-2025 19:00,WIN
17781,18,15,10-01-2025 20:00,LOSS
17782,20,20,10-01-2025 21:00,LOSS
17783,20,8,10-01-2025 22:00,WIN
17784,3,16,10-01-2025 23:00,LOSS
17785,10,16,11-01-2025 00:00,LOSS
17786,11,19,11-01-2025 01:00,WIN
17787,4,20,11-01-2025 02:00,WIN
17788,4,6,11-01-2025 03:00,LOSS
17789,15,5,11-01-2025 04:00,LOSS
17790,16,15,11-01-2025 05:00,WIN
17791,7,8,11-01-2025 06:00,LOSS
17792,1,10,11-01-2025 07:00,LOSS
17793,13,11,11-01-2025 08:00,LOSS
17794,17,2,11-01-2025 09:00,LOSS
17795,8,12,11-01-2025 10:00,LOSS
17796,6,17,11-01-2025 11:00,WIN
17797,6,18,11-01-2025 12:00,WIN
17798,18,8,11-01-2025 13:00,WIN
17799,4,8,11-01-2025 14:00,WIN
17800,15,14,11-01-2025 15:00,LOSS
17801,8,2,11-01-2025 16:00,WIN
17802,2,8,11-01-2025 17:00,WIN
17803,19,20,11-01-2025 18:00,LOSS
17804,9,2,11-01-2025 19:00,WIN
17805,12,19,11-01-2025 20:00,WIN
17806,8,14,11-01-2025 21:00,WIN
17807,18,12,11-01-2025 22:00,WIN
17808,6,5,11-01-2025 23:00,LOSS
17809,13,20,12-01-2025 00:00,WIN
17810,2,20,12-01-2025 01:00,WIN
17811,18,11,12-01-2025 02:00,LOSS
17812,9,20,12-01-2025 03:00,WIN
17813,1,11,12-01-2025 04:00,WIN
17814,6,18,12-01-2025 05:00,WIN
17815,14,10,12-01-2025 06:00,WIN
17816,6,16,12-01-2025 07:00,LOSS
17817,18,18,12-01-2025 08:00,LOSS
17818,11,9,12-01-2025 09:00,WIN
17819,7,6,12-01-2025 10:00,WIN
17820,4,12,12-01-2025 11:00,LOSS
17821,4,1,12-01-2025 12:00,LOSS
17822,11,10,12-01-2025 13:00,WIN
17823,18,2,12-01-2025 14:00,LOSS
17824,15,13,12-01-2025 15:00,LOSS
17825,9,9,12-01-2025 16:00,WIN
17826,16,8,12-01-2025 17:00,LOSS
17827,12,12,12-01-2025 18:00,WIN
17828,14,13,12-01-2025 19:00,WIN
17829,15,6,12-01-2025 20:00,WIN
17830,13,19,12-01-2025 21:00,WIN
17831,7,20,12-01-2025 22:00,LOSS
17832,4,14,12-01-2025 23:00,LOSS
17833,14,13,13-01-2025 00:00,LOSS
17834,16,16,13-01-2025 01:00,LOSS
17835,1,15,13-01-2025 02:00,WIN
17836,9,10,13-01-2025 03:00,WIN
17837,13,14,13-01-2025 04:00,WIN
17838,17,9,13-01-2025 05:00,LOSS
17839,20,10,13-01-2025 06:00,LOSS
17840,19,8,13-01-2025 07:00,WIN
17841,5,18,13-01-2025 08:00,LOSS
17842,9,18,13-01-2025 09:00,WIN
17843,1,12,13-01-2025 10:00,WIN
17844,2,18,13-01-2025 11:00,LOSS
17845,14,17,13-01-2025 12:00,LOSS
17846,5,11,13-01-2025 13:00,LOSS
17847,1,11,13-01-2025 14:00,LOSS
17848,16,20,13-01-2025 15:00,LOSS
17849,6,14,13-01-2025 16:00,LOSS
17850,6,1,13-01-2025 17:00,LOSS
17851,3,20,13-01-2025 18:00,LOSS
17852,20,15,13-01-2025 19:00,WIN
17853,19,20,13-01-2025 20:00,WIN
17854,5,6,13-01-2025 21:00,LOSS
17855,14,5,13-01-2025 22:00,WIN
17856,19,13,13-01-2025 23:00,LOSS
17857,2,9,14-01-2025 00:00,LOSS
17858,15,10,14-01-2025 01:00,LOSS
17859,13,8,14-01-2025 02:00,WIN
17860,6,6,14-01-2025 03:00,LOSS
17861,1,13,14-01-2025 04:00,LOSS
17862,9,6,14-01-2025 05:00,LOSS
17863,11,20,14-01-2025 06:00,WIN
17864,16,14,14-01-2025 07:00,LOSS
17865,14,4,14-01-2025 08:00,LOSS
17866,10,2,14-01-2025 09:00,WIN
17867,19,1,14-01-2025 10:00,WIN
17868,19,14,14-01-2025 11:00,WIN
17869,8,16,14-01-2025 12:00,LOSS
17870,16,14,14-01-2025 13:00,WIN
17871,12,9,14-01-2025 14:00,WIN
17872,6,9,14-01-2025 15:00,WIN
17873,3,2,14-01-2025 16:00,LOSS
17874,6,11,14-01-2025 17:00,WIN
17875,6,19,14-01-2025 18:00,LOSS
17876,3,18,14-01-2025 19:00,LOSS
17877,12,12,14-01-2025 20:00,LOSS
17878,11,6,14-01-2025 21:00,LOSS
17879,6,9,14-01-2025 22:00,WIN
17880,8,7,14-01-2025 23:00,WIN
17881,19,3,15-01-2025 00:00,LOSS
17882,16,8,15-01-2025 01:00,LOSS
17883,18,9,15-01-2025 02:00,LOSS
17884,12,15,15-01-2025 03:00,WIN
17885,15,8,15-01-2025 04:00,WIN
17886,7,17,15-01-2025 05:00,WIN
17887,12,18,15-01-2025 06:00,LOSS
17888,13,1,15-01-2025 07:00,LOSS
17889,17,14,15-01-2025 08:00,WIN
17890,13,4,15-01-2025 09:00,WIN
17891,17,7,15-01-2025 10:00,LOSS
17892,11,14,15-01-2025 11:00,WIN
17893,1,10,15-01-2025 12:00,LOSS
17894,11,2,15-01-2025 13:00,LOSS
17895,20,3,15-01-2025 14:00,LOSS
17896,12,8,15-01-2025 15:00,WIN
17897,3,16,15-01-2025 16:00,WIN
17898,7,1,15-01-2025 17:00,WIN
17899,6,12,15-01-2025 18:00,WIN
17900,3,13,15-01-2025 19:00,LOSS
17901,19,15,15-01-2025 20:00,LOSS
17902,20,3,15-01-2025 21:00,WIN
17903,9,9,15-01-2025 22:00,WIN
17904,12,6,15-01-2025 23:00,LOSS
17905,1,5,16-01-2025 00:00,WIN
17906,16,3,16-01-2025 01:00,WIN
17907,17,20,16-01-2025 02:00,LOSS
17908,13,12,16-01-2025 03:00,WIN
17909,12,8,16-01-2025 04:00,LOSS
17910,15,14,16-01-2025 05:00,WIN
17911,8,17,16-01-2025 06:00,WIN
17912,4,14,16-01-2025 07:00,LOSS
17913,14,17,16-01-2025 08:00,LOSS
17914,3,1,16-01-2025 09:00,LOSS
17915,6,4,16-01-2025 10:00,LOSS
17916,6,18,16-01-2025 11:00,LOSS
17917,16,1,16-01-2025 12:00,LOSS
17918,8,10,16-01-2025 13:00,LOSS
17919,1,7,16-01-2025 14:00,WIN
17920,11,18,16-01-2025 15:00,WIN
17921,12,10,16-01-2025 16:00,WIN
17922,11,6,16-01-2025 17:00,WIN
17923,13,3,16-01-2025 18:00,LOSS
17924,10,5,16-01-2025 19:00,WIN
17925,20,9,16-01-2025 20:00,LOSS
17926,14,3,16-01-2025 21:00,WIN
17927,7,15,16-01-2025 22:00,LOSS
17928,14,16,16-01-2025 23:00,LOSS
17929,19,8,17-01-2025 00:00,LOSS
17930,19,10,17-01-2025 01:00,LOSS
17931,1,11,17-01-2025 02:00,LOSS
17932,7,18,17-01-2025 03:00,WIN
17933,4,4,17-01-2025 04:00,LOSS
17934,5,3,17-01-2025 05:00,WIN
17935,12,8,17-01-2025 06:00,LOSS
17936,17,12,17-01-2025 07:00,WIN
17937,6,2,17-01-2025 08:00,LOSS
17938,16,4,17-01-2025 09:00,LOSS
17939,1,12,17-01-2025 10:00,LOSS
17940,12,17,17-01-2025 11:00,WIN
17941,14,15,17-01-2025 12:00,LOSS
17942,6,5,17-01-2025 13:00,LOSS
17943,9,16,17-01-2025 14:00,WIN
17944,19,19,17-01-2025 15:00,LOSS
17945,20,17,17-01-2025 16:00,LOSS
17946,3,10,17-01-2025 17:00,LOSS
17947,11,6,17-01-2025 18:00,WIN
17948,12,20,17-01-2025 19:00,LOSS
17949,1,5,17-01-2025 20:00,LOSS
17950,17,3,17-01-2025 21:00,LOSS
17951,18,4,17-01-2025 22:00,WIN
17952,13,10,17-01-2025 23:00,LOSS
17953,1,3,18-01-2025 00:00,WIN
17954,19,12,18-01-2025 01:00,WIN
17955,2,15,18-01-2025 02:00,LOSS
17956,13,13,18-01-2025 03:00,WIN
17957,8,4,18-01-2025 04:00,WIN
17958,2,8,18-01-2025 05:00,LOSS
17959,4,8,18-01-2025 06:00,LOSS
17960,8,12,18-01-2025 07:00,WIN
17961,1,14,18-01-2025 08:00,LOSS
17962,11,9,18-01-2025 09:00,WIN
17963,8,6,18-01-2025 10:00,LOSS
17964,13,9,18-01-2025 11:00,WIN
17965,16,8,18-01-2025 12:00,LOSS
17966,8,7,18-01-2025 13:00,WIN
17967,18,8,18-01-2025 14:00,LOSS
17968,3,4,18-01-2025 15:00,LOSS
17969,9,18,18-01-2025 16:00,WIN
17970,10,3,18-01-2025 17:00,WIN
17971,10,19,18-01-2025 18:00,WIN
17972,18,4,18-01-2025 19:00,LOSS
17973,18,17,18-01-2025 20:00,WIN
17974,17,11,18-01-2025 21:00,LOSS
17975,3,2,18-01-2025 22:00,WIN
17976,10,8,18-01-2025 23:00,LOSS
17977,15,20,19-01-2025 00:00,LOSS
17978,9,16,19-01-2025 01:00,WIN
17979,12,10,19-01-2025 02:00,LOSS
17980,16,4,19-01-2025 03:00,LOSS
17981,15,20,19-01-2025 04:00,WIN
17982,2,6,19-01-2025 05:00,LOSS
17983,19,15,19-01-2025 06:00,LOSS
17984,7,16,19-01-2025 07:00,LOSS
17985,9,13,19-01-2025 08:00,LOSS
17986,14,18,19-01-2025 09:00,LOSS
17987,2,16,19-01-2025 10:00,WIN
17988,10,1,19-01-2025 11:00,LOSS
17989,7,15,19-01-2025 12:00,LOSS
17990,8,12,19-01-2025 13:00,WIN
17991,6,12,19-01-2025 14:00,LOSS
17992,6,3,19-01-2025 15:00,LOSS
17993,19,1,19-01-2025 16:00,WIN
17994,15,8,19-01-2025 17:00,WIN
17995,13,18,19-01-2025 18:00,LOSS
17996,10,12,19-01-2025 19:00,LOSS
17997,13,11,19-01-2025 20:00,LOSS
17998,1,10,19-01-2025 21:00,LOSS
17999,18,4,19-01-2025 22:00,WIN
18000,16,11,19-01-2025 23:00,WIN
18001,6,15,20-01-2025 00:00,LOSS
18002,2,3,20-01-2025 01:00,WIN
18003,10,17,20-01-2025 02:00,LOSS
18004,2,8,20-01-2025 03:00,LOSS
18005,3,1,20-01-2025 04:00,LOSS
18006,19,7,20-01-2025 05:00,LOSS
18007,4,19,20-01-2025 06:00,WIN
18008,9,3,20-01-2025 07:00,LOSS
18009,11,9,20-01-2025 08:00,WIN
18010,18,13,20-01-2025 09:00,WIN
18011,18,8,20-01-2025 10:00,WIN
18012,15,19,20-01-2025 11:00,WIN
18013,14,12,20-01-2025 12:00,WIN
18014,13,9,20-01-2025 13:00,LOSS
18015,14,6,20-01-2025 14:00,WIN
18016,7,3,20-01-2025 15:00,LOSS
18017,9,7,20-01-2025 16:00,WIN
18018,17,4,20-01-2025 17:00,LOSS
18019,5,6,20-01-2025 18:00,WIN
18020,5,2,20-01-2025 19:00,LOSS
18021,9,19,20-01-2025 20:00,WIN
18022,11,16,20-01-2025 21:00,LOSS
18023,6,10,20-01-2025 22:00,LOSS
18024,16,4,20-01-2025 23:00,WIN
18025,8,14,21-01-2025 00:00,WIN
18026,14,7,21-01-2025 01:00,LOSS
18027,6,2,21-01-2025 02:00,LOSS
18028,6,17,21-01-2025 03:00,WIN
18029,14,16,21-01-2025 04:00,LOSS
18030,8,7,21-01-2025 05:00,LOSS
18031,1,18,21-01-2025 06:00,LOSS
18032,13,15,21-01-2025 07:00,LOSS
18033,4,14,21-01-2025 08:00,WIN
18034,15,6,21-01-2025 09:00,WIN
18035,17,13,21-01-2025 10:00,WIN
18036,18,6,21-01-2025 11:00,LOSS
18037,17,2,21-01-2025 12:00,WIN
18038,11,14,21-01-2025 13:00,LOSS
18039,12,9,21-01-2025 14:00,WIN
18040,3,17,21-01-2025 15:00,WIN
18041,15,10,21-01-2025 16:00,LOSS
18042,6,17,21-01-2025 17:00,LOSS
18043,5,2,21-01-2025 18:00,LOSS
18044,8,14,21-01-2025 19:00,WIN
18045,10,3,21-01-2025 20:00,LOSS
18046,3,20,21-01-2025 21:00,WIN
18047,12,4,21-01-2025 22:00,LOSS
18048,12,9,21-01-2025 23:00,LOSS
18049,10,13,22-01-2025 00:00,LOSS
18050,19,20,22-01-2025 01:00,WIN
18051,17,7,22-01-2025 02:00,LOSS
18052,14,13,22-01-2025 03:00,WIN
18053,7,18,22-01-2025 04:00,WIN
18054,19,20,22-01-2025 05:00,WIN
18055,11,19,22-01-2025 06:00,LOSS
18056,18,2,22-01-2025 07:00,LOSS
18057,7,6,22-01-2025 08:00,LOSS
18058,17,1,22-01-2025 09:00,LOSS
18059,1,10,22-01-2025 10:00,LOSS
18060,9,14,22-01-2025 11:00,WIN
18061,7,3,22-01-2025 12:00,WIN
18062,14,12,22-01-2025 13:00,LOSS
18063,16,5,22-01-2025 14:00,WIN
18064,3,20,22-01-2025 15:00,WIN
18065,16,1,22-01-2025 16:00,LOSS
18066,13,4,22-01-2025 17:00,WIN
18067,18,16,22-01-2025 18:00,LOSS
18068,9,20,22-01-2025 19:00,LOSS
18069,5,4,22-01-2025 20:00,WIN
18070,13,19,22-01-2025 21:00,LOSS
18071,17,12,22-01-2025 22:00,LOSS
18072,15,3,22-01-2025 23:00,LOSS
18073,15,15,23-01-2025 00:00,WIN
18074,6,17,23-01-2025 01:00,WIN
18075,18,11,23-01-2025 02:00,LOSS
18076,16,16,23-01-2025 03:00,WIN
18077,9,19,23-01-2025 04:00,LOSS
18078,3,15,23-01-2025 05:00,LOSS
18079,5,7,23-01-2025 06:00,WIN
18080,7,9,23-01-2025 07:00,LOSS
18081,13,11,23-01-2025 08:00,LOSS
18082,2,20,23-01-2025 09:00,WIN
18083,11,15,23-01-2025 10:00,LOSS
18084,1,1,23-01-2025 11:00,WIN
18085,5,8,23-01-2025 12:00,LOSS
18086,4,19,23-01-2025 13:00,LOSS
18087,15,9,23-01-2025 14:00,LOSS
18088,10,20,23-01-2025 15:00,WIN
18089,4,14,23-01-2025 16:00,LOSS
18090,7,11,23-01-2025 17:00,WIN
18091,5,7,23-01-2025 18:00,LOSS
18092,15,6,23-01-2025 19:00,WIN
18093,5,1,23-01-2025 20:00,WIN
18094,13,16,23-01-2025 21:00,WIN
18095,6,4,23-01-2025 22:00,WIN
18096,20,17,23-01-2025 23:00,LOSS
18097,16,13,24-01-2025 00:00,WIN
18098,9,4,24-01-2025 01:00,WIN
18099,6,13,24-01-2025 02:00,LOSS
18100,8,17,24-01-2025 03:00,WIN
18101,4,15,24-01-2025 04:00,WIN
18102,9,17,24-01-2025 05:00,LOSS
18103,11,11,24-01-2025 06:00,LOSS
18104,11,20,24-01-2025 07:00,LOSS
18105,16,10,24-01-2025 08:00,LOSS
18106,9,19,24-01-2025 09:00,WIN
18107,1,2,24-01-2025 10:00,WIN
18108,1,12,24-01-2025 11:00,LOSS
18109,7,2,24-01-2025 12:00,LOSS
18110,3,3,24-01-2025 13:00,WIN
18111,7,5,24-01-2025 14:00,LOSS
18112,1,13,24-01-2025 15:00,LOSS
18113,1,2,24-01-2025 16:00,WIN
18114,7,14,24-01-2025 17:00,LOSS
18115,4,18,24-01-2025 18:00,WIN
18116,18,11,24-01-2025 19:00,WIN
18117,5,15,24-01-2025 20:00,WIN
18118,14,5,24-01-2025 21:00,LOSS
18119,20,3,24-01-2025 22:00,LOSS
18120,15,18,24-01-2025 23:00,LOSS
18121,18,8,25-01-2025 00:00,WIN
18122,4,6,25-01-2025 01:00,LOSS
18123,2,13,25-01-2025 02:00,WIN
18124,11,19,25-01-2025 03:00,WIN
18125,20,10,25-01-2025 04:00,LOSS
18126,15,1,25-01-2025 05:00,LOSS
18127,6,10,25-01-2025 06:00,LOSS
18128,5,11,25-01-2025 07:00,WIN
18129,11,5,25-01-2025 08:00,WIN
18130,10,1,25-01-2025 09:00,LOSS
18131,13,1,25-01-2025 10:00,LOSS
18132,16,19,25-01-2025 11:00,WIN
18133,10,18,25-01-2025 12:00,LOSS
18134,6,5,25-01-2025 13:00,WIN
18135,2,12,25-01-2025 14:00,WIN
18136,1,5,25-01-2025 15:00,WIN
18137,5,5,25-01-2025 16:00,LOSS
18138,11,17,25-01-2025 17:00,WIN
18139,3,4,25-01-2025 18:00,LOSS
18140,3,17,25-01-2025 19:00,WIN
18141,10,12,25-01-2025 20:00,WIN
18142,5,20,25-01-2025 21:00,WIN
18143,3,17,25-01-2025 22:00,WIN
18144,6,14,25-01-2025 23:00,LOSS
18145,10,17,26-01-2025 00:00,WIN
18146,8,20,26-01-2025 01:00,WIN
18147,4,14,26-01-2025 02:00,LOSS
18148,6,17,26-01-2025 03:00,LOSS
18149,13,14,26-01-2025 04:00,LOSS
18150,19,15,26-01-2025 05:00,LOSS
18151,10,19,26-01-2025 06:00,WIN
18152,12,5,26-01-2025 07:00,LOSS
18153,12,17,26-01-2025 08:00,WIN
18154,6,1,26-01-2025 09:00,WIN
18155,12,7,26-01-2025 10:00,LOSS
18156,6,6,26-01-2025 11:00,WIN
18157,3,15,26-01-2025 12:00,LOSS
18158,16,17,26-01-2025 13:00,LOSS
18159,16,1,26-01-2025 14:00,LOSS
18160,1,11,26-01-2025 15:00,LOSS
18161,2,1,26-01-2025 16:00,LOSS
18162,11,10,26-01-2025 17:00,LOSS
18163,3,9,26-01-2025 18:00,WIN
18164,11,5,26-01-2025 19:00,WIN
18165,17,14,26-01-2025 20:00,WIN
18166,11,3,26-01-2025 21:00,WIN
18167,14,17,26-01-2025 22:00,LOSS
18168,16,12,26-01-2025 23:00,WIN
18169,7,7,27-01-2025 00:00,WIN
18170,3,12,27-01-2025 01:00,WIN
18171,9,7,27-01-2025 02:00,WIN
18172,7,13,27-01-2025 03:00,LOSS
18173,13,14,27-01-2025 04:00,LOSS
18174,1,17,27-01-2025 05:00,WIN
18175,10,16,27-01-2025 06:00,WIN
18176,1,8,27-01-2025 07:00,LOSS
18177,14,9,27-01-2025 08:00,LOSS
18178,6,18,27-01-2025 09:00,WIN
18179,11,4,27-01-2025 10:00,WIN
18180,15,8,27-01-2025 11:00,WIN
18181,12,19,27-01-2025 12:00,LOSS
18182,19,17,27-01-2025 13:00,WIN
18183,7,1,27-01-2025 14:00,WIN
18184,18,7,27-01-2025 15:00,LOSS
18185,11,19,27-01-2025 16:00,WIN
18186,2,10,27-01-2025 17:00,WIN
18187,17,14,27-01-2025 18:00,LOSS
18188,14,2,27-01-2025 19:00,LOSS
18189,18,20,27-01-2025 20:00,WIN
18190,15,17,27-01-2025 21:00,WIN
18191,18,2,27-01-2025 22:00,LOSS
18192,9,9,27-01-2025 23:00,WIN
18193,19,15,28-01-2025 00:00,LOSS
18194,15,14,28-01-2025 01:00,LOSS
18195,1,17,28-01-2025 02:00,WIN
18196,12,10,28-01-2025 03:00,WIN
18197,18,6,28-01-2025 04:00,LOSS
18198,10,1,28-01-2025 05:00,LOSS
18199,2,10,28-01-2025 06:00,WIN
18200,11,5,28-01-2025 07:00,LOSS
18201,20,8,28-01-2025 08:00,LOSS
18202,9,14,28-01-2025 09:00,WIN
18203,17,6,28-01-2025 10:00,LOSS
18204,11,1,28-01-2025 11:00,LOSS
18205,18,13,28-01-2025 12:00,LOSS
18206,13,12,28-01-2025 13:00,LOSS
18207,17,7,28-01-2025 14:00,WIN
18208,1,13,28-01-2025 15:00,WIN
18209,10,14,28-01-2025 16:00,LOSS
18210,1,3,28-01-2025 17:00,WIN
18211,11,3,28-01-2025 18:00,LOSS
18212,14,15,28-01-2025 19:00,LOSS
18213,20,13,28-01-2025 20:00,LOSS
18214,4,8,28-01-2025 21:00,WIN
18215,9,14,28-01-2025 22:00,LOSS
18216,20,3,28-01-2025 23:00,LOSS
18217,8,8,29-01-2025 00:00,LOSS
18218,15,14,29-01-2025 01:00,LOSS
18219,1,18,29-01-2025 02:00,WIN
18220,19,12,29-01-2025 03:00,LOSS
18221,16,11,29-01-2025 04:00,LOSS
18222,12,10,29-01-2025 05:00,LOSS
18223,17,1,29-01-2025 06:00,LOSS
18224,1,8,29-01-2025 07:00,LOSS
18225,19,4,29-01-2025 08:00,LOSS
18226,20,19,29-01-2025 09:00,LOSS
18227,14,9,29-01-2025 10:00,LOSS
18228,6,1,29-01-2025 11:00,LOSS
18229,19,13,29-01-2025 12:00,WIN
18230,19,12,29-01-2025 13:00,WIN
18231,19,7,29-01-2025 14:00,LOSS
18232,12,7,29-01-2025 15:00,LOSS
18233,13,13,29-01-2025 16:00,LOSS
18234,6,13,29-01-2025 17:00,WIN
18235,17,17,29-01-2025 18:00,WIN
18236,1,15,29-01-2025 19:00,WIN
18237,11,4,29-01-2025 20:00,LOSS
18238,5,7,29-01-2025 21:00,WIN
18239,7,6,29-01-2025 22:00,LOSS
18240,1,6,29-01-2025 23:00,LOSS
18241,15,11,30-01-2025 00:00,LOSS
18242,18,7,30-01-2025 01:00,LOSS
18243,11,9,30-01-2025 02:00,LOSS
18244,1,2,30-01-2025 03:00,LOSS
18245,19,7,30-01-2025 04:00,LOSS
18246,2,1,30-01-2025 05:00,LOSS
18247,10,7,30-01-2025 06:00,LOSS
18248,12,9,30-01-2025 07:00,LOSS
18249,7,16,30-01-2025 08:00,LOSS
18250,13,13,30-01-2025 09:00,LOSS
18251,2,6,30-01-2025 10:00,WIN
18252,19,14,30-01-2025 11:00,LOSS
18253,20,14,30-01-2025 12:00,LOSS
18254,6,17,30-01-2025 13:00,WIN
18255,7,20,30-01-2025 14:00,LOSS
18256,2,4,30-01-2025 15:00,LOSS
18257,17,2,30-01-2025 16:00,WIN
18258,2,16,30-01-2025 17:00,LOSS
18259,18,1,30-01-2025 18:00,LOSS
18260,9,12,30-01-2025 19:00,WIN
18261,11,7,30-01-2025 20:00,WIN
18262,14,16,30-01-2025 21:00,WIN
18263,5,4,30-01-2025 22:00,WIN
18264,1,6,30-01-2025 23:00,WIN
18265,20,12,31-01-2025 00:00,WIN
18266,2,16,31-01-2025 01:00,WIN
18267,11,13,31-01-2025 02:00,LOSS
18268,14,12,31-01-2025 03:00,WIN
18269,5,9,31-01-2025 04:00,LOSS
18270,1,4,31-01-2025 05:00,LOSS
18271,10,2,31-01-2025 06:00,LOSS
18272,18,2,31-01-2025 07:00,LOSS
18273,19,2,31-01-2025 08:00,WIN
18274,5,15,31-01-2025 09:00,WIN
18275,9,1,31-01-2025 10:00,WIN
18276,13,6,31-01-2025 11:00,LOSS
18277,13,5,31-01-2025 12:00,WIN
18278,4,19,31-01-2025 13:00,LOSS
18279,16,11,31-01-2025 14:00,LOSS
18280,4,19,31-01-2025 15:00,LOSS
18281,11,12,31-01-2025 16:00,WIN
18282,4,1,31-01-2025 17:00,LOSS
18283,2,13,31-01-2025 18:00,LOSS
18284,17,15,31-01-2025 19:00,WIN
18285,12,1,31-01-2025 20:00,WIN
18286,12,13,31-01-2025 21:00,WIN
18287,8,10,31-01-2025 22:00,LOSS
18288,10,14,31-01-2025 23:00,WIN
18289,20,8,01-02-2025 00:00,WIN
18290,19,14,01-02-2025 01:00,WIN
18291,17,5,01-02-2025 02:00,LOSS
18292,4,20,01-02-2025 03:00,LOSS
18293,13,15,01-02-2025 04:00,LOSS
18294,13,12,01-02-2025 05:00,LOSS
18295,19,16,01-02-2025 06:00,LOSS
18296,2,1,01-02-2025 07:00,WIN
18297,13,18,01-02-2025 08:00,LOSS
18298,16,4,01-02-2025 09:00,LOSS
18299,13,6,01-02-2025 10:00,LOSS
18300,4,19,01-02-2025 11:00,LOSS
18301,20,17,01-02-2025 12:00,LOSS
18302,9,12,01-02-2025 13:00,WIN
18303,12,3,01-02-2025 14:00,LOSS
18304,6,12,01-02-2025 15:00,LOSS
18305,6,11,01-02-2025 16:00,LOSS
18306,6,17,01-02-2025 17:00,LOSS
18307,13,5,01-02-2025 18:00,WIN
18308,4,8,01-02-2025 19:00,LOSS
18309,17,6,01-02-2025 20:00,LOSS
18310,3,4,01-02-2025 21:00,WIN
18311,8,13,01-02-2025 22:00,LOSS
18312,1,19,01-02-2025 23:00,WIN
18313,18,7,02-02-2025 00:00,LOSS
18314,20,11,02-02-2025 01:00,LOSS
18315,19,20,02-02-2025 02:00,WIN
18316,1,10,02-02-2025 03:00,WIN
18317,5,15,02-02-2025 04:00,WIN
18318,19,15,02-02-2025 05:00,WIN
18319,1,10,02-02-2025 06:00,WIN
18320,17,4,02-02-2025 07:00,WIN
18321,1,1,02-02-2025 08:00,LOSS
18322,4,12,02-02-2025 09:00,LOSS
18323,5,9,02-02-2025 10:00,LOSS
18324,8,11,02-02-2025 11:00,LOSS
18325,15,15,02-02-2025 12:00,LOSS
18326,13,7,02-02-2025 13:00,LOSS
18327,7,8,02-02-2025 14:00,LOSS
18328,14,5,02-02-2025 15:00,WIN
18329,4,2,02-02-2025 16:00,LOSS
18330,18,2,02-02-2025 17:00,WIN
18331,18,10,02-02-2025 18:00,LOSS
18332,2,17,02-02-2025 19:00,WIN
18333,17,13,02-02-2025 20:00,LOSS
18334,16,9,02-02-2025 21:00,LOSS
18335,6,16,02-02-2025 22:00,WIN
18336,20,7,02-02-2025 23:00,WIN
18337,14,12,03-02-2025 00:00,LOSS
18338,19,4,03-02-2025 01:00,LOSS
18339,1,4,03-02-2025 02:00,WIN
18340,12,3,03-02-2025 03:00,WIN
18341,16,9,03-02-2025 04:00,LOSS
18342,9,7,03-02-2025 05:00,LOSS
18343,20,2,03-02-2025 06:00,WIN
18344,16,11,03-02-2025 07:00,LOSS
18345,13,18,03-02-2025 08:00,WIN
18346,1,7,03-02-2025 09:00,LOSS
18347,3,15,03-02-2025 10:00,WIN
18348,15,20,03-02-2025 11:00,WIN
18349,16,18,03-02-2025 12:00,LOSS
18350,14,10,03-02-2025 13:00,LOSS
18351,1,18,03-02-2025 14:00,LOSS
18352,1,5,03-02-2025 15:00,WIN
18353,5,12,03-02-2025 16:00,WIN
18354,5,3,03-02-2025 17:00,WIN
18355,8,17,03-02-2025 18:00,LOSS
18356,1,20,03-02-2025 19:00,WIN
18357,18,20,03-02-2025 20:00,WIN
18358,1,4,03-02-2025 21:00,LOSS
18359,14,3,03-02-2025 22:00,LOSS
18360,11,20,03-02-2025 23:00,LOSS
18361,10,7,04-02-2025 00:00,WIN
18362,18,14,04-02-2025 01:00,WIN
18363,10,19,04-02-2025 02:00,LOSS
18364,19,10,04-02-2025 03:00,WIN
18365,13,9,04-02-2025 04:00,WIN
18366,9,13,04-02-2025 05:00,WIN
18367,9,8,04-02-2025 06:00,WIN
18368,8,5,04-02-2025 07:00,LOSS
18369,13,19,04-02-2025 08:00,LOSS
18370,7,2,04-02-2025 09:00,LOSS
18371,2,4,04-02-2025 10:00,LOSS
18372,19,14,04-02-2025 11:00,LOSS
18373,1,2,04-02-2025 12:00,LOSS
18374,11,11,04-02-2025 13:00,WIN
18375,1,9,04-02-2025 14:00,LOSS
18376,17,18,04-02-2025 15:00,WIN
18377,19,4,04-02-2025 16:00,WIN
18378,8,7,04-02-2025 17:00,WIN
18379,9,3,04-02-2025 18:00,LOSS
18380,15,17,04-02-2025 19:00,WIN
18381,8,6,04-02-2025 20:00,WIN
18382,3,1,04-02-2025 21:00,LOSS
18383,17,11,04-02-2025 22:00,WIN
18384,18,2,04-02-2025 23:00,WIN
18385,11,6,05-02-2025 00:00,LOSS
18386,11,18,05-02-2025 01:00,LOSS
18387,2,15,05-02-2025 02:00,WIN
18388,16,11,05-02-2025 03:00,WIN
18389,3,13,05-02-2025 04:00,LOSS
18390,13,5,05-02-2025 05:00,WIN
18391,13,20,05-02-2025 06:00,LOSS
18392,20,8,05-02-2025 07:00,LOSS
18393,20,15,05-02-2025 08:00,WIN
18394,19,18,05-02-2025 09:00,WIN
18395,17,11,05-02-2025 10:00,WIN
18396,20,2,05-02-2025 11:00,LOSS
18397,18,12,05-02-2025 12:00,WIN
18398,14,20,05-02-2025 13:00,WIN
18399,2,17,05-02-2025 14:00,LOSS
18400,16,19,05-02-2025 15:00,LOSS
18401,8,9,05-02-2025 16:00,WIN
18402,10,14,05-02-2025 17:00,LOSS
18403,16,3,05-02-2025 18:00,LOSS
18404,7,20,05-02-2025 19:00,WIN
18405,6,13,05-02-2025 20:00,WIN
18406,4,15,05-02-2025 21:00,WIN
18407,3,19,05-02-2025 22:00,LOSS
18408,11,4,05-02-2025 23:00,LOSS
18409,10,8,06-02-2025 00:00,LOSS
18410,14,18,06-02-2025 01:00,WIN
18411,5,14,06-02-2025 02:00,WIN
18412,2,1,06-02-2025 03:00,WIN
18413,13,8,06-02-2025 04:00,WIN
18414,18,8,06-02-2025 05:00,WIN
18415,3,19,06-02-2025 06:00,LOSS
18416,11,1,06-02-2025 07:00,LOSS
18417,6,4,06-02-2025 08:00,WIN
18418,3,3,06-02-2025 09:00,WIN
18419,1,18,06-02-2025 10:00,LOSS
18420,6,6,06-02-2025 11:00,WIN
18421,6,19,06-02-2025 12:00,LOSS
18422,8,12,06-02-2025 13:00,LOSS
18423,3,18,06-02-2025 14:00,LOSS
18424,13,4,06-02-2025 15:00,WIN
18425,17,8,06-02-2025 16:00,LOSS
18426,14,19,06-02-2025 17:00,WIN
18427,3,17,06-02-2025 18:00,WIN
18428,4,16,06-02-2025 19:00,LOSS
18429,3,6,06-02-2025 20:00,WIN
18430,15,1,06-02-2025 21:00,WIN
18431,11,18,06-02-2025 22:00,WIN
18432,2,11,06-02-2025 23:00,WIN
18433,13,1,07-02-2025 00:00,WIN
18434,16,19,07-02-2025 01:00,WIN
18435,6,3,07-02-2025 02:00,WIN
18436,15,20,07-02-2025 03:00,WIN
18437,4,15,07-02-2025 04:00,LOSS
18438,15,6,07-02-2025 05:00,WIN
18439,17,2,07-02-2025 06:00,LOSS
18440,12,17,07-02-2025 07:00,WIN
18441,2,14,07-02-2025 08:00,WIN
18442,5,17,07-02-2025 09:00,WIN
18443,12,3,07-02-2025 10:00,LOSS
18444,9,11,07-02-2025 11:00,WIN
18445,10,20,07-02-2025 12:00,WIN
18446,18,2,07-02-2025 13:00,WIN
18447,5,5,07-02-2025 14:00,LOSS
18448,1,9,07-02-2025 15:00,LOSS
18449,2,1,07-02-2025 16:00,WIN
18450,3,15,07-02-2025 17:00,WIN
18451,8,7,07-02-2025 18:00,WIN
18452,12,19,07-02-2025 19:00,WIN
18453,10,10,07-02-2025 20:00,LOSS
18454,19,19,07-02-2025 21:00,WIN
18455,12,4,07-02-2025 22:00,LOSS
18456,4,15,07-02-2025 23:00,WIN
18457,4,2,08-02-2025 00:00,LOSS
18458,4,15,08-02-2025 01:00,WIN
18459,9,11,08-02-2025 02:00,WIN
18460,20,18,08-02-2025 03:00,LOSS
18461,3,6,08-02-2025 04:00,WIN
18462,18,14,08-02-2025 05:00,WIN
18463,1,9,08-02-2025 06:00,LOSS
18464,7,7,08-02-2025 07:00,LOSS
18465,8,1,08-02-2025 08:00,LOSS
18466,7,9,08-02-2025 09:00,LOSS
18467,12,2,08-02-2025 10:00,WIN
18468,3,6,08-02-2025 11:00,WIN
18469,4,17,08-02-2025 12:00,WIN
18470,5,1,08-02-2025 13:00,LOSS
18471,1,17,08-02-2025 14:00,LOSS
18472,10,15,08-02-2025 15:00,WIN
18473,3,12,08-02-2025 16:00,LOSS
18474,6,5,08-02-2025 17:00,WIN
18475,3,6,08-02-2025 18:00,WIN
18476,5,4,08-02-2025 19:00,WIN
18477,20,5,08-02-2025 20:00,WIN
18478,2,18,08-02-2025 21:00,WIN
18479,20,10,08-02-2025 22:00,LOSS
18480,20,17,08-02-2025 23:00,LOSS
18481,11,2,09-02-2025 00:00,LOSS
18482,19,10,09-02-2025 01:00,WIN
18483,6,18,09-02-2025 02:00,WIN
18484,1,17,09-02-2025 03:00,LOSS
18485,19,16,09-02-2025 04:00,LOSS
18486,20,2,09-02-2025 05:00,LOSS
18487,10,3,09-02-2025 06:00,WIN
18488,12,6,09-02-2025 07:00,LOSS
18489,16,6,09-02-2025 08:00,WIN
18490,5,3,09-02-2025 09:00,LOSS
18491,4,14,09-02-2025 10:00,LOSS
18492,2,16,09-02-2025 11:00,LOSS
18493,5,10,09-02-2025 12:00,LOSS
18494,14,3,09-02-2025 13:00,WIN
18495,14,7,09-02-2025 14:00,WIN
18496,13,14,09-02-2025 15:00,LOSS
18497,18,15,09-02-2025 16:00,LOSS
18498,17,1,09-02-2025 17:00,LOSS
18499,13,5,09-02-2025 18:00,LOSS
18500,17,6,09-02-2025 19:00,WIN
18501,16,20,09-02-2025 20:00,LOSS
18502,4,1,09-02-2025 21:00,LOSS
18503,16,11,09-02-2025 22:00,WIN
18504,4,4,09-02-2025 23:00,LOSS
18505,6,4,10-02-2025 00:00,WIN
18506,16,7,10-02-2025 01:00,WIN
18507,10,9,10-02-2025 02:00,LOSS
18508,7,20,10-02-2025 03:00,WIN
18509,2,17,10-02-2025 04:00,WIN
18510,10,14,10-02-2025 05:00,LOSS
18511,16,19,10-02-2025 06:00,WIN
18512,8,7,10-02-2025 07:00,LOSS
18513,9,15,10-02-2025 08:00,LOSS
18514,13,2,10-02-2025 09:00,LOSS
18515,20,12,10-02-2025 10:00,WIN
18516,8,16,10-02-2025 11:00,LOSS
18517,14,11,10-02-2025 12:00,LOSS
18518,10,11,10-02-2025 13:00,WIN
18519,9,3,10-02-2025 14:00,WIN
18520,2,7,10-02-2025 15:00,WIN
18521,12,17,10-02-2025 16:00,LOSS
18522,16,2,10-02-2025 17:00,LOSS
18523,1,2,10-02-2025 18:00,LOSS
18524,13,20,10-02-2025 19:00,LOSS
18525,15,11,10-02-2025 20:00,WIN
18526,10,13,10-02-2025 21:00,WIN
18527,15,18,10-02-2025 22:00,LOSS
18528,20,3,10-02-2025 23:00,WIN
18529,6,4,11-02-2025 00:00,WIN
18530,17,9,11-02-2025 01:00,LOSS
18531,3,10,11-02-2025 02:00,LOSS
18532,2,19,11-02-2025 03:00,WIN
18533,15,16,11-02-2025 04:00,LOSS
18534,8,7,11-02-2025 05:00,WIN
18535,16,11,11-02-2025 06:00,WIN
18536,12,11,11-02-2025 07:00,LOSS
18537,19,17,11-02-2025 08:00,WIN
18538,12,19,11-02-2025 09:00,LOSS
18539,13,4,11-02-2025 10:00,WIN
18540,1,6,11-02-2025 11:00,WIN
18541,13,19,11-02-2025 12:00,WIN
18542,4,11,11-02-2025 13:00,WIN
18543,19,9,11-02-2025 14:00,LOSS
18544,13,14,11-02-2025 15:00,WIN
18545,16,13,11-02-2025 16:00,LOSS
18546,8,1,11-02-2025 17:00,WIN
18547,8,11,11-02-2025 18:00,LOSS
18548,19,16,11-02-2025 19:00,WIN
18549,8,13,11-02-2025 20:00,LOSS
18550,9,17,11-02-2025 21:00,LOSS
18551,17,10,11-02-2025 22:00,WIN
18552,1,14,11-02-2025 23:00,LOSS
18553,12,2,12-02-2025 00:00,LOSS
18554,20,16,12-02-2025 01:00,LOSS
18555,1,20,12-02-2025 02:00,WIN
18556,9,17,12-02-2025 03:00,LOSS
18557,18,20,12-02-2025 04:00,LOSS
18558,20,12,12-02-2025 05:00,WIN
18559,20,16,12-02-2025 06:00,WIN
18560,10,18,12-02-2025 07:00,WIN
18561,12,10,12-02-2025 08:00,WIN
18562,5,14,12-02-2025 09:00,WIN
18563,19,6,12-02-2025 10:00,WIN
18564,7,17,12-02-2025 11:00,LOSS
18565,17,12,12-02-2025 12:00,WIN
18566,1,10,12-02-2025 13:00,WIN
18567,19,1,12-02-2025 14:00,WIN
18568,17,4,12-02-2025 15:00,LOSS
18569,1,3,12-02-2025 16:00,LOSS
18570,16,9,12-02-2025 17:00,WIN
18571,19,3,12-02-2025 18:00,WIN
18572,9,14,12-02-2025 19:00,LOSS
18573,4,9,12-02-2025 20:00,WIN
18574,7,19,12-02-2025 21:00,LOSS
18575,2,14,12-02-2025 22:00,LOSS
18576,14,18,12-02-2025 23:00,LOSS
18577,1,16,13-02-2025 00:00,WIN
18578,4,2,13-02-2025 01:00,LOSS
18579,20,1,13-02-2025 02:00,LOSS
18580,19,9,13-02-2025 03:00,WIN
18581,13,10,13-02-2025 04:00,WIN
18582,3,3,13-02-2025 05:00,WIN
18583,10,10,13-02-2025 06:00,WIN
18584,8,13,13-02-2025 07:00,LOSS
18585,18,8,13-02-2025 08:00,LOSS
18586,17,1,13-02-2025 09:00,WIN
18587,5,13,13-02-2025 10:00,WIN
18588,7,7,13-02-2025 11:00,LOSS
18589,20,15,13-02-2025 12:00,LOSS
18590,17,11,13-02-2025 13:00,WIN
18591,2,14,13-02-2025 14:00,WIN
18592,11,6,13-02-2025 15:00,WIN
18593,3,1,13-02-2025 16:00,WIN
18594,15,2,13-02-2025 17:00,LOSS
18595,11,6,13-02-2025 18:00,LOSS
18596,2,18,13-02-2025 19:00,LOSS
18597,8,20,13-02-2025 20:00,WIN
18598,15,18,13-02-2025 21:00,LOSS
18599,4,15,13-02-2025 22:00,WIN
18600,5,12,13-02-2025 23:00,WIN
18601,7,11,14-02-2025 00:00,WIN
18602,2,9,14-02-2025 01:00,LOSS
18603,11,15,14-02-2025 02:00,WIN
18604,12,10,14-02-2025 03:00,WIN
18605,8,7,14-02-2025 04:00,LOSS
18606,14,19,14-02-2025 05:00,LOSS
18607,8,20,14-02-2025 06:00,WIN
18608,9,4,14-02-2025 07:00,LOSS
18609,5,1,14-02-2025 08:00,LOSS
18610,13,14,14-02-2025 09:00,WIN
18611,10,9,14-02-2025 10:00,LOSS
18612,3,18,14-02-2025 11:00,WIN
18613,11,3,14-02-2025 12:00,WIN
18614,5,7,14-02-2025 13:00,WIN
18615,4,1,14-02-2025 14:00,WIN
18616,5,15,14-02-2025 15:00,LOSS
18617,8,3,14-02-2025 16:00,WIN
18618,9,4,14-02-2025 17:00,WIN
18619,15,5,14-02-2025 18:00,LOSS
18620,1,18,14-02-2025 19:00,LOSS
18621,19,6,14-02-2025 20:00,WIN
18622,12,2,14-02-2025 21:00,LOSS
18623,13,10,14-02-2025 22:00,WIN
18624,4,12,14-02-2025 23:00,WIN
18625,16,2,15-02-2025 00:00,WIN
18626,12,5,15-02-2025 01:00,LOSS
18627,15,11,15-02-2025 02:00,WIN
18628,1,17,15-02-2025 03:00,LOSS
18629,14,13,15-02-2025 04:00,WIN
18630,15,8,15-02-2025 05:00,LOSS
18631,8,1,15-02-2025 06:00,WIN
18632,2,13,15-02-2025 07:00,WIN
18633,16,5,15-02-2025 08:00,LOSS
18634,17,7,15-02-2025 09:00,WIN
18635,11,1,15-02-2025 10:00,WIN
18636,20,15,15-02-2025 11:00,LOSS
18637,2,15,15-02-2025 12:00,LOSS
18638,20,3,15-02-2025 13:00,LOSS
18639,10,8,15-02-2025 14:00,WIN
18640,18,7,15-02-2025 15:00,LOSS
18641,4,16,15-02-2025 16:00,WIN
18642,18,1,15-02-2025 17:00,LOSS
18643,12,12,15-02-2025 18:00,LOSS
18644,7,19,15-02-2025 19:00,WIN
18645,19,18,15-02-2025 20:00,WIN
18646,7,20,15-02-2025 21:00,WIN
18647,2,13,15-02-2025 22:00,WIN
18648,14,3,15-02-2025 23:00,LOSS
18649,4,6,16-02-2025 00:00,LOSS
18650,11,9,16-02-2025 01:00,WIN
18651,14,9,16-02-2025 02:00,WIN
18652,6,13,16-02-2025 03:00,LOSS
18653,3,4,16-02-2025 04:00,LOSS
18654,16,9,16-02-2025 05:00,LOSS
18655,20,15,16-02-2025 06:00,WIN
18656,16,15,16-02-2025 07:00,WIN
18657,3,6,16-02-2025 08:00,WIN
18658,16,8,16-02-2025 09:00,LOSS
18659,18,5,16-02-2025 10:00,LOSS
18660,8,16,16-02-2025 11:00,WIN
18661,10,19,16-02-2025 12:00,WIN
18662,3,6,16-02-2025 13:00,LOSS
18663,14,14,16-02-2025 14:00,WIN
18664,15,16,16-02-2025 15:00,WIN
18665,2,3,16-02-2025 16:00,LOSS
18666,16,4,16-02-2025 17:00,LOSS
18667,13,1,16-02-2025 18:00,WIN
18668,15,16,16-02-2025 19:00,LOSS
18669,14,10,16-02-2025 20:00,WIN
18670,18,14,16-02-2025 21:00,LOSS
18671,16,3,16-02-2025 22:00,LOSS
18672,12,2,16-02-2025 23:00,WIN
18673,14,7,17-02-2025 00:00,LOSS
18674,15,10,17-02-2025 01:00,WIN
18675,2,4,17-02-2025 02:00,LOSS
18676,5,7,17-02-2025 03:00,LOSS
18677,13,8,17-02-2025 04:00,LOSS
18678,18,16,17-02-2025 05:00,WIN
18679,13,13,17-02-2025 06:00,WIN
18680,9,2,17-02-2025 07:00,WIN
18681,10,10,17-02-2025 08:00,WIN
18682,20,19,17-02-2025 09:00,WIN
18683,5,18,17-02-2025 10:00,LOSS
18684,6,16,17-02-2025 11:00,WIN
18685,9,10,17-02-2025 12:00,LOSS
18686,11,19,17-02-2025 13:00,LOSS
18687,15,13,17-02-2025 14:00,LOSS
18688,6,14,17-02-2025 15:00,LOSS
18689,17,12,17-02-2025 16:00,WIN
18690,1,13,17-02-2025 17:00,WIN
18691,9,12,17-02-2025 18:00,WIN
18692,18,9,17-02-2025 19:00,LOSS
18693,6,3,17-02-2025 20:00,LOSS
18694,14,13,17-02-2025 21:00,LOSS
18695,2,14,17-02-2025 22:00,LOSS
18696,10,19,17-02-2025 23:00,LOSS
18697,1,3,18-02-2025 00:00,WIN
18698,18,4,18-02-2025 01:00,WIN
18699,2,16,18-02-2025 02:00,LOSS
18700,1,14,18-02-2025 03:00,WIN
18701,15,14,18-02-2025 04:00,LOSS
18702,11,8,18-02-2025 05:00,WIN
18703,2,14,18-02-2025 06:00,LOSS
18704,15,3,18-02-2025 07:00,WIN
18705,14,7,18-02-2025 08:00,WIN
18706,5,5,18-02-2025 09:00,LOSS
18707,4,12,18-02-2025 10:00,LOSS
18708,9,14,18-02-2025 11:00,LOSS
18709,13,17,18-02-2025 12:00,LOSS
18710,3,11,18-02-2025 13:00,WIN
18711,11,16,18-02-2025 14:00,WIN
18712,14,15,18-02-2025 15:00,LOSS
18713,9,12,18-02-2025 16:00,LOSS
18714,13,20,18-02-2025 17:00,WIN
18715,2,3,18-02-2025 18:00,LOSS
18716,18,13,18-02-2025 19:00,WIN
18717,7,5,18-02-2025 20:00,LOSS
18718,3,1,18-02-2025 21:00,WIN
18719,7,8,18-02-2025 22:00,LOSS
18720,7,12,18-02-2025 23:00,WIN
18721,2,17,19-02-2025 00:00,LOSS
18722,8,17,19-02-2025 01:00,WIN
18723,11,15,19-02-2025 02:00,WIN
18724,16,11,19-02-2025 03:00,LOSS
18725,8,3,19-02-2025 04:00,WIN
18726,14,11,19-02-2025 05:00,WIN
18727,5,11,19-02-2025 06:00,LOSS
18728,7,14,19-02-2025 07:00,WIN
18729,10,17,19-02-2025 08:00,WIN
18730,20,3,19-02-2025 09:00,WIN
18731,6,5,19-02-2025 10:00,LOSS
18732,6,13,19-02-2025 11:00,LOSS
18733,10,2,19-02-2025 12:00,WIN
18734,9,6,19-02-2025 13:00,LOSS
18735,3,6,19-02-2025 14:00,WIN
18736,5,4,19-02-2025 15:00,LOSS
18737,17,18,19-02-2025 16:00,LOSS
18738,1,9,19-02-2025 17:00,WIN
18739,10,8,19-02-2025 18:00,LOSS
18740,5,13,19-02-2025 19:00,WIN
18741,1,13,19-02-2025 20:00,LOSS
18742,10,17,19-02-2025 21:00,LOSS
18743,14,5,19-02-2025 22:00,WIN
18744,16,19,19-02-2025 23:00,WIN
18745,18,20,20-02-2025 00:00,WIN
18746,19,15,20-02-2025 01:00,WIN
18747,14,14,20-02-2025 02:00,WIN
18748,10,13,20-02-2025 03:00,LOSS
18749,8,5,20-02-2025 04:00,WIN
18750,16,15,20-02-2025 05:00,WIN
18751,11,17,20-02-2025 06:00,LOSS
18752,17,2,20-02-2025 07:00,LOSS
18753,13,8,20-02-2025 08:00,WIN
18754,5,16,20-02-2025 09:00,LOSS
18755,15,6,20-02-2025 10:00,WIN
18756,16,14,20-02-2025 11:00,LOSS
18757,10,9,20-02-2025 12:00,WIN
18758,17,12,20-02-2025 13:00,WIN
18759,15,15,20-02-2025 14:00,LOSS
18760,8,2,20-02-2025 15:00,LOSS
18761,9,13,20-02-2025 16:00,LOSS
18762,9,12,20-02-2025 17:00,LOSS
18763,11,1,20-02-2025 18:00,WIN
18764,9,16,20-02-2025 19:00,LOSS
18765,11,10,20-02-2025 20:00,WIN
18766,7,12,20-02-2025 21:00,LOSS
18767,4,8,20-02-2025 22:00,WIN
18768,19,4,20-02-2025 23:00,WIN
18769,9,5,21-02-2025 00:00,WIN
18770,3,16,21-02-2025 01:00,WIN
18771,19,14,21-02-2025 02:00,WIN
18772,13,13,21-02-2025 03:00,LOSS
18773,16,4,21-02-2025 04:00,WIN
18774,4,19,21-02-2025 05:00,LOSS
18775,10,12,21-02-2025 06:00,WIN
18776,3,13,21-02-2025 07:00,WIN
18777,18,3,21-02-2025 08:00,WIN
18778,11,5,21-02-2025 09:00,LOSS
18779,17,15,21-02-2025 10:00,WIN
18780,17,1,21-02-2025 11:00,LOSS
18781,12,20,21-02-2025 12:00,WIN
18782,4,9,21-02-2025 13:00,WIN
18783,8,2,21-02-2025 14:00,WIN
18784,1,17,21-02-2025 15:00,WIN
18785,11,9,21-02-2025 16:00,WIN
18786,6,7,21-02-2025 17:00,LOSS
18787,5,12,21-02-2025 18:00,LOSS
18788,15,5,21-02-2025 19:00,WIN
18789,19,12,21-02-2025 20:00,WIN
18790,15,8,21-02-2025 21:00,LOSS
18791,7,5,21-02-2025 22:00,WIN
18792,17,15,21-02-2025 23:00,WIN
18793,1,2,22-02-2025 00:00,WIN
18794,14,3,22-02-2025 01:00,WIN
18795,19,2,22-02-2025 02:00,LOSS
18796,16,11,22-02-2025 03:00,LOSS
18797,2,6,22-02-2025 04:00,LOSS
18798,7,2,22-02-2025 05:00,LOSS
18799,12,3,22-02-2025 06:00,WIN
18800,9,16,22-02-2025 07:00,LOSS
18801,17,20,22-02-2025 08:00,WIN
18802,7,18,22-02-2025 09:00,LOSS
18803,14,17,22-02-2025 10:00,WIN
18804,19,17,22-02-2025 11:00,WIN
18805,2,10,22-02-2025 12:00,LOSS
18806,8,5,22-02-2025 13:00,WIN
18807,1,12,22-02-2025 14:00,WIN
18808,2,2,22-02-2025 15:00,WIN
18809,20,9,22-02-2025 16:00,LOSS
18810,15,6,22-02-2025 17:00,LOSS
18811,15,7,22-02-2025 18:00,LOSS
18812,19,13,22-02-2025 19:00,WIN
18813,2,9,22-02-2025 20:00,LOSS
18814,5,3,22-02-2025 21:00,LOSS
18815,12,16,22-02-2025 22:00,LOSS
18816,13,4,22-02-2025 23:00,WIN
18817,16,7,23-02-2025 00:00,WIN
18818,8,17,23-02-2025 01:00,LOSS
18819,5,20,23-02-2025 02:00,WIN
18820,11,15,23-02-2025 03:00,WIN
18821,11,9,23-02-2025 04:00,WIN
18822,10,7,23-02-2025 05:00,WIN
18823,13,3,23-02-2025 06:00,WIN
18824,11,3,23-02-2025 07:00,LOSS
18825,19,3,23-02-2025 08:00,LOSS
18826,1,15,23-02-2025 09:00,WIN
18827,11,11,23-02-2025 10:00,LOSS
18828,4,6,23-02-2025 11:00,WIN
18829,1,14,23-02-2025 12:00,LOSS
18830,6,13,23-02-2025 13:00,LOSS
18831,16,2,23-02-2025 14:00,WIN
18832,10,13,23-02-2025 15:00,WIN
18833,11,13,23-02-2025 16:00,LOSS
18834,16,16,23-02-2025 17:00,WIN
18835,9,1,23-02-2025 18:00,LOSS
18836,12,2,23-02-2025 19:00,WIN
18837,20,2,23-02-2025 20:00,WIN
18838,17,4,23-02-2025 21:00,WIN
18839,20,2,23-02-2025 22:00,LOSS
18840,11,20,23-02-2025 23:00,WIN
18841,1,4,24-02-2025 00:00,WIN
18842,6,13,24-02-2025 01:00,WIN
18843,10,13,24-02-2025 02:00,LOSS
18844,8,1,24-02-2025 03:00,WIN
18845,14,3,24-02-2025 04:00,WIN
18846,19,20,24-02-2025 05:00,LOSS
18847,7,15,24-02-2025 06:00,WIN
18848,7,3,24-02-2025 07:00,WIN
18849,6,1,24-02-2025 08:00,LOSS
18850,19,14,24-02-2025 09:00,LOSS
18851,11,10,24-02-2025 10:00,WIN
18852,1,11,24-02-2025 11:00,LOSS
18853,6,8,24-02-2025 12:00,LOSS
18854,13,1,24-02-2025 13:00,WIN
18855,18,13,24-02-2025 14:00,WIN
18856,2,11,24-02-2025 15:00,LOSS
18857,17,9,24-02-2025 16:00,WIN
18858,17,11,24-02-2025 17:00,LOSS
18859,2,11,24-02-2025 18:00,LOSS
18860,1,9,24-02-2025 19:00,WIN
18861,12,1,24-02-2025 20:00,LOSS
18862,12,8,24-02-2025 21:00,WIN
18863,5,20,24-02-2025 22:00,WIN
18864,16,3,24-02-2025 23:00,WIN
18865,16,18,25-02-2025 00:00,WIN
18866,13,19,25-02-2025 01:00,LOSS
18867,7,13,25-02-2025 02:00,LOSS
18868,12,9,25-02-2025 03:00,LOSS
18869,14,5,25-02-2025 04:00,WIN
18870,20,6,25-02-2025 05:00,WIN
18871,9,16,25-02-2025 06:00,LOSS
18872,11,13,25-02-2025 07:00,WIN
18873,11,19,25-02-2025 08:00,WIN
18874,20,19,25-02-2025 09:00,WIN
18875,20,11,25-02-2025 10:00,LOSS
18876,2,8,25-02-2025 11:00,WIN
18877,15,3,25-02-2025 12:00,LOSS
18878,18,12,25-02-2025 13:00,LOSS
18879,12,13,25-02-2025 14:00,WIN
18880,7,20,25-02-2025 15:00,LOSS
18881,12,9,25-02-2025 16:00,LOSS
18882,3,15,25-02-2025 17:00,LOSS
18883,10,19,25-02-2025 18:00,WIN
18884,9,6,25-02-2025 19:00,LOSS
18885,15,3,25-02-2025 20:00,LOSS
18886,7,19,25-02-2025 21:00,LOSS
18887,4,6,25-02-2025 22:00,WIN
18888,14,17,25-02-2025 23:00,WIN
18889,18,1,26-02-2025 00:00,LOSS
18890,12,12,26-02-2025 01:00,WIN
18891,11,12,26-02-2025 02:00,WIN
18892,3,16,26-02-2025 03:00,WIN
18893,5,4,26-02-2025 04:00,LOSS
18894,3,3,26-02-2025 05:00,WIN
18895,6,7,26-02-2025 06:00,WIN
18896,1,4,26-02-2025 07:00,LOSS
18897,5,20,26-02-2025 08:00,WIN
18898,14,13,26-02-2025 09:00,WIN
18899,9,8,26-02-2025 10:00,WIN
18900,10,4,26-02-2025 11:00,LOSS
18901,20,2,26-02-2025 12:00,WIN
18902,11,4,26-02-2025 13:00,WIN
18903,10,3,26-02-2025 14:00,WIN
18904,3,20,26-02-2025 15:00,WIN
18905,16,10,26-02-2025 16:00,LOSS
18906,14,6,26-02-2025 17:00,WIN
18907,13,19,26-02-2025 18:00,LOSS
18908,13,3,26-02-2025 19:00,WIN
18909,3,20,26-02-2025 20:00,LOSS
18910,17,14,26-02-2025 21:00,WIN
18911,9,3,26-02-2025 22:00,LOSS
18912,6,16,26-02-2025 23:00,WIN
18913,20,19,27-02-2025 00:00,WIN
18914,14,4,27-02-2025 01:00,LOSS
18915,20,10,27-02-2025 02:00,LOSS
18916,17,8,27-02-2025 03:00,WIN
18917,14,7,27-02-2025 04:00,WIN
18918,3,17,27-02-2025 05:00,LOSS
18919,2,16,27-02-2025 06:00,LOSS
18920,5,4,27-02-2025 07:00,LOSS
18921,5,10,27-02-2025 08:00,WIN
18922,9,11,27-02-2025 09:00,WIN
18923,17,9,27-02-2025 10:00,LOSS
18924,11,11,27-02-2025 11:00,WIN
18925,6,1,27-02-2025 12:00,LOSS
18926,3,17,27-02-2025 13:00,WIN
18927,15,18,27-02-2025 14:00,LOSS
18928,18,4,27-02-2025 15:00,LOSS
18929,4,15,27-02-2025 16:00,WIN
18930,19,18,27-02-2025 17:00,LOSS
18931,14,7,27-02-2025 18:00,LOSS
18932,8,1,27-02-2025 19:00,LOSS
18933,19,14,27-02-2025 20:00,WIN
18934,14,12,27-02-2025 21:00,WIN
18935,3,9,27-02-2025 22:00,LOSS
18936,13,15,27-02-2025 23:00,WIN
18937,4,11,28-02-2025 00:00,WIN
18938,1,2,28-02-2025 01:00,LOSS
18939,17,19,28-02-2025 02:00,LOSS
18940,7,9,28-02-2025 03:00,WIN
18941,9,8,28-02-2025 04:00,WIN
18942,18,4,28-02-2025 05:00,LOSS
18943,2,12,28-02-2025 06:00,LOSS
18944,12,20,28-02-2025 07:00,WIN
18945,1,16,28-02-2025 08:00,WIN
18946,11,17,28-02-2025 09:00,WIN
18947,16,13,28-02-2025 10:00,WIN
18948,15,15,28-02-2025 11:00,WIN
18949,16,16,28-02-2025 12:00,LOSS
18950,14,18,28-02-2025 13:00,LOSS
18951,1,2,28-02-2025 14:00,WIN
18952,7,18,28-02-2025 15:00,LOSS
18953,8,13,28-02-2025 16:00,LOSS
18954,16,1,28-02-2025 17:00,WIN
18955,1,2,28-02-2025 18:00,WIN
18956,19,18,28-02-2025 19:00,LOSS
18957,5,17,28-02-2025 20:00,LOSS
18958,15,10,28-02-2025 21:00,LOSS
18959,3,19,28-02-2025 22:00,WIN
18960,1,18,28-02-2025 23:00,LOSS
18961,7,12,01-03-2025 00:00,LOSS
18962,9,1,01-03-2025 01:00,WIN
18963,1,9,01-03-2025 02:00,LOSS
18964,2,13,01-03-2025 03:00,LOSS
18965,17,3,01-03-2025 04:00,LOSS
18966,17,18,01-03-2025 05:00,LOSS
18967,3,9,01-03-2025 06:00,WIN
18968,17,12,01-03-2025 07:00,WIN
18969,10,16,01-03-2025 08:00,WIN
18970,2,16,01-03-2025 09:00,WIN
18971,7,19,01-03-2025 10:00,LOSS
18972,3,18,01-03-2025 11:00,LOSS
18973,12,5,01-03-2025 12:00,WIN
18974,7,12,01-03-2025 13:00,WIN
18975,10,9,01-03-2025 14:00,LOSS
18976,4,4,01-03-2025 15:00,WIN
18977,1,15,01-03-2025 16:00,LOSS
18978,14,9,01-03-2025 17:00,LOSS
18979,4,9,01-03-2025 18:00,LOSS
18980,12,14,01-03-2025 19:00,WIN
18981,1,19,01-03-2025 20:00,WIN
18982,14,16,01-03-2025 21:00,WIN
18983,4,9,01-03-2025 22:00,WIN
18984,7,6,01-03-2025 23:00,LOSS
18985,9,14,02-03-2025 00:00,WIN
18986,14,18,02-03-2025 01:00,WIN
18987,18,7,02-03-2025 02:00,WIN
18988,5,15,02-03-2025 03:00,WIN
18989,20,8,02-03-2025 04:00,LOSS
18990,17,10,02-03-2025 05:00,WIN
18991,6,1,02-03-2025 06:00,WIN
18992,5,8,02-03-2025 07:00,WIN
18993,10,16,02-03-2025 08:00,LOSS
18994,17,4,02-03-2025 09:00,LOSS
18995,19,18,02-03-2025 10:00,LOSS
18996,4,3,02-03-2025 11:00,WIN
18997,14,19,02-03-2025 12:00,WIN
18998,20,6,02-03-2025 13:00,LOSS
18999,14,6,02-03-2025 14:00,WIN
19000,4,9,02-03-2025 15:00,WIN
19001,3,1,02-03-2025 16:00,LOSS
19002,2,11,02-03-2025 17:00,WIN
19003,18,12,02-03-2025 18:00,WIN
19004,17,10,02-03-2025 19:00,WIN
19005,16,12,02-03-2025 20:00,LOSS
19006,14,1,02-03-2025 21:00,LOSS
19007,16,4,02-03-2025 22:00,LOSS
19008,16,5,02-03-2025 23:00,LOSS
19009,6,3,03-03-2025 00:00,LOSS
19010,6,11,03-03-2025 01:00,LOSS
19011,6,1,03-03-2025 02:00,LOSS
19012,14,8,03-03-2025 03:00,WIN
19013,1,2,03-03-2025 04:00,WIN
19014,20,11,03-03-2025 05:00,WIN
19015,1,4,03-03-2025 06:00,WIN
19016,18,12,03-03-2025 07:00,LOSS
19017,8,4,03-03-2025 08:00,WIN
19018,8,6,03-03-2025 09:00,LOSS
19019,17,6,03-03-2025 10:00,LOSS
19020,1,14,03-03-2025 11:00,LOSS
19021,14,1,03-03-2025 12:00,WIN
19022,11,9,03-03-2025 13:00,WIN
19023,12,3,03-03-2025 14:00,LOSS
19024,13,20,03-03-2025 15:00,LOSS
19025,13,1,03-03-2025 16:00,LOSS
19026,3,18,03-03-2025 17:00,LOSS
19027,3,6,03-03-2025 18:00,LOSS
19028,14,7,03-03-2025 19:00,WIN
19029,8,15,03-03-2025 20:00,WIN
19030,13,2,03-03-2025 21:00,WIN
19031,1,3,03-03-2025 22:00,WIN
19032,12,12,03-03-2025 23:00,LOSS
19033,5,17,04-03-2025 00:00,LOSS
19034,9,15,04-03-2025 01:00,LOSS
19035,2,1,04-03-2025 02:00,WIN
19036,14,14,04-03-2025 03:00,WIN
19037,4,13,04-03-2025 04:00,WIN
19038,9,13,04-03-2025 05:00,WIN
19039,17,13,04-03-2025 06:00,WIN
19040,12,7,04-03-2025 07:00,WIN
19041,7,4,04-03-2025 08:00,LOSS
19042,8,4,04-03-2025 09:00,LOSS
19043,1,13,04-03-2025 10:00,LOSS
19044,16,12,04-03-2025 11:00,WIN
19045,8,1,04-03-2025 12:00,LOSS
19046,13,12,04-03-2025 13:00,WIN
19047,19,17,04-03-2025 14:00,WIN
19048,13,17,04-03-2025 15:00,LOSS
19049,10,2,04-03-2025 16:00,LOSS
19050,12,7,04-03-2025 17:00,LOSS
19051,7,10,04-03-2025 18:00,WIN
19052,13,7,04-03-2025 19:00,LOSS
19053,8,11,04-03-2025 20:00,LOSS
19054,6,4,04-03-2025 21:00,LOSS
19055,9,3,04-03-2025 22:00,WIN
19056,20,2,04-03-2025 23:00,LOSS
19057,13,4,05-03-2025 00:00,LOSS
19058,19,17,05-03-2025 01:00,LOSS
19059,9,20,05-03-2025 02:00,LOSS
19060,20,4,05-03-2025 03:00,LOSS
19061,18,19,05-03-2025 04:00,LOSS
19062,18,10,05-03-2025 05:00,WIN
19063,20,16,05-03-2025 06:00,LOSS
19064,11,9,05-03-2025 07:00,LOSS
19065,8,10,05-03-2025 08:00,WIN
19066,2,9,05-03-2025 09:00,LOSS
19067,17,15,05-03-2025 10:00,WIN
19068,10,13,05-03-2025 11:00,WIN
19069,15,16,05-03-2025 12:00,WIN
19070,1,15,05-03-2025 13:00,WIN
19071,2,4,05-03-2025 14:00,WIN
19072,7,3,05-03-2025 15:00,WIN
19073,5,1,05-03-2025 16:00,WIN
19074,13,4,05-03-2025 17:00,WIN
19075,5,3,05-03-2025 18:00,LOSS
19076,11,15,05-03-2025 19:00,WIN
19077,10,16,05-03-2025 20:00,LOSS
19078,12,7,05-03-2025 21:00,WIN
19079,2,16,05-03-2025 22:00,WIN
19080,12,18,05-03-2025 23:00,LOSS
19081,7,12,06-03-2025 00:00,WIN
19082,19,8,06-03-2025 01:00,LOSS
19083,19,11,06-03-2025 02:00,WIN
19084,2,10,06-03-2025 03:00,LOSS
19085,13,4,06-03-2025 04:00,LOSS
19086,5,4,06-03-2025 05:00,WIN
19087,16,15,06-03-2025 06:00,WIN
19088,19,4,06-03-2025 07:00,WIN
19089,2,17,06-03-2025 08:00,LOSS
19090,12,14,06-03-2025 09:00,WIN
19091,20,6,06-03-2025 10:00,LOSS
19092,1,3,06-03-2025 11:00,LOSS
19093,9,14,06-03-2025 12:00,WIN
19094,2,5,06-03-2025 13:00,LOSS
19095,2,8,06-03-2025 14:00,LOSS
19096,19,20,06-03-2025 15:00,LOSS
19097,14,9,06-03-2025 16:00,LOSS
19098,17,5,06-03-2025 17:00,WIN
19099,5,17,06-03-2025 18:00,LOSS
19100,8,6,06-03-2025 19:00,WIN
19101,20,18,06-03-2025 20:00,WIN
19102,13,19,06-03-2025 21:00,LOSS
19103,19,20,06-03-2025 22:00,WIN
19104,1,16,06-03-2025 23:00,LOSS
19105,18,7,07-03-2025 00:00,WIN
19106,3,10,07-03-2025 01:00,WIN
19107,14,16,07-03-2025 02:00,WIN
19108,5,18,07-03-2025 03:00,WIN
19109,10,17,07-03-2025 04:00,LOSS
19110,4,20,07-03-2025 05:00,WIN
19111,12,6,07-03-2025 06:00,LOSS
19112,19,19,07-03-2025 07:00,WIN
19113,4,2,07-03-2025 08:00,LOSS
19114,11,19,07-03-2025 09:00,WIN
19115,7,20,07-03-2025 10:00,LOSS
19116,5,16,07-03-2025 11:00,LOSS
19117,4,12,07-03-2025 12:00,LOSS
19118,15,11,07-03-2025 13:00,LOSS
19119,17,12,07-03-2025 14:00,WIN
19120,20,2,07-03-2025 15:00,LOSS
19121,16,6,07-03-2025 16:00,WIN
19122,16,12,07-03-2025 17:00,WIN
19123,10,2,07-03-2025 18:00,LOSS
19124,16,1,07-03-2025 19:00,WIN
19125,14,13,07-03-2025 20:00,WIN
19126,15,20,07-03-2025 21:00,WIN
19127,10,13,07-03-2025 22:00,LOSS
19128,2,18,07-03-2025 23:00,WIN
19129,1,20,08-03-2025 00:00,LOSS
19130,9,20,08-03-2025 01:00,WIN
19131,2,15,08-03-2025 02:00,WIN
19132,7,12,08-03-2025 03:00,LOSS
19133,20,11,08-03-2025 04:00,WIN
19134,9,13,08-03-2025 05:00,LOSS
19135,13,5,08-03-2025 06:00,WIN
19136,12,11,08-03-2025 07:00,LOSS
19137,6,17,08-03-2025 08:00,WIN
19138,7,19,08-03-2025 09:00,LOSS
19139,19,8,08-03-2025 10:00,LOSS
19140,15,4,08-03-2025 11:00,WIN
19141,6,16,08-03-2025 12:00,LOSS
19142,17,14,08-03-2025 13:00,LOSS
19143,5,1,08-03-2025 14:00,WIN
19144,10,6,08-03-2025 15:00,WIN
19145,15,18,08-03-2025 16:00,WIN
19146,5,20,08-03-2025 17:00,WIN
19147,18,12,08-03-2025 18:00,LOSS
19148,6,8,08-03-2025 19:00,LOSS
19149,11,8,08-03-2025 20:00,WIN
19150,3,19,08-03-2025 21:00,WIN
19151,4,14,08-03-2025 22:00,LOSS
19152,3,5,08-03-2025 23:00,WIN
19153,1,1,09-03-2025 00:00,LOSS
19154,17,20,09-03-2025 01:00,WIN
19155,14,3,09-03-2025 02:00,WIN
19156,5,6,09-03-2025 03:00,WIN
19157,14,11,09-03-2025 04:00,WIN
19158,4,10,09-03-2025 05:00,LOSS
19159,6,8,09-03-2025 06:00,WIN
19160,9,9,09-03-2025 07:00,LOSS
19161,20,7,09-03-2025 08:00,LOSS
19162,14,11,09-03-2025 09:00,WIN
19163,10,3,09-03-2025 10:00,WIN
19164,13,5,09-03-2025 11:00,LOSS
19165,14,1,09-03-2025 12:00,WIN
19166,20,14,09-03-2025 13:00,WIN
19167,4,14,09-03-2025 14:00,LOSS
19168,19,18,09-03-2025 15:00,WIN
19169,7,4,09-03-2025 16:00,LOSS
19170,20,19,09-03-2025 17:00,LOSS
19171,10,15,09-03-2025 18:00,WIN
19172,20,20,09-03-2025 19:00,LOSS
19173,11,16,09-03-2025 20:00,LOSS
19174,7,7,09-03-2025 21:00,LOSS
19175,12,16,09-03-2025 22:00,WIN
19176,18,20,09-03-2025 23:00,LOSS
19177,8,9,10-03-2025 00:00,WIN
19178,16,7,10-03-2025 01:00,WIN
19179,15,2,10-03-2025 02:00,LOSS
19180,1,10,10-03-2025 03:00,LOSS
19181,15,13,10-03-2025 04:00,LOSS
19182,10,4,10-03-2025 05:00,WIN
19183,9,4,10-03-2025 06:00,LOSS
19184,15,19,10-03-2025 07:00,LOSS
19185,17,17,10-03-2025 08:00,WIN
19186,16,14,10-03-2025 09:00,WIN
19187,10,5,10-03-2025 10:00,LOSS
19188,16,9,10-03-2025 11:00,WIN
19189,5,14,10-03-2025 12:00,LOSS
19190,1,7,10-03-2025 13:00,LOSS
19191,4,14,10-03-2025 14:00,WIN
19192,8,1,10-03-2025 15:00,WIN
19193,2,12,10-03-2025 16:00,LOSS
19194,2,20,10-03-2025 17:00,LOSS
19195,8,4,10-03-2025 18:00,LOSS
19196,12,20,10-03-2025 19:00,WIN
19197,13,6,10-03-2025 20:00,WIN
19198,19,1,10-03-2025 21:00,WIN
19199,5,20,10-03-2025 22:00,WIN
19200,18,11,10-03-2025 23:00,WIN
19201,18,12,11-03-2025 00:00,LOSS
19202,3,13,11-03-2025 01:00,LOSS
19203,7,18,11-03-2025 02:00,LOSS
19204,5,14,11-03-2025 03:00,WIN
19205,1,18,11-03-2025 04:00,WIN
19206,18,5,11-03-2025 05:00,LOSS
19207,7,7,11-03-2025 06:00,LOSS
19208,3,20,11-03-2025 07:00,WIN
19209,19,20,11-03-2025 08:00,LOSS
19210,9,2,11-03-2025 09:00,LOSS
19211,3,18,11-03-2025 10:00,LOSS
19212,3,14,11-03-2025 11:00,LOSS
19213,13,15,11-03-2025 12:00,LOSS
19214,13,4,11-03-2025 13:00,LOSS
19215,19,18,11-03-2025 14:00,LOSS
19216,7,2,11-03-2025 15:00,LOSS
19217,3,4,11-03-2025 16:00,WIN
19218,11,15,11-03-2025 17:00,WIN
19219,1,12,11-03-2025 18:00,LOSS
19220,2,19,11-03-2025 19:00,WIN
19221,9,10,11-03-2025 20:00,LOSS
19222,3,4,11-03-2025 21:00,WIN
19223,5,10,11-03-2025 22:00,LOSS
19224,4,3,11-03-2025 23:00,WIN
19225,8,17,12-03-2025 00:00,WIN
19226,17,12,12-03-2025 01:00,LOSS
19227,6,12,12-03-2025 02:00,WIN
19228,17,4,12-03-2025 03:00,WIN
19229,20,7,12-03-2025 04:00,WIN
19230,17,2,12-03-2025 05:00,LOSS
19231,14,10,12-03-2025 06:00,WIN
19232,6,2,12-03-2025 07:00,LOSS
19233,17,6,12-03-2025 08:00,LOSS
19234,4,5,12-03-2025 09:00,WIN
19235,20,20,12-03-2025 10:00,WIN
19236,14,6,12-03-2025 11:00,LOSS
19237,17,11,12-03-2025 12:00,LOSS
19238,14,4,12-03-2025 13:00,WIN
19239,3,9,12-03-2025 14:00,LOSS
19240,8,1,12-03-2025 15:00,WIN
19241,13,10,12-03-2025 16:00,LOSS
19242,14,19,12-03-2025 17:00,WIN
19243,12,17,12-03-2025 18:00,LOSS
19244,8,5,12-03-2025 19:00,LOSS
19245,11,11,12-03-2025 20:00,WIN
19246,20,19,12-03-2025 21:00,WIN
19247,12,1,12-03-2025 22:00,WIN
19248,1,16,12-03-2025 23:00,WIN
19249,20,2,13-03-2025 00:00,WIN
19250,2,2,13-03-2025 01:00,WIN
19251,19,11,13-03-2025 02:00,LOSS
19252,4,17,13-03-2025 03:00,LOSS
19253,12,16,13-03-2025 04:00,WIN
19254,1,13,13-03-2025 05:00,LOSS
19255,10,7,13-03-2025 06:00,LOSS
19256,1,18,13-03-2025 07:00,WIN
19257,5,17,13-03-2025 08:00,WIN
19258,11,15,13-03-2025 09:00,LOSS
19259,2,11,13-03-2025 10:00,LOSS
19260,9,9,13-03-2025 11:00,WIN
19261,12,14,13-03-2025 12:00,LOSS
19262,7,11,13-03-2025 13:00,WIN
19263,16,6,13-03-2025 14:00,WIN
19264,7,6,13-03-2025 15:00,LOSS
19265,9,14,13-03-2025 16:00,WIN
19266,8,3,13-03-2025 17:00,WIN
19267,9,19,13-03-2025 18:00,WIN
19268,19,9,13-03-2025 19:00,LOSS
19269,17,15,13-03-2025 20:00,WIN
19270,12,10,13-03-2025 21:00,WIN
19271,12,6,13-03-2025 22:00,WIN
19272,4,12,13-03-2025 23:00,WIN
19273,9,15,14-03-2025 00:00,LOSS
19274,10,8,14-03-2025 01:00,LOSS
19275,17,11,14-03-2025 02:00,WIN
19276,10,16,14-03-2025 03:00,WIN
19277,12,19,14-03-2025 04:00,LOSS
19278,17,3,14-03-2025 05:00,WIN
19279,6,18,14-03-2025 06:00,LOSS
19280,4,8,14-03-2025 07:00,LOSS
19281,16,10,14-03-2025 08:00,WIN
19282,17,5,14-03-2025 09:00,LOSS
19283,16,14,14-03-2025 10:00,LOSS
19284,4,8,14-03-2025 11:00,WIN
19285,6,1,14-03-2025 12:00,WIN
19286,8,13,14-03-2025 13:00,WIN
19287,9,17,14-03-2025 14:00,LOSS
19288,6,16,14-03-2025 15:00,WIN
19289,14,17,14-03-2025 16:00,LOSS
19290,13,8,14-03-2025 17:00,LOSS
19291,18,20,14-03-2025 18:00,LOSS
19292,17,19,14-03-2025 19:00,LOSS
19293,17,14,14-03-2025 20:00,LOSS
19294,17,18,14-03-2025 21:00,WIN
19295,15,4,14-03-2025 22:00,WIN
19296,15,8,14-03-2025 23:00,LOSS
19297,11,17,15-03-2025 00:00,WIN
19298,7,1,15-03-2025 01:00,LOSS
19299,17,6,15-03-2025 02:00,WIN
19300,12,1,15-03-2025 03:00,WIN
19301,19,5,15-03-2025 04:00,WIN
19302,19,9,15-03-2025 05:00,WIN
19303,7,8,15-03-2025 06:00,LOSS
19304,20,9,15-03-2025 07:00,LOSS
19305,9,8,15-03-2025 08:00,LOSS
19306,4,6,15-03-2025 09:00,LOSS
19307,19,19,15-03-2025 10:00,WIN
19308,13,3,15-03-2025 11:00,WIN
19309,15,7,15-03-2025 12:00,WIN
19310,9,16,15-03-2025 13:00,LOSS
19311,10,1,15-03-2025 14:00,LOSS
19312,8,10,15-03-2025 15:00,WIN
19313,7,6,15-03-2025 16:00,LOSS
19314,7,5,15-03-2025 17:00,LOSS
19315,9,17,15-03-2025 18:00,LOSS
19316,18,3,15-03-2025 19:00,WIN
19317,13,6,15-03-2025 20:00,WIN
19318,16,1,15-03-2025 21:00,LOSS
19319,5,12,15-03-2025 22:00,LOSS
19320,5,16,15-03-2025 23:00,LOSS
19321,8,18,16-03-2025 00:00,WIN
19322,15,8,16-03-2025 01:00,LOSS
19323,13,6,16-03-2025 02:00,LOSS
19324,1,19,16-03-2025 03:00,LOSS
19325,12,18,16-03-2025 04:00,WIN
19326,15,9,16-03-2025 05:00,WIN
19327,4,18,16-03-2025 06:00,LOSS
19328,17,20,16-03-2025 07:00,WIN
19329,2,18,16-03-2025 08:00,WIN
19330,18,5,16-03-2025 09:00,WIN
19331,12,11,16-03-2025 10:00,LOSS
19332,2,18,16-03-2025 11:00,WIN
19333,12,1,16-03-2025 12:00,LOSS
19334,18,3,16-03-2025 13:00,WIN
19335,16,20,16-03-2025 14:00,WIN
19336,5,5,16-03-2025 15:00,LOSS
19337,17,16,16-03-2025 16:00,WIN
19338,11,4,16-03-2025 17:00,LOSS
19339,7,18,16-03-2025 18:00,WIN
19340,18,18,16-03-2025 19:00,WIN
19341,2,2,16-03-2025 20:00,WIN
19342,3,6,16-03-2025 21:00,LOSS
19343,9,16,16-03-2025 22:00,LOSS
19344,1,3,16-03-2025 23:00,LOSS
19345,18,19,17-03-2025 00:00,WIN
19346,15,11,17-03-2025 01:00,LOSS
19347,11,6,17-03-2025 02:00,LOSS
19348,5,1,17-03-2025 03:00,LOSS
19349,9,3,17-03-2025 04:00,LOSS
19350,14,8,17-03-2025 05:00,LOSS
19351,12,3,17-03-2025 06:00,LOSS
19352,10,15,17-03-2025 07:00,LOSS
19353,9,17,17-03-2025 08:00,LOSS
19354,2,18,17-03-2025 09:00,WIN
19355,9,4,17-03-2025 10:00,LOSS
19356,15,19,17-03-2025 11:00,LOSS
19357,19,9,17-03-2025 12:00,LOSS
19358,16,14,17-03-2025 13:00,LOSS
19359,1,16,17-03-2025 14:00,WIN
19360,18,17,17-03-2025 15:00,LOSS
19361,5,7,17-03-2025 16:00,LOSS
19362,7,20,17-03-2025 17:00,WIN
19363,1,7,17-03-2025 18:00,WIN
19364,17,6,17-03-2025 19:00,WIN
19365,15,6,17-03-2025 20:00,LOSS
19366,8,13,17-03-2025 21:00,LOSS
19367,14,3,17-03-2025 22:00,LOSS
19368,8,3,17-03-2025 23:00,WIN
19369,16,14,18-03-2025 00:00,LOSS
19370,12,2,18-03-2025 01:00,LOSS
19371,7,3,18-03-2025 02:00,WIN
19372,5,7,18-03-2025 03:00,LOSS
19373,1,2,18-03-2025 04:00,LOSS
19374,11,4,18-03-2025 05:00,LOSS
19375,12,4,18-03-2025 06:00,WIN
19376,14,7,18-03-2025 07:00,LOSS
19377,12,1,18-03-2025 08:00,WIN
19378,12,13,18-03-2025 09:00,LOSS
19379,3,17,18-03-2025 10:00,WIN
19380,7,7,18-03-2025 11:00,WIN
19381,10,20,18-03-2025 12:00,WIN
19382,10,17,18-03-2025 13:00,LOSS
19383,4,12,18-03-2025 14:00,WIN
19384,17,18,18-03-2025 15:00,WIN
19385,10,4,18-03-2025 16:00,LOSS
19386,2,13,18-03-2025 17:00,LOSS
19387,18,10,18-03-2025 18:00,WIN
19388,2,2,18-03-2025 19:00,WIN
19389,9,4,18-03-2025 20:00,WIN
19390,13,5,18-03-2025 21:00,WIN
19391,5,4,18-03-2025 22:00,WIN
19392,20,12,18-03-2025 23:00,LOSS
19393,9,14,19-03-2025 00:00,WIN
19394,15,10,19-03-2025 01:00,LOSS
19395,19,16,19-03-2025 02:00,LOSS
19396,18,7,19-03-2025 03:00,WIN
19397,10,2,19-03-2025 04:00,LOSS
19398,10,19,19-03-2025 05:00,WIN
19399,4,20,19-03-2025 06:00,WIN
19400,3,14,19-03-2025 07:00,WIN
19401,20,16,19-03-2025 08:00,WIN
19402,11,11,19-03-2025 09:00,WIN
19403,17,6,19-03-2025 10:00,LOSS
19404,1,10,19-03-2025 11:00,LOSS
19405,11,7,19-03-2025 12:00,WIN
19406,4,14,19-03-2025 13:00,WIN
19407,16,13,19-03-2025 14:00,WIN
19408,2,3,19-03-2025 15:00,LOSS
19409,3,15,19-03-2025 16:00,LOSS
19410,6,17,19-03-2025 17:00,LOSS
19411,18,1,19-03-2025 18:00,WIN
19412,18,5,19-03-2025 19:00,LOSS
19413,1,20,19-03-2025 20:00,LOSS
19414,5,5,19-03-2025 21:00,WIN
19415,12,17,19-03-2025 22:00,LOSS
19416,5,16,19-03-2025 23:00,LOSS
19417,1,20,20-03-2025 00:00,WIN
19418,18,1,20-03-2025 01:00,LOSS
19419,20,5,20-03-2025 02:00,LOSS
19420,5,20,20-03-2025 03:00,LOSS
19421,18,2,20-03-2025 04:00,WIN
19422,3,5,20-03-2025 05:00,LOSS
19423,1,18,20-03-2025 06:00,WIN
19424,10,19,20-03-2025 07:00,WIN
19425,19,6,20-03-2025 08:00,LOSS
19426,18,17,20-03-2025 09:00,LOSS
19427,15,11,20-03-2025 10:00,WIN
19428,11,15,20-03-2025 11:00,LOSS
19429,3,2,20-03-2025 12:00,LOSS
19430,7,12,20-03-2025 13:00,WIN
19431,7,19,20-03-2025 14:00,LOSS
19432,12,16,20-03-2025 15:00,LOSS
19433,1,12,20-03-2025 16:00,WIN
19434,3,1,20-03-2025 17:00,WIN
19435,14,20,20-03-2025 18:00,WIN
19436,19,14,20-03-2025 19:00,LOSS
19437,9,7,20-03-2025 20:00,LOSS
19438,13,8,20-03-2025 21:00,LOSS
19439,5,13,20-03-2025 22:00,LOSS
19440,3,12,20-03-2025 23:00,WIN
19441,17,7,21-03-2025 00:00,WIN
19442,19,2,21-03-2025 01:00,WIN
19443,4,3,21-03-2025 02:00,LOSS
19444,10,8,21-03-2025 03:00,WIN
19445,5,4,21-03-2025 04:00,WIN
19446,19,13,21-03-2025 05:00,LOSS
19447,9,7,21-03-2025 06:00,LOSS
19448,16,12,21-03-2025 07:00,LOSS
19449,12,4,21-03-2025 08:00,LOSS
19450,17,5,21-03-2025 09:00,LOSS
19451,8,14,21-03-2025 10:00,WIN
19452,13,15,21-03-2025 11:00,WIN
19453,15,8,21-03-2025 12:00,LOSS
19454,9,7,21-03-2025 13:00,LOSS
19455,1,8,21-03-2025 14:00,WIN
19456,15,15,21-03-2025 15:00,LOSS
19457,3,5,21-03-2025 16:00,LOSS
19458,15,1,21-03-2025 17:00,WIN
19459,11,12,21-03-2025 18:00,LOSS
19460,9,11,21-03-2025 19:00,LOSS
19461,19,4,21-03-2025 20:00,LOSS
19462,18,17,21-03-2025 21:00,LOSS
19463,18,4,21-03-2025 22:00,LOSS
19464,3,3,21-03-2025 23:00,LOSS
19465,13,6,22-03-2025 00:00,LOSS
19466,6,18,22-03-2025 01:00,WIN
19467,6,4,22-03-2025 02:00,LOSS
19468,11,15,22-03-2025 03:00,WIN
19469,9,13,22-03-2025 04:00,WIN
19470,17,20,22-03-2025 05:00,LOSS
19471,17,20,22-03-2025 06:00,WIN
19472,9,13,22-03-2025 07:00,LOSS
19473,19,4,22-03-2025 08:00,WIN
19474,3,3,22-03-2025 09:00,LOSS
19475,14,9,22-03-2025 10:00,WIN
19476,15,5,22-03-2025 11:00,LOSS
19477,19,5,22-03-2025 12:00,WIN
19478,1,18,22-03-2025 13:00,WIN
19479,4,1,22-03-2025 14:00,LOSS
19480,15,13,22-03-2025 15:00,LOSS
19481,15,1,22-03-2025 16:00,LOSS
19482,3,17,22-03-2025 17:00,WIN
19483,5,8,22-03-2025 18:00,WIN
19484,1,5,22-03-2025 19:00,WIN
19485,16,2,22-03-2025 20:00,WIN
19486,16,12,22-03-2025 21:00,WIN
19487,16,10,22-03-2025 22:00,LOSS
19488,15,12,22-03-2025 23:00,LOSS
19489,5,15,23-03-2025 00:00,WIN
19490,2,16,23-03-2025 01:00,LOSS
19491,8,8,23-03-2025 02:00,WIN
19492,15,5,23-03-2025 03:00,WIN
19493,9,4,23-03-2025 04:00,WIN
19494,9,16,23-03-2025 05:00,WIN
19495,3,8,23-03-2025 06:00,WIN
19496,15,9,23-03-2025 07:00,LOSS
19497,18,2,23-03-2025 08:00,LOSS
19498,17,18,23-03-2025 09:00,WIN
19499,1,15,23-03-2025 10:00,WIN
19500,11,19,23-03-2025 11:00,LOSS
19501,1,5,23-03-2025 12:00,WIN
19502,6,8,23-03-2025 13:00,WIN
19503,12,8,23-03-2025 14:00,LOSS
19504,20,17,23-03-2025 15:00,WIN
19505,18,5,23-03-2025 16:00,LOSS
19506,14,8,23-03-2025 17:00,LOSS
19507,13,10,23-03-2025 18:00,LOSS
19508,11,3,23-03-2025 19:00,LOSS
19509,20,3,23-03-2025 20:00,LOSS
19510,18,6,23-03-2025 21:00,WIN
19511,18,4,23-03-2025 22:00,WIN
19512,17,16,23-03-2025 23:00,WIN
19513,5,15,24-03-2025 00:00,LOSS
19514,6,8,24-03-2025 01:00,LOSS
19515,8,7,24-03-2025 02:00,WIN
19516,4,17,24-03-2025 03:00,LOSS
19517,1,15,24-03-2025 04:00,WIN
19518,15,5,24-03-2025 05:00,LOSS
19519,7,6,24-03-2025 06:00,LOSS
19520,16,5,24-03-2025 07:00,LOSS
19521,6,8,24-03-2025 08:00,WIN
19522,7,7,24-03-2025 09:00,LOSS
19523,6,3,24-03-2025 10:00,WIN
19524,13,20,24-03-2025 11:00,WIN
19525,2,18,24-03-2025 12:00,WIN
19526,5,1,24-03-2025 13:00,WIN
19527,3,19,24-03-2025 14:00,WIN
19528,9,8,24-03-2025 15:00,WIN
19529,3,1,24-03-2025 16:00,LOSS
19530,12,15,24-03-2025 17:00,LOSS
19531,3,15,24-03-2025 18:00,WIN
19532,17,3,24-03-2025 19:00,LOSS
19533,15,15,24-03-2025 20:00,WIN
19534,17,7,24-03-2025 21:00,LOSS
19535,7,1,24-03-2025 22:00,LOSS
19536,9,4,24-03-2025 23:00,WIN
19537,18,3,25-03-2025 00:00,WIN
19538,2,2,25-03-2025 01:00,WIN
19539,17,10,25-03-2025 02:00,WIN
19540,14,10,25-03-2025 03:00,LOSS
19541,17,5,25-03-2025 04:00,WIN
19542,11,20,25-03-2025 05:00,WIN
19543,1,12,25-03-2025 06:00,LOSS
19544,1,17,25-03-2025 07:00,LOSS
19545,20,9,25-03-2025 08:00,LOSS
19546,15,13,25-03-2025 09:00,LOSS
19547,2,7,25-03-2025 10:00,WIN
19548,12,11,25-03-2025 11:00,LOSS
19549,13,13,25-03-2025 12:00,WIN
19550,10,10,25-03-2025 13:00,WIN
19551,2,17,25-03-2025 14:00,WIN
19552,2,15,25-03-2025 15:00,LOSS
19553,17,17,25-03-2025 16:00,WIN
19554,9,8,25-03-2025 17:00,WIN
19555,14,20,25-03-2025 18:00,WIN
19556,11,6,25-03-2025 19:00,LOSS
19557,20,18,25-03-2025 20:00,LOSS
19558,12,15,25-03-2025 21:00,WIN
19559,7,2,25-03-2025 22:00,WIN
19560,1,13,25-03-2025 23:00,WIN
19561,16,18,26-03-2025 00:00,WIN
19562,15,13,26-03-2025 01:00,WIN
19563,13,6,26-03-2025 02:00,LOSS
19564,6,3,26-03-2025 03:00,WIN
19565,2,3,26-03-2025 04:00,LOSS
19566,9,19,26-03-2025 05:00,WIN
19567,1,19,26-03-2025 06:00,LOSS
19568,9,7,26-03-2025 07:00,LOSS
19569,10,17,26-03-2025 08:00,WIN
19570,2,19,26-03-2025 09:00,WIN
19571,19,8,26-03-2025 10:00,LOSS
19572,14,14,26-03-2025 11:00,WIN
19573,3,3,26-03-2025 12:00,WIN
19574,16,8,26-03-2025 13:00,LOSS
19575,19,17,26-03-2025 14:00,LOSS
19576,9,4,26-03-2025 15:00,LOSS
19577,2,2,26-03-2025 16:00,LOSS
19578,4,15,26-03-2025 17:00,LOSS
19579,11,8,26-03-2025 18:00,WIN
19580,8,5,26-03-2025 19:00,WIN
19581,16,3,26-03-2025 20:00,LOSS
19582,5,10,26-03-2025 21:00,WIN
19583,2,18,26-03-2025 22:00,LOSS
19584,15,11,26-03-2025 23:00,WIN
19585,6,7,27-03-2025 00:00,WIN
19586,8,7,27-03-2025 01:00,LOSS
19587,2,5,27-03-2025 02:00,WIN
19588,4,6,27-03-2025 03:00,LOSS
19589,4,7,27-03-2025 04:00,WIN
19590,12,11,27-03-2025 05:00,LOSS
19591,1,19,27-03-2025 06:00,WIN
19592,9,4,27-03-2025 07:00,LOSS
19593,15,18,27-03-2025 08:00,WIN
19594,8,2,27-03-2025 09:00,WIN
19595,17,1,27-03-2025 10:00,WIN
19596,15,1,27-03-2025 11:00,WIN
19597,10,11,27-03-2025 12:00,WIN
19598,13,7,27-03-2025 13:00,WIN
19599,11,16,27-03-2025 14:00,LOSS
19600,16,4,27-03-2025 15:00,WIN
19601,15,13,27-03-2025 16:00,LOSS
19602,18,14,27-03-2025 17:00,LOSS
19603,12,20,27-03-2025 18:00,LOSS
19604,3,16,27-03-2025 19:00,LOSS
19605,12,9,27-03-2025 20:00,LOSS
19606,1,9,27-03-2025 21:00,LOSS
19607,5,7,27-03-2025 22:00,LOSS
19608,20,7,27-03-2025 23:00,WIN
19609,8,11,28-03-2025 00:00,LOSS
19610,5,7,28-03-2025 01:00,WIN
19611,18,19,28-03-2025 02:00,LOSS
19612,8,7,28-03-2025 03:00,WIN
19613,13,16,28-03-2025 04:00,WIN
19614,17,16,28-03-2025 05:00,WIN
19615,8,15,28-03-2025 06:00,LOSS
19616,3,2,28-03-2025 07:00,LOSS
19617,18,7,28-03-2025 08:00,WIN
19618,12,15,28-03-2025 09:00,LOSS
19619,13,1,28-03-2025 10:00,WIN
19620,9,7,28-03-2025 11:00,LOSS
19621,16,16,28-03-2025 12:00,LOSS
19622,1,13,28-03-2025 13:00,LOSS
19623,1,5,28-03-2025 14:00,LOSS
19624,8,7,28-03-2025 15:00,WIN
19625,3,8,28-03-2025 16:00,WIN
19626,14,11,28-03-2025 17:00,LOSS
19627,14,10,28-03-2025 18:00,WIN
19628,17,15,28-03-2025 19:00,LOSS
19629,1,13,28-03-2025 20:00,WIN
19630,4,7,28-03-2025 21:00,LOSS
19631,6,2,28-03-2025 22:00,LOSS
19632,15,6,28-03-2025 23:00,LOSS
19633,13,13,29-03-2025 00:00,WIN
19634,9,6,29-03-2025 01:00,WIN
19635,7,12,29-03-2025 02:00,WIN
19636,6,12,29-03-2025 03:00,WIN
19637,9,15,29-03-2025 04:00,WIN
19638,6,12,29-03-2025 05:00,LOSS
19639,11,3,29-03-2025 06:00,WIN
19640,6,1,29-03-2025 07:00,LOSS
19641,3,12,29-03-2025 08:00,LOSS
19642,18,10,29-03-2025 09:00,WIN
19643,14,1,29-03-2025 10:00,WIN
19644,6,10,29-03-2025 11:00,LOSS
19645,2,20,29-03-2025 12:00,WIN
19646,10,12,29-03-2025 13:00,LOSS
19647,19,15,29-03-2025 14:00,WIN
19648,7,8,29-03-2025 15:00,LOSS
19649,5,6,29-03-2025 16:00,LOSS
19650,15,16,29-03-2025 17:00,LOSS
19651,10,8,29-03-2025 18:00,WIN
19652,2,2,29-03-2025 19:00,WIN
19653,2,3,29-03-2025 20:00,LOSS
19654,19,2,29-03-2025 21:00,LOSS
19655,8,4,29-03-2025 22:00,WIN
19656,6,17,29-03-2025 23:00,WIN
19657,12,20,30-03-2025 00:00,WIN
19658,16,19,30-03-2025 01:00,LOSS
19659,16,20,30-03-2025 02:00,WIN
19660,15,19,30-03-2025 03:00,WIN
19661,10,5,30-03-2025 04:00,WIN
19662,4,4,30-03-2025 05:00,LOSS
19663,8,11,30-03-2025 06:00,LOSS
19664,9,9,30-03-2025 07:00,LOSS
19665,17,5,30-03-2025 08:00,LOSS
19666,6,2,30-03-2025 09:00,WIN
19667,16,20,30-03-2025 10:00,WIN
19668,7,4,30-03-2025 11:00,WIN
19669,20,5,30-03-2025 12:00,WIN
19670,4,13,30-03-2025 13:00,WIN
19671,4,4,30-03-2025 14:00,LOSS
19672,9,10,30-03-2025 15:00,WIN
19673,14,13,30-03-2025 16:00,LOSS
19674,10,12,30-03-2025 17:00,WIN
19675,19,12,30-03-2025 18:00,WIN
19676,3,2,30-03-2025 19:00,WIN
19677,11,14,30-03-2025 20:00,LOSS
19678,19,10,30-03-2025 21:00,LOSS
19679,3,15,30-03-2025 22:00,WIN
19680,13,2,30-03-2025 23:00,LOSS
19681,12,16,31-03-2025 00:00,WIN
19682,13,7,31-03-2025 01:00,WIN
19683,20,9,31-03-2025 02:00,LOSS
19684,10,15,31-03-2025 03:00,WIN
19685,20,9,31-03-2025 04:00,WIN
19686,10,14,31-03-2025 05:00,WIN
19687,1,8,31-03-2025 06:00,WIN
19688,3,12,31-03-2025 07:00,WIN
19689,14,2,31-03-2025 08:00,LOSS
19690,16,9,31-03-2025 09:00,WIN
19691,19,7,31-03-2025 10:00,LOSS
19692,1,20,31-03-2025 11:00,LOSS
19693,9,15,31-03-2025 12:00,WIN
19694,2,1,31-03-2025 13:00,LOSS
19695,18,4,31-03-2025 14:00,WIN
19696,6,16,31-03-2025 15:00,LOSS
19697,17,9,31-03-2025 16:00,LOSS
19698,8,12,31-03-2025 17:00,WIN
19699,20,10,31-03-2025 18:00,WIN
19700,3,4,31-03-2025 19:00,WIN
19701,1,15,31-03-2025 20:00,WIN
19702,18,18,31-03-2025 21:00,WIN
19703,8,14,31-03-2025 22:00,LOSS
19704,2,3,31-03-2025 23:00,WIN
19705,9,14,01-04-2025 00:00,WIN
19706,11,1,01-04-2025 01:00,LOSS
19707,16,19,01-04-2025 02:00,WIN
19708,9,12,01-04-2025 03:00,LOSS
19709,17,16,01-04-2025 04:00,LOSS
19710,15,9,01-04-2025 05:00,LOSS
19711,7,9,01-04-2025 06:00,LOSS
19712,4,13,01-04-2025 07:00,WIN
19713,15,15,01-04-2025 08:00,LOSS
19714,17,12,01-04-2025 09:00,LOSS
19715,10,16,01-04-2025 10:00,LOSS
19716,12,10,01-04-2025 11:00,LOSS
19717,16,17,01-04-2025 12:00,WIN
19718,7,8,01-04-2025 13:00,LOSS
19719,10,13,01-04-2025 14:00,WIN
19720,2,10,01-04-2025 15:00,LOSS
19721,12,15,01-04-2025 16:00,WIN
19722,19,15,01-04-2025 17:00,LOSS
19723,6,10,01-04-2025 18:00,LOSS
19724,20,3,01-04-2025 19:00,LOSS
19725,2,9,01-04-2025 20:00,LOSS
19726,20,8,01-04-2025 21:00,WIN
19727,14,10,01-04-2025 22:00,WIN
19728,7,7,01-04-2025 23:00,WIN
19729,5,2,02-04-2025 00:00,LOSS
19730,9,1,02-04-2025 01:00,LOSS
19731,13,5,02-04-2025 02:00,WIN
19732,15,17,02-04-2025 03:00,LOSS
19733,5,16,02-04-2025 04:00,WIN
19734,8,20,02-04-2025 05:00,LOSS
19735,7,4,02-04-2025 06:00,LOSS
19736,12,14,02-04-2025 07:00,WIN
19737,20,2,02-04-2025 08:00,WIN
19738,12,4,02-04-2025 09:00,WIN
19739,20,15,02-04-2025 10:00,WIN
19740,14,1,02-04-2025 11:00,LOSS
19741,16,18,02-04-2025 12:00,WIN
19742,13,8,02-04-2025 13:00,LOSS
19743,13,20,02-04-2025 14:00,LOSS
19744,15,16,02-04-2025 15:00,WIN
19745,11,16,02-04-2025 16:00,WIN
19746,8,4,02-04-2025 17:00,WIN
19747,9,13,02-04-2025 18:00,LOSS
19748,5,8,02-04-2025 19:00,LOSS
19749,2,17,02-04-2025 20:00,LOSS
19750,10,8,02-04-2025 21:00,WIN
19751,13,9,02-04-2025 22:00,WIN
19752,15,20,02-04-2025 23:00,LOSS
19753,14,14,03-04-2025 00:00,LOSS
19754,11,10,03-04-2025 01:00,LOSS
19755,14,17,03-04-2025 02:00,LOSS
19756,7,7,03-04-2025 03:00,LOSS
19757,14,18,03-04-2025 04:00,LOSS
19758,3,14,03-04-2025 05:00,WIN
19759,10,5,03-04-2025 06:00,WIN
19760,6,13,03-04-2025 07:00,WIN
19761,6,1,03-04-2025 08:00,WIN
19762,20,11,03-04-2025 09:00,LOSS
19763,3,6,03-04-2025 10:00,WIN
19764,16,15,03-04-2025 11:00,WIN
19765,11,14,03-04-2025 12:00,LOSS
19766,20,9,03-04-2025 13:00,WIN
19767,17,14,03-04-2025 14:00,LOSS
19768,12,10,03-04-2025 15:00,LOSS
19769,3,19,03-04-2025 16:00,WIN
19770,4,3,03-04-2025 17:00,WIN
19771,11,1,03-04-2025 18:00,LOSS
19772,9,16,03-04-2025 19:00,WIN
19773,6,6,03-04-2025 20:00,WIN
19774,20,13,03-04-2025 21:00,LOSS
19775,9,20,03-04-2025 22:00,WIN
19776,20,2,03-04-2025 23:00,LOSS
19777,14,4,04-04-2025 00:00,WIN
19778,6,19,04-04-2025 01:00,LOSS
19779,16,15,04-04-2025 02:00,WIN
19780,18,15,04-04-2025 03:00,LOSS
19781,9,5,04-04-2025 04:00,WIN
19782,7,14,04-04-2025 05:00,LOSS
19783,18,5,04-04-2025 06:00,LOSS
19784,12,11,04-04-2025 07:00,WIN
19785,5,7,04-04-2025 08:00,WIN
19786,14,5,04-04-2025 09:00,LOSS
19787,14,7,04-04-2025 10:00,LOSS
19788,3,2,04-04-2025 11:00,WIN
19789,7,17,04-04-2025 12:00,WIN
19790,16,10,04-04-2025 13:00,WIN
19791,9,17,04-04-2025 14:00,WIN
19792,17,1,04-04-2025 15:00,LOSS
19793,9,19,04-04-2025 16:00,WIN
19794,18,3,04-04-2025 17:00,WIN
19795,14,3,04-04-2025 18:00,LOSS
19796,4,5,04-04-2025 19:00,LOSS
19797,15,15,04-04-2025 20:00,LOSS
19798,4,18,04-04-2025 21:00,LOSS
19799,5,1,04-04-2025 22:00,WIN
19800,4,6,04-04-2025 23:00,WIN
19801,9,10,05-04-2025 00:00,LOSS
19802,11,12,05-04-2025 01:00,LOSS
19803,14,4,05-04-2025 02:00,WIN
19804,12,17,05-04-2025 03:00,WIN
19805,18,7,05-04-2025 04:00,WIN
19806,12,6,05-04-2025 05:00,LOSS
19807,9,20,05-04-2025 06:00,WIN
19808,2,12,05-04-2025 07:00,LOSS
19809,19,8,05-04-2025 08:00,WIN
19810,6,9,05-04-2025 09:00,LOSS
19811,13,17,05-04-2025 10:00,LOSS
19812,15,16,05-04-2025 11:00,WIN
19813,2,3,05-04-2025 12:00,LOSS
19814,16,10,05-04-2025 13:00,LOSS
19815,6,11,05-04-2025 14:00,LOSS
19816,14,15,05-04-2025 15:00,WIN
19817,19,18,05-04-2025 16:00,WIN
19818,15,4,05-04-2025 17:00,WIN
19819,18,13,05-04-2025 18:00,WIN
19820,12,5,05-04-2025 19:00,WIN
19821,2,6,05-04-2025 20:00,WIN
19822,20,10,05-04-2025 21:00,WIN
19823,16,19,05-04-2025 22:00,WIN
19824,20,18,05-04-2025 23:00,LOSS
19825,15,12,06-04-2025 00:00,LOSS
19826,8,16,06-04-2025 01:00,LOSS
19827,2,9,06-04-2025 02:00,WIN
19828,14,13,06-04-2025 03:00,LOSS
19829,4,18,06-04-2025 04:00,LOSS
19830,11,12,06-04-2025 05:00,LOSS
19831,17,19,06-04-2025 06:00,LOSS
19832,7,6,06-04-2025 07:00,WIN
19833,1,17,06-04-2025 08:00,WIN
19834,9,6,06-04-2025 09:00,LOSS
19835,17,2,06-04-2025 10:00,LOSS
19836,1,6,06-04-2025 11:00,WIN
19837,2,17,06-04-2025 12:00,LOSS
19838,19,19,06-04-2025 13:00,LOSS
19839,11,18,06-04-2025 14:00,LOSS
19840,10,11,06-04-2025 15:00,WIN
19841,10,3,06-04-2025 16:00,WIN
19842,1,19,06-04-2025 17:00,LOSS
19843,3,9,06-04-2025 18:00,WIN
19844,16,13,06-04-2025 19:00,LOSS
19845,13,8,06-04-2025 20:00,WIN
19846,9,3,06-04-2025 21:00,LOSS
19847,8,6,06-04-2025 22:00,LOSS
19848,11,20,06-04-2025 23:00,WIN
19849,9,16,07-04-2025 00:00,LOSS
19850,11,14,07-04-2025 01:00,LOSS
19851,13,4,07-04-2025 02:00,LOSS
19852,14,10,07-04-2025 03:00,WIN
19853,9,2,07-04-2025 04:00,WIN
19854,3,1,07-04-2025 05:00,WIN
19855,6,17,07-04-2025 06:00,WIN
19856,14,11,07-04-2025 07:00,WIN
19857,13,9,07-04-2025 08:00,WIN
19858,1,10,07-04-2025 09:00,LOSS
19859,14,11,07-04-2025 10:00,WIN
19860,12,15,07-04-2025 11:00,WIN
19861,3,2,07-04-2025 12:00,LOSS
19862,14,17,07-04-2025 13:00,WIN
19863,2,11,07-04-2025 14:00,WIN
19864,10,11,07-04-2025 15:00,LOSS
19865,4,6,07-04-2025 16:00,LOSS
19866,7,5,07-04-2025 17:00,LOSS
19867,17,18,07-04-2025 18:00,LOSS
19868,10,14,07-04-2025 19:00,LOSS
19869,2,5,07-04-2025 20:00,LOSS
19870,20,16,07-04-2025 21:00,LOSS
19871,15,14,07-04-2025 22:00,LOSS
19872,12,18,07-04-2025 23:00,LOSS
19873,1,2,08-04-2025 00:00,WIN
19874,10,7,08-04-2025 01:00,WIN
19875,9,8,08-04-2025 02:00,WIN
19876,14,11,08-04-2025 03:00,LOSS
19877,9,17,08-04-2025 04:00,WIN
19878,20,5,08-04-2025 05:00,LOSS
19879,10,11,08-04-2025 06:00,WIN
19880,10,12,08-04-2025 07:00,WIN
19881,11,4,08-04-2025 08:00,WIN
19882,18,20,08-04-2025 09:00,LOSS
19883,3,2,08-04-2025 10:00,LOSS
19884,12,18,08-04-2025 11:00,WIN
19885,3,4,08-04-2025 12:00,LOSS
19886,12,17,08-04-2025 13:00,WIN
19887,11,20,08-04-2025 14:00,LOSS
19888,14,12,08-04-2025 15:00,LOSS
19889,17,13,08-04-2025 16:00,WIN
19890,12,12,08-04-2025 17:00,LOSS
19891,4,6,08-04-2025 18:00,WIN
19892,5,2,08-04-2025 19:00,LOSS
19893,3,16,08-04-2025 20:00,LOSS
19894,15,13,08-04-2025 21:00,WIN
19895,5,4,08-04-2025 22:00,LOSS
19896,17,16,08-04-2025 23:00,LOSS
19897,4,15,09-04-2025 00:00,WIN
19898,19,13,09-04-2025 01:00,LOSS
19899,13,10,09-04-2025 02:00,LOSS
19900,3,18,09-04-2025 03:00,WIN
19901,14,3,09-04-2025 04:00,LOSS
19902,17,4,09-04-2025 05:00,WIN
19903,4,16,09-04-2025 06:00,WIN
19904,10,4,09-04-2025 07:00,LOSS
19905,9,19,09-04-2025 08:00,LOSS
19906,19,3,09-04-2025 09:00,WIN
19907,8,7,09-04-2025 10:00,LOSS
19908,1,5,09-04-2025 11:00,LOSS
19909,20,13,09-04-2025 12:00,WIN
19910,3,1,09-04-2025 13:00,LOSS
19911,19,3,09-04-2025 14:00,LOSS
19912,18,16,09-04-2025 15:00,LOSS
19913,14,1,09-04-2025 16:00,LOSS
19914,14,6,09-04-2025 17:00,LOSS
19915,10,18,09-04-2025 18:00,WIN
19916,3,9,09-04-2025 19:00,WIN
19917,2,6,09-04-2025 20:00,WIN
19918,19,16,09-04-2025 21:00,WIN
19919,19,3,09-04-2025 22:00,WIN
19920,7,20,09-04-2025 23:00,WIN
19921,4,19,10-04-2025 00:00,WIN
19922,12,15,10-04-2025 01:00,LOSS
19923,7,17,10-04-2025 02:00,WIN
19924,3,10,10-04-2025 03:00,WIN
19925,2,15,10-04-2025 04:00,WIN
19926,12,18,10-04-2025 05:00,WIN
19927,19,15,10-04-2025 06:00,LOSS
19928,6,15,10-04-2025 07:00,WIN
19929,11,5,10-04-2025 08:00,WIN
19930,13,9,10-04-2025 09:00,WIN
19931,15,20,10-04-2025 10:00,LOSS
19932,6,20,10-04-2025 11:00,WIN
19933,8,13,10-04-2025 12:00,LOSS
19934,8,14,10-04-2025 13:00,WIN
19935,6,10,10-04-2025 14:00,LOSS
19936,8,10,10-04-2025 15:00,WIN
19937,17,19,10-04-2025 16:00,WIN
19938,7,9,10-04-2025 17:00,WIN
19939,19,11,10-04-2025 18:00,LOSS
19940,3,1,10-04-2025 19:00,WIN
19941,9,8,10-04-2025 20:00,LOSS
19942,17,17,10-04-2025 21:00,LOSS
19943,9,9,10-04-2025 22:00,WIN
19944,14,12,10-04-2025 23:00,LOSS
19945,1,11,11-04-2025 00:00,LOSS
19946,6,1,11-04-2025 01:00,WIN
19947,17,1,11-04-2025 02:00,LOSS
19948,17,12,11-04-2025 03:00,WIN
19949,5,8,11-04-2025 04:00,WIN
19950,17,13,11-04-2025 05:00,WIN
19951,18,2,11-04-2025 06:00,WIN
19952,19,15,11-04-2025 07:00,LOSS
19953,19,18,11-04-2025 08:00,LOSS
19954,18,15,11-04-2025 09:00,LOSS
19955,15,10,11-04-2025 10:00,WIN
19956,3,8,11-04-2025 11:00,WIN
19957,14,4,11-04-2025 12:00,LOSS
19958,1,7,11-04-2025 13:00,LOSS
19959,17,15,11-04-2025 14:00,WIN
19960,1,13,11-04-2025 15:00,LOSS
19961,17,10,11-04-2025 16:00,WIN
19962,4,5,11-04-2025 17:00,LOSS
19963,1,12,11-04-2025 18:00,LOSS
19964,20,2,11-04-2025 19:00,WIN
19965,3,18,11-04-2025 20:00,WIN
19966,3,13,11-04-2025 21:00,WIN
19967,12,19,11-04-2025 22:00,WIN
19968,11,10,11-04-2025 23:00,WIN
19969,5,13,12-04-2025 00:00,WIN
19970,13,19,12-04-2025 01:00,LOSS
19971,12,12,12-04-2025 02:00,WIN
19972,2,5,12-04-2025 03:00,WIN
19973,20,3,12-04-2025 04:00,LOSS
19974,1,17,12-04-2025 05:00,WIN
19975,9,15,12-04-2025 06:00,WIN
19976,3,9,12-04-2025 07:00,LOSS
19977,20,3,12-04-2025 08:00,LOSS
19978,6,4,12-04-2025 09:00,LOSS
19979,11,8,12-04-2025 10:00,LOSS
19980,20,18,12-04-2025 11:00,LOSS
19981,20,2,12-04-2025 12:00,LOSS
19982,11,12,12-04-2025 13:00,WIN
19983,15,3,12-04-2025 14:00,WIN
19984,6,12,12-04-2025 15:00,WIN
19985,8,9,12-04-2025 16:00,LOSS
19986,9,9,12-04-2025 17:00,LOSS
19987,18,6,12-04-2025 18:00,WIN
19988,6,10,12-04-2025 19:00,WIN
19989,17,3,12-04-2025 20:00,LOSS
19990,16,16,12-04-2025 21:00,WIN
19991,19,9,12-04-2025 22:00,LOSS
19992,16,9,12-04-2025 23:00,WIN
19993,13,3,13-04-2025 00:00,WIN
19994,12,9,13-04-2025 01:00,LOSS
19995,9,12,13-04-2025 02:00,WIN
19996,6,3,13-04-2025 03:00,LOSS
19997,4,5,13-04-2025 04:00,LOSS
19998,6,1,13-04-2025 05:00,LOSS
19999,17,9,13-04-2025 06:00,LOSS
20000,10,17,13-04-2025 07:00,WIN
20001,8,4,13-04-2025 08:00,WIN
20002,3,14,13-04-2025 09:00,WIN
20003,15,20,13-04-2025 10:00,LOSS
20004,19,5,13-04-2025 11:00,WIN
20005,11,12,13-04-2025 12:00,LOSS
20006,6,13,13-04-2025 13:00,WIN
20007,9,13,13-04-2025 14:00,LOSS
20008,11,19,13-04-2025 15:00,WIN
20009,3,17,13-04-2025 16:00,LOSS
20010,9,17,13-04-2025 17:00,LOSS
20011,13,20,13-04-2025 18:00,WIN
20012,5,7,13-04-2025 19:00,LOSS
20013,13,15,13-04-2025 20:00,WIN
20014,15,1,13-04-2025 21:00,WIN
20015,9,8,13-04-2025 22:00,WIN
20016,7,8,13-04-2025 23:00,WIN
20017,3,10,14-04-2025 00:00,WIN
20018,13,17,14-04-2025 01:00,LOSS
20019,18,1,14-04-2025 02:00,WIN
20020,11,14,14-04-2025 03:00,LOSS
20021,3,8,14-04-2025 04:00,LOSS
20022,16,20,14-04-2025 05:00,LOSS
20023,10,15,14-04-2025 06:00,LOSS
20024,9,18,14-04-2025 07:00,LOSS
20025,15,1,14-04-2025 08:00,LOSS
20026,11,10,14-04-2025 09:00,WIN
20027,10,4,14-04-2025 10:00,WIN
20028,6,7,14-04-2025 11:00,WIN
20029,6,19,14-04-2025 12:00,WIN
20030,13,11,14-04-2025 13:00,LOSS
20031,15,20,14-04-2025 14:00,WIN
20032,13,10,14-04-2025 15:00,WIN
20033,3,17,14-04-2025 16:00,LOSS
20034,2,7,14-04-2025 17:00,WIN
20035,1,7,14-04-2025 18:00,LOSS
20036,9,1,14-04-2025 19:00,WIN
20037,4,10,14-04-2025 20:00,LOSS
20038,14,4,14-04-2025 21:00,WIN
20039,14,8,14-04-2025 22:00,LOSS
20040,17,2,14-04-2025 23:00,WIN
20041,14,10,15-04-2025 00:00,LOSS
20042,8,2,15-04-2025 01:00,WIN
20043,7,17,15-04-2025 02:00,LOSS
20044,9,8,15-04-2025 03:00,WIN
20045,20,20,15-04-2025 04:00,WIN
20046,8,6,15-04-2025 05:00,WIN
20047,3,6,15-04-2025 06:00,LOSS
20048,1,20,15-04-2025 07:00,WIN
20049,17,6,15-04-2025 08:00,WIN
20050,11,17,15-04-2025 09:00,LOSS
20051,16,6,15-04-2025 10:00,WIN
20052,6,14,15-04-2025 11:00,WIN
20053,2,7,15-04-2025 12:00,LOSS
20054,9,6,15-04-2025 13:00,LOSS
20055,11,4,15-04-2025 14:00,LOSS
20056,5,6,15-04-2025 15:00,LOSS
20057,18,2,15-04-2025 16:00,LOSS
20058,11,1,15-04-2025 17:00,WIN
20059,13,16,15-04-2025 18:00,WIN
20060,11,17,15-04-2025 19:00,WIN
20061,6,10,15-04-2025 20:00,LOSS
20062,16,20,15-04-2025 21:00,WIN
20063,19,6,15-04-2025 22:00,LOSS
20064,14,6,15-04-2025 23:00,WIN
20065,9,8,16-04-2025 00:00,LOSS
20066,13,12,16-04-2025 01:00,WIN
20067,14,11,16-04-2025 02:00,LOSS
20068,4,1,16-04-2025 03:00,LOSS
20069,3,1,16-04-2025 04:00,LOSS
20070,2,8,16-04-2025 05:00,LOSS
20071,17,13,16-04-2025 06:00,WIN
20072,6,5,16-04-2025 07:00,WIN
20073,2,5,16-04-2025 08:00,WIN
20074,12,10,16-04-2025 09:00,WIN
20075,12,19,16-04-2025 10:00,WIN
20076,18,10,16-04-2025 11:00,LOSS
20077,4,9,16-04-2025 12:00,WIN
20078,6,8,16-04-2025 13:00,LOSS
20079,20,10,16-04-2025 14:00,WIN
20080,20,3,16-04-2025 15:00,LOSS
20081,20,13,16-04-2025 16:00,LOSS
20082,19,11,16-04-2025 17:00,LOSS
20083,3,5,16-04-2025 18:00,LOSS
20084,20,1,16-04-2025 19:00,WIN
20085,8,2,16-04-2025 20:00,WIN
20086,16,12,16-04-2025 21:00,LOSS
20087,1,13,16-04-2025 22:00,LOSS
20088,2,17,16-04-2025 23:00,LOSS
20089,10,2,17-04-2025 00:00,WIN
20090,5,6,17-04-2025 01:00,WIN
20091,19,15,17-04-2025 02:00,WIN
20092,12,15,17-04-2025 03:00,LOSS
20093,18,13,17-04-2025 04:00,LOSS
20094,6,15,17-04-2025 05:00,WIN
20095,14,9,17-04-2025 06:00,WIN
20096,3,12,17-04-2025 07:00,LOSS
20097,13,7,17-04-2025 08:00,WIN
20098,7,9,17-04-2025 09:00,WIN
20099,17,2,17-04-2025 10:00,WIN
20100,9,7,17-04-2025 11:00,WIN
20101,6,2,17-04-2025 12:00,LOSS
20102,6,13,17-04-2025 13:00,WIN
20103,2,12,17-04-2025 14:00,WIN
20104,11,15,17-04-2025 15:00,WIN
20105,2,3,17-04-2025 16:00,LOSS
20106,20,19,17-04-2025 17:00,LOSS
20107,15,6,17-04-2025 18:00,WIN
20108,2,7,17-04-2025 19:00,WIN
20109,7,11,17-04-2025 20:00,LOSS
20110,10,3,17-04-2025 21:00,WIN
20111,2,2,17-04-2025 22:00,WIN
20112,17,19,17-04-2025 23:00,WIN
20113,17,7,18-04-2025 00:00,WIN
20114,18,11,18-04-2025 01:00,WIN
20115,14,11,18-04-2025 02:00,WIN
20116,3,3,18-04-2025 03:00,LOSS
20117,17,7,18-04-2025 04:00,LOSS
20118,15,11,18-04-2025 05:00,LOSS
20119,19,12,18-04-2025 06:00,LOSS
20120,20,13,18-04-2025 07:00,LOSS
20121,16,1,18-04-2025 08:00,WIN
20122,15,7,18-04-2025 09:00,WIN
20123,5,20,18-04-2025 10:00,WIN
20124,15,20,18-04-2025 11:00,WIN
20125,15,4,18-04-2025 12:00,WIN
20126,18,3,18-04-2025 13:00,LOSS
20127,5,17,18-04-2025 14:00,WIN
20128,1,3,18-04-2025 15:00,WIN
20129,1,10,18-04-2025 16:00,LOSS
20130,3,5,18-04-2025 17:00,LOSS
20131,17,16,18-04-2025 18:00,WIN
20132,14,17,18-04-2025 19:00,LOSS
20133,9,2,18-04-2025 20:00,WIN
20134,4,17,18-04-2025 21:00,LOSS
20135,19,8,18-04-2025 22:00,WIN
20136,3,9,18-04-2025 23:00,WIN
20137,1,7,19-04-2025 00:00,LOSS
20138,4,1,19-04-2025 01:00,WIN
20139,14,20,19-04-2025 02:00,WIN
20140,14,8,19-04-2025 03:00,WIN
20141,8,9,19-04-2025 04:00,WIN
20142,16,20,19-04-2025 05:00,LOSS
20143,3,16,19-04-2025 06:00,LOSS
20144,7,18,19-04-2025 07:00,LOSS
20145,6,2,19-04-2025 08:00,WIN
20146,13,20,19-04-2025 09:00,WIN
20147,2,8,19-04-2025 10:00,LOSS
20148,11,18,19-04-2025 11:00,WIN
20149,9,16,19-04-2025 12:00,WIN
20150,7,19,19-04-2025 13:00,WIN
20151,12,1,19-04-2025 14:00,WIN
20152,11,14,19-04-2025 15:00,WIN
20153,15,6,19-04-2025 16:00,LOSS
20154,12,12,19-04-2025 17:00,WIN
20155,3,1,19-04-2025 18:00,WIN
20156,18,19,19-04-2025 19:00,LOSS
20157,8,1,19-04-2025 20:00,WIN
20158,15,6,19-04-2025 21:00,WIN
20159,16,16,19-04-2025 22:00,WIN
20160,17,15,19-04-2025 23:00,WIN
20161,18,12,20-04-2025 00:00,LOSS
20162,13,6,20-04-2025 01:00,WIN
20163,16,15,20-04-2025 02:00,LOSS
20164,7,18,20-04-2025 03:00,LOSS
20165,5,1,20-04-2025 04:00,LOSS
20166,12,20,20-04-2025 05:00,WIN
20167,9,16,20-04-2025 06:00,WIN
20168,1,11,20-04-2025 07:00,WIN
20169,3,9,20-04-2025 08:00,WIN
20170,10,16,20-04-2025 09:00,LOSS
20171,11,16,20-04-2025 10:00,WIN
20172,17,1,20-04-2025 11:00,WIN
20173,18,19,20-04-2025 12:00,LOSS
20174,9,18,20-04-2025 13:00,LOSS
20175,18,2,20-04-2025 14:00,LOSS
20176,20,7,20-04-2025 15:00,LOSS
20177,13,17,20-04-2025 16:00,WIN
20178,10,7,20-04-2025 17:00,LOSS
20179,19,3,20-04-2025 18:00,LOSS
20180,1,13,20-04-2025 19:00,LOSS
20181,9,12,20-04-2025 20:00,LOSS
20182,20,13,20-04-2025 21:00,WIN
20183,16,6,20-04-2025 22:00,LOSS
20184,14,17,20-04-2025 23:00,LOSS
20185,8,15,21-04-2025 00:00,WIN
20186,8,4,21-04-2025 01:00,WIN
20187,6,18,21-04-2025 02:00,LOSS
20188,10,3,21-04-2025 03:00,LOSS
20189,8,20,21-04-2025 04:00,WIN
20190,14,13,21-04-2025 05:00,WIN
20191,19,1,21-04-2025 06:00,LOSS
20192,14,20,21-04-2025 07:00,LOSS
20193,6,12,21-04-2025 08:00,WIN
20194,2,4,21-04-2025 09:00,WIN
20195,17,12,21-04-2025 10:00,WIN
20196,7,19,21-04-2025 11:00,WIN
20197,6,19,21-04-2025 12:00,LOSS
20198,15,5,21-04-2025 13:00,WIN
20199,4,2,21-04-2025 14:00,WIN
20200,4,1,21-04-2025 15:00,LOSS
20201,9,5,21-04-2025 16:00,LOSS
20202,12,10,21-04-2025 17:00,WIN
20203,3,17,21-04-2025 18:00,WIN
20204,13,14,21-04-2025 19:00,WIN
20205,18,5,21-04-2025 20:00,WIN
20206,17,4,21-04-2025 21:00,WIN
20207,18,13,21-04-2025 22:00,WIN
20208,4,16,21-04-2025 23:00,WIN
20209,16,13,22-04-2025 00:00,LOSS
20210,20,18,22-04-2025 01:00,LOSS
20211,13,7,22-04-2025 02:00,LOSS
20212,11,8,22-04-2025 03:00,WIN
20213,19,5,22-04-2025 04:00,LOSS
20214,11,16,22-04-2025 05:00,LOSS
20215,1,14,22-04-2025 06:00,LOSS
20216,8,3,22-04-2025 07:00,LOSS
20217,11,6,22-04-2025 08:00,WIN
20218,20,13,22-04-2025 09:00,WIN
20219,18,17,22-04-2025 10:00,LOSS
20220,7,19,22-04-2025 11:00,LOSS
20221,12,11,22-04-2025 12:00,WIN
20222,1,10,22-04-2025 13:00,WIN
20223,19,9,22-04-2025 14:00,LOSS
20224,11,11,22-04-2025 15:00,WIN
20225,3,2,22-04-2025 16:00,WIN
20226,13,6,22-04-2025 17:00,WIN
20227,20,11,22-04-2025 18:00,WIN
20228,5,9,22-04-2025 19:00,WIN
20229,10,17,22-04-2025 20:00,WIN
20230,18,14,22-04-2025 21:00,WIN
20231,7,20,22-04-2025 22:00,WIN
20232,2,3,22-04-2025 23:00,WIN
20233,12,17,23-04-2025 00:00,WIN
20234,7,4,23-04-2025 01:00,LOSS
20235,12,10,23-04-2025 02:00,LOSS
20236,4,13,23-04-2025 03:00,WIN
20237,11,1,23-04-2025 04:00,WIN
20238,20,9,23-04-2025 05:00,WIN
20239,8,3,23-04-2025 06:00,WIN
20240,2,15,23-04-2025 07:00,WIN
20241,18,10,23-04-2025 08:00,LOSS
20242,18,12,23-04-2025 09:00,WIN
20243,2,1,23-04-2025 10:00,WIN
20244,4,14,23-04-2025 11:00,WIN
20245,8,2,23-04-2025 12:00,WIN
20246,11,8,23-04-2025 13:00,LOSS
20247,8,3,23-04-2025 14:00,WIN
20248,5,10,23-04-2025 15:00,WIN
20249,8,9,23-04-2025 16:00,LOSS
20250,1,5,23-04-2025 17:00,LOSS
20251,12,1,23-04-2025 18:00,WIN
20252,11,5,23-04-2025 19:00,LOSS
20253,10,12,23-04-2025 20:00,LOSS
20254,2,20,23-04-2025 21:00,WIN
20255,13,7,23-04-2025 22:00,WIN
20256,12,11,23-04-2025 23:00,WIN
20257,18,1,24-04-2025 00:00,LOSS
20258,18,16,24-04-2025 01:00,WIN
20259,10,3,24-04-2025 02:00,LOSS
20260,2,5,24-04-2025 03:00,WIN
20261,19,8,24-04-2025 04:00,WIN
20262,14,19,24-04-2025 05:00,WIN
20263,19,16,24-04-2025 06:00,WIN
20264,9,11,24-04-2025 07:00,LOSS
20265,20,9,24-04-2025 08:00,WIN
20266,6,11,24-04-2025 09:00,WIN
20267,18,18,24-04-2025 10:00,WIN
20268,17,12,24-04-2025 11:00,LOSS
20269,18,11,24-04-2025 12:00,WIN
20270,20,7,24-04-2025 13:00,WIN
20271,7,18,24-04-2025 14:00,WIN
20272,2,6,24-04-2025 15:00,LOSS
20273,10,8,24-04-2025 16:00,WIN
20274,1,13,24-04-2025 17:00,LOSS
20275,19,3,24-04-2025 18:00,LOSS
20276,19,3,24-04-2025 19:00,LOSS
20277,2,15,24-04-2025 20:00,LOSS
20278,15,8,24-04-2025 21:00,WIN
20279,17,15,24-04-2025 22:00,WIN
20280,3,1,24-04-2025 23:00,WIN
20281,7,3,25-04-2025 00:00,LOSS
20282,19,12,25-04-2025 01:00,WIN
20283,12,9,25-04-2025 02:00,WIN
20284,14,7,25-04-2025 03:00,WIN
20285,17,1,25-04-2025 04:00,WIN
20286,19,11,25-04-2025 05:00,WIN
20287,5,10,25-04-2025 06:00,LOSS
20288,8,19,25-04-2025 07:00,LOSS
20289,9,2,25-04-2025 08:00,WIN
20290,2,13,25-04-2025 09:00,LOSS
20291,15,17,25-04-2025 10:00,LOSS
20292,20,2,25-04-2025 11:00,LOSS
20293,16,1,25-04-2025 12:00,LOSS
20294,17,3,25-04-2025 13:00,LOSS
20295,10,10,25-04-2025 14:00,LOSS
20296,12,1,25-04-2025 15:00,WIN
20297,9,14,25-04-2025 16:00,WIN
20298,13,6,25-04-2025 17:00,WIN
20299,2,18,25-04-2025 18:00,LOSS
20300,6,20,25-04-2025 19:00,LOSS
20301,3,14,25-04-2025 20:00,WIN
20302,17,12,25-04-2025 21:00,WIN
20303,14,11,25-04-2025 22:00,LOSS
20304,11,15,25-04-2025 23:00,WIN
20305,6,6,26-04-2025 00:00,WIN
20306,5,2,26-04-2025 01:00,LOSS
20307,9,14,26-04-2025 02:00,LOSS
20308,10,5,26-04-2025 03:00,LOSS
20309,12,15,26-04-2025 04:00,WIN
20310,13,5,26-04-2025 05:00,WIN
20311,10,10,26-04-2025 06:00,WIN
20312,1,14,26-04-2025 07:00,LOSS
20313,7,18,26-04-2025 08:00,LOSS
20314,13,2,26-04-2025 09:00,LOSS
20315,19,17,26-04-2025 10:00,LOSS
20316,20,6,26-04-2025 11:00,LOSS
20317,20,1,26-04-2025 12:00,LOSS
20318,20,4,26-04-2025 13:00,WIN
20319,15,20,26-04-2025 14:00,LOSS
20320,20,15,26-04-2025 15:00,LOSS
20321,14,4,26-04-2025 16:00,LOSS
20322,6,5,26-04-2025 17:00,LOSS
20323,1,19,26-04-2025 18:00,WIN
20324,8,15,26-04-2025 19:00,WIN
20325,4,14,26-04-2025 20:00,WIN
20326,13,13,26-04-2025 21:00,LOSS
20327,3,18,26-04-2025 22:00,LOSS
20328,2,1,26-04-2025 23:00,WIN
20329,11,11,27-04-2025 00:00,LOSS
20330,6,12,27-04-2025 01:00,LOSS
20331,13,3,27-04-2025 02:00,WIN
20332,2,16,27-04-2025 03:00,WIN
20333,14,4,27-04-2025 04:00,LOSS
20334,11,16,27-04-2025 05:00,LOSS
20335,8,6,27-04-2025 06:00,WIN
20336,10,8,27-04-2025 07:00,LOSS
20337,15,6,27-04-2025 08:00,LOSS
20338,13,4,27-04-2025 09:00,WIN
20339,7,2,27-04-2025 10:00,WIN
20340,7,8,27-04-2025 11:00,LOSS
20341,4,3,27-04-2025 12:00,WIN
20342,4,16,27-04-2025 13:00,WIN
20343,18,6,27-04-2025 14:00,WIN
20344,16,17,27-04-2025 15:00,WIN
20345,20,3,27-04-2025 16:00,LOSS
20346,13,14,27-04-2025 17:00,LOSS
20347,2,1,27-04-2025 18:00,LOSS
20348,15,7,27-04-2025 19:00,LOSS
20349,7,10,27-04-2025 20:00,WIN
20350,9,20,27-04-2025 21:00,LOSS
20351,19,2,27-04-2025 22:00,WIN
20352,8,14,27-04-2025 23:00,WIN
20353,10,8,28-04-2025 00:00,WIN
20354,4,20,28-04-2025 01:00,LOSS
20355,12,6,28-04-2025 02:00,WIN
20356,8,5,28-04-2025 03:00,WIN
20357,1,12,28-04-2025 04:00,LOSS
20358,9,11,28-04-2025 05:00,WIN
20359,7,20,28-04-2025 06:00,LOSS
20360,9,18,28-04-2025 07:00,LOSS
20361,7,1,28-04-2025 08:00,WIN
20362,2,1,28-04-2025 09:00,LOSS
20363,20,5,28-04-2025 10:00,WIN
20364,16,7,28-04-2025 11:00,LOSS
20365,10,12,28-04-2025 12:00,WIN
20366,10,5,28-04-2025 13:00,WIN
20367,14,14,28-04-2025 14:00,WIN
20368,9,20,28-04-2025 15:00,WIN
20369,19,9,28-04-2025 16:00,WIN
20370,19,18,28-04-2025 17:00,WIN
20371,2,18,28-04-2025 18:00,LOSS
20372,20,10,28-04-2025 19:00,LOSS
20373,19,17,28-04-2025 20:00,WIN
20374,11,5,28-04-2025 21:00,LOSS
20375,6,5,28-04-2025 22:00,LOSS
20376,17,1,28-04-2025 23:00,LOSS
20377,5,6,29-04-2025 00:00,WIN
20378,11,7,29-04-2025 01:00,WIN
20379,4,11,29-04-2025 02:00,LOSS
20380,1,1,29-04-2025 03:00,LOSS
20381,16,3,29-04-2025 04:00,WIN
20382,4,13,29-04-2025 05:00,WIN
20383,15,16,29-04-2025 06:00,LOSS
20384,3,13,29-04-2025 07:00,WIN
20385,12,9,29-04-2025 08:00,LOSS
20386,15,6,29-04-2025 09:00,LOSS
20387,11,18,29-04-2025 10:00,WIN
20388,3,3,29-04-2025 11:00,LOSS
20389,19,19,29-04-2025 12:00,LOSS
20390,11,18,29-04-2025 13:00,WIN
20391,8,5,29-04-2025 14:00,LOSS
20392,19,3,29-04-2025 15:00,WIN
20393,2,5,29-04-2025 16:00,LOSS
20394,2,11,29-04-2025 17:00,WIN
20395,12,10,29-04-2025 18:00,WIN
20396,8,14,29-04-2025 19:00,WIN
20397,6,19,29-04-2025 20:00,WIN
20398,3,19,29-04-2025 21:00,LOSS
20399,11,4,29-04-2025 22:00,LOSS
20400,16,10,29-04-2025 23:00,WIN
20401,11,18,30-04-2025 00:00,WIN
20402,10,17,30-04-2025 01:00,LOSS
20403,10,8,30-04-2025 02:00,LOSS
20404,17,5,30-04-2025 03:00,WIN
20405,11,8,30-04-2025 04:00,WIN
20406,14,8,30-04-2025 05:00,WIN
20407,9,4,30-04-2025 06:00,WIN
20408,16,10,30-04-2025 07:00,LOSS
20409,6,19,30-04-2025 08:00,WIN
20410,17,9,30-04-2025 09:00,WIN
20411,3,15,30-04-2025 10:00,WIN
20412,2,20,30-04-2025 11:00,WIN
20413,11,6,30-04-2025 12:00,LOSS
20414,18,18,30-04-2025 13:00,LOSS
20415,3,12,30-04-2025 14:00,WIN
20416,15,7,30-04-2025 15:00,LOSS
20417,5,12,30-04-2025 16:00,WIN
20418,11,14,30-04-2025 17:00,LOSS
20419,3,14,30-04-2025 18:00,WIN
20420,15,11,30-04-2025 19:00,WIN
20421,3,17,30-04-2025 20:00,WIN
20422,7,18,30-04-2025 21:00,LOSS
20423,7,3,30-04-2025 22:00,WIN
20424,11,19,30-04-2025 23:00,LOSS
20425,16,6,01-05-2025 00:00,WIN
20426,4,8,01-05-2025 01:00,LOSS
20427,11,3,01-05-2025 02:00,LOSS
20428,14,20,01-05-2025 03:00,LOSS
20429,8,9,01-05-2025 04:00,LOSS
20430,17,12,01-05-2025 05:00,LOSS
20431,18,8,01-05-2025 06:00,LOSS
20432,6,8,01-05-2025 07:00,LOSS
20433,20,1,01-05-2025 08:00,WIN
20434,20,7,01-05-2025 09:00,LOSS
20435,10,10,01-05-2025 10:00,LOSS
20436,6,16,01-05-2025 11:00,LOSS
20437,12,4,01-05-2025 12:00,LOSS
20438,17,13,01-05-2025 13:00,LOSS
20439,13,17,01-05-2025 14:00,WIN
20440,1,11,01-05-2025 15:00,LOSS
20441,4,15,01-05-2025 16:00,WIN
20442,16,16,01-05-2025 17:00,LOSS
20443,19,9,01-05-2025 18:00,WIN
20444,5,16,01-05-2025 19:00,LOSS
20445,13,12,01-05-2025 20:00,LOSS
20446,10,9,01-05-2025 21:00,WIN
20447,5,15,01-05-2025 22:00,WIN
20448,16,17,01-05-2025 23:00,WIN
20449,1,12,02-05-2025 00:00,WIN
20450,12,10,02-05-2025 01:00,LOSS
20451,15,6,02-05-2025 02:00,WIN
20452,5,6,02-05-2025 03:00,LOSS
20453,6,1,02-05-2025 04:00,WIN
20454,11,2,02-05-2025 05:00,LOSS
20455,20,10,02-05-2025 06:00,LOSS
20456,14,8,02-05-2025 07:00,WIN
20457,2,18,02-05-2025 08:00,WIN
20458,10,10,02-05-2025 09:00,WIN
20459,12,9,02-05-2025 10:00,LOSS
20460,9,20,02-05-2025 11:00,WIN
20461,9,11,02-05-2025 12:00,LOSS
20462,10,4,02-05-2025 13:00,LOSS
20463,7,5,02-05-2025 14:00,LOSS
20464,2,7,02-05-2025 15:00,LOSS
20465,1,17,02-05-2025 16:00,WIN
20466,19,9,02-05-2025 17:00,LOSS
20467,19,15,02-05-2025 18:00,LOSS
20468,1,6,02-05-2025 19:00,LOSS
20469,2,5,02-05-2025 20:00,LOSS
20470,4,13,02-05-2025 21:00,WIN
20471,16,17,02-05-2025 22:00,WIN
20472,13,1,02-05-2025 23:00,LOSS
20473,12,18,03-05-2025 00:00,LOSS
20474,5,14,03-05-2025 01:00,WIN
20475,3,12,03-05-2025 02:00,LOSS
20476,20,4,03-05-2025 03:00,WIN
20477,2,8,03-05-2025 04:00,LOSS
20478,5,6,03-05-2025 05:00,LOSS
20479,1,20,03-05-2025 06:00,WIN
20480,14,17,03-05-2025 07:00,WIN
20481,15,1,03-05-2025 08:00,LOSS
20482,4,7,03-05-2025 09:00,LOSS
20483,12,6,03-05-2025 10:00,WIN
20484,10,17,03-05-2025 11:00,WIN
20485,18,17,03-05-2025 12:00,LOSS
20486,9,14,03-05-2025 13:00,WIN
20487,5,2,03-05-2025 14:00,WIN
20488,9,16,03-05-2025 15:00,LOSS
20489,19,13,03-05-2025 16:00,LOSS
20490,20,16,03-05-2025 17:00,WIN
20491,17,13,03-05-2025 18:00,LOSS
20492,15,11,03-05-2025 19:00,WIN
20493,14,1,03-05-2025 20:00,LOSS
20494,18,13,03-05-2025 21:00,WIN
20495,14,12,03-05-2025 22:00,LOSS
20496,20,5,03-05-2025 23:00,LOSS
20497,3,15,04-05-2025 00:00,WIN
20498,2,3,04-05-2025 01:00,LOSS
20499,20,4,04-05-2025 02:00,LOSS
20500,6,15,04-05-2025 03:00,WIN
20501,9,15,04-05-2025 04:00,LOSS
20502,1,14,04-05-2025 05:00,LOSS
20503,15,9,04-05-2025 06:00,LOSS
20504,1,6,04-05-2025 07:00,WIN
20505,3,11,04-05-2025 08:00,LOSS
20506,16,16,04-05-2025 09:00,WIN
20507,15,13,04-05-2025 10:00,WIN
20508,15,11,04-05-2025 11:00,LOSS
20509,5,2,04-05-2025 12:00,LOSS
20510,10,18,04-05-2025 13:00,WIN
20511,11,9,04-05-2025 14:00,LOSS
20512,8,15,04-05-2025 15:00,WIN
20513,15,14,04-05-2025 16:00,LOSS
20514,20,10,04-05-2025 17:00,WIN
20515,12,7,04-05-2025 18:00,WIN
20516,4,4,04-05-2025 19:00,WIN
20517,10,15,04-05-2025 20:00,LOSS
20518,16,20,04-05-2025 21:00,LOSS
20519,15,18,04-05-2025 22:00,LOSS
20520,5,12,04-05-2025 23:00,LOSS
20521,12,6,05-05-2025 00:00,WIN
20522,11,6,05-05-2025 01:00,LOSS
20523,11,12,05-05-2025 02:00,LOSS
20524,13,5,05-05-2025 03:00,LOSS
20525,9,9,05-05-2025 04:00,LOSS
20526,16,2,05-05-2025 05:00,LOSS
20527,16,12,05-05-2025 06:00,LOSS
20528,1,11,05-05-2025 07:00,LOSS
20529,19,3,05-05-2025 08:00,LOSS
20530,19,9,05-05-2025 09:00,WIN
20531,4,8,05-05-2025 10:00,LOSS
20532,5,2,05-05-2025 11:00,WIN
20533,3,5,05-05-2025 12:00,WIN
20534,19,16,05-05-2025 13:00,LOSS
20535,13,9,05-05-2025 14:00,WIN
20536,13,8,05-05-2025 15:00,WIN
20537,19,4,05-05-2025 16:00,WIN
20538,13,14,05-05-2025 17:00,WIN
20539,5,12,05-05-2025 18:00,WIN
20540,17,19,05-05-2025 19:00,LOSS
20541,18,19,05-05-2025 20:00,LOSS
20542,12,19,05-05-2025 21:00,LOSS
20543,17,13,05-05-2025 22:00,LOSS
20544,18,19,05-05-2025 23:00,LOSS
20545,1,3,06-05-2025 00:00,WIN
20546,2,8,06-05-2025 01:00,WIN
20547,13,14,06-05-2025 02:00,LOSS
20548,10,7,06-05-2025 03:00,WIN
20549,3,4,06-05-2025 04:00,LOSS
20550,15,17,06-05-2025 05:00,WIN
20551,1,13,06-05-2025 06:00,WIN
20552,12,12,06-05-2025 07:00,LOSS
20553,4,9,06-05-2025 08:00,LOSS
20554,2,7,06-05-2025 09:00,LOSS
20555,20,13,06-05-2025 10:00,LOSS
20556,19,3,06-05-2025 11:00,LOSS
20557,19,8,06-05-2025 12:00,LOSS
20558,20,11,06-05-2025 13:00,WIN
20559,20,5,06-05-2025 14:00,LOSS
20560,13,10,06-05-2025 15:00,WIN
20561,8,2,06-05-2025 16:00,LOSS
20562,11,2,06-05-2025 17:00,LOSS
20563,8,3,06-05-2025 18:00,LOSS
20564,12,6,06-05-2025 19:00,WIN
20565,17,16,06-05-2025 20:00,WIN
20566,8,19,06-05-2025 21:00,LOSS
20567,3,20,06-05-2025 22:00,LOSS
20568,7,15,06-05-2025 23:00,LOSS
20569,13,10,07-05-2025 00:00,LOSS
20570,18,12,07-05-2025 01:00,LOSS
20571,10,13,07-05-2025 02:00,LOSS
20572,6,15,07-05-2025 03:00,LOSS
20573,4,7,07-05-2025 04:00,LOSS
20574,13,16,07-05-2025 05:00,WIN
20575,15,13,07-05-2025 06:00,LOSS
20576,17,1,07-05-2025 07:00,WIN
20577,13,9,07-05-2025 08:00,LOSS
20578,15,1,07-05-2025 09:00,WIN
20579,6,6,07-05-2025 10:00,LOSS
20580,19,14,07-05-2025 11:00,WIN
20581,12,19,07-05-2025 12:00,LOSS
20582,20,4,07-05-2025 13:00,LOSS
20583,20,3,07-05-2025 14:00,WIN
20584,7,5,07-05-2025 15:00,LOSS
20585,9,14,07-05-2025 16:00,WIN
20586,11,18,07-05-2025 17:00,WIN
20587,16,2,07-05-2025 18:00,WIN
20588,7,16,07-05-2025 19:00,LOSS
20589,14,4,07-05-2025 20:00,LOSS
20590,1,4,07-05-2025 21:00,WIN
20591,20,11,07-05-2025 22:00,LOSS
20592,17,7,07-05-2025 23:00,LOSS
20593,6,16,08-05-2025 00:00,LOSS
20594,2,18,08-05-2025 01:00,LOSS
20595,9,11,08-05-2025 02:00,WIN
20596,16,5,08-05-2025 03:00,LOSS
20597,20,3,08-05-2025 04:00,LOSS
20598,11,2,08-05-2025 05:00,WIN
20599,20,14,08-05-2025 06:00,WIN
20600,6,5,08-05-2025 07:00,LOSS
20601,13,3,08-05-2025 08:00,LOSS
20602,12,3,08-05-2025 09:00,WIN
20603,15,15,08-05-2025 10:00,LOSS
20604,6,19,08-05-2025 11:00,LOSS
20605,20,16,08-05-2025 12:00,WIN
20606,20,12,08-05-2025 13:00,WIN
20607,16,5,08-05-2025 14:00,WIN
20608,20,3,08-05-2025 15:00,LOSS
20609,9,11,08-05-2025 16:00,WIN
20610,10,7,08-05-2025 17:00,LOSS
20611,6,6,08-05-2025 18:00,LOSS
20612,13,14,08-05-2025 19:00,WIN
20613,5,16,08-05-2025 20:00,LOSS
20614,15,10,08-05-2025 21:00,WIN
20615,12,4,08-05-2025 22:00,WIN
20616,9,16,08-05-2025 23:00,LOSS
20617,5,19,09-05-2025 00:00,LOSS
20618,12,7,09-05-2025 01:00,WIN
20619,15,3,09-05-2025 02:00,WIN
20620,12,3,09-05-2025 03:00,WIN
20621,12,16,09-05-2025 04:00,WIN
20622,19,4,09-05-2025 05:00,LOSS
20623,15,11,09-05-2025 06:00,LOSS
20624,10,10,09-05-2025 07:00,WIN
20625,3,1,09-05-2025 08:00,WIN
20626,12,18,09-05-2025 09:00,WIN
20627,12,19,09-05-2025 10:00,LOSS
20628,18,11,09-05-2025 11:00,WIN
20629,8,16,09-05-2025 12:00,WIN
20630,11,20,09-05-2025 13:00,LOSS
20631,7,9,09-05-2025 14:00,LOSS
20632,19,7,09-05-2025 15:00,LOSS
20633,15,5,09-05-2025 16:00,LOSS
20634,20,10,09-05-2025 17:00,LOSS
20635,14,11,09-05-2025 18:00,LOSS
20636,10,20,09-05-2025 19:00,LOSS
20637,16,5,09-05-2025 20:00,LOSS
20638,18,17,09-05-2025 21:00,LOSS
20639,15,18,09-05-2025 22:00,LOSS
20640,17,15,09-05-2025 23:00,LOSS
20641,17,12,10-05-2025 00:00,LOSS
20642,12,2,10-05-2025 01:00,WIN
20643,1,7,10-05-2025 02:00,WIN
20644,14,3,10-05-2025 03:00,LOSS
20645,17,12,10-05-2025 04:00,WIN
20646,5,14,10-05-2025 05:00,WIN
20647,4,4,10-05-2025 06:00,LOSS
20648,2,5,10-05-2025 07:00,WIN
20649,20,19,10-05-2025 08:00,LOSS
20650,5,14,10-05-2025 09:00,LOSS
20651,3,15,10-05-2025 10:00,WIN
20652,18,7,10-05-2025 11:00,WIN
20653,13,1,10-05-2025 12:00,WIN
20654,13,17,10-05-2025 13:00,WIN
20655,12,6,10-05-2025 14:00,WIN
20656,4,12,10-05-2025 15:00,WIN
20657,7,19,10-05-2025 16:00,LOSS
20658,6,14,10-05-2025 17:00,WIN
20659,8,10,10-05-2025 18:00,WIN
20660,5,7,10-05-2025 19:00,WIN
20661,6,20,10-05-2025 20:00,WIN
20662,5,20,10-05-2025 21:00,WIN
20663,19,12,10-05-2025 22:00,WIN
20664,9,15,10-05-2025 23:00,LOSS
20665,18,7,11-05-2025 00:00,WIN
20666,8,5,11-05-2025 01:00,LOSS
20667,1,4,11-05-2025 02:00,WIN
20668,14,1,11-05-2025 03:00,LOSS
20669,9,20,11-05-2025 04:00,LOSS
20670,7,13,11-05-2025 05:00,LOSS
20671,10,5,11-05-2025 06:00,WIN
20672,17,5,11-05-2025 07:00,LOSS
20673,11,18,11-05-2025 08:00,WIN
20674,17,2,11-05-2025 09:00,WIN
20675,14,15,11-05-2025 10:00,LOSS
20676,14,13,11-05-2025 11:00,LOSS
20677,8,6,11-05-2025 12:00,WIN
20678,18,14,11-05-2025 13:00,WIN
20679,19,6,11-05-2025 14:00,WIN
20680,18,3,11-05-2025 15:00,WIN
20681,17,19,11-05-2025 16:00,WIN
20682,18,19,11-05-2025 17:00,WIN
20683,14,18,11-05-2025 18:00,LOSS
20684,8,16,11-05-2025 19:00,LOSS
20685,18,4,11-05-2025 20:00,WIN
20686,9,20,11-05-2025 21:00,WIN
20687,1,13,11-05-2025 22:00,LOSS
20688,6,9,11-05-2025 23:00,WIN
20689,6,8,12-05-2025 00:00,WIN
20690,6,17,12-05-2025 01:00,LOSS
20691,7,9,12-05-2025 02:00,WIN
20692,17,12,12-05-2025 03:00,LOSS
20693,9,5,12-05-2025 04:00,WIN
20694,11,17,12-05-2025 05:00,LOSS
20695,18,13,12-05-2025 06:00,WIN
20696,13,16,12-05-2025 07:00,WIN
20697,14,19,12-05-2025 08:00,LOSS
20698,5,8,12-05-2025 09:00,WIN
20699,7,6,12-05-2025 10:00,LOSS
20700,3,18,12-05-2025 11:00,WIN
20701,12,11,12-05-2025 12:00,WIN
20702,7,9,12-05-2025 13:00,WIN
20703,7,15,12-05-2025 14:00,LOSS
20704,11,14,12-05-2025 15:00,LOSS
20705,10,7,12-05-2025 16:00,LOSS
20706,2,2,12-05-2025 17:00,WIN
20707,12,16,12-05-2025 18:00,LOSS
20708,9,6,12-05-2025 19:00,LOSS
20709,6,9,12-05-2025 20:00,WIN
20710,14,10,12-05-2025 21:00,WIN
20711,8,11,12-05-2025 22:00,WIN
20712,16,18,12-05-2025 23:00,WIN
20713,16,7,13-05-2025 00:00,WIN
20714,1,8,13-05-2025 01:00,WIN
20715,10,8,13-05-2025 02:00,LOSS
20716,19,13,13-05-2025 03:00,WIN
20717,7,2,13-05-2025 04:00,LOSS
20718,6,13,13-05-2025 05:00,LOSS
20719,4,4,13-05-2025 06:00,LOSS
20720,9,4,13-05-2025 07:00,LOSS
20721,4,20,13-05-2025 08:00,LOSS
20722,11,20,13-05-2025 09:00,WIN
20723,3,16,13-05-2025 10:00,LOSS
20724,12,19,13-05-2025 11:00,WIN
20725,3,4,13-05-2025 12:00,WIN
20726,7,9,13-05-2025 13:00,LOSS
20727,3,7,13-05-2025 14:00,WIN
20728,4,15,13-05-2025 15:00,WIN
20729,5,20,13-05-2025 16:00,LOSS
20730,18,9,13-05-2025 17:00,LOSS
20731,4,9,13-05-2025 18:00,WIN
20732,5,1,13-05-2025 19:00,LOSS
20733,19,9,13-05-2025 20:00,WIN
20734,4,8,13-05-2025 21:00,WIN
20735,12,19,13-05-2025 22:00,WIN
20736,14,8,13-05-2025 23:00,LOSS
20737,12,4,14-05-2025 00:00,WIN
20738,13,2,14-05-2025 01:00,LOSS
20739,5,2,14-05-2025 02:00,LOSS
20740,1,1,14-05-2025 03:00,WIN
20741,19,4,14-05-2025 04:00,WIN
20742,14,15,14-05-2025 05:00,LOSS
20743,9,10,14-05-2025 06:00,WIN
20744,9,7,14-05-2025 07:00,WIN
20745,14,7,14-05-2025 08:00,WIN
20746,20,13,14-05-2025 09:00,LOSS
20747,1,20,14-05-2025 10:00,WIN
20748,15,7,14-05-2025 11:00,LOSS
20749,11,12,14-05-2025 12:00,LOSS
20750,18,6,14-05-2025 13:00,LOSS
20751,20,18,14-05-2025 14:00,LOSS
20752,9,6,14-05-2025 15:00,LOSS
20753,5,8,14-05-2025 16:00,LOSS
20754,15,18,14-05-2025 17:00,LOSS
20755,15,2,14-05-2025 18:00,LOSS
20756,2,8,14-05-2025 19:00,WIN
20757,1,14,14-05-2025 20:00,LOSS
20758,2,20,14-05-2025 21:00,WIN
20759,1,10,14-05-2025 22:00,LOSS
20760,19,13,14-05-2025 23:00,LOSS
20761,15,6,15-05-2025 00:00,LOSS
20762,12,8,15-05-2025 01:00,WIN
20763,7,10,15-05-2025 02:00,LOSS
20764,13,9,15-05-2025 03:00,WIN
20765,1,7,15-05-2025 04:00,WIN
20766,10,1,15-05-2025 05:00,WIN
20767,19,1,15-05-2025 06:00,WIN
20768,5,11,15-05-2025 07:00,LOSS
20769,6,17,15-05-2025 08:00,LOSS
20770,5,13,15-05-2025 09:00,WIN
20771,17,2,15-05-2025 10:00,WIN
20772,7,11,15-05-2025 11:00,WIN
20773,3,15,15-05-2025 12:00,LOSS
20774,20,16,15-05-2025 13:00,LOSS
20775,4,16,15-05-2025 14:00,WIN
20776,8,15,15-05-2025 15:00,WIN
20777,13,3,15-05-2025 16:00,WIN
20778,3,6,15-05-2025 17:00,LOSS
20779,9,15,15-05-2025 18:00,LOSS
20780,9,8,15-05-2025 19:00,LOSS
20781,10,13,15-05-2025 20:00,LOSS
20782,18,19,15-05-2025 21:00,LOSS
20783,3,15,15-05-2025 22:00,LOSS
20784,12,2,15-05-2025 23:00,LOSS
20785,2,14,16-05-2025 00:00,LOSS
20786,12,14,16-05-2025 01:00,WIN
20787,9,14,16-05-2025 02:00,LOSS
20788,2,9,16-05-2025 03:00,LOSS
20789,15,5,16-05-2025 04:00,WIN
20790,7,2,16-05-2025 05:00,WIN
20791,7,12,16-05-2025 06:00,LOSS
20792,8,14,16-05-2025 07:00,WIN
20793,15,13,16-05-2025 08:00,WIN
20794,12,16,16-05-2025 09:00,LOSS
20795,20,12,16-05-2025 10:00,LOSS
20796,20,9,16-05-2025 11:00,LOSS
20797,6,3,16-05-2025 12:00,LOSS
20798,6,15,16-05-2025 13:00,WIN
20799,16,11,16-05-2025 14:00,LOSS
20800,5,13,16-05-2025 15:00,WIN
20801,3,3,16-05-2025 16:00,LOSS
20802,14,4,16-05-2025 17:00,LOSS
20803,18,4,16-05-2025 18:00,WIN
20804,1,3,16-05-2025 19:00,LOSS
20805,17,14,16-05-2025 20:00,LOSS
20806,12,15,16-05-2025 21:00,WIN
20807,5,8,16-05-2025 22:00,WIN
20808,2,18,16-05-2025 23:00,LOSS
20809,7,17,17-05-2025 00:00,WIN
20810,17,10,17-05-2025 01:00,LOSS
20811,20,8,17-05-2025 02:00,LOSS
20812,4,17,17-05-2025 03:00,WIN
20813,2,1,17-05-2025 04:00,LOSS
20814,19,7,17-05-2025 05:00,WIN
20815,18,6,17-05-2025 06:00,WIN
20816,18,4,17-05-2025 07:00,WIN
20817,13,18,17-05-2025 08:00,WIN
20818,7,9,17-05-2025 09:00,LOSS
20819,18,2,17-05-2025 10:00,LOSS
20820,19,11,17-05-2025 11:00,WIN
20821,1,20,17-05-2025 12:00,LOSS
20822,9,19,17-05-2025 13:00,WIN
20823,2,18,17-05-2025 14:00,LOSS
20824,8,9,17-05-2025 15:00,WIN
20825,8,4,17-05-2025 16:00,LOSS
20826,20,2,17-05-2025 17:00,LOSS
20827,2,12,17-05-2025 18:00,LOSS
20828,2,6,17-05-2025 19:00,WIN
20829,1,1,17-05-2025 20:00,LOSS
20830,2,15,17-05-2025 21:00,LOSS
20831,3,18,17-05-2025 22:00,LOSS
20832,12,7,17-05-2025 23:00,LOSS
20833,8,14,18-05-2025 00:00,WIN
20834,20,14,18-05-2025 01:00,LOSS
20835,20,20,18-05-2025 02:00,WIN
20836,17,2,18-05-2025 03:00,LOSS
20837,13,12,18-05-2025 04:00,WIN
20838,1,7,18-05-2025 05:00,LOSS
20839,11,11,18-05-2025 06:00,LOSS
20840,9,14,18-05-2025 07:00,WIN
20841,2,14,18-05-2025 08:00,LOSS
20842,12,5,18-05-2025 09:00,LOSS
20843,11,2,18-05-2025 10:00,LOSS
20844,7,14,18-05-2025 11:00,WIN
20845,16,17,18-05-2025 12:00,WIN
20846,15,19,18-05-2025 13:00,WIN
20847,5,11,18-05-2025 14:00,WIN
20848,17,8,18-05-2025 15:00,LOSS
20849,8,18,18-05-2025 16:00,LOSS
20850,19,12,18-05-2025 17:00,WIN
20851,7,12,18-05-2025 18:00,WIN
20852,7,20,18-05-2025 19:00,WIN
20853,13,14,18-05-2025 20:00,LOSS
20854,18,16,18-05-2025 21:00,WIN
20855,18,8,18-05-2025 22:00,WIN
20856,3,13,18-05-2025 23:00,WIN
20857,6,10,19-05-2025 00:00,WIN
20858,16,14,19-05-2025 01:00,LOSS
20859,10,20,19-05-2025 02:00,WIN
20860,2,3,19-05-2025 03:00,LOSS
20861,13,8,19-05-2025 04:00,LOSS
20862,7,2,19-05-2025 05:00,LOSS
20863,13,4,19-05-2025 06:00,LOSS
20864,9,17,19-05-2025 07:00,WIN
20865,2,2,19-05-2025 08:00,WIN
20866,8,5,19-05-2025 09:00,LOSS
20867,8,1,19-05-2025 10:00,LOSS
20868,8,19,19-05-2025 11:00,LOSS
20869,2,7,19-05-2025 12:00,WIN
20870,15,12,19-05-2025 13:00,LOSS
20871,3,14,19-05-2025 14:00,LOSS
20872,20,17,19-05-2025 15:00,WIN
20873,14,13,19-05-2025 16:00,LOSS
20874,2,14,19-05-2025 17:00,WIN
20875,5,4,19-05-2025 18:00,LOSS
20876,9,17,19-05-2025 19:00,WIN
20877,8,12,19-05-2025 20:00,WIN
20878,2,8,19-05-2025 21:00,WIN
20879,4,2,19-05-2025 22:00,LOSS
20880,20,16,19-05-2025 23:00,WIN
20881,18,14,20-05-2025 00:00,WIN
20882,2,6,20-05-2025 01:00,LOSS
20883,12,13,20-05-2025 02:00,LOSS
20884,6,3,20-05-2025 03:00,WIN
20885,2,14,20-05-2025 04:00,LOSS
20886,12,2,20-05-2025 05:00,WIN
20887,3,20,20-05-2025 06:00,WIN
20888,15,10,20-05-2025 07:00,LOSS
20889,19,15,20-05-2025 08:00,WIN
20890,19,10,20-05-2025 09:00,WIN
20891,17,13,20-05-2025 10:00,WIN
20892,14,18,20-05-2025 11:00,WIN
20893,2,3,20-05-2025 12:00,LOSS
20894,14,18,20-05-2025 13:00,WIN
20895,4,12,20-05-2025 14:00,LOSS
20896,14,1,20-05-2025 15:00,WIN
20897,11,16,20-05-2025 16:00,WIN
20898,12,17,20-05-2025 17:00,LOSS
20899,13,10,20-05-2025 18:00,WIN
20900,11,3,20-05-2025 19:00,WIN
20901,17,1,20-05-2025 20:00,WIN
20902,4,1,20-05-2025 21:00,WIN
20903,16,19,20-05-2025 22:00,LOSS
20904,6,10,20-05-2025 23:00,LOSS
20905,6,14,21-05-2025 00:00,LOSS
20906,18,9,21-05-2025 01:00,WIN
20907,20,3,21-05-2025 02:00,LOSS
20908,7,16,21-05-2025 03:00,LOSS
20909,15,9,21-05-2025 04:00,WIN
20910,9,12,21-05-2025 05:00,WIN
20911,5,17,21-05-2025 06:00,LOSS
20912,2,6,21-05-2025 07:00,WIN
20913,2,7,21-05-2025 08:00,WIN
20914,8,20,21-05-2025 09:00,WIN
20915,8,13,21-05-2025 10:00,WIN
20916,5,11,21-05-2025 11:00,WIN
20917,18,13,21-05-2025 12:00,WIN
20918,16,4,21-05-2025 13:00,LOSS
20919,11,20,21-05-2025 14:00,WIN
20920,14,4,21-05-2025 15:00,LOSS
20921,8,8,21-05-2025 16:00,LOSS
20922,20,9,21-05-2025 17:00,WIN
20923,10,15,21-05-2025 18:00,WIN
20924,11,8,21-05-2025 19:00,LOSS
20925,19,11,21-05-2025 20:00,WIN
20926,18,13,21-05-2025 21:00,WIN
20927,18,20,21-05-2025 22:00,LOSS
20928,19,10,21-05-2025 23:00,WIN
20929,7,12,22-05-2025 00:00,WIN
20930,8,11,22-05-2025 01:00,WIN
20931,15,17,22-05-2025 02:00,WIN
20932,16,6,22-05-2025 03:00,WIN
20933,20,1,22-05-2025 04:00,WIN
20934,19,4,22-05-2025 05:00,WIN
20935,11,13,22-05-2025 06:00,LOSS
20936,7,17,22-05-2025 07:00,LOSS
20937,19,15,22-05-2025 08:00,WIN
20938,20,10,22-05-2025 09:00,WIN
20939,16,3,22-05-2025 10:00,WIN
20940,8,3,22-05-2025 11:00,LOSS
20941,18,11,22-05-2025 12:00,LOSS
20942,8,11,22-05-2025 13:00,WIN
20943,13,8,22-05-2025 14:00,WIN
20944,10,5,22-05-2025 15:00,LOSS
20945,19,20,22-05-2025 16:00,LOSS
20946,18,19,22-05-2025 17:00,WIN
20947,10,14,22-05-2025 18:00,LOSS
20948,1,16,22-05-2025 19:00,WIN
20949,5,11,22-05-2025 20:00,WIN
20950,3,2,22-05-2025 21:00,WIN
20951,9,2,22-05-2025 22:00,LOSS
20952,8,10,22-05-2025 23:00,LOSS
20953,16,18,23-05-2025 00:00,WIN
20954,10,15,23-05-2025 01:00,WIN
20955,19,17,23-05-2025 02:00,LOSS
20956,14,3,23-05-2025 03:00,WIN
20957,5,1,23-05-2025 04:00,LOSS
20958,6,18,23-05-2025 05:00,LOSS
20959,8,5,23-05-2025 06:00,LOSS
20960,11,20,23-05-2025 07:00,LOSS
20961,8,3,23-05-2025 08:00,WIN
20962,13,2,23-05-2025 09:00,LOSS
20963,1,9,23-05-2025 10:00,LOSS
20964,17,16,23-05-2025 11:00,LOSS
20965,16,11,23-05-2025 12:00,WIN
20966,9,9,23-05-2025 13:00,LOSS
20967,8,12,23-05-2025 14:00,WIN
20968,1,16,23-05-2025 15:00,WIN
20969,8,15,23-05-2025 16:00,WIN
20970,5,7,23-05-2025 17:00,LOSS
20971,18,18,23-05-2025 18:00,LOSS
20972,7,7,23-05-2025 19:00,LOSS
20973,18,13,23-05-2025 20:00,WIN
20974,16,19,23-05-2025 21:00,LOSS
20975,12,17,23-05-2025 22:00,WIN
20976,4,17,23-05-2025 23:00,LOSS
20977,13,16,24-05-2025 00:00,LOSS
20978,11,13,24-05-2025 01:00,WIN
20979,16,5,24-05-2025 02:00,WIN
20980,12,2,24-05-2025 03:00,LOSS
20981,14,19,24-05-2025 04:00,LOSS
20982,16,12,24-05-2025 05:00,WIN
20983,20,5,24-05-2025 06:00,WIN
20984,18,17,24-05-2025 07:00,WIN
20985,8,16,24-05-2025 08:00,LOSS
20986,3,1,24-05-2025 09:00,WIN
20987,7,11,24-05-2025 10:00,LOSS
20988,20,5,24-05-2025 11:00,WIN
20989,10,16,24-05-2025 12:00,LOSS
20990,11,14,24-05-2025 13:00,WIN
20991,20,4,24-05-2025 14:00,LOSS
20992,1,11,24-05-2025 15:00,LOSS
20993,11,11,24-05-2025 16:00,LOSS
20994,5,14,24-05-2025 17:00,LOSS
20995,13,16,24-05-2025 18:00,WIN
20996,16,4,24-05-2025 19:00,LOSS
20997,11,13,24-05-2025 20:00,WIN
20998,5,18,24-05-2025 21:00,LOSS
20999,6,9,24-05-2025 22:00,LOSS
21000,3,19,24-05-2025 23:00,LOSS
21001,2,18,25-05-2025 00:00,WIN
21002,6,9,25-05-2025 01:00,WIN
21003,10,17,25-05-2025 02:00,WIN
21004,6,13,25-05-2025 03:00,WIN
21005,2,14,25-05-2025 04:00,LOSS
21006,17,11,25-05-2025 05:00,WIN
21007,1,3,25-05-2025 06:00,WIN
21008,1,13,25-05-2025 07:00,LOSS
21009,6,19,25-05-2025 08:00,WIN
21010,17,17,25-05-2025 09:00,LOSS
21011,2,7,25-05-2025 10:00,WIN
21012,17,9,25-05-2025 11:00,WIN
21013,16,15,25-05-2025 12:00,LOSS
21014,7,12,25-05-2025 13:00,WIN
21015,4,7,25-05-2025 14:00,LOSS
21016,13,1,25-05-2025 15:00,WIN
21017,20,5,25-05-2025 16:00,LOSS
21018,4,4,25-05-2025 17:00,LOSS
21019,5,5,25-05-2025 18:00,LOSS
21020,16,10,25-05-2025 19:00,LOSS
21021,9,15,25-05-2025 20:00,WIN
21022,11,2,25-05-2025 21:00,WIN
21023,12,18,25-05-2025 22:00,WIN
21024,14,18,25-05-2025 23:00,WIN
21025,15,8,26-05-2025 00:00,LOSS
21026,5,18,26-05-2025 01:00,LOSS
21027,10,18,26-05-2025 02:00,LOSS
21028,18,15,26-05-2025 03:00,WIN
21029,8,11,26-05-2025 04:00,LOSS
21030,8,15,26-05-2025 05:00,WIN
21031,4,12,26-05-2025 06:00,LOSS
21032,19,1,26-05-2025 07:00,WIN
21033,11,3,26-05-2025 08:00,WIN
21034,6,10,26-05-2025 09:00,LOSS
21035,1,10,26-05-2025 10:00,LOSS
21036,5,12,26-05-2025 11:00,WIN
21037,1,1,26-05-2025 12:00,LOSS
21038,3,1,26-05-2025 13:00,LOSS
21039,3,7,26-05-2025 14:00,LOSS
21040,3,19,26-05-2025 15:00,LOSS
21041,7,11,26-05-2025 16:00,LOSS
21042,1,17,26-05-2025 17:00,WIN
21043,10,4,26-05-2025 18:00,LOSS
21044,20,3,26-05-2025 19:00,LOSS
21045,5,11,26-05-2025 20:00,WIN
21046,16,16,26-05-2025 21:00,WIN
21047,16,9,26-05-2025 22:00,LOSS
21048,4,7,26-05-2025 23:00,LOSS
21049,17,9,27-05-2025 00:00,WIN
21050,13,15,27-05-2025 01:00,LOSS
21051,3,9,27-05-2025 02:00,WIN
21052,8,1,27-05-2025 03:00,WIN
21053,2,11,27-05-2025 04:00,LOSS
21054,11,15,27-05-2025 05:00,WIN
21055,4,7,27-05-2025 06:00,LOSS
21056,8,9,27-05-2025 07:00,LOSS
21057,13,6,27-05-2025 08:00,WIN
21058,4,12,27-05-2025 09:00,WIN
21059,2,12,27-05-2025 10:00,WIN
21060,8,14,27-05-2025 11:00,WIN
21061,18,15,27-05-2025 12:00,WIN
21062,7,3,27-05-2025 13:00,LOSS
21063,17,1,27-05-2025 14:00,WIN
21064,14,13,27-05-2025 15:00,WIN
21065,7,1,27-05-2025 16:00,LOSS
21066,13,11,27-05-2025 17:00,WIN
21067,2,16,27-05-2025 18:00,WIN
21068,12,3,27-05-2025 19:00,LOSS
21069,2,16,27-05-2025 20:00,LOSS
21070,8,9,27-05-2025 21:00,LOSS
21071,18,17,27-05-2025 22:00,WIN
21072,2,16,27-05-2025 23:00,LOSS
21073,4,16,28-05-2025 00:00,WIN
21074,17,12,28-05-2025 01:00,WIN
21075,14,3,28-05-2025 02:00,WIN
21076,8,19,28-05-2025 03:00,WIN
21077,4,1,28-05-2025 04:00,LOSS
21078,16,17,28-05-2025 05:00,WIN
21079,9,9,28-05-2025 06:00,WIN
21080,18,15,28-05-2025 07:00,WIN
21081,18,14,28-05-2025 08:00,WIN
21082,13,12,28-05-2025 09:00,WIN
21083,11,1,28-05-2025 10:00,LOSS
21084,2,15,28-05-2025 11:00,LOSS
21085,2,13,28-05-2025 12:00,LOSS
21086,11,3,28-05-2025 13:00,LOSS
21087,13,3,28-05-2025 14:00,LOSS
21088,15,20,28-05-2025 15:00,LOSS
21089,16,7,28-05-2025 16:00,WIN
21090,16,3,28-05-2025 17:00,WIN
21091,17,3,28-05-2025 18:00,LOSS
21092,17,4,28-05-2025 19:00,WIN
21093,7,13,28-05-2025 20:00,WIN
21094,9,18,28-05-2025 21:00,WIN
21095,4,12,28-05-2025 22:00,WIN
21096,15,18,28-05-2025 23:00,WIN
21097,11,10,29-05-2025 00:00,WIN
21098,6,14,29-05-2025 01:00,LOSS
21099,1,16,29-05-2025 02:00,LOSS
21100,1,19,29-05-2025 03:00,WIN
21101,5,2,29-05-2025 04:00,LOSS
21102,4,12,29-05-2025 05:00,LOSS
21103,14,17,29-05-2025 06:00,WIN
21104,10,16,29-05-2025 07:00,LOSS
21105,1,20,29-05-2025 08:00,WIN
21106,12,5,29-05-2025 09:00,WIN
21107,17,5,29-05-2025 10:00,LOSS
21108,3,16,29-05-2025 11:00,LOSS
21109,10,19,29-05-2025 12:00,WIN
21110,1,18,29-05-2025 13:00,WIN
21111,19,5,29-05-2025 14:00,WIN
21112,18,7,29-05-2025 15:00,WIN
21113,13,12,29-05-2025 16:00,WIN
21114,20,15,29-05-2025 17:00,LOSS
21115,17,15,29-05-2025 18:00,WIN
21116,4,20,29-05-2025 19:00,LOSS
21117,9,6,29-05-2025 20:00,LOSS
21118,10,19,29-05-2025 21:00,WIN
21119,10,3,29-05-2025 22:00,WIN
21120,15,1,29-05-2025 23:00,LOSS
21121,5,14,30-05-2025 00:00,LOSS
21122,18,19,30-05-2025 01:00,LOSS
21123,11,8,30-05-2025 02:00,WIN
21124,13,4,30-05-2025 03:00,LOSS
21125,17,5,30-05-2025 04:00,LOSS
21126,18,20,30-05-2025 05:00,LOSS
21127,16,2,30-05-2025 06:00,LOSS
21128,18,16,30-05-2025 07:00,WIN
21129,5,7,30-05-2025 08:00,WIN
21130,8,2,30-05-2025 09:00,LOSS
21131,14,7,30-05-2025 10:00,LOSS
21132,20,14,30-05-2025 11:00,WIN
21133,13,9,30-05-2025 12:00,WIN
21134,9,18,30-05-2025 13:00,WIN
21135,1,8,30-05-2025 14:00,LOSS
21136,18,6,30-05-2025 15:00,LOSS
21137,7,9,30-05-2025 16:00,LOSS
21138,9,18,30-05-2025 17:00,LOSS
21139,7,8,30-05-2025 18:00,WIN
21140,8,9,30-05-2025 19:00,LOSS
21141,18,4,30-05-2025 20:00,LOSS
21142,10,13,30-05-2025 21:00,WIN
21143,17,14,30-05-2025 22:00,WIN
21144,19,1,30-05-2025 23:00,WIN
21145,1,1,31-05-2025 00:00,WIN
21146,2,2,31-05-2025 01:00,WIN
21147,14,4,31-05-2025 02:00,WIN
21148,4,13,31-05-2025 03:00,LOSS
21149,17,16,31-05-2025 04:00,LOSS
21150,17,9,31-05-2025 05:00,WIN
21151,8,15,31-05-2025 06:00,WIN
21152,1,7,31-05-2025 07:00,LOSS
21153,17,15,31-05-2025 08:00,LOSS
21154,8,4,31-05-2025 09:00,WIN
21155,13,16,31-05-2025 10:00,LOSS
21156,2,9,31-05-2025 11:00,WIN
21157,17,11,31-05-2025 12:00,WIN
21158,7,16,31-05-2025 13:00,LOSS
21159,16,1,31-05-2025 14:00,LOSS
21160,17,3,31-05-2025 15:00,WIN
21161,4,1,31-05-2025 16:00,WIN
21162,10,1,31-05-2025 17:00,WIN
21163,9,2,31-05-2025 18:00,LOSS
21164,10,12,31-05-2025 19:00,WIN
21165,19,2,31-05-2025 20:00,WIN
21166,6,5,31-05-2025 21:00,WIN
21167,12,8,31-05-2025 22:00,WIN
21168,11,17,31-05-2025 23:00,LOSS
21169,15,4,01-06-2025 00:00,WIN
21170,20,12,01-06-2025 01:00,LOSS
21171,14,1,01-06-2025 02:00,LOSS
21172,12,6,01-06-2025 03:00,LOSS
21173,19,8,01-06-2025 04:00,WIN
21174,12,3,01-06-2025 05:00,WIN
21175,7,18,01-06-2025 06:00,WIN
21176,5,8,01-06-2025 07:00,WIN
21177,15,11,01-06-2025 08:00,LOSS
21178,16,2,01-06-2025 09:00,LOSS
21179,11,18,01-06-2025 10:00,WIN
21180,20,9,01-06-2025 11:00,WIN
21181,17,6,01-06-2025 12:00,LOSS
21182,6,2,01-06-2025 13:00,WIN
21183,20,12,01-06-2025 14:00,LOSS
21184,6,10,01-06-2025 15:00,WIN
21185,12,16,01-06-2025 16:00,WIN
21186,20,15,01-06-2025 17:00,LOSS
21187,8,10,01-06-2025 18:00,WIN
21188,20,11,01-06-2025 19:00,LOSS
21189,5,16,01-06-2025 20:00,LOSS
21190,11,11,01-06-2025 21:00,LOSS
21191,2,20,01-06-2025 22:00,WIN
21192,8,16,01-06-2025 23:00,LOSS
21193,8,11,02-06-2025 00:00,LOSS
21194,8,1,02-06-2025 01:00,LOSS
21195,17,1,02-06-2025 02:00,WIN
21196,7,5,02-06-2025 03:00,WIN
21197,3,2,02-06-2025 04:00,WIN
21198,1,15,02-06-2025 05:00,WIN
21199,5,1,02-06-2025 06:00,WIN
21200,16,20,02-06-2025 07:00,WIN
21201,4,4,02-06-2025 08:00,LOSS
21202,15,17,02-06-2025 09:00,LOSS
21203,17,8,02-06-2025 10:00,WIN
21204,17,4,02-06-2025 11:00,WIN
21205,13,4,02-06-2025 12:00,LOSS
21206,11,19,02-06-2025 13:00,WIN
21207,16,3,02-06-2025 14:00,LOSS
21208,4,14,02-06-2025 15:00,WIN
21209,15,12,02-06-2025 16:00,LOSS
21210,12,2,02-06-2025 17:00,WIN
21211,14,4,02-06-2025 18:00,LOSS
21212,13,3,02-06-2025 19:00,WIN
21213,9,16,02-06-2025 20:00,LOSS
21214,15,1,02-06-2025 21:00,WIN
21215,16,15,02-06-2025 22:00,WIN
21216,10,8,02-06-2025 23:00,LOSS
21217,5,20,03-06-2025 00:00,WIN
21218,11,13,03-06-2025 01:00,LOSS
21219,6,11,03-06-2025 02:00,LOSS
21220,11,19,03-06-2025 03:00,LOSS
21221,2,11,03-06-2025 04:00,LOSS
21222,19,5,03-06-2025 05:00,LOSS
21223,15,3,03-06-2025 06:00,WIN
21224,12,12,03-06-2025 07:00,LOSS
21225,7,20,03-06-2025 08:00,WIN
21226,6,14,03-06-2025 09:00,WIN
21227,11,13,03-06-2025 10:00,LOSS
21228,4,3,03-06-2025 11:00,WIN
21229,14,12,03-06-2025 12:00,LOSS
21230,10,15,03-06-2025 13:00,WIN
21231,15,2,03-06-2025 14:00,WIN
21232,4,20,03-06-2025 15:00,WIN
21233,13,7,03-06-2025 16:00,WIN
21234,8,20,03-06-2025 17:00,WIN
21235,8,18,03-06-2025 18:00,WIN
21236,13,4,03-06-2025 19:00,LOSS
21237,11,9,03-06-2025 20:00,LOSS
21238,5,11,03-06-2025 21:00,WIN
21239,18,17,03-06-2025 22:00,WIN
21240,18,7,03-06-2025 23:00,WIN
21241,2,15,04-06-2025 00:00,WIN
21242,15,3,04-06-2025 01:00,WIN
21243,5,14,04-06-2025 02:00,WIN
21244,20,9,04-06-2025 03:00,WIN
21245,4,12,04-06-2025 04:00,LOSS
21246,8,13,04-06-2025 05:00,WIN
21247,18,9,04-06-2025 06:00,LOSS
21248,15,14,04-06-2025 07:00,LOSS
21249,12,3,04-06-2025 08:00,LOSS
21250,7,7,04-06-2025 09:00,WIN
21251,16,2,04-06-2025 10:00,WIN
21252,8,9,04-06-2025 11:00,LOSS
21253,14,4,04-06-2025 12:00,LOSS
21254,19,8,04-06-2025 13:00,LOSS
21255,18,19,04-06-2025 14:00,WIN
21256,8,14,04-06-2025 15:00,LOSS
21257,16,1,04-06-2025 16:00,LOSS
21258,9,9,04-06-2025 17:00,LOSS
21259,1,20,04-06-2025 18:00,WIN
21260,8,19,04-06-2025 19:00,LOSS
21261,7,10,04-06-2025 20:00,WIN
21262,8,16,04-06-2025 21:00,WIN
21263,13,10,04-06-2025 22:00,WIN
21264,3,2,04-06-2025 23:00,WIN
21265,2,1,05-06-2025 00:00,LOSS
21266,13,8,05-06-2025 01:00,LOSS
21267,4,9,05-06-2025 02:00,LOSS
21268,2,7,05-06-2025 03:00,WIN
21269,7,10,05-06-2025 04:00,LOSS
21270,9,18,05-06-2025 05:00,LOSS
21271,19,15,05-06-2025 06:00,LOSS
21272,9,10,05-06-2025 07:00,LOSS
21273,11,16,05-06-2025 08:00,LOSS
21274,13,15,05-06-2025 09:00,WIN
21275,8,15,05-06-2025 10:00,WIN
21276,14,16,05-06-2025 11:00,LOSS
21277,19,17,05-06-2025 12:00,WIN
21278,5,9,05-06-2025 13:00,LOSS
21279,16,6,05-06-2025 14:00,LOSS
21280,7,15,05-06-2025 15:00,LOSS
21281,14,16,05-06-2025 16:00,LOSS
21282,5,13,05-06-2025 17:00,WIN
21283,20,12,05-06-2025 18:00,LOSS
21284,16,19,05-06-2025 19:00,LOSS
21285,7,1,05-06-2025 20:00,WIN
21286,16,12,05-06-2025 21:00,WIN
21287,12,10,05-06-2025 22:00,LOSS
21288,16,4,05-06-2025 23:00,LOSS
21289,17,6,06-06-2025 00:00,WIN
21290,8,4,06-06-2025 01:00,WIN
21291,12,10,06-06-2025 02:00,LOSS
21292,5,3,06-06-2025 03:00,WIN
21293,4,17,06-06-2025 04:00,WIN
21294,19,6,06-06-2025 05:00,WIN
21295,12,14,06-06-2025 06:00,WIN
21296,4,6,06-06-2025 07:00,LOSS
21297,7,14,06-06-2025 08:00,WIN
21298,7,3,06-06-2025 09:00,WIN
21299,19,5,06-06-2025 10:00,LOSS
21300,3,19,06-06-2025 11:00,LOSS
21301,19,5,06-06-2025 12:00,WIN
21302,19,3,06-06-2025 13:00,LOSS
21303,13,18,06-06-2025 14:00,LOSS
21304,14,15,06-06-2025 15:00,LOSS
21305,18,8,06-06-2025 16:00,LOSS
21306,7,20,06-06-2025 17:00,LOSS
21307,13,8,06-06-2025 18:00,LOSS
21308,14,12,06-06-2025 19:00,LOSS
21309,17,13,06-06-2025 20:00,LOSS
21310,15,20,06-06-2025 21:00,WIN
21311,9,13,06-06-2025 22:00,WIN
21312,2,6,06-06-2025 23:00,WIN
21313,3,10,07-06-2025 00:00,WIN
21314,8,6,07-06-2025 01:00,WIN
21315,18,12,07-06-2025 02:00,LOSS
21316,11,8,07-06-2025 03:00,WIN
21317,10,4,07-06-2025 04:00,WIN
21318,11,15,07-06-2025 05:00,WIN
21319,3,13,07-06-2025 06:00,LOSS
21320,12,3,07-06-2025 07:00,WIN
21321,9,7,07-06-2025 08:00,LOSS
21322,12,13,07-06-2025 09:00,WIN
21323,14,15,07-06-2025 10:00,LOSS
21324,13,7,07-06-2025 11:00,LOSS
21325,8,1,07-06-2025 12:00,WIN
21326,3,14,07-06-2025 13:00,LOSS
21327,19,13,07-06-2025 14:00,WIN
21328,6,10,07-06-2025 15:00,WIN
21329,16,12,07-06-2025 16:00,LOSS
21330,14,12,07-06-2025 17:00,LOSS
21331,1,20,07-06-2025 18:00,LOSS
21332,20,10,07-06-2025 19:00,WIN
21333,8,15,07-06-2025 20:00,WIN
21334,6,12,07-06-2025 21:00,LOSS
21335,5,20,07-06-2025 22:00,WIN
21336,7,15,07-06-2025 23:00,WIN
21337,1,7,08-06-2025 00:00,LOSS
21338,13,18,08-06-2025 01:00,LOSS
21339,16,3,08-06-2025 02:00,LOSS
21340,19,16,08-06-2025 03:00,WIN
21341,12,8,08-06-2025 04:00,LOSS
21342,14,19,08-06-2025 05:00,LOSS
21343,15,9,08-06-2025 06:00,WIN
21344,12,20,08-06-2025 07:00,WIN
21345,17,19,08-06-2025 08:00,WIN
21346,9,16,08-06-2025 09:00,WIN
21347,4,2,08-06-2025 10:00,LOSS
21348,18,2,08-06-2025 11:00,WIN
21349,12,17,08-06-2025 12:00,WIN
21350,11,4,08-06-2025 13:00,WIN
21351,2,20,08-06-2025 14:00,WIN
21352,20,2,08-06-2025 15:00,LOSS
21353,14,13,08-06-2025 16:00,LOSS
21354,12,6,08-06-2025 17:00,WIN
21355,2,11,08-06-2025 18:00,WIN
21356,11,2,08-06-2025 19:00,WIN
21357,5,13,08-06-2025 20:00,WIN
21358,14,18,08-06-2025 21:00,LOSS
21359,15,6,08-06-2025 22:00,WIN
21360,20,19,08-06-2025 23:00,LOSS
21361,3,3,09-06-2025 00:00,WIN
21362,17,8,09-06-2025 01:00,WIN
21363,6,14,09-06-2025 02:00,WIN
21364,7,19,09-06-2025 03:00,WIN
21365,13,6,09-06-2025 04:00,WIN
21366,1,17,09-06-2025 05:00,WIN
21367,13,19,09-06-2025 06:00,WIN
21368,6,5,09-06-2025 07:00,LOSS
21369,17,14,09-06-2025 08:00,LOSS
21370,6,4,09-06-2025 09:00,WIN
21371,4,1,09-06-2025 10:00,WIN
21372,6,10,09-06-2025 11:00,WIN
21373,1,11,09-06-2025 12:00,LOSS
21374,1,16,09-06-2025 13:00,WIN
21375,19,17,09-06-2025 14:00,LOSS
21376,19,3,09-06-2025 15:00,LOSS
21377,13,5,09-06-2025 16:00,LOSS
21378,7,19,09-06-2025 17:00,LOSS
21379,11,11,09-06-2025 18:00,WIN
21380,20,1,09-06-2025 19:00,LOSS
21381,12,17,09-06-2025 20:00,WIN
21382,9,7,09-06-2025 21:00,LOSS
21383,13,15,09-06-2025 22:00,LOSS
21384,7,5,09-06-2025 23:00,WIN
21385,20,2,10-06-2025 00:00,WIN
21386,5,9,10-06-2025 01:00,LOSS
21387,16,9,10-06-2025 02:00,LOSS
21388,20,20,10-06-2025 03:00,WIN
21389,18,20,10-06-2025 04:00,LOSS
21390,12,11,10-06-2025 05:00,WIN
21391,1,12,10-06-2025 06:00,LOSS
21392,8,1,10-06-2025 07:00,WIN
21393,4,17,10-06-2025 08:00,WIN
21394,17,16,10-06-2025 09:00,LOSS
21395,3,14,10-06-2025 10:00,WIN
21396,18,6,10-06-2025 11:00,LOSS
21397,8,11,10-06-2025 12:00,LOSS
21398,1,8,10-06-2025 13:00,LOSS
21399,9,6,10-06-2025 14:00,LOSS
21400,2,14,10-06-2025 15:00,LOSS
21401,10,9,10-06-2025 16:00,WIN
21402,14,3,10-06-2025 17:00,LOSS
21403,1,4,10-06-2025 18:00,LOSS
21404,10,2,10-06-2025 19:00,LOSS
21405,8,6,10-06-2025 20:00,LOSS
21406,3,8,10-06-2025 21:00,WIN
21407,13,3,10-06-2025 22:00,WIN
21408,3,16,10-06-2025 23:00,WIN
21409,7,17,11-06-2025 00:00,LOSS
21410,11,20,11-06-2025 01:00,WIN
21411,14,3,11-06-2025 02:00,WIN
21412,7,6,11-06-2025 03:00,WIN
21413,19,3,11-06-2025 04:00,WIN
21414,15,2,11-06-2025 05:00,WIN
21415,8,19,11-06-2025 06:00,LOSS
21416,1,14,11-06-2025 07:00,LOSS
21417,3,16,11-06-2025 08:00,LOSS
21418,8,4,11-06-2025 09:00,LOSS
21419,13,9,11-06-2025 10:00,WIN
21420,18,6,11-06-2025 11:00,LOSS
21421,7,15,11-06-2025 12:00,LOSS
21422,20,1,11-06-2025 13:00,LOSS
21423,6,10,11-06-2025 14:00,LOSS
21424,8,20,11-06-2025 15:00,LOSS
21425,4,11,11-06-2025 16:00,LOSS
21426,14,19,11-06-2025 17:00,WIN
21427,19,4,11-06-2025 18:00,LOSS
21428,9,2,11-06-2025 19:00,WIN
21429,13,6,11-06-2025 20:00,WIN
21430,12,17,11-06-2025 21:00,WIN
21431,2,4,11-06-2025 22:00,LOSS
21432,6,11,11-06-2025 23:00,LOSS
21433,20,5,12-06-2025 00:00,LOSS
21434,18,18,12-06-2025 01:00,WIN
21435,9,7,12-06-2025 02:00,WIN
21436,15,4,12-06-2025 03:00,WIN
21437,1,8,12-06-2025 04:00,LOSS
21438,7,7,12-06-2025 05:00,LOSS
21439,3,12,12-06-2025 06:00,LOSS
21440,7,19,12-06-2025 07:00,WIN
21441,13,5,12-06-2025 08:00,WIN
21442,9,8,12-06-2025 09:00,WIN
21443,2,10,12-06-2025 10:00,WIN
21444,12,4,12-06-2025 11:00,LOSS
21445,2,7,12-06-2025 12:00,LOSS
21446,13,9,12-06-2025 13:00,LOSS
21447,1,11,12-06-2025 14:00,WIN
21448,18,18,12-06-2025 15:00,LOSS
21449,3,5,12-06-2025 16:00,LOSS
21450,7,1,12-06-2025 17:00,LOSS
21451,3,15,12-06-2025 18:00,LOSS
21452,15,13,12-06-2025 19:00,WIN
21453,12,20,12-06-2025 20:00,LOSS
21454,11,19,12-06-2025 21:00,WIN
21455,13,7,12-06-2025 22:00,LOSS
21456,3,3,12-06-2025 23:00,WIN
21457,18,6,13-06-2025 00:00,WIN
21458,15,16,13-06-2025 01:00,LOSS
21459,10,13,13-06-2025 02:00,LOSS
21460,20,7,13-06-2025 03:00,LOSS
21461,4,11,13-06-2025 04:00,LOSS
21462,5,2,13-06-2025 05:00,WIN
21463,12,13,13-06-2025 06:00,LOSS
21464,19,19,13-06-2025 07:00,LOSS
21465,16,6,13-06-2025 08:00,LOSS
21466,17,9,13-06-2025 09:00,LOSS
21467,8,6,13-06-2025 10:00,LOSS
21468,2,4,13-06-2025 11:00,LOSS
21469,16,9,13-06-2025 12:00,LOSS
21470,15,6,13-06-2025 13:00,WIN
21471,11,15,13-06-2025 14:00,WIN
21472,5,14,13-06-2025 15:00,LOSS
21473,2,16,13-06-2025 16:00,WIN
21474,7,14,13-06-2025 17:00,WIN
21475,7,14,13-06-2025 18:00,WIN
21476,1,18,13-06-2025 19:00,LOSS
21477,17,2,13-06-2025 20:00,LOSS
21478,16,14,13-06-2025 21:00,LOSS
21479,17,9,13-06-2025 22:00,WIN
21480,11,17,13-06-2025 23:00,LOSS
21481,14,15,14-06-2025 00:00,LOSS
21482,13,1,14-06-2025 01:00,WIN
21483,3,2,14-06-2025 02:00,LOSS
21484,20,16,14-06-2025 03:00,LOSS
21485,8,20,14-06-2025 04:00,LOSS
21486,12,7,14-06-2025 05:00,WIN
21487,11,12,14-06-2025 06:00,WIN
21488,12,16,14-06-2025 07:00,WIN
21489,15,3,14-06-2025 08:00,WIN
21490,4,19,14-06-2025 09:00,LOSS
21491,10,14,14-06-2025 10:00,LOSS
21492,16,3,14-06-2025 11:00,WIN
21493,9,7,14-06-2025 12:00,WIN
21494,17,4,14-06-2025 13:00,WIN
21495,13,13,14-06-2025 14:00,LOSS
21496,8,5,14-06-2025 15:00,LOSS
21497,8,11,14-06-2025 16:00,LOSS
21498,3,17,14-06-2025 17:00,WIN
21499,13,19,14-06-2025 18:00,LOSS
21500,17,14,14-06-2025 19:00,WIN
21501,16,5,14-06-2025 20:00,LOSS
21502,2,17,14-06-2025 21:00,WIN
21503,10,6,14-06-2025 22:00,WIN
21504,3,5,14-06-2025 23:00,LOSS
21505,2,9,15-06-2025 00:00,LOSS
21506,1,4,15-06-2025 01:00,LOSS
21507,2,15,15-06-2025 02:00,LOSS
21508,2,13,15-06-2025 03:00,WIN
21509,6,18,15-06-2025 04:00,WIN
21510,14,6,15-06-2025 05:00,LOSS
21511,20,8,15-06-2025 06:00,WIN
21512,10,12,15-06-2025 07:00,WIN
21513,20,16,15-06-2025 08:00,WIN
21514,1,14,15-06-2025 09:00,LOSS
21515,13,4,15-06-2025 10:00,LOSS
21516,16,15,15-06-2025 11:00,WIN
21517,2,17,15-06-2025 12:00,LOSS
21518,14,3,15-06-2025 13:00,WIN
21519,19,3,15-06-2025 14:00,LOSS
21520,12,9,15-06-2025 15:00,LOSS
21521,16,6,15-06-2025 16:00,LOSS
21522,9,7,15-06-2025 17:00,WIN
21523,11,13,15-06-2025 18:00,LOSS
21524,12,18,15-06-2025 19:00,WIN
21525,4,2,15-06-2025 20:00,WIN
21526,19,12,15-06-2025 21:00,LOSS
21527,10,5,15-06-2025 22:00,WIN
21528,15,14,15-06-2025 23:00,LOSS
21529,17,12,16-06-2025 00:00,LOSS
21530,12,13,16-06-2025 01:00,LOSS
21531,1,13,16-06-2025 02:00,WIN
21532,16,18,16-06-2025 03:00,WIN
21533,8,20,16-06-2025 04:00,WIN
21534,19,17,16-06-2025 05:00,LOSS
21535,9,11,16-06-2025 06:00,LOSS
21536,11,8,16-06-2025 07:00,LOSS
21537,17,18,16-06-2025 08:00,WIN
21538,9,9,16-06-2025 09:00,WIN
21539,20,9,16-06-2025 10:00,LOSS
21540,11,4,16-06-2025 11:00,LOSS
21541,9,11,16-06-2025 12:00,LOSS
21542,2,15,16-06-2025 13:00,WIN
21543,9,4,16-06-2025 14:00,LOSS
21544,11,2,16-06-2025 15:00,WIN
21545,1,12,16-06-2025 16:00,WIN
21546,20,16,16-06-2025 17:00,LOSS
21547,5,12,16-06-2025 18:00,WIN
21548,18,18,16-06-2025 19:00,LOSS
21549,8,11,16-06-2025 20:00,WIN
21550,18,4,16-06-2025 21:00,WIN
21551,9,7,16-06-2025 22:00,WIN
21552,2,18,16-06-2025 23:00,WIN
21553,17,8,17-06-2025 00:00,WIN
21554,11,4,17-06-2025 01:00,LOSS
21555,14,6,17-06-2025 02:00,WIN
21556,6,3,17-06-2025 03:00,WIN
21557,5,14,17-06-2025 04:00,LOSS
21558,12,4,17-06-2025 05:00,WIN
21559,12,7,17-06-2025 06:00,LOSS
21560,10,5,17-06-2025 07:00,LOSS
21561,3,12,17-06-2025 08:00,WIN
21562,19,8,17-06-2025 09:00,LOSS
21563,20,8,17-06-2025 10:00,LOSS
21564,17,20,17-06-2025 11:00,LOSS
21565,15,4,17-06-2025 12:00,LOSS
21566,4,11,17-06-2025 13:00,LOSS
21567,6,19,17-06-2025 14:00,WIN
21568,2,2,17-06-2025 15:00,WIN
21569,12,17,17-06-2025 16:00,LOSS
21570,16,20,17-06-2025 17:00,WIN
21571,7,4,17-06-2025 18:00,WIN
21572,17,20,17-06-2025 19:00,LOSS
21573,14,16,17-06-2025 20:00,LOSS
21574,9,11,17-06-2025 21:00,LOSS
21575,13,2,17-06-2025 22:00,WIN
21576,18,15,17-06-2025 23:00,WIN
21577,12,8,18-06-2025 00:00,WIN
21578,13,2,18-06-2025 01:00,LOSS
21579,16,5,18-06-2025 02:00,WIN
21580,17,1,18-06-2025 03:00,LOSS
21581,20,10,18-06-2025 04:00,WIN
21582,11,16,18-06-2025 05:00,LOSS
21583,5,11,18-06-2025 06:00,LOSS
21584,15,1,18-06-2025 07:00,WIN
21585,1,13,18-06-2025 08:00,LOSS
21586,17,19,18-06-2025 09:00,WIN
21587,18,9,18-06-2025 10:00,LOSS
21588,9,18,18-06-2025 11:00,WIN
21589,17,18,18-06-2025 12:00,LOSS
21590,3,7,18-06-2025 13:00,LOSS
21591,8,4,18-06-2025 14:00,LOSS
21592,11,9,18-06-2025 15:00,LOSS
21593,17,13,18-06-2025 16:00,WIN
21594,16,6,18-06-2025 17:00,WIN
21595,20,13,18-06-2025 18:00,LOSS
21596,14,18,18-06-2025 19:00,WIN
21597,17,14,18-06-2025 20:00,WIN
21598,7,14,18-06-2025 21:00,LOSS
21599,11,13,18-06-2025 22:00,LOSS
21600,17,11,18-06-2025 23:00,LOSS
21601,13,16,19-06-2025 00:00,LOSS
21602,19,18,19-06-2025 01:00,LOSS
21603,17,16,19-06-2025 02:00,WIN
21604,11,7,19-06-2025 03:00,LOSS
21605,4,17,19-06-2025 04:00,LOSS
21606,16,1,19-06-2025 05:00,LOSS
21607,1,1,19-06-2025 06:00,LOSS
21608,13,5,19-06-2025 07:00,WIN
21609,17,1,19-06-2025 08:00,LOSS
21610,15,11,19-06-2025 09:00,WIN
21611,10,8,19-06-2025 10:00,LOSS
21612,1,18,19-06-2025 11:00,WIN
21613,15,12,19-06-2025 12:00,LOSS
21614,11,12,19-06-2025 13:00,LOSS
21615,13,3,19-06-2025 14:00,LOSS
21616,3,14,19-06-2025 15:00,LOSS
21617,16,13,19-06-2025 16:00,WIN
21618,14,19,19-06-2025 17:00,LOSS
21619,11,20,19-06-2025 18:00,WIN
21620,10,2,19-06-2025 19:00,WIN
21621,13,12,19-06-2025 20:00,LOSS
21622,7,12,19-06-2025 21:00,WIN
21623,17,10,19-06-2025 22:00,LOSS
21624,16,4,19-06-2025 23:00,WIN
21625,5,17,20-06-2025 00:00,LOSS
21626,6,7,20-06-2025 01:00,LOSS
21627,2,5,20-06-2025 02:00,WIN
21628,3,4,20-06-2025 03:00,WIN
21629,10,18,20-06-2025 04:00,LOSS
21630,16,13,20-06-2025 05:00,LOSS
21631,1,13,20-06-2025 06:00,WIN
21632,20,8,20-06-2025 07:00,WIN
21633,3,12,20-06-2025 08:00,LOSS
21634,4,15,20-06-2025 09:00,WIN
21635,19,16,20-06-2025 10:00,LOSS
21636,4,19,20-06-2025 11:00,WIN
21637,7,5,20-06-2025 12:00,LOSS
21638,9,3,20-06-2025 13:00,LOSS
21639,20,10,20-06-2025 14:00,LOSS
21640,7,4,20-06-2025 15:00,WIN
21641,3,12,20-06-2025 16:00,WIN
21642,5,1,20-06-2025 17:00,WIN
21643,4,5,20-06-2025 18:00,WIN
21644,11,5,20-06-2025 19:00,WIN
21645,10,15,20-06-2025 20:00,WIN
21646,14,7,20-06-2025 21:00,LOSS
21647,17,17,20-06-2025 22:00,LOSS
21648,2,8,20-06-2025 23:00,LOSS
21649,10,16,21-06-2025 00:00,WIN
21650,7,1,21-06-2025 01:00,WIN
21651,3,11,21-06-2025 02:00,WIN
21652,1,19,21-06-2025 03:00,LOSS
21653,9,6,21-06-2025 04:00,LOSS
21654,4,19,21-06-2025 05:00,LOSS
21655,3,9,21-06-2025 06:00,WIN
21656,5,5,21-06-2025 07:00,LOSS
21657,17,14,21-06-2025 08:00,WIN
21658,17,20,21-06-2025 09:00,LOSS
21659,13,13,21-06-2025 10:00,WIN
21660,1,13,21-06-2025 11:00,LOSS
21661,13,20,21-06-2025 12:00,WIN
21662,7,15,21-06-2025 13:00,WIN
21663,12,13,21-06-2025 14:00,WIN
21664,9,7,21-06-2025 15:00,LOSS
21665,18,2,21-06-2025 16:00,LOSS
21666,20,20,21-06-2025 17:00,LOSS
21667,13,17,21-06-2025 18:00,LOSS
21668,1,4,21-06-2025 19:00,WIN
21669,2,4,21-06-2025 20:00,WIN
21670,8,18,21-06-2025 21:00,WIN
21671,2,5,21-06-2025 22:00,WIN
21672,12,7,21-06-2025 23:00,LOSS
21673,1,4,22-06-2025 00:00,WIN
21674,9,15,22-06-2025 01:00,LOSS
21675,6,11,22-06-2025 02:00,LOSS
21676,18,4,22-06-2025 03:00,LOSS
21677,1,19,22-06-2025 04:00,LOSS
21678,6,16,22-06-2025 05:00,LOSS
21679,20,10,22-06-2025 06:00,LOSS
21680,16,11,22-06-2025 07:00,LOSS
21681,2,17,22-06-2025 08:00,LOSS
21682,2,11,22-06-2025 09:00,WIN
21683,20,11,22-06-2025 10:00,WIN
21684,7,6,22-06-2025 11:00,LOSS
21685,16,16,22-06-2025 12:00,LOSS
21686,19,13,22-06-2025 13:00,WIN
21687,7,19,22-06-2025 14:00,LOSS
21688,3,1,22-06-2025 15:00,WIN
21689,18,20,22-06-2025 16:00,LOSS
21690,2,14,22-06-2025 17:00,LOSS
21691,9,11,22-06-2025 18:00,LOSS
21692,5,20,22-06-2025 19:00,LOSS
21693,11,8,22-06-2025 20:00,WIN
21694,3,6,22-06-2025 21:00,LOSS
21695,2,19,22-06-2025 22:00,WIN
21696,19,11,22-06-2025 23:00,LOSS
21697,11,6,23-06-2025 00:00,WIN
21698,12,11,23-06-2025 01:00,WIN
21699,15,5,23-06-2025 02:00,WIN
21700,17,2,23-06-2025 03:00,WIN
21701,2,16,23-06-2025 04:00,LOSS
21702,1,6,23-06-2025 05:00,LOSS
21703,4,14,23-06-2025 06:00,LOSS
21704,17,14,23-06-2025 07:00,WIN
21705,7,13,23-06-2025 08:00,LOSS
21706,5,8,23-06-2025 09:00,LOSS
21707,8,11,23-06-2025 10:00,LOSS
21708,1,14,23-06-2025 11:00,WIN
21709,10,3,23-06-2025 12:00,WIN
21710,4,16,23-06-2025 13:00,LOSS
21711,14,14,23-06-2025 14:00,LOSS
21712,9,8,23-06-2025 15:00,WIN
21713,17,17,23-06-2025 16:00,WIN
21714,14,7,23-06-2025 17:00,LOSS
21715,19,5,23-06-2025 18:00,WIN
21716,2,20,23-06-2025 19:00,WIN
21717,14,5,23-06-2025 20:00,LOSS
21718,9,17,23-06-2025 21:00,WIN
21719,5,6,23-06-2025 22:00,LOSS
21720,15,15,23-06-2025 23:00,WIN
21721,6,13,24-06-2025 00:00,WIN
21722,16,9,24-06-2025 01:00,WIN
21723,11,15,24-06-2025 02:00,WIN
21724,9,12,24-06-2025 03:00,WIN
21725,12,9,24-06-2025 04:00,WIN
21726,8,10,24-06-2025 05:00,LOSS
21727,17,16,24-06-2025 06:00,WIN
21728,12,2,24-06-2025 07:00,WIN
21729,1,2,24-06-2025 08:00,LOSS
21730,8,10,24-06-2025 09:00,LOSS
21731,1,8,24-06-2025 10:00,WIN
21732,13,16,24-06-2025 11:00,WIN
21733,5,3,24-06-2025 12:00,LOSS
21734,20,17,24-06-2025 13:00,WIN
21735,5,18,24-06-2025 14:00,WIN
21736,8,12,24-06-2025 15:00,WIN
21737,11,10,24-06-2025 16:00,LOSS
21738,20,12,24-06-2025 17:00,LOSS
21739,8,6,24-06-2025 18:00,WIN
21740,10,17,24-06-2025 19:00,LOSS
21741,5,12,24-06-2025 20:00,WIN
21742,20,14,24-06-2025 21:00,WIN
21743,3,1,24-06-2025 22:00,WIN
21744,5,16,24-06-2025 23:00,LOSS
21745,15,16,25-06-2025 00:00,LOSS
21746,14,6,25-06-2025 01:00,LOSS
21747,5,16,25-06-2025 02:00,WIN
21748,2,17,25-06-2025 03:00,LOSS
21749,7,8,25-06-2025 04:00,WIN
21750,7,5,25-06-2025 05:00,WIN
21751,14,3,25-06-2025 06:00,LOSS
21752,15,6,25-06-2025 07:00,LOSS
21753,17,17,25-06-2025 08:00,WIN
21754,9,15,25-06-2025 09:00,LOSS
21755,4,13,25-06-2025 10:00,WIN
21756,16,17,25-06-2025 11:00,LOSS
21757,14,12,25-06-2025 12:00,LOSS
21758,1,15,25-06-2025 13:00,WIN
21759,2,6,25-06-2025 14:00,WIN
21760,13,10,25-06-2025 15:00,LOSS
21761,8,8,25-06-2025 16:00,LOSS
21762,9,14,25-06-2025 17:00,WIN
21763,10,7,25-06-2025 18:00,LOSS
21764,20,15,25-06-2025 19:00,LOSS
21765,10,5,25-06-2025 20:00,LOSS
21766,16,9,25-06-2025 21:00,LOSS
21767,9,20,25-06-2025 22:00,LOSS
21768,6,20,25-06-2025 23:00,LOSS
21769,12,10,26-06-2025 00:00,WIN
21770,17,17,26-06-2025 01:00,WIN
21771,10,19,26-06-2025 02:00,WIN
21772,11,11,26-06-2025 03:00,WIN
21773,9,14,26-06-2025 04:00,LOSS
21774,18,6,26-06-2025 05:00,LOSS
21775,3,16,26-06-2025 06:00,LOSS
21776,5,13,26-06-2025 07:00,WIN
21777,5,16,26-06-2025 08:00,WIN
21778,5,17,26-06-2025 09:00,LOSS
21779,11,14,26-06-2025 10:00,LOSS
21780,4,15,26-06-2025 11:00,WIN
21781,5,10,26-06-2025 12:00,LOSS
21782,19,7,26-06-2025 13:00,WIN
21783,11,10,26-06-2025 14:00,WIN
21784,12,6,26-06-2025 15:00,WIN
21785,17,14,26-06-2025 16:00,LOSS
21786,15,20,26-06-2025 17:00,LOSS
21787,2,17,26-06-2025 18:00,WIN
21788,1,9,26-06-2025 19:00,WIN
21789,6,16,26-06-2025 20:00,LOSS
21790,1,7,26-06-2025 21:00,LOSS
21791,15,4,26-06-2025 22:00,WIN
21792,2,11,26-06-2025 23:00,WIN
21793,8,2,27-06-2025 00:00,LOSS
21794,16,8,27-06-2025 01:00,WIN
21795,16,14,27-06-2025 02:00,LOSS
21796,16,17,27-06-2025 03:00,WIN
21797,20,12,27-06-2025 04:00,WIN
21798,19,20,27-06-2025 05:00,WIN
21799,2,13,27-06-2025 06:00,WIN
21800,20,1,27-06-2025 07:00,WIN
21801,14,2,27-06-2025 08:00,WIN
21802,2,10,27-06-2025 09:00,WIN
21803,19,6,27-06-2025 10:00,WIN
21804,2,13,27-06-2025 11:00,LOSS
21805,18,17,27-06-2025 12:00,LOSS
21806,17,7,27-06-2025 13:00,LOSS
21807,19,7,27-06-2025 14:00,LOSS
21808,14,8,27-06-2025 15:00,LOSS
21809,17,14,27-06-2025 16:00,LOSS
21810,16,2,27-06-2025 17:00,LOSS
21811,19,7,27-06-2025 18:00,LOSS
21812,17,17,27-06-2025 19:00,WIN
21813,12,1,27-06-2025 20:00,LOSS
21814,4,14,27-06-2025 21:00,WIN
21815,8,1,27-06-2025 22:00,LOSS
21816,1,8,27-06-2025 23:00,LOSS
21817,14,9,28-06-2025 00:00,LOSS
21818,9,8,28-06-2025 01:00,LOSS
21819,18,17,28-06-2025 02:00,WIN
21820,12,13,28-06-2025 03:00,LOSS
21821,2,8,28-06-2025 04:00,WIN
21822,6,6,28-06-2025 05:00,WIN
21823,5,19,28-06-2025 06:00,WIN
21824,18,12,28-06-2025 07:00,WIN
21825,14,15,28-06-2025 08:00,WIN
21826,15,9,28-06-2025 09:00,WIN
21827,13,14,28-06-2025 10:00,WIN
21828,9,3,28-06-2025 11:00,WIN
21829,19,12,28-06-2025 12:00,WIN
21830,1,11,28-06-2025 13:00,LOSS
21831,8,3,28-06-2025 14:00,LOSS
21832,16,8,28-06-2025 15:00,WIN
21833,7,1,28-06-2025 16:00,WIN
21834,16,17,28-06-2025 17:00,LOSS
21835,13,18,28-06-2025 18:00,LOSS
21836,13,10,28-06-2025 19:00,LOSS
21837,20,12,28-06-2025 20:00,WIN
21838,19,17,28-06-2025 21:00,WIN
21839,11,10,28-06-2025 22:00,WIN
21840,16,14,28-06-2025 23:00,LOSS
21841,9,9,29-06-2025 00:00,WIN
21842,13,8,29-06-2025 01:00,LOSS
21843,19,19,29-06-2025 02:00,LOSS
21844,10,17,29-06-2025 03:00,LOSS
21845,7,15,29-06-2025 04:00,LOSS
21846,17,6,29-06-2025 05:00,LOSS
21847,10,7,29-06-2025 06:00,LOSS
21848,2,18,29-06-2025 07:00,LOSS
21849,18,16,29-06-2025 08:00,WIN
21850,16,11,29-06-2025 09:00,WIN
21851,3,9,29-06-2025 10:00,LOSS
21852,20,20,29-06-2025 11:00,LOSS
21853,1,10,29-06-2025 12:00,LOSS
21854,5,13,29-06-2025 13:00,LOSS
21855,1,7,29-06-2025 14:00,LOSS
21856,7,2,29-06-2025 15:00,LOSS
21857,18,18,29-06-2025 16:00,WIN
21858,4,6,29-06-2025 17:00,LOSS
21859,9,2,29-06-2025 18:00,LOSS
21860,1,15,29-06-2025 19:00,LOSS
21861,1,11,29-06-2025 20:00,WIN
21862,6,3,29-06-2025 21:00,WIN
21863,17,9,29-06-2025 22:00,LOSS
21864,16,13,29-06-2025 23:00,WIN
21865,19,11,30-06-2025 00:00,WIN
21866,4,13,30-06-2025 01:00,WIN
21867,10,11,30-06-2025 02:00,WIN
21868,16,10,30-06-2025 03:00,WIN
21869,7,5,30-06-2025 04:00,WIN
21870,2,4,30-06-2025 05:00,LOSS
21871,20,7,30-06-2025 06:00,LOSS
21872,7,7,30-06-2025 07:00,LOSS
21873,7,13,30-06-2025 08:00,WIN
21874,5,14,30-06-2025 09:00,LOSS
21875,15,9,30-06-2025 10:00,LOSS
21876,19,10,30-06-2025 11:00,LOSS
21877,10,14,30-06-2025 12:00,WIN
21878,5,2,30-06-2025 13:00,LOSS
21879,5,3,30-06-2025 14:00,WIN
21880,18,9,30-06-2025 15:00,WIN
21881,4,20,30-06-2025 16:00,WIN
21882,14,10,30-06-2025 17:00,WIN
21883,18,4,30-06-2025 18:00,LOSS
21884,9,9,30-06-2025 19:00,LOSS
21885,17,9,30-06-2025 20:00,WIN
21886,12,9,30-06-2025 21:00,WIN
21887,18,16,30-06-2025 22:00,LOSS
21888,16,3,30-06-2025 23:00,LOSS
21889,3,14,01-07-2025 00:00,LOSS
21890,19,20,01-07-2025 01:00,WIN
21891,10,13,01-07-2025 02:00,LOSS
21892,20,17,01-07-2025 03:00,WIN
21893,7,19,01-07-2025 04:00,LOSS
21894,1,7,01-07-2025 05:00,LOSS
21895,1,7,01-07-2025 06:00,LOSS
21896,15,7,01-07-2025 07:00,LOSS
21897,1,16,01-07-2025 08:00,WIN
21898,9,1,01-07-2025 09:00,LOSS
21899,14,18,01-07-2025 10:00,LOSS
21900,13,14,01-07-2025 11:00,WIN
21901,19,3,01-07-2025 12:00,WIN
21902,16,11,01-07-2025 13:00,LOSS
21903,17,2,01-07-2025 14:00,LOSS
21904,9,18,01-07-2025 15:00,LOSS
21905,14,16,01-07-2025 16:00,WIN
21906,3,19,01-07-2025 17:00,LOSS
21907,9,14,01-07-2025 18:00,LOSS
21908,20,5,01-07-2025 19:00,LOSS
21909,1,2,01-07-2025 20:00,LOSS
21910,5,17,01-07-2025 21:00,LOSS
21911,6,19,01-07-2025 22:00,WIN
21912,20,11,01-07-2025 23:00,LOSS
21913,14,9,02-07-2025 00:00,LOSS
21914,10,16,02-07-2025 01:00,WIN
21915,8,19,02-07-2025 02:00,LOSS
21916,15,11,02-07-2025 03:00,LOSS
21917,1,14,02-07-2025 04:00,WIN
21918,16,11,02-07-2025 05:00,WIN
21919,20,15,02-07-2025 06:00,LOSS
21920,7,10,02-07-2025 07:00,LOSS
21921,1,10,02-07-2025 08:00,LOSS
21922,5,3,02-07-2025 09:00,LOSS
21923,10,7,02-07-2025 10:00,WIN
21924,5,1,02-07-2025 11:00,WIN
21925,8,13,02-07-2025 12:00,WIN
21926,6,19,02-07-2025 13:00,WIN
21927,10,3,02-07-2025 14:00,WIN
21928,14,15,02-07-2025 15:00,LOSS
21929,8,17,02-07-2025 16:00,WIN
21930,6,1,02-07-2025 17:00,WIN
21931,9,13,02-07-2025 18:00,LOSS
21932,15,8,02-07-2025 19:00,LOSS
21933,16,6,02-07-2025 20:00,LOSS
21934,1,12,02-07-2025 21:00,WIN
21935,14,8,02-07-2025 22:00,WIN
21936,20,20,02-07-2025 23:00,LOSS
21937,18,13,03-07-2025 00:00,LOSS
21938,7,13,03-07-2025 01:00,LOSS
21939,12,13,03-07-2025 02:00,WIN
21940,10,8,03-07-2025 03:00,WIN
21941,15,18,03-07-2025 04:00,LOSS
21942,7,20,03-07-2025 05:00,LOSS
21943,5,1,03-07-2025 06:00,LOSS
21944,11,8,03-07-2025 07:00,WIN
21945,3,16,03-07-2025 08:00,LOSS
21946,4,12,03-07-2025 09:00,LOSS
21947,11,2,03-07-2025 10:00,WIN
21948,15,16,03-07-2025 11:00,LOSS
21949,15,18,03-07-2025 12:00,WIN
21950,17,11,03-07-2025 13:00,LOSS
21951,11,11,03-07-2025 14:00,WIN
21952,6,5,03-07-2025 15:00,WIN
21953,7,11,03-07-2025 16:00,LOSS
21954,11,17,03-07-2025 17:00,WIN
21955,5,12,03-07-2025 18:00,LOSS
21956,1,12,03-07-2025 19:00,LOSS
21957,1,8,03-07-2025 20:00,LOSS
21958,13,10,03-07-2025 21:00,WIN
21959,2,6,03-07-2025 22:00,LOSS
21960,18,1,03-07-2025 23:00,WIN
21961,6,11,04-07-2025 00:00,WIN
21962,14,9,04-07-2025 01:00,WIN
21963,11,3,04-07-2025 02:00,LOSS
21964,5,14,04-07-2025 03:00,WIN
21965,19,13,04-07-2025 04:00,WIN
21966,13,20,04-07-2025 05:00,LOSS
21967,12,3,04-07-2025 06:00,LOSS
21968,9,20,04-07-2025 07:00,WIN
21969,4,17,04-07-2025 08:00,WIN
21970,6,19,04-07-2025 09:00,LOSS
21971,4,15,04-07-2025 10:00,LOSS
21972,1,5,04-07-2025 11:00,WIN
21973,17,9,04-07-2025 12:00,LOSS
21974,17,17,04-07-2025 13:00,LOSS
21975,10,14,04-07-2025 14:00,LOSS
21976,18,5,04-07-2025 15:00,WIN
21977,14,11,04-07-2025 16:00,LOSS
21978,3,7,04-07-2025 17:00,LOSS
21979,17,12,04-07-2025 18:00,LOSS
21980,4,4,04-07-2025 19:00,LOSS
21981,2,16,04-07-2025 20:00,LOSS
21982,15,2,04-07-2025 21:00,WIN
21983,6,16,04-07-2025 22:00,LOSS
21984,9,2,04-07-2025 23:00,LOSS
21985,7,11,05-07-2025 00:00,LOSS
21986,10,19,05-07-2025 01:00,WIN
21987,2,19,05-07-2025 02:00,WIN
21988,20,13,05-07-2025 03:00,WIN
21989,14,7,05-07-2025 04:00,LOSS
21990,6,13,05-07-2025 05:00,WIN
21991,5,20,05-07-2025 06:00,LOSS
21992,5,16,05-07-2025 07:00,LOSS
21993,20,17,05-07-2025 08:00,LOSS
21994,12,11,05-07-2025 09:00,WIN
21995,8,14,05-07-2025 10:00,LOSS
21996,7,2,05-07-2025 11:00,WIN
21997,16,15,05-07-2025 12:00,LOSS
21998,18,13,05-07-2025 13:00,LOSS
21999,16,13,05-07-2025 14:00,LOSS
22000,19,5,05-07-2025 15:00,WIN
22001,10,17,05-07-2025 16:00,WIN
22002,9,4,05-07-2025 17:00,WIN
22003,6,6,05-07-2025 18:00,LOSS
22004,18,6,05-07-2025 19:00,WIN
22005,3,3,05-07-2025 20:00,WIN
22006,14,20,05-07-2025 21:00,WIN
22007,5,1,05-07-2025 22:00,WIN
22008,14,16,05-07-2025 23:00,WIN
22009,18,17,06-07-2025 00:00,WIN
22010,3,20,06-07-2025 01:00,WIN
22011,7,6,06-07-2025 02:00,LOSS
22012,2,12,06-07-2025 03:00,LOSS
22013,6,12,06-07-2025 04:00,LOSS
22014,10,19,06-07-2025 05:00,LOSS
22015,19,16,06-07-2025 06:00,WIN
22016,13,17,06-07-2025 07:00,WIN
22017,11,17,06-07-2025 08:00,LOSS
22018,9,18,06-07-2025 09:00,LOSS
22019,17,15,06-07-2025 10:00,LOSS
22020,11,6,06-07-2025 11:00,WIN
22021,13,9,06-07-2025 12:00,LOSS
22022,3,11,06-07-2025 13:00,LOSS
22023,10,8,06-07-2025 14:00,LOSS
22024,1,5,06-07-2025 15:00,WIN
22025,5,15,06-07-2025 16:00,WIN
22026,12,10,06-07-2025 17:00,WIN
22027,7,3,06-07-2025 18:00,WIN
22028,12,7,06-07-2025 19:00,WIN
22029,7,6,06-07-2025 20:00,LOSS
22030,12,5,06-07-2025 21:00,WIN
22031,4,8,06-07-2025 22:00,LOSS
22032,17,5,06-07-2025 23:00,LOSS
22033,16,16,07-07-2025 00:00,LOSS
22034,18,12,07-07-2025 01:00,LOSS
22035,2,7,07-07-2025 02:00,LOSS
22036,17,4,07-07-2025 03:00,LOSS
22037,10,6,07-07-2025 04:00,WIN
22038,16,12,07-07-2025 05:00,WIN
22039,7,13,07-07-2025 06:00,WIN
22040,14,18,07-07-2025 07:00,LOSS
22041,20,18,07-07-2025 08:00,WIN
22042,15,10,07-07-2025 09:00,LOSS
22043,10,7,07-07-2025 10:00,LOSS
22044,8,7,07-07-2025 11:00,LOSS
22045,2,3,07-07-2025 12:00,LOSS
22046,17,19,07-07-2025 13:00,LOSS
22047,9,13,07-07-2025 14:00,WIN
22048,9,18,07-07-2025 15:00,WIN
22049,15,16,07-07-2025 16:00,LOSS
22050,13,10,07-07-2025 17:00,WIN
22051,9,15,07-07-2025 18:00,LOSS
22052,4,11,07-07-2025 19:00,WIN
22053,9,9,07-07-2025 20:00,LOSS
22054,9,6,07-07-2025 21:00,LOSS
22055,15,8,07-07-2025 22:00,LOSS
22056,11,12,07-07-2025 23:00,WIN
22057,13,18,08-07-2025 00:00,WIN
22058,17,9,08-07-2025 01:00,LOSS
22059,1,11,08-07-2025 02:00,WIN
22060,3,18,08-07-2025 03:00,LOSS
22061,3,10,08-07-2025 04:00,WIN
22062,15,1,08-07-2025 05:00,WIN
22063,5,3,08-07-2025 06:00,WIN
22064,4,12,08-07-2025 07:00,LOSS
22065,1,7,08-07-2025 08:00,LOSS
22066,4,15,08-07-2025 09:00,LOSS
22067,8,14,08-07-2025 10:00,WIN
22068,7,13,08-07-2025 11:00,LOSS
22069,1,17,08-07-2025 12:00,LOSS
22070,5,20,08-07-2025 13:00,LOSS
22071,13,16,08-07-2025 14:00,LOSS
22072,12,5,08-07-2025 15:00,LOSS
22073,8,9,08-07-2025 16:00,LOSS
22074,17,15,08-07-2025 17:00,WIN
22075,2,9,08-07-2025 18:00,WIN
22076,18,12,08-07-2025 19:00,WIN
22077,9,6,08-07-2025 20:00,LOSS
22078,9,17,08-07-2025 21:00,LOSS
22079,13,4,08-07-2025 22:00,LOSS
22080,18,10,08-07-2025 23:00,LOSS
22081,17,16,09-07-2025 00:00,LOSS
22082,7,16,09-07-2025 01:00,LOSS
22083,7,14,09-07-2025 02:00,LOSS
22084,19,19,09-07-2025 03:00,LOSS
22085,2,1,09-07-2025 04:00,WIN
22086,16,7,09-07-2025 05:00,WIN
22087,2,11,09-07-2025 06:00,LOSS
22088,15,16,09-07-2025 07:00,WIN
22089,16,1,09-07-2025 08:00,WIN
22090,16,15,09-07-2025 09:00,LOSS
22091,6,18,09-07-2025 10:00,WIN
22092,11,2,09-07-2025 11:00,LOSS
22093,9,15,09-07-2025 12:00,LOSS
22094,18,19,09-07-2025 13:00,WIN
22095,6,12,09-07-2025 14:00,WIN
22096,4,12,09-07-2025 15:00,LOSS
22097,18,10,09-07-2025 16:00,LOSS
22098,2,15,09-07-2025 17:00,LOSS
22099,13,5,09-07-2025 18:00,LOSS
22100,1,5,09-07-2025 19:00,WIN
22101,9,6,09-07-2025 20:00,WIN
22102,14,1,09-07-2025 21:00,LOSS
22103,4,6,09-07-2025 22:00,LOSS
22104,4,16,09-07-2025 23:00,WIN
22105,20,1,10-07-2025 00:00,LOSS
22106,15,9,10-07-2025 01:00,WIN
22107,15,20,10-07-2025 02:00,LOSS
22108,13,2,10-07-2025 03:00,LOSS
22109,14,20,10-07-2025 04:00,LOSS
22110,1,19,10-07-2025 05:00,WIN
22111,1,2,10-07-2025 06:00,WIN
22112,1,2,10-07-2025 07:00,WIN
22113,15,1,10-07-2025 08:00,LOSS
22114,1,10,10-07-2025 09:00,LOSS
22115,6,15,10-07-2025 10:00,LOSS
22116,7,18,10-07-2025 11:00,LOSS
22117,2,7,10-07-2025 12:00,LOSS
22118,9,5,10-07-2025 13:00,WIN
22119,4,20,10-07-2025 14:00,WIN
22120,18,7,10-07-2025 15:00,LOSS
22121,15,12,10-07-2025 16:00,LOSS
22122,8,12,10-07-2025 17:00,LOSS
22123,7,14,10-07-2025 18:00,LOSS
22124,8,9,10-07-2025 19:00,LOSS
22125,13,14,10-07-2025 20:00,WIN
22126,3,8,10-07-2025 21:00,WIN
22127,6,16,10-07-2025 22:00,WIN
22128,7,2,10-07-2025 23:00,WIN
22129,5,17,11-07-2025 00:00,WIN
22130,18,3,11-07-2025 01:00,WIN
22131,15,9,11-07-2025 02:00,LOSS
22132,2,6,11-07-2025 03:00,LOSS
22133,20,3,11-07-2025 04:00,LOSS
22134,10,3,11-07-2025 05:00,WIN
22135,4,14,11-07-2025 06:00,WIN
22136,12,1,11-07-2025 07:00,LOSS
22137,15,10,11-07-2025 08:00,LOSS
22138,11,17,11-07-2025 09:00,LOSS
22139,14,7,11-07-2025 10:00,LOSS
22140,7,8,11-07-2025 11:00,LOSS
22141,14,2,11-07-2025 12:00,WIN
22142,8,10,11-07-2025 13:00,LOSS
22143,14,17,11-07-2025 14:00,WIN
22144,6,10,11-07-2025 15:00,WIN
22145,18,1,11-07-2025 16:00,LOSS
22146,14,15,11-07-2025 17:00,LOSS
22147,8,13,11-07-2025 18:00,LOSS
22148,4,12,11-07-2025 19:00,WIN
22149,12,11,11-07-2025 20:00,LOSS
22150,5,10,11-07-2025 21:00,WIN
22151,13,12,11-07-2025 22:00,WIN
22152,19,14,11-07-2025 23:00,WIN
22153,12,8,12-07-2025 00:00,WIN
22154,18,7,12-07-2025 01:00,LOSS
22155,6,15,12-07-2025 02:00,WIN
22156,6,8,12-07-2025 03:00,WIN
22157,17,5,12-07-2025 04:00,WIN
22158,16,13,12-07-2025 05:00,WIN
22159,12,7,12-07-2025 06:00,LOSS
22160,5,19,12-07-2025 07:00,LOSS
22161,14,16,12-07-2025 08:00,LOSS
22162,16,7,12-07-2025 09:00,WIN
22163,5,17,12-07-2025 10:00,LOSS
22164,8,6,12-07-2025 11:00,LOSS
22165,7,15,12-07-2025 12:00,LOSS
22166,13,3,12-07-2025 13:00,LOSS
22167,3,2,12-07-2025 14:00,WIN
22168,14,12,12-07-2025 15:00,WIN
22169,17,14,12-07-2025 16:00,LOSS
22170,7,19,12-07-2025 17:00,WIN
22171,9,18,12-07-2025 18:00,WIN
22172,10,2,12-07-2025 19:00,WIN
22173,10,11,12-07-2025 20:00,WIN
22174,13,2,12-07-2025 21:00,LOSS
22175,10,5,12-07-2025 22:00,WIN
22176,6,3,12-07-2025 23:00,LOSS
22177,14,16,13-07-2025 00:00,WIN
22178,5,6,13-07-2025 01:00,WIN
22179,13,10,13-07-2025 02:00,WIN
22180,8,3,13-07-2025 03:00,LOSS
22181,9,14,13-07-2025 04:00,LOSS
22182,20,12,13-07-2025 05:00,WIN
22183,10,12,13-07-2025 06:00,LOSS
22184,1,5,13-07-2025 07:00,LOSS
22185,5,14,13-07-2025 08:00,LOSS
22186,20,8,13-07-2025 09:00,LOSS
22187,4,14,13-07-2025 10:00,WIN
22188,1,20,13-07-2025 11:00,LOSS
22189,19,13,13-07-2025 12:00,LOSS
22190,19,1,13-07-2025 13:00,WIN
22191,15,2,13-07-2025 14:00,LOSS
22192,11,17,13-07-2025 15:00,WIN
22193,5,4,13-07-2025 16:00,WIN
22194,3,6,13-07-2025 17:00,WIN
22195,17,18,13-07-2025 18:00,LOSS
22196,16,18,13-07-2025 19:00,WIN
22197,8,18,13-07-2025 20:00,LOSS
22198,20,8,13-07-2025 21:00,LOSS
22199,3,4,13-07-2025 22:00,WIN
22200,12,6,13-07-2025 23:00,WIN
22201,8,18,14-07-2025 00:00,LOSS
22202,15,15,14-07-2025 01:00,LOSS
22203,11,8,14-07-2025 02:00,LOSS
22204,13,20,14-07-2025 03:00,LOSS
22205,8,13,14-07-2025 04:00,LOSS
22206,13,3,14-07-2025 05:00,LOSS
22207,16,17,14-07-2025 06:00,WIN
22208,18,5,14-07-2025 07:00,LOSS
22209,16,11,14-07-2025 08:00,LOSS
22210,13,16,14-07-2025 09:00,WIN
22211,14,3,14-07-2025 10:00,LOSS
22212,8,20,14-07-2025 11:00,WIN
22213,20,18,14-07-2025 12:00,WIN
22214,2,12,14-07-2025 13:00,LOSS
22215,20,20,14-07-2025 14:00,WIN
22216,8,15,14-07-2025 15:00,LOSS
22217,6,4,14-07-2025 16:00,LOSS
22218,13,13,14-07-2025 17:00,WIN
22219,3,8,14-07-2025 18:00,WIN
22220,7,14,14-07-2025 19:00,WIN
22221,6,4,14-07-2025 20:00,WIN
22222,5,10,14-07-2025 21:00,WIN
22223,16,19,14-07-2025 22:00,WIN
22224,3,1,14-07-2025 23:00,WIN
22225,5,3,15-07-2025 00:00,WIN
22226,3,6,15-07-2025 01:00,WIN
22227,15,12,15-07-2025 02:00,LOSS
22228,2,1,15-07-2025 03:00,WIN
22229,15,12,15-07-2025 04:00,WIN
22230,13,18,15-07-2025 05:00,LOSS
22231,2,19,15-07-2025 06:00,LOSS
22232,18,10,15-07-2025 07:00,LOSS
22233,10,5,15-07-2025 08:00,LOSS
22234,4,9,15-07-2025 09:00,LOSS
22235,2,8,15-07-2025 10:00,WIN
22236,20,1,15-07-2025 11:00,WIN
22237,14,16,15-07-2025 12:00,LOSS
22238,3,14,15-07-2025 13:00,LOSS
22239,12,20,15-07-2025 14:00,LOSS
22240,5,5,15-07-2025 15:00,LOSS
22241,2,14,15-07-2025 16:00,WIN
22242,14,19,15-07-2025 17:00,LOSS
22243,5,8,15-07-2025 18:00,LOSS
22244,7,3,15-07-2025 19:00,LOSS
22245,15,17,15-07-2025 20:00,LOSS
22246,19,14,15-07-2025 21:00,LOSS
22247,19,5,15-07-2025 22:00,LOSS
22248,17,1,15-07-2025 23:00,WIN
22249,16,15,16-07-2025 00:00,LOSS
22250,8,19,16-07-2025 01:00,WIN
22251,13,16,16-07-2025 02:00,WIN
22252,11,15,16-07-2025 03:00,WIN
22253,1,3,16-07-2025 04:00,LOSS
22254,18,9,16-07-2025 05:00,WIN
22255,7,18,16-07-2025 06:00,LOSS
22256,20,9,16-07-2025 07:00,WIN
22257,3,8,16-07-2025 08:00,LOSS
22258,20,19,16-07-2025 09:00,WIN
22259,16,16,16-07-2025 10:00,WIN
22260,4,5,16-07-2025 11:00,LOSS
22261,13,13,16-07-2025 12:00,LOSS
22262,1,14,16-07-2025 13:00,LOSS
22263,1,9,16-07-2025 14:00,WIN
22264,12,18,16-07-2025 15:00,WIN
22265,13,1,16-07-2025 16:00,WIN
22266,7,18,16-07-2025 17:00,WIN
22267,3,18,16-07-2025 18:00,LOSS
22268,4,9,16-07-2025 19:00,LOSS
22269,1,11,16-07-2025 20:00,LOSS
22270,18,11,16-07-2025 21:00,LOSS
22271,5,6,16-07-2025 22:00,WIN
22272,20,19,16-07-2025 23:00,LOSS
22273,11,4,17-07-2025 00:00,LOSS
22274,3,5,17-07-2025 01:00,LOSS
22275,18,15,17-07-2025 02:00,WIN
22276,17,2,17-07-2025 03:00,LOSS
22277,14,15,17-07-2025 04:00,WIN
22278,1,9,17-07-2025 05:00,LOSS
22279,17,1,17-07-2025 06:00,LOSS
22280,7,17,17-07-2025 07:00,LOSS
22281,16,5,17-07-2025 08:00,LOSS
22282,1,11,17-07-2025 09:00,WIN
22283,15,20,17-07-2025 10:00,LOSS
22284,2,10,17-07-2025 11:00,WIN
22285,2,6,17-07-2025 12:00,LOSS
22286,5,9,17-07-2025 13:00,LOSS
22287,4,17,17-07-2025 14:00,LOSS
22288,3,13,17-07-2025 15:00,WIN
22289,8,11,17-07-2025 16:00,LOSS
22290,14,17,17-07-2025 17:00,WIN
22291,6,7,17-07-2025 18:00,LOSS
22292,11,19,17-07-2025 19:00,LOSS
22293,5,10,17-07-2025 20:00,WIN
22294,5,19,17-07-2025 21:00,LOSS
22295,14,13,17-07-2025 22:00,WIN
22296,17,7,17-07-2025 23:00,WIN
22297,19,17,18-07-2025 00:00,LOSS
22298,11,4,18-07-2025 01:00,WIN
22299,7,15,18-07-2025 02:00,WIN
22300,13,7,18-07-2025 03:00,WIN
22301,19,14,18-07-2025 04:00,LOSS
22302,18,5,18-07-2025 05:00,LOSS
22303,16,9,18-07-2025 06:00,WIN
22304,12,9,18-07-2025 07:00,WIN
22305,15,6,18-07-2025 08:00,WIN
22306,1,9,18-07-2025 09:00,WIN
22307,11,11,18-07-2025 10:00,LOSS
22308,7,6,18-07-2025 11:00,LOSS
22309,16,2,18-07-2025 12:00,LOSS
22310,9,19,18-07-2025 13:00,WIN
22311,20,9,18-07-2025 14:00,LOSS
22312,9,1,18-07-2025 15:00,LOSS
22313,12,15,18-07-2025 16:00,LOSS
22314,19,17,18-07-2025 17:00,LOSS
22315,14,7,18-07-2025 18:00,LOSS
22316,12,8,18-07-2025 19:00,WIN
22317,9,3,18-07-2025 20:00,WIN
22318,12,2,18-07-2025 21:00,WIN
22319,13,19,18-07-2025 22:00,WIN
22320,5,10,18-07-2025 23:00,LOSS
22321,5,10,19-07-2025 00:00,WIN
22322,9,18,19-07-2025 01:00,WIN
22323,19,7,19-07-2025 02:00,WIN
22324,20,16,19-07-2025 03:00,WIN
22325,6,15,19-07-2025 04:00,WIN
22326,8,18,19-07-2025 05:00,WIN
22327,18,4,19-07-2025 06:00,LOSS
22328,13,10,19-07-2025 07:00,LOSS
22329,16,3,19-07-2025 08:00,LOSS
22330,20,9,19-07-2025 09:00,LOSS
22331,5,11,19-07-2025 10:00,LOSS
22332,11,1,19-07-2025 11:00,LOSS
22333,17,20,19-07-2025 12:00,LOSS
22334,10,10,19-07-2025 13:00,LOSS
22335,7,15,19-07-2025 14:00,WIN
22336,11,14,19-07-2025 15:00,WIN
22337,8,15,19-07-2025 16:00,LOSS
22338,19,4,19-07-2025 17:00,WIN
22339,5,4,19-07-2025 18:00,LOSS
22340,16,14,19-07-2025 19:00,LOSS
22341,1,5,19-07-2025 20:00,LOSS
22342,19,20,19-07-2025 21:00,WIN
22343,10,17,19-07-2025 22:00,WIN
22344,14,2,19-07-2025 23:00,LOSS
22345,17,5,20-07-2025 00:00,WIN
22346,13,18,20-07-2025 01:00,LOSS
22347,16,4,20-07-2025 02:00,WIN
22348,19,3,20-07-2025 03:00,LOSS
22349,12,12,20-07-2025 04:00,WIN
22350,16,18,20-07-2025 05:00,LOSS
22351,17,3,20-07-2025 06:00,LOSS
22352,15,18,20-07-2025 07:00,LOSS
22353,7,5,20-07-2025 08:00,WIN
22354,19,11,20-07-2025 09:00,LOSS
22355,5,6,20-07-2025 10:00,WIN
22356,15,13,20-07-2025 11:00,LOSS
22357,15,12,20-07-2025 12:00,WIN
22358,1,16,20-07-2025 13:00,LOSS
22359,15,20,20-07-2025 14:00,WIN
22360,3,13,20-07-2025 15:00,WIN
22361,20,3,20-07-2025 16:00,WIN
22362,20,12,20-07-2025 17:00,LOSS
22363,15,4,20-07-2025 18:00,WIN
22364,8,4,20-07-2025 19:00,LOSS
22365,20,18,20-07-2025 20:00,LOSS
22366,10,9,20-07-2025 21:00,LOSS
22367,14,9,20-07-2025 22:00,WIN
22368,3,10,20-07-2025 23:00,WIN
22369,9,10,21-07-2025 00:00,WIN
22370,20,8,21-07-2025 01:00,LOSS
22371,10,17,21-07-2025 02:00,WIN
22372,2,19,21-07-2025 03:00,LOSS
22373,18,12,21-07-2025 04:00,LOSS
22374,1,12,21-07-2025 05:00,LOSS
22375,11,2,21-07-2025 06:00,LOSS
22376,5,3,21-07-2025 07:00,LOSS
22377,4,15,21-07-2025 08:00,LOSS
22378,1,2,21-07-2025 09:00,LOSS
22379,4,14,21-07-2025 10:00,WIN
22380,1,15,21-07-2025 11:00,WIN
22381,15,3,21-07-2025 12:00,LOSS
22382,19,16,21-07-2025 13:00,LOSS
22383,2,7,21-07-2025 14:00,LOSS
22384,14,3,21-07-2025 15:00,LOSS
22385,3,3,21-07-2025 16:00,WIN
22386,4,5,21-07-2025 17:00,LOSS
22387,1,17,21-07-2025 18:00,WIN
22388,11,19,21-07-2025 19:00,WIN
22389,20,2,21-07-2025 20:00,WIN
22390,18,2,21-07-2025 21:00,WIN
22391,16,12,21-07-2025 22:00,LOSS
22392,15,14,21-07-2025 23:00,WIN
22393,17,13,22-07-2025 00:00,WIN
22394,2,3,22-07-2025 01:00,WIN
22395,1,2,22-07-2025 02:00,LOSS
22396,14,14,22-07-2025 03:00,LOSS
22397,14,3,22-07-2025 04:00,WIN
22398,18,5,22-07-2025 05:00,LOSS
22399,19,12,22-07-2025 06:00,LOSS
22400,6,10,22-07-2025 07:00,LOSS
22401,4,7,22-07-2025 08:00,WIN
22402,8,4,22-07-2025 09:00,LOSS
22403,13,7,22-07-2025 10:00,LOSS
22404,20,15,22-07-2025 11:00,LOSS
22405,7,13,22-07-2025 12:00,LOSS
22406,10,20,22-07-2025 13:00,WIN
22407,18,19,22-07-2025 14:00,WIN
22408,1,2,22-07-2025 15:00,WIN
22409,5,4,22-07-2025 16:00,WIN
22410,2,2,22-07-2025 17:00,WIN
22411,11,20,22-07-2025 18:00,WIN
22412,16,19,22-07-2025 19:00,WIN
22413,7,5,22-07-2025 20:00,WIN
22414,14,19,22-07-2025 21:00,LOSS
22415,1,11,22-07-2025 22:00,LOSS
22416,12,2,22-07-2025 23:00,WIN
22417,11,17,23-07-2025 00:00,LOSS
22418,17,12,23-07-2025 01:00,WIN
22419,12,8,23-07-2025 02:00,WIN
22420,17,20,23-07-2025 03:00,WIN
22421,18,3,23-07-2025 04:00,LOSS
22422,16,15,23-07-2025 05:00,LOSS
22423,1,11,23-07-2025 06:00,LOSS
22424,5,14,23-07-2025 07:00,LOSS
22425,5,16,23-07-2025 08:00,LOSS
22426,16,10,23-07-2025 09:00,LOSS
22427,19,20,23-07-2025 10:00,LOSS
22428,2,9,23-07-2025 11:00,LOSS
22429,7,7,23-07-2025 12:00,WIN
22430,16,19,23-07-2025 13:00,LOSS
22431,3,10,23-07-2025 14:00,WIN
22432,18,8,23-07-2025 15:00,LOSS
22433,10,3,23-07-2025 16:00,WIN
22434,2,12,23-07-2025 17:00,LOSS
22435,19,20,23-07-2025 18:00,LOSS
22436,15,16,23-07-2025 19:00,WIN
22437,16,19,23-07-2025 20:00,LOSS
22438,8,8,23-07-2025 21:00,WIN
22439,8,7,23-07-2025 22:00,LOSS
22440,17,12,23-07-2025 23:00,WIN
22441,14,16,24-07-2025 00:00,WIN
22442,18,10,24-07-2025 01:00,LOSS
22443,16,3,24-07-2025 02:00,LOSS
22444,6,18,24-07-2025 03:00,LOSS
22445,17,18,24-07-2025 04:00,LOSS
22446,19,11,24-07-2025 05:00,LOSS
22447,4,1,24-07-2025 06:00,LOSS
22448,7,15,24-07-2025 07:00,WIN
22449,18,13,24-07-2025 08:00,WIN
22450,8,1,24-07-2025 09:00,WIN
22451,18,15,24-07-2025 10:00,LOSS
22452,19,18,24-07-2025 11:00,WIN
22453,19,6,24-07-2025 12:00,LOSS
22454,6,6,24-07-2025 13:00,WIN
22455,12,15,24-07-2025 14:00,WIN
22456,6,6,24-07-2025 15:00,LOSS
22457,14,14,24-07-2025 16:00,LOSS
22458,17,14,24-07-2025 17:00,LOSS
22459,12,20,24-07-2025 18:00,LOSS
22460,2,17,24-07-2025 19:00,WIN
22461,13,11,24-07-2025 20:00,WIN
22462,5,18,24-07-2025 21:00,WIN
22463,6,11,24-07-2025 22:00,WIN
22464,1,20,24-07-2025 23:00,LOSS
22465,8,9,25-07-2025 00:00,LOSS
22466,9,20,25-07-2025 01:00,WIN
22467,12,8,25-07-2025 02:00,LOSS
22468,10,18,25-07-2025 03:00,LOSS
22469,3,17,25-07-2025 04:00,WIN
22470,10,12,25-07-2025 05:00,WIN
22471,14,5,25-07-2025 06:00,WIN
22472,5,19,25-07-2025 07:00,WIN
22473,5,15,25-07-2025 08:00,LOSS
22474,13,18,25-07-2025 09:00,WIN
22475,17,4,25-07-2025 10:00,LOSS
22476,10,14,25-07-2025 11:00,WIN
22477,2,14,25-07-2025 12:00,WIN
22478,15,13,25-07-2025 13:00,LOSS
22479,13,8,25-07-2025 14:00,LOSS
22480,5,13,25-07-2025 15:00,LOSS
22481,17,1,25-07-2025 16:00,WIN
22482,5,17,25-07-2025 17:00,LOSS
22483,14,9,25-07-2025 18:00,WIN
22484,10,9,25-07-2025 19:00,LOSS
22485,15,17,25-07-2025 20:00,LOSS
22486,2,11,25-07-2025 21:00,LOSS
22487,19,14,25-07-2025 22:00,LOSS
22488,5,16,25-07-2025 23:00,WIN
22489,6,4,26-07-2025 00:00,WIN
22490,13,14,26-07-2025 01:00,LOSS
22491,8,10,26-07-2025 02:00,WIN
22492,13,13,26-07-2025 03:00,WIN
22493,14,11,26-07-2025 04:00,LOSS
22494,16,4,26-07-2025 05:00,WIN
22495,1,2,26-07-2025 06:00,LOSS
22496,5,5,26-07-2025 07:00,LOSS
22497,8,16,26-07-2025 08:00,LOSS
22498,2,2,26-07-2025 09:00,WIN
22499,20,3,26-07-2025 10:00,WIN
22500,3,8,26-07-2025 11:00,LOSS
22501,2,4,26-07-2025 12:00,LOSS
22502,11,17,26-07-2025 13:00,WIN
22503,4,18,26-07-2025 14:00,WIN
22504,14,14,26-07-2025 15:00,LOSS
22505,14,5,26-07-2025 16:00,LOSS
22506,10,5,26-07-2025 17:00,WIN
22507,20,10,26-07-2025 18:00,WIN
22508,4,2,26-07-2025 19:00,WIN
22509,7,9,26-07-2025 20:00,LOSS
22510,10,16,26-07-2025 21:00,LOSS
22511,3,7,26-07-2025 22:00,LOSS
22512,5,4,26-07-2025 23:00,WIN
22513,4,8,27-07-2025 00:00,WIN
22514,17,3,27-07-2025 01:00,LOSS
22515,20,4,27-07-2025 02:00,LOSS
22516,11,17,27-07-2025 03:00,WIN
22517,5,16,27-07-2025 04:00,LOSS
22518,12,15,27-07-2025 05:00,WIN
22519,14,15,27-07-2025 06:00,LOSS
22520,13,19,27-07-2025 07:00,WIN
22521,11,10,27-07-2025 08:00,WIN
22522,12,11,27-07-2025 09:00,WIN
22523,7,13,27-07-2025 10:00,WIN
22524,1,12,27-07-2025 11:00,LOSS
22525,9,1,27-07-2025 12:00,WIN
22526,19,4,27-07-2025 13:00,LOSS
22527,4,19,27-07-2025 14:00,LOSS
22528,4,4,27-07-2025 15:00,WIN
22529,11,5,27-07-2025 16:00,WIN
22530,6,13,27-07-2025 17:00,WIN
22531,19,19,27-07-2025 18:00,WIN
22532,19,16,27-07-2025 19:00,LOSS
22533,11,3,27-07-2025 20:00,WIN
22534,18,11,27-07-2025 21:00,WIN
22535,17,12,27-07-2025 22:00,WIN
22536,14,10,27-07-2025 23:00,LOSS
22537,18,16,28-07-2025 00:00,LOSS
22538,14,7,28-07-2025 01:00,LOSS
22539,13,11,28-07-2025 02:00,WIN
22540,9,1,28-07-2025 03:00,WIN
22541,19,14,28-07-2025 04:00,WIN
22542,11,15,28-07-2025 05:00,WIN
22543,19,4,28-07-2025 06:00,WIN
22544,17,11,28-07-2025 07:00,WIN
22545,16,5,28-07-2025 08:00,WIN
22546,18,8,28-07-2025 09:00,WIN
22547,15,5,28-07-2025 10:00,LOSS
22548,14,2,28-07-2025 11:00,LOSS
22549,15,6,28-07-2025 12:00,WIN
22550,18,6,28-07-2025 13:00,WIN
22551,12,17,28-07-2025 14:00,WIN
22552,10,5,28-07-2025 15:00,LOSS
22553,8,14,28-07-2025 16:00,LOSS
22554,18,4,28-07-2025 17:00,LOSS
22555,14,15,28-07-2025 18:00,LOSS
22556,18,14,28-07-2025 19:00,LOSS
22557,1,12,28-07-2025 20:00,WIN
22558,16,1,28-07-2025 21:00,WIN
22559,5,8,28-07-2025 22:00,LOSS
22560,8,18,28-07-2025 23:00,LOSS
22561,20,11,29-07-2025 00:00,WIN
22562,2,14,29-07-2025 01:00,LOSS
22563,19,19,29-07-2025 02:00,WIN
22564,3,19,29-07-2025 03:00,LOSS
22565,8,4,29-07-2025 04:00,LOSS
22566,3,7,29-07-2025 05:00,LOSS
22567,18,18,29-07-2025 06:00,WIN
22568,8,15,29-07-2025 07:00,LOSS
22569,18,10,29-07-2025 08:00,LOSS
22570,5,16,29-07-2025 09:00,LOSS
22571,10,15,29-07-2025 10:00,WIN
22572,11,2,29-07-2025 11:00,LOSS
22573,4,9,29-07-2025 12:00,WIN
22574,10,4,29-07-2025 13:00,WIN
22575,5,7,29-07-2025 14:00,WIN
22576,12,17,29-07-2025 15:00,LOSS
22577,10,12,29-07-2025 16:00,LOSS
22578,12,8,29-07-2025 17:00,WIN
22579,5,9,29-07-2025 18:00,LOSS
22580,11,4,29-07-2025 19:00,LOSS
22581,1,2,29-07-2025 20:00,WIN
22582,5,13,29-07-2025 21:00,LOSS
22583,14,7,29-07-2025 22:00,WIN
22584,2,15,29-07-2025 23:00,LOSS
22585,10,8,30-07-2025 00:00,WIN
22586,1,4,30-07-2025 01:00,WIN
22587,13,4,30-07-2025 02:00,WIN
22588,4,11,30-07-2025 03:00,LOSS
22589,3,17,30-07-2025 04:00,WIN
22590,12,13,30-07-2025 05:00,WIN
22591,12,9,30-07-2025 06:00,LOSS
22592,16,10,30-07-2025 07:00,WIN
22593,14,9,30-07-2025 08:00,LOSS
22594,8,14,30-07-2025 09:00,LOSS
22595,13,3,30-07-2025 10:00,LOSS
22596,16,8,30-07-2025 11:00,WIN
22597,15,12,30-07-2025 12:00,WIN
22598,14,8,30-07-2025 13:00,LOSS
22599,5,5,30-07-2025 14:00,WIN
22600,6,6,30-07-2025 15:00,WIN
22601,17,19,30-07-2025 16:00,LOSS
22602,9,3,30-07-2025 17:00,LOSS
22603,18,14,30-07-2025 18:00,LOSS
22604,12,14,30-07-2025 19:00,LOSS
22605,13,13,30-07-2025 20:00,WIN
22606,17,7,30-07-2025 21:00,LOSS
22607,7,9,30-07-2025 22:00,WIN
22608,20,15,30-07-2025 23:00,LOSS
22609,8,15,31-07-2025 00:00,WIN
22610,1,18,31-07-2025 01:00,LOSS
22611,12,8,31-07-2025 02:00,WIN
22612,19,1,31-07-2025 03:00,LOSS
22613,8,20,31-07-2025 04:00,LOSS
22614,12,9,31-07-2025 05:00,WIN
22615,6,9,31-07-2025 06:00,WIN
22616,6,13,31-07-2025 07:00,LOSS
22617,7,20,31-07-2025 08:00,WIN
22618,9,3,31-07-2025 09:00,WIN
22619,12,17,31-07-2025 10:00,LOSS
22620,6,18,31-07-2025 11:00,LOSS
22621,6,7,31-07-2025 12:00,WIN
22622,9,10,31-07-2025 13:00,LOSS
22623,7,20,31-07-2025 14:00,LOSS
22624,4,8,31-07-2025 15:00,LOSS
22625,13,7,31-07-2025 16:00,LOSS
22626,10,5,31-07-2025 17:00,LOSS
22627,10,1,31-07-2025 18:00,WIN
22628,4,7,31-07-2025 19:00,LOSS
22629,18,4,31-07-2025 20:00,WIN
22630,8,19,31-07-2025 21:00,LOSS
22631,15,6,31-07-2025 22:00,LOSS
22632,9,19,31-07-2025 23:00,WIN
22633,4,8,01-08-2025 00:00,LOSS
22634,7,5,01-08-2025 01:00,LOSS
22635,1,19,01-08-2025 02:00,LOSS
22636,17,17,01-08-2025 03:00,WIN
22637,3,17,01-08-2025 04:00,WIN
22638,19,5,01-08-2025 05:00,WIN
22639,18,17,01-08-2025 06:00,LOSS
22640,15,6,01-08-2025 07:00,WIN
22641,10,9,01-08-2025 08:00,WIN
22642,15,20,01-08-2025 09:00,LOSS
22643,7,8,01-08-2025 10:00,LOSS
22644,6,7,01-08-2025 11:00,LOSS
22645,14,2,01-08-2025 12:00,LOSS
22646,18,6,01-08-2025 13:00,WIN
22647,18,12,01-08-2025 14:00,LOSS
22648,6,15,01-08-2025 15:00,WIN
22649,13,1,01-08-2025 16:00,LOSS
22650,11,5,01-08-2025 17:00,LOSS
22651,9,6,01-08-2025 18:00,LOSS
22652,12,15,01-08-2025 19:00,WIN
22653,19,4,01-08-2025 20:00,LOSS
22654,19,12,01-08-2025 21:00,LOSS
22655,16,19,01-08-2025 22:00,WIN
22656,3,18,01-08-2025 23:00,LOSS
22657,7,6,02-08-2025 00:00,LOSS
22658,10,16,02-08-2025 01:00,WIN
22659,19,17,02-08-2025 02:00,LOSS
22660,6,11,02-08-2025 03:00,WIN
22661,9,4,02-08-2025 04:00,LOSS
22662,18,16,02-08-2025 05:00,LOSS
22663,12,9,02-08-2025 06:00,WIN
22664,5,10,02-08-2025 07:00,LOSS
22665,5,13,02-08-2025 08:00,LOSS
22666,6,4,02-08-2025 09:00,LOSS
22667,18,14,02-08-2025 10:00,LOSS
22668,6,7,02-08-2025 11:00,WIN
22669,1,3,02-08-2025 12:00,LOSS
22670,11,20,02-08-2025 13:00,WIN
22671,16,17,02-08-2025 14:00,WIN
22672,7,14,02-08-2025 15:00,LOSS
22673,17,15,02-08-2025 16:00,WIN
22674,18,1,02-08-2025 17:00,WIN
22675,4,4,02-08-2025 18:00,WIN
22676,5,1,02-08-2025 19:00,WIN
22677,1,18,02-08-2025 20:00,LOSS
22678,1,13,02-08-2025 21:00,WIN
22679,5,7,02-08-2025 22:00,LOSS
22680,19,18,02-08-2025 23:00,LOSS
22681,13,6,03-08-2025 00:00,LOSS
22682,5,19,03-08-2025 01:00,LOSS
22683,18,10,03-08-2025 02:00,WIN
22684,3,16,03-08-2025 03:00,WIN
22685,3,13,03-08-2025 04:00,LOSS
22686,9,2,03-08-2025 05:00,LOSS
22687,20,10,03-08-2025 06:00,LOSS
22688,14,5,03-08-2025 07:00,LOSS
22689,3,5,03-08-2025 08:00,WIN
22690,14,19,03-08-2025 09:00,LOSS
22691,17,18,03-08-2025 10:00,LOSS
22692,4,19,03-08-2025 11:00,WIN
22693,18,4,03-08-2025 12:00,LOSS
22694,16,8,03-08-2025 13:00,WIN
22695,2,12,03-08-2025 14:00,WIN
22696,2,1,03-08-2025 15:00,WIN
22697,12,7,03-08-2025 16:00,WIN
22698,16,3,03-08-2025 17:00,WIN
22699,10,4,03-08-2025 18:00,LOSS
22700,2,13,03-08-2025 19:00,WIN
22701,16,11,03-08-2025 20:00,WIN
22702,4,7,03-08-2025 21:00,LOSS
22703,10,2,03-08-2025 22:00,LOSS
22704,17,4,03-08-2025 23:00,LOSS
22705,4,9,04-08-2025 00:00,LOSS
22706,6,9,04-08-2025 01:00,WIN
22707,3,2,04-08-2025 02:00,WIN
22708,9,1,04-08-2025 03:00,LOSS
22709,5,1,04-08-2025 04:00,WIN
22710,9,6,04-08-2025 05:00,LOSS
22711,13,13,04-08-2025 06:00,WIN
22712,2,17,04-08-2025 07:00,WIN
22713,3,16,04-08-2025 08:00,WIN
22714,7,6,04-08-2025 09:00,WIN
22715,12,11,04-08-2025 10:00,WIN
22716,18,9,04-08-2025 11:00,LOSS
22717,9,7,04-08-2025 12:00,WIN
22718,13,2,04-08-2025 13:00,WIN
22719,11,1,04-08-2025 14:00,LOSS
22720,13,19,04-08-2025 15:00,WIN
22721,8,16,04-08-2025 16:00,WIN
22722,15,2,04-08-2025 17:00,LOSS
22723,14,8,04-08-2025 18:00,WIN
22724,17,11,04-08-2025 19:00,LOSS
22725,13,10,04-08-2025 20:00,LOSS
22726,11,4,04-08-2025 21:00,LOSS
22727,10,19,04-08-2025 22:00,LOSS
22728,17,2,04-08-2025 23:00,WIN
22729,12,17,05-08-2025 00:00,WIN
22730,2,2,05-08-2025 01:00,LOSS
22731,1,1,05-08-2025 02:00,LOSS
22732,15,20,05-08-2025 03:00,LOSS
22733,19,13,05-08-2025 04:00,WIN
22734,18,3,05-08-2025 05:00,WIN
22735,3,18,05-08-2025 06:00,LOSS
22736,9,6,05-08-2025 07:00,LOSS
22737,13,14,05-08-2025 08:00,LOSS
22738,11,4,05-08-2025 09:00,WIN
22739,19,12,05-08-2025 10:00,WIN
22740,16,6,05-08-2025 11:00,WIN
22741,19,20,05-08-2025 12:00,LOSS
22742,8,9,05-08-2025 13:00,WIN
22743,12,6,05-08-2025 14:00,WIN
22744,2,6,05-08-2025 15:00,WIN
22745,5,12,05-08-2025 16:00,LOSS
22746,14,4,05-08-2025 17:00,LOSS
22747,16,8,05-08-2025 18:00,LOSS
22748,19,12,05-08-2025 19:00,WIN
22749,2,4,05-08-2025 20:00,WIN
22750,10,7,05-08-2025 21:00,LOSS
22751,10,9,05-08-2025 22:00,WIN
22752,8,3,05-08-2025 23:00,LOSS
22753,12,1,06-08-2025 00:00,WIN
22754,19,20,06-08-2025 01:00,LOSS
22755,10,19,06-08-2025 02:00,WIN
22756,4,16,06-08-2025 03:00,WIN
22757,7,3,06-08-2025 04:00,WIN
22758,7,6,06-08-2025 05:00,WIN
22759,15,6,06-08-2025 06:00,LOSS
22760,18,18,06-08-2025 07:00,LOSS
22761,13,2,06-08-2025 08:00,LOSS
22762,1,14,06-08-2025 09:00,WIN
22763,3,2,06-08-2025 10:00,LOSS
22764,2,9,06-08-2025 11:00,WIN
22765,8,1,06-08-2025 12:00,WIN
22766,11,19,06-08-2025 13:00,WIN
22767,14,9,06-08-2025 14:00,WIN
22768,12,7,06-08-2025 15:00,WIN
22769,1,6,06-08-2025 16:00,WIN
22770,6,13,06-08-2025 17:00,LOSS
22771,4,9,06-08-2025 18:00,WIN
22772,17,10,06-08-2025 19:00,WIN
22773,18,6,06-08-2025 20:00,WIN
22774,17,14,06-08-2025 21:00,WIN
22775,10,17,06-08-2025 22:00,LOSS
22776,5,4,06-08-2025 23:00,LOSS
22777,5,15,07-08-2025 00:00,LOSS
22778,20,14,07-08-2025 01:00,LOSS
22779,1,13,07-08-2025 02:00,LOSS
22780,1,5,07-08-2025 03:00,LOSS
22781,16,1,07-08-2025 04:00,LOSS
22782,14,6,07-08-2025 05:00,LOSS
22783,10,1,07-08-2025 06:00,LOSS
22784,7,17,07-08-2025 07:00,WIN
22785,20,14,07-08-2025 08:00,WIN
22786,20,17,07-08-2025 09:00,WIN
22787,9,14,07-08-2025 10:00,LOSS
22788,11,16,07-08-2025 11:00,LOSS
22789,6,7,07-08-2025 12:00,WIN
22790,11,10,07-08-2025 13:00,LOSS
22791,14,15,07-08-2025 14:00,LOSS
22792,18,12,07-08-2025 15:00,LOSS
22793,1,8,07-08-2025 16:00,WIN
22794,12,16,07-08-2025 17:00,WIN
22795,1,6,07-08-2025 18:00,LOSS
22796,3,11,07-08-2025 19:00,LOSS
22797,6,6,07-08-2025 20:00,WIN
22798,13,1,07-08-2025 21:00,WIN
22799,5,18,07-08-2025 22:00,WIN
22800,9,3,07-08-2025 23:00,WIN
22801,16,8,08-08-2025 00:00,LOSS
22802,6,8,08-08-2025 01:00,LOSS
22803,3,1,08-08-2025 02:00,LOSS
22804,4,5,08-08-2025 03:00,WIN
22805,4,4,08-08-2025 04:00,WIN
22806,19,1,08-08-2025 05:00,WIN
22807,9,16,08-08-2025 06:00,WIN
22808,15,6,08-08-2025 07:00,LOSS
22809,9,13,08-08-2025 08:00,LOSS
22810,12,7,08-08-2025 09:00,LOSS
22811,5,12,08-08-2025 10:00,LOSS
22812,17,17,08-08-2025 11:00,LOSS
22813,17,17,08-08-2025 12:00,WIN
22814,14,16,08-08-2025 13:00,WIN
22815,7,11,08-08-2025 14:00,LOSS
22816,19,14,08-08-2025 15:00,LOSS
22817,8,19,08-08-2025 16:00,LOSS
22818,6,11,08-08-2025 17:00,LOSS
22819,6,19,08-08-2025 18:00,LOSS
22820,6,19,08-08-2025 19:00,LOSS
22821,19,15,08-08-2025 20:00,WIN
22822,19,5,08-08-2025 21:00,WIN
22823,17,12,08-08-2025 22:00,LOSS
22824,2,13,08-08-2025 23:00,WIN
22825,2,17,09-08-2025 00:00,LOSS
22826,12,17,09-08-2025 01:00,LOSS
22827,9,11,09-08-2025 02:00,WIN
22828,5,9,09-08-2025 03:00,WIN
22829,17,16,09-08-2025 04:00,WIN
22830,18,8,09-08-2025 05:00,LOSS
22831,6,8,09-08-2025 06:00,LOSS
22832,18,10,09-08-2025 07:00,WIN
22833,19,7,09-08-2025 08:00,WIN
22834,20,6,09-08-2025 09:00,WIN
22835,16,19,09-08-2025 10:00,WIN
22836,13,13,09-08-2025 11:00,LOSS
22837,17,6,09-08-2025 12:00,LOSS
22838,10,3,09-08-2025 13:00,WIN
22839,15,11,09-08-2025 14:00,LOSS
22840,18,18,09-08-2025 15:00,LOSS
22841,7,1,09-08-2025 16:00,WIN
22842,6,9,09-08-2025 17:00,WIN
22843,16,13,09-08-2025 18:00,WIN
22844,8,7,09-08-2025 19:00,WIN
22845,3,5,09-08-2025 20:00,WIN
22846,15,4,09-08-2025 21:00,LOSS
22847,16,14,09-08-2025 22:00,LOSS
22848,13,4,09-08-2025 23:00,WIN
22849,8,15,10-08-2025 00:00,WIN
22850,5,10,10-08-2025 01:00,WIN
22851,11,9,10-08-2025 02:00,WIN
22852,9,11,10-08-2025 03:00,LOSS
22853,9,16,10-08-2025 04:00,WIN
22854,12,16,10-08-2025 05:00,WIN
22855,7,5,10-08-2025 06:00,LOSS
22856,3,9,10-08-2025 07:00,LOSS
22857,4,10,10-08-2025 08:00,LOSS
22858,15,11,10-08-2025 09:00,WIN
22859,6,11,10-08-2025 10:00,WIN
22860,1,9,10-08-2025 11:00,WIN
22861,2,10,10-08-2025 12:00,LOSS
22862,20,3,10-08-2025 13:00,WIN
22863,19,17,10-08-2025 14:00,WIN
22864,8,17,10-08-2025 15:00,WIN
22865,13,12,10-08-2025 16:00,LOSS
22866,7,6,10-08-2025 17:00,WIN
22867,2,16,10-08-2025 18:00,LOSS
22868,12,7,10-08-2025 19:00,LOSS
22869,4,18,10-08-2025 20:00,LOSS
22870,10,19,10-08-2025 21:00,LOSS
22871,6,12,10-08-2025 22:00,LOSS
22872,2,2,10-08-2025 23:00,LOSS
22873,6,14,11-08-2025 00:00,LOSS
22874,11,9,11-08-2025 01:00,LOSS
22875,20,13,11-08-2025 02:00,WIN
22876,11,10,11-08-2025 03:00,WIN
22877,9,5,11-08-2025 04:00,LOSS
22878,2,13,11-08-2025 05:00,LOSS
22879,9,18,11-08-2025 06:00,WIN
22880,16,7,11-08-2025 07:00,LOSS
22881,15,13,11-08-2025 08:00,LOSS
22882,6,13,11-08-2025 09:00,LOSS
22883,16,16,11-08-2025 10:00,LOSS
22884,11,16,11-08-2025 11:00,LOSS
22885,13,4,11-08-2025 12:00,LOSS
22886,14,12,11-08-2025 13:00,WIN
22887,9,6,11-08-2025 14:00,WIN
22888,3,3,11-08-2025 15:00,LOSS
22889,7,13,11-08-2025 16:00,LOSS
22890,20,11,11-08-2025 17:00,WIN
22891,20,11,11-08-2025 18:00,WIN
22892,4,1,11-08-2025 19:00,WIN
22893,5,18,11-08-2025 20:00,LOSS
22894,4,13,11-08-2025 21:00,LOSS
22895,8,9,11-08-2025 22:00,WIN
22896,4,13,11-08-2025 23:00,LOSS
22897,11,5,12-08-2025 00:00,WIN
22898,13,5,12-08-2025 01:00,LOSS
22899,15,4,12-08-2025 02:00,WIN
22900,16,8,12-08-2025 03:00,WIN
22901,10,8,12-08-2025 04:00,WIN
22902,20,2,12-08-2025 05:00,LOSS
22903,10,12,12-08-2025 06:00,LOSS
22904,1,11,12-08-2025 07:00,WIN
22905,6,9,12-08-2025 08:00,WIN
22906,12,17,12-08-2025 09:00,LOSS
22907,1,4,12-08-2025 10:00,WIN
22908,5,19,12-08-2025 11:00,WIN
22909,18,2,12-08-2025 12:00,WIN
22910,15,17,12-08-2025 13:00,LOSS
22911,4,5,12-08-2025 14:00,WIN
22912,3,20,12-08-2025 15:00,WIN
22913,4,17,12-08-2025 16:00,LOSS
22914,10,11,12-08-2025 17:00,LOSS
22915,20,16,12-08-2025 18:00,WIN
22916,12,16,12-08-2025 19:00,LOSS
22917,9,6,12-08-2025 20:00,WIN
22918,4,6,12-08-2025 21:00,LOSS
22919,2,7,12-08-2025 22:00,LOSS
22920,7,18,12-08-2025 23:00,WIN
22921,12,14,13-08-2025 00:00,WIN
22922,12,3,13-08-2025 01:00,LOSS
22923,18,18,13-08-2025 02:00,WIN
22924,1,20,13-08-2025 03:00,WIN
22925,7,14,13-08-2025 04:00,LOSS
22926,19,7,13-08-2025 05:00,LOSS
22927,13,11,13-08-2025 06:00,WIN
22928,20,15,13-08-2025 07:00,WIN
22929,5,15,13-08-2025 08:00,LOSS
22930,19,5,13-08-2025 09:00,WIN
22931,7,14,13-08-2025 10:00,LOSS
22932,20,4,13-08-2025 11:00,LOSS
22933,15,17,13-08-2025 12:00,WIN
22934,17,17,13-08-2025 13:00,LOSS
22935,2,7,13-08-2025 14:00,LOSS
22936,7,1,13-08-2025 15:00,LOSS
22937,11,18,13-08-2025 16:00,LOSS
22938,18,18,13-08-2025 17:00,LOSS
22939,20,20,13-08-2025 18:00,LOSS
22940,2,2,13-08-2025 19:00,WIN
22941,7,5,13-08-2025 20:00,WIN
22942,15,13,13-08-2025 21:00,WIN
22943,19,15,13-08-2025 22:00,LOSS
22944,2,14,13-08-2025 23:00,LOSS
22945,2,18,14-08-2025 00:00,LOSS
22946,2,4,14-08-2025 01:00,LOSS
22947,11,11,14-08-2025 02:00,LOSS
22948,6,20,14-08-2025 03:00,LOSS
22949,14,12,14-08-2025 04:00,LOSS
22950,10,13,14-08-2025 05:00,WIN
22951,1,3,14-08-2025 06:00,LOSS
22952,19,14,14-08-2025 07:00,WIN
22953,11,12,14-08-2025 08:00,LOSS
22954,13,20,14-08-2025 09:00,LOSS
22955,12,4,14-08-2025 10:00,WIN
22956,5,12,14-08-2025 11:00,LOSS
22957,19,9,14-08-2025 12:00,WIN
22958,8,1,14-08-2025 13:00,WIN
22959,12,9,14-08-2025 14:00,WIN
22960,5,5,14-08-2025 15:00,LOSS
22961,12,8,14-08-2025 16:00,LOSS
22962,11,15,14-08-2025 17:00,LOSS
22963,5,13,14-08-2025 18:00,LOSS
22964,8,20,14-08-2025 19:00,WIN
22965,16,15,14-08-2025 20:00,LOSS
22966,20,6,14-08-2025 21:00,WIN
22967,3,6,14-08-2025 22:00,WIN
22968,6,15,14-08-2025 23:00,WIN
22969,5,1,15-08-2025 00:00,WIN
22970,10,11,15-08-2025 01:00,LOSS
22971,12,3,15-08-2025 02:00,LOSS
22972,15,14,15-08-2025 03:00,WIN
22973,3,17,15-08-2025 04:00,WIN
22974,20,3,15-08-2025 05:00,WIN
22975,4,11,15-08-2025 06:00,WIN
22976,7,5,15-08-2025 07:00,LOSS
22977,1,13,15-08-2025 08:00,LOSS
22978,8,11,15-08-2025 09:00,LOSS
22979,17,18,15-08-2025 10:00,LOSS
22980,20,15,15-08-2025 11:00,WIN
22981,11,4,15-08-2025 12:00,WIN
22982,7,20,15-08-2025 13:00,WIN
22983,11,11,15-08-2025 14:00,WIN
22984,11,2,15-08-2025 15:00,WIN
22985,15,10,15-08-2025 16:00,WIN
22986,6,9,15-08-2025 17:00,LOSS
22987,19,18,15-08-2025 18:00,WIN
22988,13,17,15-08-2025 19:00,WIN
22989,16,5,15-08-2025 20:00,WIN
22990,12,8,15-08-2025 21:00,WIN
22991,19,8,15-08-2025 22:00,LOSS
22992,19,14,15-08-2025 23:00,LOSS
22993,7,5,16-08-2025 00:00,WIN
22994,18,17,16-08-2025 01:00,LOSS
22995,14,7,16-08-2025 02:00,LOSS
22996,14,7,16-08-2025 03:00,LOSS
22997,16,10,16-08-2025 04:00,LOSS
22998,18,7,16-08-2025 05:00,LOSS
22999,9,12,16-08-2025 06:00,WIN
23000,4,18,16-08-2025 07:00,LOSS
23001,7,17,16-08-2025 08:00,WIN
23002,11,11,16-08-2025 09:00,LOSS
23003,6,17,16-08-2025 10:00,WIN
23004,20,7,16-08-2025 11:00,LOSS
23005,12,16,16-08-2025 12:00,WIN
23006,12,17,16-08-2025 13:00,LOSS
23007,12,20,16-08-2025 14:00,LOSS
23008,14,13,16-08-2025 15:00,WIN
23009,10,10,16-08-2025 16:00,LOSS
23010,2,6,16-08-2025 17:00,WIN
23011,20,16,16-08-2025 18:00,WIN
23012,12,8,16-08-2025 19:00,LOSS
23013,17,12,16-08-2025 20:00,LOSS
23014,8,12,16-08-2025 21:00,LOSS
23015,20,19,16-08-2025 22:00,LOSS
23016,2,19,16-08-2025 23:00,WIN
23017,12,3,17-08-2025 00:00,WIN
23018,13,1,17-08-2025 01:00,WIN
23019,1,6,17-08-2025 02:00,WIN
23020,18,12,17-08-2025 03:00,WIN
23021,14,1,17-08-2025 04:00,LOSS
23022,12,18,17-08-2025 05:00,LOSS
23023,20,2,17-08-2025 06:00,WIN
23024,4,18,17-08-2025 07:00,LOSS
23025,14,12,17-08-2025 08:00,LOSS
23026,18,5,17-08-2025 09:00,WIN
23027,4,20,17-08-2025 10:00,LOSS
23028,8,4,17-08-2025 11:00,LOSS
23029,18,3,17-08-2025 12:00,LOSS
23030,4,4,17-08-2025 13:00,WIN
23031,1,7,17-08-2025 14:00,LOSS
23032,6,19,17-08-2025 15:00,WIN
23033,13,11,17-08-2025 16:00,LOSS
23034,2,16,17-08-2025 17:00,WIN
23035,19,3,17-08-2025 18:00,WIN
23036,12,17,17-08-2025 19:00,WIN
23037,14,15,17-08-2025 20:00,LOSS
23038,9,3,17-08-2025 21:00,LOSS
23039,10,20,17-08-2025 22:00,LOSS
23040,7,11,17-08-2025 23:00,WIN
23041,9,4,18-08-2025 00:00,LOSS
23042,15,20,18-08-2025 01:00,WIN
23043,20,14,18-08-2025 02:00,LOSS
23044,15,1,18-08-2025 03:00,LOSS
23045,11,18,18-08-2025 04:00,WIN
23046,18,17,18-08-2025 05:00,WIN
23047,2,15,18-08-2025 06:00,WIN
23048,20,20,18-08-2025 07:00,LOSS
23049,19,13,18-08-2025 08:00,LOSS
23050,2,1,18-08-2025 09:00,WIN
23051,20,2,18-08-2025 10:00,WIN
23052,13,11,18-08-2025 11:00,WIN
23053,4,5,18-08-2025 12:00,WIN
23054,3,15,18-08-2025 13:00,WIN
23055,15,9,18-08-2025 14:00,WIN
23056,12,1,18-08-2025 15:00,LOSS
23057,1,9,18-08-2025 16:00,LOSS
23058,11,11,18-08-2025 17:00,LOSS
23059,17,12,18-08-2025 18:00,WIN
23060,8,1,18-08-2025 19:00,WIN
23061,14,16,18-08-2025 20:00,WIN
23062,5,16,18-08-2025 21:00,WIN
23063,15,7,18-08-2025 22:00,WIN
23064,2,3,18-08-2025 23:00,LOSS
23065,7,5,19-08-2025 00:00,WIN
23066,13,4,19-08-2025 01:00,WIN
23067,20,3,19-08-2025 02:00,LOSS
23068,11,3,19-08-2025 03:00,LOSS
23069,14,20,19-08-2025 04:00,LOSS
23070,10,3,19-08-2025 05:00,LOSS
23071,4,18,19-08-2025 06:00,LOSS
23072,20,12,19-08-2025 07:00,WIN
23073,15,17,19-08-2025 08:00,LOSS
23074,3,17,19-08-2025 09:00,LOSS
23075,11,8,19-08-2025 10:00,WIN
23076,20,1,19-08-2025 11:00,LOSS
23077,18,17,19-08-2025 12:00,LOSS
23078,17,9,19-08-2025 13:00,WIN
23079,14,11,19-08-2025 14:00,LOSS
23080,15,13,19-08-2025 15:00,LOSS
23081,18,3,19-08-2025 16:00,WIN
23082,3,18,19-08-2025 17:00,WIN
23083,13,10,19-08-2025 18:00,WIN
23084,3,15,19-08-2025 19:00,LOSS
23085,7,1,19-08-2025 20:00,LOSS
23086,19,6,19-08-2025 21:00,LOSS
23087,18,15,19-08-2025 22:00,LOSS
23088,17,7,19-08-2025 23:00,WIN
23089,9,6,20-08-2025 00:00,WIN
23090,14,15,20-08-2025 01:00,LOSS
23091,8,18,20-08-2025 02:00,WIN
23092,14,13,20-08-2025 03:00,LOSS
23093,5,1,20-08-2025 04:00,WIN
23094,20,18,20-08-2025 05:00,WIN
23095,14,3,20-08-2025 06:00,LOSS
23096,12,12,20-08-2025 07:00,WIN
23097,8,1,20-08-2025 08:00,WIN
23098,1,7,20-08-2025 09:00,WIN
23099,16,8,20-08-2025 10:00,LOSS
23100,8,15,20-08-2025 11:00,LOSS
23101,5,5,20-08-2025 12:00,WIN
23102,3,3,20-08-2025 13:00,WIN
23103,13,7,20-08-2025 14:00,WIN
23104,5,4,20-08-2025 15:00,LOSS
23105,3,2,20-08-2025 16:00,WIN
23106,14,7,20-08-2025 17:00,WIN
23107,6,1,20-08-2025 18:00,WIN
23108,7,11,20-08-2025 19:00,LOSS
23109,6,9,20-08-2025 20:00,LOSS
23110,14,10,20-08-2025 21:00,LOSS
23111,4,19,20-08-2025 22:00,WIN
23112,20,15,20-08-2025 23:00,LOSS
23113,19,10,21-08-2025 00:00,LOSS
23114,10,17,21-08-2025 01:00,WIN
23115,13,12,21-08-2025 02:00,WIN
23116,12,4,21-08-2025 03:00,LOSS
23117,14,14,21-08-2025 04:00,WIN
23118,13,19,21-08-2025 05:00,LOSS
23119,19,13,21-08-2025 06:00,LOSS
23120,9,4,21-08-2025 07:00,LOSS
23121,16,7,21-08-2025 08:00,WIN
23122,9,18,21-08-2025 09:00,WIN
23123,6,11,21-08-2025 10:00,WIN
23124,14,13,21-08-2025 11:00,LOSS
23125,7,17,21-08-2025 12:00,LOSS
23126,19,15,21-08-2025 13:00,LOSS
23127,3,15,21-08-2025 14:00,WIN
23128,15,17,21-08-2025 15:00,WIN
23129,12,5,21-08-2025 16:00,LOSS
23130,1,9,21-08-2025 17:00,WIN
23131,11,4,21-08-2025 18:00,WIN
23132,3,20,21-08-2025 19:00,LOSS
23133,17,7,21-08-2025 20:00,LOSS
23134,13,10,21-08-2025 21:00,WIN
23135,8,1,21-08-2025 22:00,LOSS
23136,13,2,21-08-2025 23:00,WIN
23137,8,10,22-08-2025 00:00,WIN
23138,8,8,22-08-2025 01:00,WIN
23139,13,19,22-08-2025 02:00,WIN
23140,12,1,22-08-2025 03:00,WIN
23141,5,2,22-08-2025 04:00,LOSS
23142,13,16,22-08-2025 05:00,WIN
23143,12,2,22-08-2025 06:00,WIN
23144,19,4,22-08-2025 07:00,WIN
23145,10,16,22-08-2025 08:00,WIN
23146,15,19,22-08-2025 09:00,LOSS
23147,2,8,22-08-2025 10:00,WIN
23148,6,17,22-08-2025 11:00,WIN
23149,16,3,22-08-2025 12:00,WIN
23150,1,17,22-08-2025 13:00,WIN
23151,2,3,22-08-2025 14:00,WIN
23152,15,12,22-08-2025 15:00,LOSS
23153,16,6,22-08-2025 16:00,WIN
23154,8,14,22-08-2025 17:00,WIN
23155,14,8,22-08-2025 18:00,LOSS
23156,10,6,22-08-2025 19:00,LOSS
23157,15,13,22-08-2025 20:00,WIN
23158,3,2,22-08-2025 21:00,LOSS
23159,6,5,22-08-2025 22:00,LOSS
23160,2,9,22-08-2025 23:00,LOSS
23161,9,1,23-08-2025 00:00,LOSS
23162,7,12,23-08-2025 01:00,LOSS
23163,19,16,23-08-2025 02:00,LOSS
23164,6,18,23-08-2025 03:00,LOSS
23165,1,15,23-08-2025 04:00,WIN
23166,14,10,23-08-2025 05:00,LOSS
23167,8,9,23-08-2025 06:00,WIN
23168,8,5,23-08-2025 07:00,LOSS
23169,6,10,23-08-2025 08:00,LOSS
23170,15,16,23-08-2025 09:00,LOSS
23171,19,20,23-08-2025 10:00,WIN
23172,20,6,23-08-2025 11:00,WIN
23173,17,10,23-08-2025 12:00,LOSS
23174,6,14,23-08-2025 13:00,LOSS
23175,7,17,23-08-2025 14:00,WIN
23176,10,11,23-08-2025 15:00,WIN
23177,9,6,23-08-2025 16:00,WIN
23178,5,14,23-08-2025 17:00,LOSS
23179,2,19,23-08-2025 18:00,LOSS
23180,13,10,23-08-2025 19:00,WIN
23181,11,13,23-08-2025 20:00,LOSS
23182,11,7,23-08-2025 21:00,LOSS
23183,15,8,23-08-2025 22:00,LOSS
23184,14,3,23-08-2025 23:00,LOSS
23185,11,15,24-08-2025 00:00,WIN
23186,13,17,24-08-2025 01:00,LOSS
23187,18,16,24-08-2025 02:00,WIN
23188,7,5,24-08-2025 03:00,LOSS
23189,17,11,24-08-2025 04:00,LOSS
23190,11,11,24-08-2025 05:00,LOSS
23191,6,19,24-08-2025 06:00,LOSS
23192,14,15,24-08-2025 07:00,WIN
23193,6,14,24-08-2025 08:00,LOSS
23194,14,11,24-08-2025 09:00,WIN
23195,19,11,24-08-2025 10:00,WIN
23196,3,12,24-08-2025 11:00,LOSS
23197,17,6,24-08-2025 12:00,LOSS
23198,20,1,24-08-2025 13:00,LOSS
23199,7,12,24-08-2025 14:00,WIN
23200,17,2,24-08-2025 15:00,WIN
23201,10,4,24-08-2025 16:00,WIN
23202,18,9,24-08-2025 17:00,LOSS
23203,18,16,24-08-2025 18:00,WIN
23204,13,9,24-08-2025 19:00,LOSS
23205,8,10,24-08-2025 20:00,WIN
23206,5,2,24-08-2025 21:00,WIN
23207,1,1,24-08-2025 22:00,LOSS
23208,17,1,24-08-2025 23:00,WIN
23209,5,2,25-08-2025 00:00,LOSS
23210,16,10,25-08-2025 01:00,LOSS
23211,18,20,25-08-2025 02:00,WIN
23212,3,9,25-08-2025 03:00,WIN
23213,18,8,25-08-2025 04:00,WIN
23214,9,3,25-08-2025 05:00,LOSS
23215,14,12,25-08-2025 06:00,LOSS
23216,17,11,25-08-2025 07:00,LOSS
23217,19,1,25-08-2025 08:00,LOSS
23218,15,16,25-08-2025 09:00,WIN
23219,8,6,25-08-2025 10:00,WIN
23220,4,10,25-08-2025 11:00,LOSS
23221,15,13,25-08-2025 12:00,LOSS
23222,17,13,25-08-2025 13:00,WIN
23223,11,2,25-08-2025 14:00,LOSS
23224,12,11,25-08-2025 15:00,LOSS
23225,14,6,25-08-2025 16:00,WIN
23226,7,8,25-08-2025 17:00,WIN
23227,3,14,25-08-2025 18:00,LOSS
23228,11,14,25-08-2025 19:00,WIN
23229,2,1,25-08-2025 20:00,WIN
23230,17,14,25-08-2025 21:00,WIN
23231,10,3,25-08-2025 22:00,LOSS
23232,1,11,25-08-2025 23:00,LOSS
23233,13,14,26-08-2025 00:00,LOSS
23234,14,13,26-08-2025 01:00,WIN
23235,17,13,26-08-2025 02:00,WIN
23236,10,16,26-08-2025 03:00,LOSS
23237,20,8,26-08-2025 04:00,LOSS
23238,15,2,26-08-2025 05:00,WIN
23239,17,15,26-08-2025 06:00,WIN
23240,13,2,26-08-2025 07:00,LOSS
23241,8,9,26-08-2025 08:00,WIN
23242,7,3,26-08-2025 09:00,WIN
23243,17,18,26-08-2025 10:00,LOSS
23244,5,12,26-08-2025 11:00,WIN
23245,4,3,26-08-2025 12:00,LOSS
23246,17,15,26-08-2025 13:00,WIN
23247,4,6,26-08-2025 14:00,LOSS
23248,20,4,26-08-2025 15:00,LOSS
23249,20,18,26-08-2025 16:00,WIN
23250,11,12,26-08-2025 17:00,LOSS
23251,10,5,26-08-2025 18:00,WIN
23252,3,8,26-08-2025 19:00,LOSS
23253,16,14,26-08-2025 20:00,WIN
23254,13,9,26-08-2025 21:00,WIN
23255,7,1,26-08-2025 22:00,LOSS
23256,11,16,26-08-2025 23:00,WIN
23257,19,18,27-08-2025 00:00,WIN
23258,2,16,27-08-2025 01:00,LOSS
23259,10,12,27-08-2025 02:00,WIN
23260,11,12,27-08-2025 03:00,LOSS
23261,13,14,27-08-2025 04:00,LOSS
23262,20,8,27-08-2025 05:00,LOSS
23263,1,5,27-08-2025 06:00,WIN
23264,18,6,27-08-2025 07:00,WIN
23265,7,13,27-08-2025 08:00,WIN
23266,7,20,27-08-2025 09:00,WIN
23267,2,20,27-08-2025 10:00,WIN
23268,8,14,27-08-2025 11:00,WIN
23269,11,17,27-08-2025 12:00,LOSS
23270,17,10,27-08-2025 13:00,WIN
23271,15,13,27-08-2025 14:00,LOSS
23272,12,11,27-08-2025 15:00,WIN
23273,20,1,27-08-2025 16:00,WIN
23274,8,7,27-08-2025 17:00,LOSS
23275,5,5,27-08-2025 18:00,LOSS
23276,8,5,27-08-2025 19:00,LOSS
23277,13,1,27-08-2025 20:00,WIN
23278,14,2,27-08-2025 21:00,LOSS
23279,14,14,27-08-2025 22:00,LOSS
23280,1,19,27-08-2025 23:00,LOSS
23281,1,18,28-08-2025 00:00,LOSS
23282,9,14,28-08-2025 01:00,LOSS
23283,7,7,28-08-2025 02:00,WIN
23284,9,6,28-08-2025 03:00,LOSS
23285,2,16,28-08-2025 04:00,LOSS
23286,8,1,28-08-2025 05:00,WIN
23287,1,13,28-08-2025 06:00,WIN
23288,4,3,28-08-2025 07:00,WIN
23289,12,13,28-08-2025 08:00,LOSS
23290,4,3,28-08-2025 09:00,LOSS
23291,19,15,28-08-2025 10:00,WIN
23292,7,18,28-08-2025 11:00,LOSS
23293,1,1,28-08-2025 12:00,LOSS
23294,11,3,28-08-2025 13:00,WIN
23295,4,20,28-08-2025 14:00,LOSS
23296,4,6,28-08-2025 15:00,WIN
23297,12,10,28-08-2025 16:00,WIN
23298,17,15,28-08-2025 17:00,WIN
23299,11,20,28-08-2025 18:00,WIN
23300,5,8,28-08-2025 19:00,WIN
23301,2,17,28-08-2025 20:00,LOSS
23302,9,4,28-08-2025 21:00,LOSS
23303,16,2,28-08-2025 22:00,LOSS
23304,18,12,28-08-2025 23:00,LOSS
23305,12,6,29-08-2025 00:00,LOSS
23306,12,10,29-08-2025 01:00,WIN
23307,4,3,29-08-2025 02:00,WIN
23308,18,8,29-08-2025 03:00,WIN
23309,16,13,29-08-2025 04:00,LOSS
23310,5,14,29-08-2025 05:00,LOSS
23311,2,4,29-08-2025 06:00,WIN
23312,13,4,29-08-2025 07:00,WIN
23313,11,3,29-08-2025 08:00,LOSS
23314,3,19,29-08-2025 09:00,WIN
23315,6,3,29-08-2025 10:00,LOSS
23316,14,3,29-08-2025 11:00,WIN
23317,6,16,29-08-2025 12:00,WIN
23318,13,8,29-08-2025 13:00,WIN
23319,1,15,29-08-2025 14:00,WIN
23320,17,20,29-08-2025 15:00,LOSS
23321,11,9,29-08-2025 16:00,LOSS
23322,2,6,29-08-2025 17:00,LOSS
23323,2,20,29-08-2025 18:00,WIN
23324,16,4,29-08-2025 19:00,LOSS
23325,12,10,29-08-2025 20:00,LOSS
23326,9,4,29-08-2025 21:00,LOSS
23327,5,20,29-08-2025 22:00,LOSS
23328,14,2,29-08-2025 23:00,LOSS
23329,3,6,30-08-2025 00:00,LOSS
23330,7,1,30-08-2025 01:00,LOSS
23331,18,11,30-08-2025 02:00,LOSS
23332,15,3,30-08-2025 03:00,LOSS
23333,4,5,30-08-2025 04:00,WIN
23334,13,8,30-08-2025 05:00,LOSS
23335,18,20,30-08-2025 06:00,LOSS
23336,16,16,30-08-2025 07:00,LOSS
23337,1,12,30-08-2025 08:00,LOSS
23338,2,20,30-08-2025 09:00,LOSS
23339,2,14,30-08-2025 10:00,LOSS
23340,16,1,30-08-2025 11:00,WIN
23341,8,11,30-08-2025 12:00,LOSS
23342,1,10,30-08-2025 13:00,WIN
23343,15,14,30-08-2025 14:00,LOSS
23344,17,15,30-08-2025 15:00,WIN
23345,17,15,30-08-2025 16:00,LOSS
23346,3,2,30-08-2025 17:00,WIN
23347,12,6,30-08-2025 18:00,LOSS
23348,5,9,30-08-2025 19:00,WIN
23349,13,6,30-08-2025 20:00,WIN
23350,7,1,30-08-2025 21:00,LOSS
23351,1,5,30-08-2025 22:00,LOSS
23352,17,12,30-08-2025 23:00,LOSS
23353,13,16,31-08-2025 00:00,WIN
23354,11,1,31-08-2025 01:00,LOSS
23355,17,17,31-08-2025 02:00,LOSS
23356,13,18,31-08-2025 03:00,WIN
23357,4,5,31-08-2025 04:00,LOSS
23358,5,20,31-08-2025 05:00,LOSS
23359,14,20,31-08-2025 06:00,LOSS
23360,16,13,31-08-2025 07:00,LOSS
23361,6,17,31-08-2025 08:00,WIN
23362,2,16,31-08-2025 09:00,LOSS
23363,13,13,31-08-2025 10:00,LOSS
23364,18,20,31-08-2025 11:00,WIN
23365,4,3,31-08-2025 12:00,WIN
23366,16,6,31-08-2025 13:00,WIN
23367,4,11,31-08-2025 14:00,LOSS
23368,16,7,31-08-2025 15:00,WIN
23369,17,14,31-08-2025 16:00,LOSS
23370,3,12,31-08-2025 17:00,LOSS
23371,6,1,31-08-2025 18:00,LOSS
23372,19,17,31-08-2025 19:00,LOSS
23373,2,18,31-08-2025 20:00,WIN
23374,14,11,31-08-2025 21:00,WIN
23375,3,12,31-08-2025 22:00,WIN
23376,7,13,31-08-2025 23:00,WIN
23377,11,13,01-09-2025 00:00,LOSS
23378,15,5,01-09-2025 01:00,WIN
23379,18,12,01-09-2025 02:00,WIN
23380,4,4,01-09-2025 03:00,LOSS
23381,3,20,01-09-2025 04:00,LOSS
23382,16,10,01-09-2025 05:00,LOSS
23383,8,17,01-09-2025 06:00,LOSS
23384,8,13,01-09-2025 07:00,LOSS
23385,4,15,01-09-2025 08:00,WIN
23386,16,19,01-09-2025 09:00,WIN
23387,4,10,01-09-2025 10:00,WIN
23388,6,7,01-09-2025 11:00,WIN
23389,6,12,01-09-2025 12:00,WIN
23390,18,13,01-09-2025 13:00,LOSS
23391,12,15,01-09-2025 14:00,LOSS
23392,8,16,01-09-2025 15:00,LOSS
23393,14,7,01-09-2025 16:00,LOSS
23394,7,2,01-09-2025 17:00,WIN
23395,2,18,01-09-2025 18:00,LOSS
23396,8,15,01-09-2025 19:00,WIN
23397,11,15,01-09-2025 20:00,WIN
23398,17,18,01-09-2025 21:00,WIN
23399,10,11,01-09-2025 22:00,WIN
23400,7,1,01-09-2025 23:00,LOSS
23401,6,5,02-09-2025 00:00,LOSS
23402,9,17,02-09-2025 01:00,WIN
23403,19,11,02-09-2025 02:00,LOSS
23404,5,9,02-09-2025 03:00,WIN
23405,5,8,02-09-2025 04:00,LOSS
23406,3,20,02-09-2025 05:00,LOSS
23407,4,1,02-09-2025 06:00,LOSS
23408,12,9,02-09-2025 07:00,LOSS
23409,6,14,02-09-2025 08:00,LOSS
23410,10,14,02-09-2025 09:00,LOSS
23411,8,4,02-09-2025 10:00,LOSS
23412,17,14,02-09-2025 11:00,LOSS
23413,6,3,02-09-2025 12:00,LOSS
23414,5,18,02-09-2025 13:00,LOSS
23415,10,17,02-09-2025 14:00,LOSS
23416,12,9,02-09-2025 15:00,WIN
23417,14,17,02-09-2025 16:00,WIN
23418,3,20,02-09-2025 17:00,WIN
23419,20,18,02-09-2025 18:00,WIN
23420,4,15,02-09-2025 19:00,LOSS
23421,4,5,02-09-2025 20:00,WIN
23422,8,3,02-09-2025 21:00,LOSS
23423,4,14,02-09-2025 22:00,LOSS
23424,19,4,02-09-2025 23:00,LOSS
23425,15,3,03-09-2025 00:00,LOSS
23426,13,18,03-09-2025 01:00,LOSS
23427,5,6,03-09-2025 02:00,LOSS
23428,15,6,03-09-2025 03:00,WIN
23429,18,19,03-09-2025 04:00,WIN
23430,5,9,03-09-2025 05:00,LOSS
23431,18,13,03-09-2025 06:00,WIN
23432,10,16,03-09-2025 07:00,WIN
23433,18,15,03-09-2025 08:00,WIN
23434,7,15,03-09-2025 09:00,LOSS
23435,10,10,03-09-2025 10:00,LOSS
23436,4,17,03-09-2025 11:00,WIN
23437,9,14,03-09-2025 12:00,LOSS
23438,13,1,03-09-2025 13:00,LOSS
23439,16,13,03-09-2025 14:00,LOSS
23440,13,16,03-09-2025 15:00,WIN
23441,3,4,03-09-2025 16:00,WIN
23442,15,3,03-09-2025 17:00,LOSS
23443,17,10,03-09-2025 18:00,LOSS
23444,3,20,03-09-2025 19:00,WIN
23445,3,14,03-09-2025 20:00,WIN
23446,19,12,03-09-2025 21:00,LOSS
23447,4,11,03-09-2025 22:00,LOSS
23448,3,17,03-09-2025 23:00,WIN
23449,16,5,04-09-2025 00:00,WIN
23450,19,9,04-09-2025 01:00,LOSS
23451,6,10,04-09-2025 02:00,WIN
23452,17,20,04-09-2025 03:00,WIN
23453,4,17,04-09-2025 04:00,WIN
23454,17,13,04-09-2025 05:00,LOSS
23455,2,4,04-09-2025 06:00,LOSS
23456,19,20,04-09-2025 07:00,WIN
23457,9,9,04-09-2025 08:00,LOSS
23458,3,5,04-09-2025 09:00,WIN
23459,13,19,04-09-2025 10:00,LOSS
23460,18,8,04-09-2025 11:00,LOSS
23461,20,10,04-09-2025 12:00,WIN
23462,15,4,04-09-2025 13:00,LOSS
23463,2,4,04-09-2025 14:00,WIN
23464,12,5,04-09-2025 15:00,LOSS
23465,7,4,04-09-2025 16:00,WIN
23466,11,5,04-09-2025 17:00,LOSS
23467,15,17,04-09-2025 18:00,WIN
23468,7,16,04-09-2025 19:00,WIN
23469,8,12,04-09-2025 20:00,WIN
23470,12,1,04-09-2025 21:00,LOSS
23471,6,2,04-09-2025 22:00,WIN
23472,14,8,04-09-2025 23:00,WIN
23473,5,11,05-09-2025 00:00,WIN
23474,4,2,05-09-2025 01:00,LOSS
23475,4,13,05-09-2025 02:00,LOSS
23476,9,2,05-09-2025 03:00,WIN
23477,15,14,05-09-2025 04:00,WIN
23478,18,16,05-09-2025 05:00,WIN
23479,7,1,05-09-2025 06:00,WIN
23480,20,14,05-09-2025 07:00,LOSS
23481,16,16,05-09-2025 08:00,LOSS
23482,11,19,05-09-2025 09:00,LOSS
23483,4,5,05-09-2025 10:00,LOSS
23484,8,3,05-09-2025 11:00,LOSS
23485,3,7,05-09-2025 12:00,LOSS
23486,5,14,05-09-2025 13:00,WIN
23487,3,18,05-09-2025 14:00,LOSS
23488,20,8,05-09-2025 15:00,WIN
23489,9,12,05-09-2025 16:00,LOSS
23490,3,7,05-09-2025 17:00,LOSS
23491,10,17,05-09-2025 18:00,LOSS
23492,17,11,05-09-2025 19:00,WIN
23493,11,9,05-09-2025 20:00,WIN
23494,9,15,05-09-2025 21:00,WIN
23495,11,15,05-09-2025 22:00,LOSS
23496,7,4,05-09-2025 23:00,LOSS
23497,1,12,06-09-2025 00:00,LOSS
23498,14,12,06-09-2025 01:00,WIN
23499,11,8,06-09-2025 02:00,LOSS
23500,14,17,06-09-2025 03:00,LOSS
23501,18,17,06-09-2025 04:00,WIN
23502,9,11,06-09-2025 05:00,WIN
23503,12,9,06-09-2025 06:00,LOSS
23504,14,17,06-09-2025 07:00,LOSS
23505,12,16,06-09-2025 08:00,LOSS
23506,3,19,06-09-2025 09:00,LOSS
23507,9,3,06-09-2025 10:00,LOSS
23508,16,20,06-09-2025 11:00,WIN
23509,4,13,06-09-2025 12:00,LOSS
23510,13,12,06-09-2025 13:00,WIN
23511,18,19,06-09-2025 14:00,LOSS
23512,8,3,06-09-2025 15:00,WIN
23513,8,5,06-09-2025 16:00,LOSS
23514,16,5,06-09-2025 17:00,LOSS
23515,13,13,06-09-2025 18:00,LOSS
23516,2,13,06-09-2025 19:00,WIN
23517,13,15,06-09-2025 20:00,WIN
23518,18,12,06-09-2025 21:00,LOSS
23519,19,5,06-09-2025 22:00,WIN
23520,4,20,06-09-2025 23:00,LOSS
23521,4,4,07-09-2025 00:00,LOSS
23522,2,13,07-09-2025 01:00,WIN
23523,9,16,07-09-2025 02:00,WIN
23524,9,18,07-09-2025 03:00,WIN
23525,4,2,07-09-2025 04:00,LOSS
23526,16,10,07-09-2025 05:00,WIN
23527,8,8,07-09-2025 06:00,LOSS
23528,7,18,07-09-2025 07:00,LOSS
23529,13,18,07-09-2025 08:00,LOSS
23530,5,20,07-09-2025 09:00,WIN
23531,8,16,07-09-2025 10:00,WIN
23532,2,15,07-09-2025 11:00,WIN
23533,16,16,07-09-2025 12:00,WIN
23534,18,5,07-09-2025 13:00,LOSS
23535,10,3,07-09-2025 14:00,WIN
23536,9,15,07-09-2025 15:00,WIN
23537,15,9,07-09-2025 16:00,LOSS
23538,3,2,07-09-2025 17:00,WIN
23539,15,13,07-09-2025 18:00,WIN
23540,13,10,07-09-2025 19:00,LOSS
23541,1,10,07-09-2025 20:00,WIN
23542,15,16,07-09-2025 21:00,LOSS
23543,9,4,07-09-2025 22:00,LOSS
23544,7,4,07-09-2025 23:00,WIN
23545,18,15,08-09-2025 00:00,WIN
23546,8,18,08-09-2025 01:00,LOSS
23547,15,14,08-09-2025 02:00,LOSS
23548,14,16,08-09-2025 03:00,LOSS
23549,6,15,08-09-2025 04:00,WIN
23550,14,19,08-09-2025 05:00,LOSS
23551,4,3,08-09-2025 06:00,LOSS
23552,16,10,08-09-2025 07:00,WIN
23553,14,14,08-09-2025 08:00,WIN
23554,17,3,08-09-2025 09:00,LOSS
23555,16,18,08-09-2025 10:00,LOSS
23556,2,20,08-09-2025 11:00,LOSS
23557,1,2,08-09-2025 12:00,WIN
23558,15,20,08-09-2025 13:00,LOSS
23559,9,19,08-09-2025 14:00,WIN
23560,13,18,08-09-2025 15:00,WIN
23561,17,1,08-09-2025 16:00,WIN
23562,3,15,08-09-2025 17:00,LOSS
23563,6,2,08-09-2025 18:00,WIN
23564,9,16,08-09-2025 19:00,LOSS
23565,9,17,08-09-2025 20:00,WIN
23566,20,14,08-09-2025 21:00,LOSS
23567,17,14,08-09-2025 22:00,WIN
23568,9,19,08-09-2025 23:00,LOSS
23569,2,1,09-09-2025 00:00,WIN
23570,15,5,09-09-2025 01:00,WIN
23571,10,10,09-09-2025 02:00,LOSS
23572,10,2,09-09-2025 03:00,WIN
23573,4,9,09-09-2025 04:00,LOSS
23574,7,19,09-09-2025 05:00,WIN
23575,2,5,09-09-2025 06:00,LOSS
23576,9,5,09-09-2025 07:00,WIN
23577,5,14,09-09-2025 08:00,WIN
23578,10,3,09-09-2025 09:00,LOSS
23579,9,14,09-09-2025 10:00,WIN
23580,8,5,09-09-2025 11:00,WIN
23581,3,8,09-09-2025 12:00,WIN
23582,19,8,09-09-2025 13:00,WIN
23583,18,6,09-09-2025 14:00,WIN
23584,14,2,09-09-2025 15:00,LOSS
23585,11,6,09-09-2025 16:00,WIN
23586,2,7,09-09-2025 17:00,LOSS
23587,2,11,09-09-2025 18:00,WIN
23588,15,5,09-09-2025 19:00,LOSS
23589,18,10,09-09-2025 20:00,WIN
23590,16,20,09-09-2025 21:00,WIN
23591,2,15,09-09-2025 22:00,LOSS
23592,13,7,09-09-2025 23:00,LOSS
23593,20,6,10-09-2025 00:00,LOSS
23594,7,7,10-09-2025 01:00,WIN
23595,9,4,10-09-2025 02:00,WIN
23596,19,15,10-09-2025 03:00,WIN
23597,2,18,10-09-2025 04:00,LOSS
23598,1,10,10-09-2025 05:00,WIN
23599,8,7,10-09-2025 06:00,WIN
23600,19,4,10-09-2025 07:00,LOSS
23601,9,18,10-09-2025 08:00,WIN
23602,1,8,10-09-2025 09:00,LOSS
23603,17,8,10-09-2025 10:00,LOSS
23604,20,10,10-09-2025 11:00,LOSS
23605,17,8,10-09-2025 12:00,LOSS
23606,7,19,10-09-2025 13:00,WIN
23607,3,20,10-09-2025 14:00,LOSS
23608,16,2,10-09-2025 15:00,WIN
23609,2,14,10-09-2025 16:00,WIN
23610,5,17,10-09-2025 17:00,LOSS
23611,5,9,10-09-2025 18:00,LOSS
23612,9,7,10-09-2025 19:00,LOSS
23613,15,8,10-09-2025 20:00,WIN
23614,16,19,10-09-2025 21:00,WIN
23615,18,7,10-09-2025 22:00,WIN
23616,19,20,10-09-2025 23:00,LOSS
23617,6,18,11-09-2025 00:00,LOSS
23618,17,13,11-09-2025 01:00,LOSS
23619,14,10,11-09-2025 02:00,LOSS
23620,16,10,11-09-2025 03:00,LOSS
23621,2,8,11-09-2025 04:00,WIN
23622,18,20,11-09-2025 05:00,LOSS
23623,18,13,11-09-2025 06:00,WIN
23624,3,10,11-09-2025 07:00,LOSS
23625,14,2,11-09-2025 08:00,WIN
23626,18,11,11-09-2025 09:00,WIN
23627,19,19,11-09-2025 10:00,LOSS
23628,3,17,11-09-2025 11:00,WIN
23629,7,15,11-09-2025 12:00,WIN
23630,3,12,11-09-2025 13:00,LOSS
23631,6,8,11-09-2025 14:00,LOSS
23632,12,10,11-09-2025 15:00,LOSS
23633,16,4,11-09-2025 16:00,WIN
23634,20,4,11-09-2025 17:00,WIN
23635,5,10,11-09-2025 18:00,LOSS
23636,11,12,11-09-2025 19:00,WIN
23637,13,12,11-09-2025 20:00,WIN
23638,12,17,11-09-2025 21:00,LOSS
23639,16,4,11-09-2025 22:00,LOSS
23640,15,18,11-09-2025 23:00,WIN
23641,7,8,12-09-2025 00:00,LOSS
23642,5,7,12-09-2025 01:00,WIN
23643,13,8,12-09-2025 02:00,LOSS
23644,15,18,12-09-2025 03:00,WIN
23645,9,9,12-09-2025 04:00,WIN
23646,17,4,12-09-2025 05:00,WIN
23647,4,17,12-09-2025 06:00,LOSS
23648,14,6,12-09-2025 07:00,WIN
23649,10,4,12-09-2025 08:00,WIN
23650,5,15,12-09-2025 09:00,LOSS
23651,12,18,12-09-2025 10:00,LOSS
23652,13,17,12-09-2025 11:00,LOSS
23653,4,8,12-09-2025 12:00,WIN
23654,13,19,12-09-2025 13:00,LOSS
23655,5,12,12-09-2025 14:00,LOSS
23656,1,10,12-09-2025 15:00,WIN
23657,4,8,12-09-2025 16:00,WIN
23658,1,2,12-09-2025 17:00,LOSS
23659,18,4,12-09-2025 18:00,WIN
23660,13,6,12-09-2025 19:00,WIN
23661,15,16,12-09-2025 20:00,WIN
23662,9,4,12-09-2025 21:00,WIN
23663,9,20,12-09-2025 22:00,WIN
23664,10,4,12-09-2025 23:00,WIN
23665,3,14,13-09-2025 00:00,LOSS
23666,4,13,13-09-2025 01:00,WIN
23667,5,10,13-09-2025 02:00,LOSS
23668,12,9,13-09-2025 03:00,WIN
23669,6,6,13-09-2025 04:00,LOSS
23670,6,5,13-09-2025 05:00,LOSS
23671,8,5,13-09-2025 06:00,LOSS
23672,19,3,13-09-2025 07:00,LOSS
23673,20,1,13-09-2025 08:00,WIN
23674,20,18,13-09-2025 09:00,WIN
23675,11,16,13-09-2025 10:00,WIN
23676,11,7,13-09-2025 11:00,LOSS
23677,15,11,13-09-2025 12:00,WIN
23678,4,16,13-09-2025 13:00,LOSS
23679,13,20,13-09-2025 14:00,LOSS
23680,10,11,13-09-2025 15:00,LOSS
23681,14,10,13-09-2025 16:00,LOSS
23682,5,19,13-09-2025 17:00,LOSS
23683,17,13,13-09-2025 18:00,LOSS
23684,20,4,13-09-2025 19:00,LOSS
23685,7,8,13-09-2025 20:00,WIN
23686,15,7,13-09-2025 21:00,LOSS
23687,19,1,13-09-2025 22:00,WIN
23688,16,17,13-09-2025 23:00,WIN
23689,7,20,14-09-2025 00:00,WIN
23690,5,13,14-09-2025 01:00,WIN
23691,17,13,14-09-2025 02:00,WIN
23692,4,9,14-09-2025 03:00,LOSS
23693,16,15,14-09-2025 04:00,WIN
23694,19,15,14-09-2025 05:00,LOSS
23695,4,2,14-09-2025 06:00,LOSS
23696,6,15,14-09-2025 07:00,WIN
23697,14,4,14-09-2025 08:00,WIN
23698,20,13,14-09-2025 09:00,LOSS
23699,13,20,14-09-2025 10:00,WIN
23700,14,3,14-09-2025 11:00,LOSS
23701,7,9,14-09-2025 12:00,WIN
23702,3,20,14-09-2025 13:00,WIN
23703,3,9,14-09-2025 14:00,WIN
23704,18,4,14-09-2025 15:00,LOSS
23705,16,18,14-09-2025 16:00,LOSS
23706,1,8,14-09-2025 17:00,LOSS
23707,14,2,14-09-2025 18:00,WIN
23708,18,17,14-09-2025 19:00,LOSS
23709,20,20,14-09-2025 20:00,WIN
23710,16,4,14-09-2025 21:00,LOSS
23711,19,7,14-09-2025 22:00,WIN
23712,2,6,14-09-2025 23:00,LOSS
23713,9,2,15-09-2025 00:00,LOSS
23714,13,20,15-09-2025 01:00,WIN
23715,18,3,15-09-2025 02:00,LOSS
23716,20,6,15-09-2025 03:00,LOSS
23717,2,7,15-09-2025 04:00,LOSS
23718,7,6,15-09-2025 05:00,WIN
23719,13,14,15-09-2025 06:00,WIN
23720,8,20,15-09-2025 07:00,LOSS
23721,3,12,15-09-2025 08:00,WIN
23722,14,20,15-09-2025 09:00,LOSS
23723,8,3,15-09-2025 10:00,LOSS
23724,1,9,15-09-2025 11:00,WIN
23725,11,13,15-09-2025 12:00,LOSS
23726,1,19,15-09-2025 13:00,WIN
23727,11,5,15-09-2025 14:00,LOSS
23728,6,14,15-09-2025 15:00,WIN
23729,11,15,15-09-2025 16:00,WIN
23730,18,15,15-09-2025 17:00,WIN
23731,9,3,15-09-2025 18:00,WIN
23732,13,11,15-09-2025 19:00,LOSS
23733,10,5,15-09-2025 20:00,LOSS
23734,10,8,15-09-2025 21:00,WIN
23735,3,18,15-09-2025 22:00,WIN
23736,4,15,15-09-2025 23:00,LOSS
23737,10,13,16-09-2025 00:00,LOSS
23738,19,12,16-09-2025 01:00,LOSS
23739,18,1,16-09-2025 02:00,LOSS
23740,7,15,16-09-2025 03:00,WIN
23741,2,7,16-09-2025 04:00,WIN
23742,9,8,16-09-2025 05:00,WIN
23743,8,7,16-09-2025 06:00,LOSS
23744,3,17,16-09-2025 07:00,WIN
23745,12,5,16-09-2025 08:00,WIN
23746,10,14,16-09-2025 09:00,LOSS
23747,14,17,16-09-2025 10:00,WIN
23748,1,10,16-09-2025 11:00,WIN
23749,19,11,16-09-2025 12:00,WIN
23750,14,18,16-09-2025 13:00,WIN
23751,20,18,16-09-2025 14:00,LOSS
23752,6,8,16-09-2025 15:00,LOSS
23753,16,1,16-09-2025 16:00,WIN
23754,4,9,16-09-2025 17:00,LOSS
23755,9,10,16-09-2025 18:00,WIN
23756,8,16,16-09-2025 19:00,LOSS
23757,6,10,16-09-2025 20:00,LOSS
23758,10,13,16-09-2025 21:00,WIN
23759,7,18,16-09-2025 22:00,WIN
23760,11,3,16-09-2025 23:00,LOSS
23761,5,17,17-09-2025 00:00,WIN
23762,14,15,17-09-2025 01:00,WIN
23763,9,3,17-09-2025 02:00,LOSS
23764,20,10,17-09-2025 03:00,WIN
23765,20,13,17-09-2025 04:00,LOSS
23766,20,2,17-09-2025 05:00,LOSS
23767,20,3,17-09-2025 06:00,LOSS
23768,6,18,17-09-2025 07:00,WIN
23769,7,11,17-09-2025 08:00,WIN
23770,4,17,17-09-2025 09:00,WIN
23771,17,11,17-09-2025 10:00,WIN
23772,4,17,17-09-2025 11:00,LOSS
23773,20,15,17-09-2025 12:00,LOSS
23774,14,10,17-09-2025 13:00,WIN
23775,18,4,17-09-2025 14:00,WIN
23776,8,2,17-09-2025 15:00,WIN
23777,5,14,17-09-2025 16:00,WIN
23778,14,5,17-09-2025 17:00,WIN
23779,9,9,17-09-2025 18:00,WIN
23780,20,1,17-09-2025 19:00,LOSS
23781,3,12,17-09-2025 20:00,LOSS
23782,17,7,17-09-2025 21:00,WIN
23783,18,12,17-09-2025 22:00,LOSS
23784,4,20,17-09-2025 23:00,WIN
23785,9,10,18-09-2025 00:00,WIN
23786,11,20,18-09-2025 01:00,LOSS
23787,9,3,18-09-2025 02:00,LOSS
23788,6,8,18-09-2025 03:00,LOSS
23789,18,7,18-09-2025 04:00,WIN
23790,1,2,18-09-2025 05:00,WIN
23791,4,18,18-09-2025 06:00,LOSS
23792,6,10,18-09-2025 07:00,LOSS
23793,18,16,18-09-2025 08:00,WIN
23794,17,8,18-09-2025 09:00,WIN
23795,16,11,18-09-2025 10:00,LOSS
23796,18,14,18-09-2025 11:00,LOSS
23797,12,14,18-09-2025 12:00,LOSS
23798,20,9,18-09-2025 13:00,WIN
23799,9,11,18-09-2025 14:00,WIN
23800,18,7,18-09-2025 15:00,LOSS
23801,5,5,18-09-2025 16:00,LOSS
23802,3,8,18-09-2025 17:00,WIN
23803,2,9,18-09-2025 18:00,WIN
23804,10,3,18-09-2025 19:00,LOSS
23805,6,1,18-09-2025 20:00,LOSS
23806,13,19,18-09-2025 21:00,LOSS
23807,5,15,18-09-2025 22:00,LOSS
23808,7,16,18-09-2025 23:00,WIN
23809,19,9,19-09-2025 00:00,LOSS
23810,6,9,19-09-2025 01:00,LOSS
23811,14,11,19-09-2025 02:00,LOSS
23812,7,3,19-09-2025 03:00,WIN
23813,17,12,19-09-2025 04:00,LOSS
23814,4,12,19-09-2025 05:00,WIN
23815,13,2,19-09-2025 06:00,WIN
23816,7,18,19-09-2025 07:00,LOSS
23817,10,19,19-09-2025 08:00,LOSS
23818,2,4,19-09-2025 09:00,WIN
23819,8,2,19-09-2025 10:00,WIN
23820,7,9,19-09-2025 11:00,WIN
23821,18,3,19-09-2025 12:00,WIN
23822,9,2,19-09-2025 13:00,WIN
23823,18,17,19-09-2025 14:00,LOSS
23824,5,15,19-09-2025 15:00,LOSS
23825,15,8,19-09-2025 16:00,WIN
23826,1,19,19-09-2025 17:00,WIN
23827,16,7,19-09-2025 18:00,WIN
23828,13,10,19-09-2025 19:00,LOSS
23829,16,17,19-09-2025 20:00,WIN
23830,2,9,19-09-2025 21:00,LOSS
23831,17,19,19-09-2025 22:00,WIN
23832,4,6,19-09-2025 23:00,WIN
23833,9,1,20-09-2025 00:00,LOSS
23834,20,14,20-09-2025 01:00,WIN
23835,10,5,20-09-2025 02:00,LOSS
23836,17,10,20-09-2025 03:00,LOSS
23837,5,12,20-09-2025 04:00,WIN
23838,6,20,20-09-2025 05:00,LOSS
23839,17,20,20-09-2025 06:00,LOSS
23840,8,11,20-09-2025 07:00,LOSS
23841,17,19,20-09-2025 08:00,LOSS
23842,9,19,20-09-2025 09:00,LOSS
23843,19,2,20-09-2025 10:00,WIN
23844,5,16,20-09-2025 11:00,LOSS
23845,1,4,20-09-2025 12:00,LOSS
23846,17,4,20-09-2025 13:00,WIN
23847,18,20,20-09-2025 14:00,LOSS
23848,6,10,20-09-2025 15:00,WIN
23849,14,16,20-09-2025 16:00,LOSS
23850,1,9,20-09-2025 17:00,WIN
23851,17,6,20-09-2025 18:00,LOSS
23852,1,5,20-09-2025 19:00,WIN
23853,12,10,20-09-2025 20:00,WIN
23854,3,4,20-09-2025 21:00,LOSS
23855,13,9,20-09-2025 22:00,WIN
23856,4,20,20-09-2025 23:00,WIN
23857,9,2,21-09-2025 00:00,LOSS
23858,16,9,21-09-2025 01:00,LOSS
23859,14,9,21-09-2025 02:00,LOSS
23860,5,6,21-09-2025 03:00,WIN
23861,20,14,21-09-2025 04:00,LOSS
23862,15,1,21-09-2025 05:00,WIN
23863,10,18,21-09-2025 06:00,LOSS
23864,12,12,21-09-2025 07:00,LOSS
23865,6,1,21-09-2025 08:00,WIN
23866,19,6,21-09-2025 09:00,WIN
23867,14,6,21-09-2025 10:00,LOSS
23868,14,4,21-09-2025 11:00,WIN
23869,7,11,21-09-2025 12:00,LOSS
23870,10,1,21-09-2025 13:00,WIN
23871,15,1,21-09-2025 14:00,LOSS
23872,15,8,21-09-2025 15:00,WIN
23873,18,3,21-09-2025 16:00,WIN
23874,9,12,21-09-2025 17:00,WIN
23875,16,6,21-09-2025 18:00,LOSS
23876,2,6,21-09-2025 19:00,WIN
23877,15,17,21-09-2025 20:00,WIN
23878,13,9,21-09-2025 21:00,WIN
23879,1,14,21-09-2025 22:00,LOSS
23880,2,19,21-09-2025 23:00,WIN
23881,16,13,22-09-2025 00:00,LOSS
23882,4,5,22-09-2025 01:00,WIN
23883,20,9,22-09-2025 02:00,WIN
23884,1,10,22-09-2025 03:00,LOSS
23885,6,4,22-09-2025 04:00,WIN
23886,16,7,22-09-2025 05:00,LOSS
23887,16,19,22-09-2025 06:00,WIN
23888,6,17,22-09-2025 07:00,WIN
23889,15,14,22-09-2025 08:00,WIN
23890,7,17,22-09-2025 09:00,WIN
23891,7,20,22-09-2025 10:00,WIN
23892,12,14,22-09-2025 11:00,WIN
23893,1,7,22-09-2025 12:00,LOSS
23894,2,15,22-09-2025 13:00,WIN
23895,17,12,22-09-2025 14:00,WIN
23896,17,13,22-09-2025 15:00,LOSS
23897,8,18,22-09-2025 16:00,WIN
23898,4,6,22-09-2025 17:00,LOSS
23899,13,6,22-09-2025 18:00,LOSS
23900,13,6,22-09-2025 19:00,WIN
23901,11,3,22-09-2025 20:00,WIN
23902,12,7,22-09-2025 21:00,LOSS
23903,14,12,22-09-2025 22:00,LOSS
23904,1,2,22-09-2025 23:00,WIN
23905,9,18,23-09-2025 00:00,WIN
23906,3,1,23-09-2025 01:00,LOSS
23907,7,15,23-09-2025 02:00,WIN
23908,15,11,23-09-2025 03:00,WIN
23909,7,20,23-09-2025 04:00,LOSS
23910,11,20,23-09-2025 05:00,WIN
23911,16,8,23-09-2025 06:00,LOSS
23912,12,12,23-09-2025 07:00,WIN
23913,20,18,23-09-2025 08:00,WIN
23914,8,5,23-09-2025 09:00,WIN
23915,13,19,23-09-2025 10:00,WIN
23916,2,15,23-09-2025 11:00,WIN
23917,8,17,23-09-2025 12:00,LOSS
23918,15,11,23-09-2025 13:00,LOSS
23919,12,6,23-09-2025 14:00,WIN
23920,5,18,23-09-2025 15:00,WIN
23921,2,14,23-09-2025 16:00,LOSS
23922,12,6,23-09-2025 17:00,LOSS
23923,6,8,23-09-2025 18:00,WIN
23924,8,12,23-09-2025 19:00,WIN
23925,4,17,23-09-2025 20:00,LOSS
23926,10,10,23-09-2025 21:00,WIN
23927,16,1,23-09-2025 22:00,LOSS
23928,8,15,23-09-2025 23:00,WIN
23929,16,17,24-09-2025 00:00,LOSS
23930,7,8,24-09-2025 01:00,WIN
23931,12,8,24-09-2025 02:00,WIN
23932,7,10,24-09-2025 03:00,LOSS
23933,17,14,24-09-2025 04:00,LOSS
23934,15,15,24-09-2025 05:00,WIN
23935,14,10,24-09-2025 06:00,WIN
23936,5,20,24-09-2025 07:00,WIN
23937,2,13,24-09-2025 08:00,WIN
23938,5,19,24-09-2025 09:00,WIN
23939,5,20,24-09-2025 10:00,LOSS
23940,6,14,24-09-2025 11:00,WIN
23941,14,14,24-09-2025 12:00,WIN
23942,6,8,24-09-2025 13:00,LOSS
23943,13,14,24-09-2025 14:00,LOSS
23944,7,20,24-09-2025 15:00,WIN
23945,18,9,24-09-2025 16:00,WIN
23946,4,3,24-09-2025 17:00,LOSS
23947,5,5,24-09-2025 18:00,WIN
23948,15,15,24-09-2025 19:00,WIN
23949,2,13,24-09-2025 20:00,WIN
23950,8,1,24-09-2025 21:00,WIN
23951,18,7,24-09-2025 22:00,WIN
23952,2,12,24-09-2025 23:00,LOSS
23953,2,12,25-09-2025 00:00,LOSS
23954,18,4,25-09-2025 01:00,WIN
23955,7,1,25-09-2025 02:00,LOSS
23956,14,4,25-09-2025 03:00,LOSS
23957,5,19,25-09-2025 04:00,LOSS
23958,9,17,25-09-2025 05:00,WIN
23959,14,9,25-09-2025 06:00,LOSS
23960,4,7,25-09-2025 07:00,WIN
23961,1,7,25-09-2025 08:00,WIN
23962,8,18,25-09-2025 09:00,WIN
23963,15,4,25-09-2025 10:00,LOSS
23964,19,20,25-09-2025 11:00,LOSS
23965,10,4,25-09-2025 12:00,LOSS
23966,17,3,25-09-2025 13:00,WIN
23967,2,20,25-09-2025 14:00,LOSS
23968,5,19,25-09-2025 15:00,LOSS
23969,15,16,25-09-2025 16:00,WIN
23970,10,3,25-09-2025 17:00,LOSS
23971,18,3,25-09-2025 18:00,LOSS
23972,13,16,25-09-2025 19:00,WIN
23973,14,11,25-09-2025 20:00,WIN
23974,3,12,25-09-2025 21:00,LOSS
23975,6,3,25-09-2025 22:00,WIN
23976,20,5,25-09-2025 23:00,WIN
23977,12,7,26-09-2025 00:00,WIN
23978,5,9,26-09-2025 01:00,LOSS
23979,20,12,26-09-2025 02:00,LOSS
23980,9,6,26-09-2025 03:00,WIN
23981,7,17,26-09-2025 04:00,LOSS
23982,19,13,26-09-2025 05:00,LOSS
23983,5,20,26-09-2025 06:00,WIN
23984,4,13,26-09-2025 07:00,LOSS
23985,18,20,26-09-2025 08:00,WIN
23986,5,14,26-09-2025 09:00,WIN
23987,7,15,26-09-2025 10:00,LOSS
23988,13,18,26-09-2025 11:00,LOSS
23989,16,11,26-09-2025 12:00,WIN
23990,11,11,26-09-2025 13:00,LOSS
23991,3,6,26-09-2025 14:00,WIN
23992,4,7,26-09-2025 15:00,WIN
23993,17,9,26-09-2025 16:00,LOSS
23994,9,2,26-09-2025 17:00,LOSS
23995,19,13,26-09-2025 18:00,LOSS
23996,13,16,26-09-2025 19:00,WIN
23997,12,8,26-09-2025 20:00,LOSS
23998,17,9,26-09-2025 21:00,WIN
23999,13,2,26-09-2025 22:00,LOSS
24000,11,18,26-09-2025 23:00,WIN
24001,10,20,27-09-2025 00:00,WIN
24002,5,12,27-09-2025 01:00,LOSS
24003,17,8,27-09-2025 02:00,WIN
24004,1,10,27-09-2025 03:00,LOSS
24005,16,9,27-09-2025 04:00,LOSS
24006,8,15,27-09-2025 05:00,LOSS
24007,20,11,27-09-2025 06:00,WIN
24008,17,11,27-09-2025 07:00,WIN
24009,8,6,27-09-2025 08:00,WIN
24010,14,17,27-09-2025 09:00,LOSS
24011,17,1,27-09-2025 10:00,LOSS
24012,9,17,27-09-2025 11:00,LOSS
24013,6,2,27-09-2025 12:00,LOSS
24014,2,11,27-09-2025 13:00,WIN
24015,19,10,27-09-2025 14:00,WIN
24016,13,3,27-09-2025 15:00,LOSS
24017,10,5,27-09-2025 16:00,WIN
24018,10,11,27-09-2025 17:00,LOSS
24019,15,7,27-09-2025 18:00,LOSS
24020,5,18,27-09-2025 19:00,WIN
24021,20,9,27-09-2025 20:00,LOSS
24022,7,12,27-09-2025 21:00,WIN
24023,13,10,27-09-2025 22:00,WIN
24024,20,20,27-09-2025 23:00,WIN
24025,11,6,28-09-2025 00:00,LOSS
24026,2,2,28-09-2025 01:00,LOSS
24027,15,2,28-09-2025 02:00,LOSS
24028,15,1,28-09-2025 03:00,LOSS
24029,19,15,28-09-2025 04:00,WIN
24030,5,14,28-09-2025 05:00,WIN
24031,17,11,28-09-2025 06:00,WIN
24032,8,3,28-09-2025 07:00,LOSS
24033,16,2,28-09-2025 08:00,WIN
24034,15,12,28-09-2025 09:00,LOSS
24035,18,19,28-09-2025 10:00,WIN
24036,18,2,28-09-2025 11:00,LOSS
24037,15,14,28-09-2025 12:00,LOSS
24038,10,17,28-09-2025 13:00,WIN
24039,5,9,28-09-2025 14:00,LOSS
24040,16,15,28-09-2025 15:00,WIN
24041,12,1,28-09-2025 16:00,LOSS
24042,17,5,28-09-2025 17:00,WIN
24043,12,7,28-09-2025 18:00,WIN
24044,1,10,28-09-2025 19:00,WIN
24045,11,3,28-09-2025 20:00,LOSS
24046,8,18,28-09-2025 21:00,LOSS
24047,5,2,28-09-2025 22:00,WIN
24048,8,9,28-09-2025 23:00,WIN
24049,11,11,29-09-2025 00:00,WIN
24050,11,16,29-09-2025 01:00,LOSS
24051,14,14,29-09-2025 02:00,LOSS
24052,14,4,29-09-2025 03:00,LOSS
24053,19,10,29-09-2025 04:00,LOSS
24054,11,16,29-09-2025 05:00,WIN
24055,2,10,29-09-2025 06:00,LOSS
24056,8,7,29-09-2025 07:00,WIN
24057,11,18,29-09-2025 08:00,WIN
24058,1,20,29-09-2025 09:00,LOSS
24059,5,17,29-09-2025 10:00,WIN
24060,15,11,29-09-2025 11:00,WIN
24061,19,4,29-09-2025 12:00,LOSS
24062,16,10,29-09-2025 13:00,WIN
24063,4,9,29-09-2025 14:00,WIN
24064,12,11,29-09-2025 15:00,LOSS
24065,5,5,29-09-2025 16:00,WIN
24066,19,7,29-09-2025 17:00,LOSS
24067,11,9,29-09-2025 18:00,WIN
24068,7,11,29-09-2025 19:00,LOSS
24069,6,11,29-09-2025 20:00,WIN
24070,13,16,29-09-2025 21:00,WIN
24071,15,8,29-09-2025 22:00,WIN
24072,3,8,29-09-2025 23:00,LOSS
24073,3,2,30-09-2025 00:00,LOSS
24074,4,17,30-09-2025 01:00,WIN
24075,10,20,30-09-2025 02:00,WIN
24076,19,2,30-09-2025 03:00,LOSS
24077,6,19,30-09-2025 04:00,WIN
24078,1,13,30-09-2025 05:00,WIN
24079,1,10,30-09-2025 06:00,WIN
24080,7,14,30-09-2025 07:00,LOSS
24081,16,5,30-09-2025 08:00,LOSS
24082,4,3,30-09-2025 09:00,LOSS
24083,16,2,30-09-2025 10:00,LOSS
24084,7,9,30-09-2025 11:00,LOSS
24085,18,7,30-09-2025 12:00,LOSS
24086,15,4,30-09-2025 13:00,LOSS
24087,9,3,30-09-2025 14:00,WIN
24088,11,14,30-09-2025 15:00,LOSS
24089,7,10,30-09-2025 16:00,WIN
24090,7,19,30-09-2025 17:00,WIN
24091,3,19,30-09-2025 18:00,WIN
24092,7,17,30-09-2025 19:00,WIN
24093,3,10,30-09-2025 20:00,LOSS
24094,12,7,30-09-2025 21:00,WIN
24095,3,20,30-09-2025 22:00,LOSS
24096,7,2,30-09-2025 23:00,WIN
24097,6,7,01-10-2025 00:00,WIN
24098,15,8,01-10-2025 01:00,LOSS
24099,10,15,01-10-2025 02:00,LOSS
24100,5,17,01-10-2025 03:00,LOSS
24101,9,14,01-10-2025 04:00,WIN
24102,17,8,01-10-2025 05:00,LOSS
24103,19,15,01-10-2025 06:00,WIN
24104,17,12,01-10-2025 07:00,LOSS
24105,9,18,01-10-2025 08:00,LOSS
24106,17,15,01-10-2025 09:00,WIN
24107,1,6,01-10-2025 10:00,LOSS
24108,8,8,01-10-2025 11:00,WIN
24109,19,14,01-10-2025 12:00,WIN
24110,9,18,01-10-2025 13:00,LOSS
24111,8,18,01-10-2025 14:00,LOSS
24112,6,10,01-10-2025 15:00,WIN
24113,15,5,01-10-2025 16:00,WIN
24114,15,3,01-10-2025 17:00,LOSS
24115,6,8,01-10-2025 18:00,WIN
24116,15,13,01-10-2025 19:00,LOSS
24117,18,12,01-10-2025 20:00,LOSS
24118,6,7,01-10-2025 21:00,WIN
24119,18,1,01-10-2025 22:00,LOSS
24120,18,1,01-10-2025 23:00,LOSS
24121,19,5,02-10-2025 00:00,LOSS
24122,20,12,02-10-2025 01:00,LOSS
24123,13,4,02-10-2025 02:00,LOSS
24124,11,7,02-10-2025 03:00,WIN
24125,15,13,02-10-2025 04:00,WIN
24126,6,16,02-10-2025 05:00,WIN
24127,11,8,02-10-2025 06:00,LOSS
24128,4,15,02-10-2025 07:00,LOSS
24129,15,10,02-10-2025 08:00,LOSS
24130,16,17,02-10-2025 09:00,WIN
24131,14,11,02-10-2025 10:00,LOSS
24132,5,16,02-10-2025 11:00,WIN
24133,15,15,02-10-2025 12:00,LOSS
24134,10,1,02-10-2025 13:00,LOSS
24135,6,6,02-10-2025 14:00,WIN
24136,16,7,02-10-2025 15:00,LOSS
24137,16,11,02-10-2025 16:00,WIN
24138,19,5,02-10-2025 17:00,WIN
24139,3,2,02-10-2025 18:00,WIN
24140,20,15,02-10-2025 19:00,WIN
24141,18,8,02-10-2025 20:00,LOSS
24142,19,1,02-10-2025 21:00,WIN
24143,2,1,02-10-2025 22:00,WIN
24144,9,14,02-10-2025 23:00,WIN
24145,1,15,03-10-2025 00:00,WIN
24146,4,11,03-10-2025 01:00,LOSS
24147,4,5,03-10-2025 02:00,WIN
24148,6,7,03-10-2025 03:00,LOSS
24149,6,2,03-10-2025 04:00,WIN
24150,19,3,03-10-2025 05:00,WIN
24151,8,6,03-10-2025 06:00,WIN
24152,8,3,03-10-2025 07:00,WIN
24153,20,1,03-10-2025 08:00,WIN
24154,13,2,03-10-2025 09:00,WIN
24155,9,9,03-10-2025 10:00,LOSS
24156,19,11,03-10-2025 11:00,WIN
24157,7,3,03-10-2025 12:00,WIN
24158,20,19,03-10-2025 13:00,WIN
24159,8,5,03-10-2025 14:00,WIN
24160,11,17,03-10-2025 15:00,LOSS
24161,3,11,03-10-2025 16:00,WIN
24162,17,1,03-10-2025 17:00,LOSS
24163,5,1,03-10-2025 18:00,WIN
24164,6,14,03-10-2025 19:00,LOSS
24165,15,13,03-10-2025 20:00,LOSS
24166,9,20,03-10-2025 21:00,WIN
24167,19,13,03-10-2025 22:00,LOSS
24168,6,9,03-10-2025 23:00,WIN
24169,8,8,04-10-2025 00:00,WIN
24170,12,11,04-10-2025 01:00,WIN
24171,16,3,04-10-2025 02:00,WIN
24172,20,16,04-10-2025 03:00,LOSS
24173,3,20,04-10-2025 04:00,WIN
24174,16,12,04-10-2025 05:00,WIN
24175,15,2,04-10-2025 06:00,LOSS
24176,11,19,04-10-2025 07:00,LOSS
24177,6,1,04-10-2025 08:00,LOSS
24178,2,16,04-10-2025 09:00,WIN
24179,7,6,04-10-2025 10:00,LOSS
24180,16,11,04-10-2025 11:00,LOSS
24181,1,2,04-10-2025 12:00,WIN
24182,13,9,04-10-2025 13:00,WIN
24183,4,19,04-10-2025 14:00,WIN
24184,1,19,04-10-2025 15:00,LOSS
24185,5,13,04-10-2025 16:00,WIN
24186,16,1,04-10-2025 17:00,LOSS
24187,19,10,04-10-2025 18:00,LOSS
24188,12,15,04-10-2025 19:00,LOSS
24189,9,7,04-10-2025 20:00,LOSS
24190,6,1,04-10-2025 21:00,LOSS
24191,9,18,04-10-2025 22:00,LOSS
24192,2,3,04-10-2025 23:00,LOSS
24193,1,15,05-10-2025 00:00,WIN
24194,10,15,05-10-2025 01:00,LOSS
24195,3,16,05-10-2025 02:00,WIN
24196,18,10,05-10-2025 03:00,LOSS
24197,12,1,05-10-2025 04:00,LOSS
24198,15,17,05-10-2025 05:00,WIN
24199,14,11,05-10-2025 06:00,WIN
24200,10,2,05-10-2025 07:00,WIN
24201,6,6,05-10-2025 08:00,WIN
24202,20,12,05-10-2025 09:00,WIN
24203,20,18,05-10-2025 10:00,LOSS
24204,12,3,05-10-2025 11:00,LOSS
24205,9,13,05-10-2025 12:00,WIN
24206,4,13,05-10-2025 13:00,WIN
24207,4,2,05-10-2025 14:00,LOSS
24208,2,2,05-10-2025 15:00,WIN
24209,7,1,05-10-2025 16:00,LOSS
24210,11,13,05-10-2025 17:00,WIN
24211,16,16,05-10-2025 18:00,LOSS
24212,10,1,05-10-2025 19:00,LOSS
24213,15,12,05-10-2025 20:00,LOSS
24214,2,18,05-10-2025 21:00,LOSS
24215,12,14,05-10-2025 22:00,LOSS
24216,15,9,05-10-2025 23:00,WIN
24217,11,16,06-10-2025 00:00,WIN
24218,10,8,06-10-2025 01:00,LOSS
24219,3,4,06-10-2025 02:00,LOSS
24220,8,14,06-10-2025 03:00,WIN
24221,20,14,06-10-2025 04:00,LOSS
24222,20,10,06-10-2025 05:00,WIN
24223,5,1,06-10-2025 06:00,WIN
24224,11,14,06-10-2025 07:00,WIN
24225,12,19,06-10-2025 08:00,WIN
24226,20,3,06-10-2025 09:00,WIN
24227,11,6,06-10-2025 10:00,LOSS
24228,6,7,06-10-2025 11:00,LOSS
24229,8,15,06-10-2025 12:00,LOSS
24230,13,13,06-10-2025 13:00,WIN
24231,15,10,06-10-2025 14:00,WIN
24232,2,18,06-10-2025 15:00,LOSS
24233,6,5,06-10-2025 16:00,WIN
24234,20,12,06-10-2025 17:00,WIN
24235,2,13,06-10-2025 18:00,WIN
24236,15,17,06-10-2025 19:00,LOSS
24237,1,19,06-10-2025 20:00,WIN
24238,11,4,06-10-2025 21:00,WIN
24239,8,15,06-10-2025 22:00,WIN
24240,9,20,06-10-2025 23:00,WIN
24241,15,15,07-10-2025 00:00,WIN
24242,5,8,07-10-2025 01:00,LOSS
24243,9,9,07-10-2025 02:00,LOSS
24244,4,14,07-10-2025 03:00,WIN
24245,10,9,07-10-2025 04:00,WIN
24246,4,11,07-10-2025 05:00,WIN
24247,5,7,07-10-2025 06:00,LOSS
24248,19,11,07-10-2025 07:00,WIN
24249,13,3,07-10-2025 08:00,LOSS
24250,11,17,07-10-2025 09:00,WIN
24251,12,18,07-10-2025 10:00,WIN
24252,14,11,07-10-2025 11:00,WIN
24253,13,14,07-10-2025 12:00,WIN
24254,4,13,07-10-2025 13:00,LOSS
24255,13,14,07-10-2025 14:00,LOSS
24256,5,10,07-10-2025 15:00,LOSS
24257,9,12,07-10-2025 16:00,WIN
24258,1,11,07-10-2025 17:00,LOSS
24259,12,6,07-10-2025 18:00,WIN
24260,17,5,07-10-2025 19:00,WIN
24261,1,17,07-10-2025 20:00,WIN
24262,19,13,07-10-2025 21:00,LOSS
24263,5,17,07-10-2025 22:00,WIN
24264,12,2,07-10-2025 23:00,WIN
24265,12,10,08-10-2025 00:00,LOSS
24266,11,5,08-10-2025 01:00,WIN
24267,16,4,08-10-2025 02:00,WIN
24268,17,13,08-10-2025 03:00,LOSS
24269,3,20,08-10-2025 04:00,WIN
24270,11,8,08-10-2025 05:00,LOSS
24271,17,6,08-10-2025 06:00,WIN
24272,1,17,08-10-2025 07:00,WIN
24273,15,11,08-10-2025 08:00,WIN
24274,9,4,08-10-2025 09:00,WIN
24275,18,14,08-10-2025 10:00,WIN
24276,1,7,08-10-2025 11:00,WIN
24277,6,17,08-10-2025 12:00,WIN
24278,2,15,08-10-2025 13:00,WIN
24279,5,19,08-10-2025 14:00,LOSS
24280,3,13,08-10-2025 15:00,WIN
24281,5,3,08-10-2025 16:00,LOSS
24282,8,10,08-10-2025 17:00,LOSS
24283,6,8,08-10-2025 18:00,WIN
24284,11,18,08-10-2025 19:00,WIN
24285,11,3,08-10-2025 20:00,WIN
24286,11,18,08-10-2025 21:00,WIN
24287,8,12,08-10-2025 22:00,LOSS
24288,6,8,08-10-2025 23:00,LOSS
24289,16,15,09-10-2025 00:00,LOSS
24290,20,7,09-10-2025 01:00,WIN
24291,20,19,09-10-2025 02:00,WIN
24292,3,3,09-10-2025 03:00,LOSS
24293,8,5,09-10-2025 04:00,WIN
24294,13,9,09-10-2025 05:00,WIN
24295,10,1,09-10-2025 06:00,LOSS
24296,8,19,09-10-2025 07:00,WIN
24297,10,9,09-10-2025 08:00,WIN
24298,13,2,09-10-2025 09:00,WIN
24299,3,18,09-10-2025 10:00,WIN
24300,4,17,09-10-2025 11:00,LOSS
24301,16,3,09-10-2025 12:00,LOSS
24302,3,4,09-10-2025 13:00,LOSS
24303,9,15,09-10-2025 14:00,WIN
24304,19,1,09-10-2025 15:00,LOSS
24305,12,14,09-10-2025 16:00,LOSS
24306,6,13,09-10-2025 17:00,WIN
24307,4,16,09-10-2025 18:00,LOSS
24308,14,16,09-10-2025 19:00,LOSS
24309,1,1,09-10-2025 20:00,WIN
24310,8,3,09-10-2025 21:00,WIN
24311,19,5,09-10-2025 22:00,LOSS
24312,16,5,09-10-2025 23:00,WIN
24313,8,12,10-10-2025 00:00,LOSS
24314,5,15,10-10-2025 01:00,WIN
24315,8,7,10-10-2025 02:00,WIN
24316,17,9,10-10-2025 03:00,WIN
24317,6,1,10-10-2025 04:00,WIN
24318,3,5,10-10-2025 05:00,WIN
24319,20,18,10-10-2025 06:00,LOSS
24320,11,1,10-10-2025 07:00,LOSS
24321,13,15,10-10-2025 08:00,WIN
24322,19,7,10-10-2025 09:00,WIN
24323,20,17,10-10-2025 10:00,LOSS
24324,3,10,10-10-2025 11:00,WIN
24325,19,7,10-10-2025 12:00,LOSS
24326,20,16,10-10-2025 13:00,LOSS
24327,7,6,10-10-2025 14:00,LOSS
24328,11,12,10-10-2025 15:00,LOSS
24329,9,17,10-10-2025 16:00,LOSS
24330,15,11,10-10-2025 17:00,WIN
24331,12,10,10-10-2025 18:00,LOSS
24332,12,7,10-10-2025 19:00,LOSS
24333,6,17,10-10-2025 20:00,WIN
24334,17,12,10-10-2025 21:00,WIN
24335,18,5,10-10-2025 22:00,LOSS
24336,9,1,10-10-2025 23:00,WIN
24337,11,12,11-10-2025 00:00,LOSS
24338,19,1,11-10-2025 01:00,WIN
24339,10,13,11-10-2025 02:00,WIN
24340,11,12,11-10-2025 03:00,WIN
24341,6,15,11-10-2025 04:00,WIN
24342,9,8,11-10-2025 05:00,LOSS
24343,16,12,11-10-2025 06:00,WIN
24344,3,11,11-10-2025 07:00,LOSS
24345,16,5,11-10-2025 08:00,LOSS
24346,18,3,11-10-2025 09:00,WIN
24347,19,11,11-10-2025 10:00,WIN
24348,16,18,11-10-2025 11:00,WIN
24349,4,10,11-10-2025 12:00,WIN
24350,5,20,11-10-2025 13:00,WIN
24351,10,1,11-10-2025 14:00,WIN
24352,19,18,11-10-2025 15:00,WIN
24353,19,16,11-10-2025 16:00,WIN
24354,3,1,11-10-2025 17:00,WIN
24355,8,7,11-10-2025 18:00,WIN
24356,19,15,11-10-2025 19:00,WIN
24357,17,5,11-10-2025 20:00,LOSS
24358,1,15,11-10-2025 21:00,WIN
24359,13,13,11-10-2025 22:00,LOSS
24360,11,6,11-10-2025 23:00,LOSS
24361,12,13,12-10-2025 00:00,WIN
24362,2,20,12-10-2025 01:00,LOSS
24363,10,1,12-10-2025 02:00,WIN
24364,9,4,12-10-2025 03:00,LOSS
24365,16,10,12-10-2025 04:00,WIN
24366,4,14,12-10-2025 05:00,WIN
24367,16,4,12-10-2025 06:00,WIN
24368,4,19,12-10-2025 07:00,WIN
24369,7,6,12-10-2025 08:00,WIN
24370,15,9,12-10-2025 09:00,LOSS
24371,11,12,12-10-2025 10:00,WIN
24372,10,14,12-10-2025 11:00,LOSS
24373,10,18,12-10-2025 12:00,WIN
24374,6,3,12-10-2025 13:00,LOSS
24375,20,3,12-10-2025 14:00,LOSS
24376,5,4,12-10-2025 15:00,WIN
24377,20,19,12-10-2025 16:00,WIN
24378,1,1,12-10-2025 17:00,WIN
24379,15,15,12-10-2025 18:00,LOSS
24380,14,15,12-10-2025 19:00,WIN
24381,4,14,12-10-2025 20:00,LOSS
24382,12,7,12-10-2025 21:00,WIN
24383,15,4,12-10-2025 22:00,WIN
24384,17,11,12-10-2025 23:00,LOSS
24385,16,2,13-10-2025 00:00,LOSS
24386,15,2,13-10-2025 01:00,WIN
24387,8,7,13-10-2025 02:00,LOSS
24388,12,20,13-10-2025 03:00,LOSS
24389,18,15,13-10-2025 04:00,LOSS
24390,14,5,13-10-2025 05:00,LOSS
24391,2,17,13-10-2025 06:00,LOSS
24392,12,5,13-10-2025 07:00,LOSS
24393,2,1,13-10-2025 08:00,LOSS
24394,18,16,13-10-2025 09:00,WIN
24395,4,15,13-10-2025 10:00,WIN
24396,9,16,13-10-2025 11:00,LOSS
24397,8,14,13-10-2025 12:00,LOSS
24398,7,7,13-10-2025 13:00,LOSS
24399,13,3,13-10-2025 14:00,WIN
24400,12,2,13-10-2025 15:00,WIN
24401,12,4,13-10-2025 16:00,LOSS
24402,13,10,13-10-2025 17:00,LOSS
24403,19,13,13-10-2025 18:00,LOSS
24404,4,7,13-10-2025 19:00,WIN
24405,2,20,13-10-2025 20:00,WIN
24406,13,6,13-10-2025 21:00,LOSS
24407,11,19,13-10-2025 22:00,LOSS
24408,7,12,13-10-2025 23:00,LOSS
24409,9,18,14-10-2025 00:00,LOSS
24410,7,4,14-10-2025 01:00,LOSS
24411,3,15,14-10-2025 02:00,LOSS
24412,3,9,14-10-2025 03:00,WIN
24413,1,18,14-10-2025 04:00,WIN
24414,1,3,14-10-2025 05:00,WIN
24415,20,19,14-10-2025 06:00,LOSS
24416,14,5,14-10-2025 07:00,WIN
24417,2,10,14-10-2025 08:00,WIN
24418,11,11,14-10-2025 09:00,LOSS
24419,10,7,14-10-2025 10:00,WIN
24420,15,1,14-10-2025 11:00,LOSS
24421,11,2,14-10-2025 12:00,LOSS
24422,8,5,14-10-2025 13:00,WIN
24423,1,5,14-10-2025 14:00,WIN
24424,6,13,14-10-2025 15:00,WIN
24425,20,7,14-10-2025 16:00,WIN
24426,8,7,14-10-2025 17:00,LOSS
24427,19,19,14-10-2025 18:00,WIN
24428,17,20,14-10-2025 19:00,WIN
24429,14,2,14-10-2025 20:00,WIN
24430,4,12,14-10-2025 21:00,WIN
24431,2,11,14-10-2025 22:00,LOSS
24432,16,16,14-10-2025 23:00,WIN
24433,20,18,15-10-2025 00:00,WIN
24434,2,19,15-10-2025 01:00,WIN
24435,11,16,15-10-2025 02:00,WIN
24436,14,6,15-10-2025 03:00,LOSS
24437,18,17,15-10-2025 04:00,WIN
24438,10,9,15-10-2025 05:00,LOSS
24439,12,1,15-10-2025 06:00,WIN
24440,11,8,15-10-2025 07:00,WIN
24441,9,6,15-10-2025 08:00,LOSS
24442,16,17,15-10-2025 09:00,LOSS
24443,8,2,15-10-2025 10:00,WIN
24444,5,7,15-10-2025 11:00,WIN
24445,15,14,15-10-2025 12:00,WIN
24446,15,16,15-10-2025 13:00,LOSS
24447,17,5,15-10-2025 14:00,LOSS
24448,2,9,15-10-2025 15:00,WIN
24449,13,4,15-10-2025 16:00,LOSS
24450,11,14,15-10-2025 17:00,LOSS
24451,1,19,15-10-2025 18:00,WIN
24452,9,18,15-10-2025 19:00,LOSS
24453,4,12,15-10-2025 20:00,LOSS
24454,16,4,15-10-2025 21:00,LOSS
24455,16,13,15-10-2025 22:00,LOSS
24456,3,17,15-10-2025 23:00,WIN
24457,18,9,16-10-2025 00:00,LOSS
24458,7,6,16-10-2025 01:00,LOSS
24459,10,9,16-10-2025 02:00,LOSS
24460,10,2,16-10-2025 03:00,LOSS
24461,7,8,16-10-2025 04:00,WIN
24462,1,16,16-10-2025 05:00,WIN
24463,17,10,16-10-2025 06:00,LOSS
24464,20,9,16-10-2025 07:00,WIN
24465,5,3,16-10-2025 08:00,LOSS
24466,11,6,16-10-2025 09:00,WIN
24467,2,6,16-10-2025 10:00,WIN
24468,10,12,16-10-2025 11:00,LOSS
24469,14,11,16-10-2025 12:00,WIN
24470,6,14,16-10-2025 13:00,WIN
24471,2,9,16-10-2025 14:00,WIN
24472,7,14,16-10-2025 15:00,WIN
24473,10,3,16-10-2025 16:00,LOSS
24474,18,16,16-10-2025 17:00,WIN
24475,1,10,16-10-2025 18:00,LOSS
24476,12,11,16-10-2025 19:00,WIN
24477,4,9,16-10-2025 20:00,WIN
24478,1,4,16-10-2025 21:00,WIN
24479,14,3,16-10-2025 22:00,WIN
24480,9,11,16-10-2025 23:00,LOSS
24481,10,9,17-10-2025 00:00,LOSS
24482,12,19,17-10-2025 01:00,WIN
24483,14,15,17-10-2025 02:00,LOSS
24484,12,3,17-10-2025 03:00,WIN
24485,20,1,17-10-2025 04:00,WIN
24486,2,15,17-10-2025 05:00,WIN
24487,3,11,17-10-2025 06:00,WIN
24488,13,20,17-10-2025 07:00,WIN
24489,6,7,17-10-2025 08:00,LOSS
24490,17,2,17-10-2025 09:00,WIN
24491,16,7,17-10-2025 10:00,WIN
24492,5,4,17-10-2025 11:00,WIN
24493,18,9,17-10-2025 12:00,WIN
24494,4,20,17-10-2025 13:00,WIN
24495,15,10,17-10-2025 14:00,LOSS
24496,13,10,17-10-2025 15:00,LOSS
24497,14,15,17-10-2025 16:00,WIN
24498,9,17,17-10-2025 17:00,LOSS
24499,8,4,17-10-2025 18:00,WIN
24500,14,14,17-10-2025 19:00,WIN
24501,7,8,17-10-2025 20:00,WIN
24502,3,18,17-10-2025 21:00,WIN
24503,4,12,17-10-2025 22:00,LOSS
24504,17,9,17-10-2025 23:00,WIN
24505,9,12,18-10-2025 00:00,WIN
24506,11,3,18-10-2025 01:00,LOSS
24507,1,19,18-10-2025 02:00,LOSS
24508,12,14,18-10-2025 03:00,LOSS
24509,7,5,18-10-2025 04:00,LOSS
24510,9,12,18-10-2025 05:00,WIN
24511,3,6,18-10-2025 06:00,LOSS
24512,11,5,18-10-2025 07:00,LOSS
24513,10,9,18-10-2025 08:00,WIN
24514,19,18,18-10-2025 09:00,LOSS
24515,1,17,18-10-2025 10:00,WIN
24516,14,1,18-10-2025 11:00,WIN
24517,8,14,18-10-2025 12:00,WIN
24518,7,19,18-10-2025 13:00,LOSS
24519,10,6,18-10-2025 14:00,WIN
24520,12,1,18-10-2025 15:00,WIN
24521,19,5,18-10-2025 16:00,LOSS
24522,7,6,18-10-2025 17:00,LOSS
24523,9,2,18-10-2025 18:00,WIN
24524,19,14,18-10-2025 19:00,LOSS
24525,7,6,18-10-2025 20:00,LOSS
24526,16,14,18-10-2025 21:00,LOSS
24527,7,13,18-10-2025 22:00,LOSS
24528,12,9,18-10-2025 23:00,WIN
24529,3,11,19-10-2025 00:00,LOSS
24530,5,12,19-10-2025 01:00,WIN
24531,6,12,19-10-2025 02:00,WIN
24532,17,2,19-10-2025 03:00,WIN
24533,17,9,19-10-2025 04:00,LOSS
24534,4,18,19-10-2025 05:00,WIN
24535,10,13,19-10-2025 06:00,WIN
24536,8,3,19-10-2025 07:00,LOSS
24537,14,14,19-10-2025 08:00,LOSS
24538,11,19,19-10-2025 09:00,LOSS
24539,6,4,19-10-2025 10:00,WIN
24540,13,14,19-10-2025 11:00,LOSS
24541,15,5,19-10-2025 12:00,LOSS
24542,12,17,19-10-2025 13:00,LOSS
24543,10,2,19-10-2025 14:00,LOSS
24544,12,11,19-10-2025 15:00,LOSS
24545,4,18,19-10-2025 16:00,WIN
24546,8,11,19-10-2025 17:00,WIN
24547,20,18,19-10-2025 18:00,WIN
24548,3,15,19-10-2025 19:00,WIN
24549,7,4,19-10-2025 20:00,WIN
24550,3,7,19-10-2025 21:00,WIN
24551,1,17,19-10-2025 22:00,LOSS
24552,19,2,19-10-2025 23:00,WIN
24553,14,6,20-10-2025 00:00,WIN
24554,3,4,20-10-2025 01:00,WIN
24555,2,15,20-10-2025 02:00,WIN
24556,4,16,20-10-2025 03:00,WIN
24557,5,1,20-10-2025 04:00,LOSS
24558,6,12,20-10-2025 05:00,LOSS
24559,9,19,20-10-2025 06:00,LOSS
24560,10,15,20-10-2025 07:00,WIN
24561,5,13,20-10-2025 08:00,WIN
24562,18,6,20-10-2025 09:00,LOSS
24563,7,2,20-10-2025 10:00,LOSS
24564,10,5,20-10-2025 11:00,LOSS
24565,11,16,20-10-2025 12:00,LOSS
24566,17,12,20-10-2025 13:00,LOSS
24567,8,15,20-10-2025 14:00,LOSS
24568,7,20,20-10-2025 15:00,WIN
24569,14,4,20-10-2025 16:00,LOSS
24570,11,11,20-10-2025 17:00,LOSS
24571,8,12,20-10-2025 18:00,WIN
24572,1,10,20-10-2025 19:00,LOSS
24573,6,2,20-10-2025 20:00,LOSS
24574,14,16,20-10-2025 21:00,WIN
24575,5,3,20-10-2025 22:00,LOSS
24576,16,8,20-10-2025 23:00,LOSS
24577,13,17,21-10-2025 00:00,LOSS
24578,16,15,21-10-2025 01:00,WIN
24579,14,8,21-10-2025 02:00,LOSS
24580,2,2,21-10-2025 03:00,LOSS
24581,18,10,21-10-2025 04:00,WIN
24582,2,17,21-10-2025 05:00,LOSS
24583,3,4,21-10-2025 06:00,LOSS
24584,9,11,21-10-2025 07:00,WIN
24585,18,5,21-10-2025 08:00,WIN
24586,20,20,21-10-2025 09:00,WIN
24587,13,7,21-10-2025 10:00,WIN
24588,10,5,21-10-2025 11:00,LOSS
24589,2,7,21-10-2025 12:00,LOSS
24590,19,17,21-10-2025 13:00,LOSS
24591,9,2,21-10-2025 14:00,LOSS
24592,8,1,21-10-2025 15:00,WIN
24593,13,16,21-10-2025 16:00,LOSS
24594,6,12,21-10-2025 17:00,LOSS
24595,9,4,21-10-2025 18:00,LOSS
24596,14,20,21-10-2025 19:00,WIN
24597,2,20,21-10-2025 20:00,WIN
24598,7,16,21-10-2025 21:00,WIN
24599,12,2,21-10-2025 22:00,LOSS
24600,11,19,21-10-2025 23:00,WIN
24601,19,13,22-10-2025 00:00,LOSS
24602,19,19,22-10-2025 01:00,WIN
24603,15,16,22-10-2025 02:00,LOSS
24604,20,15,22-10-2025 03:00,LOSS
24605,13,17,22-10-2025 04:00,WIN
24606,15,8,22-10-2025 05:00,WIN
24607,5,3,22-10-2025 06:00,WIN
24608,1,10,22-10-2025 07:00,LOSS
24609,16,7,22-10-2025 08:00,LOSS
24610,11,10,22-10-2025 09:00,WIN
24611,15,8,22-10-2025 10:00,LOSS
24612,13,3,22-10-2025 11:00,WIN
24613,15,5,22-10-2025 12:00,LOSS
24614,18,17,22-10-2025 13:00,WIN
24615,15,11,22-10-2025 14:00,WIN
24616,2,15,22-10-2025 15:00,WIN
24617,9,11,22-10-2025 16:00,WIN
24618,17,1,22-10-2025 17:00,LOSS
24619,18,13,22-10-2025 18:00,WIN
24620,10,11,22-10-2025 19:00,LOSS
24621,9,7,22-10-2025 20:00,WIN
24622,20,1,22-10-2025 21:00,LOSS
24623,20,9,22-10-2025 22:00,LOSS
24624,20,8,22-10-2025 23:00,LOSS
24625,9,10,23-10-2025 00:00,WIN
24626,4,9,23-10-2025 01:00,LOSS
24627,15,3,23-10-2025 02:00,LOSS
24628,20,6,23-10-2025 03:00,LOSS
24629,10,10,23-10-2025 04:00,LOSS
24630,10,9,23-10-2025 05:00,LOSS
24631,16,11,23-10-2025 06:00,WIN
24632,1,3,23-10-2025 07:00,WIN
24633,19,8,23-10-2025 08:00,LOSS
24634,4,13,23-10-2025 09:00,WIN
24635,8,15,23-10-2025 10:00,WIN
24636,17,3,23-10-2025 11:00,LOSS
24637,3,7,23-10-2025 12:00,LOSS
24638,3,19,23-10-2025 13:00,LOSS
24639,12,1,23-10-2025 14:00,WIN
24640,8,9,23-10-2025 15:00,LOSS
24641,5,3,23-10-2025 16:00,WIN
24642,15,16,23-10-2025 17:00,LOSS
24643,8,11,23-10-2025 18:00,LOSS
24644,13,17,23-10-2025 19:00,LOSS
24645,6,15,23-10-2025 20:00,LOSS
24646,10,14,23-10-2025 21:00,WIN
24647,1,9,23-10-2025 22:00,WIN
24648,9,10,23-10-2025 23:00,WIN
24649,5,13,24-10-2025 00:00,WIN
24650,12,6,24-10-2025 01:00,LOSS
24651,13,13,24-10-2025 02:00,WIN
24652,6,13,24-10-2025 03:00,WIN
24653,16,13,24-10-2025 04:00,LOSS
24654,12,14,24-10-2025 05:00,LOSS
24655,4,18,24-10-2025 06:00,WIN
24656,3,5,24-10-2025 07:00,WIN
24657,2,7,24-10-2025 08:00,WIN
24658,10,20,24-10-2025 09:00,WIN
24659,12,1,24-10-2025 10:00,LOSS
24660,4,13,24-10-2025 11:00,LOSS
24661,15,17,24-10-2025 12:00,WIN
24662,14,2,24-10-2025 13:00,LOSS
24663,13,13,24-10-2025 14:00,LOSS
24664,17,16,24-10-2025 15:00,WIN
24665,5,14,24-10-2025 16:00,LOSS
24666,10,7,24-10-2025 17:00,WIN
24667,10,20,24-10-2025 18:00,LOSS
24668,17,2,24-10-2025 19:00,LOSS
24669,19,18,24-10-2025 20:00,LOSS
24670,12,12,24-10-2025 21:00,WIN
24671,2,7,24-10-2025 22:00,LOSS
24672,3,19,24-10-2025 23:00,WIN
24673,15,6,25-10-2025 00:00,WIN
24674,13,9,25-10-2025 01:00,LOSS
24675,4,20,25-10-2025 02:00,WIN
24676,14,4,25-10-2025 03:00,WIN
24677,13,20,25-10-2025 04:00,LOSS
24678,7,3,25-10-2025 05:00,LOSS
24679,14,9,25-10-2025 06:00,LOSS
24680,6,5,25-10-2025 07:00,WIN
24681,5,4,25-10-2025 08:00,WIN
24682,13,19,25-10-2025 09:00,WIN
24683,6,5,25-10-2025 10:00,WIN
24684,17,16,25-10-2025 11:00,WIN
24685,8,16,25-10-2025 12:00,WIN
24686,7,2,25-10-2025 13:00,WIN
24687,14,5,25-10-2025 14:00,WIN
24688,3,16,25-10-2025 15:00,WIN
24689,18,2,25-10-2025 16:00,LOSS
24690,15,13,25-10-2025 17:00,LOSS
24691,15,19,25-10-2025 18:00,WIN
24692,19,14,25-10-2025 19:00,LOSS
24693,19,4,25-10-2025 20:00,WIN
24694,13,10,25-10-2025 21:00,LOSS
24695,14,10,25-10-2025 22:00,WIN
24696,19,14,25-10-2025 23:00,LOSS
24697,19,16,26-10-2025 00:00,WIN
24698,17,11,26-10-2025 01:00,LOSS
24699,12,1,26-10-2025 02:00,LOSS
24700,16,18,26-10-2025 03:00,LOSS
24701,19,20,26-10-2025 04:00,WIN
24702,13,11,26-10-2025 05:00,WIN
24703,10,2,26-10-2025 06:00,LOSS
24704,8,9,26-10-2025 07:00,WIN
24705,17,11,26-10-2025 08:00,LOSS
24706,13,7,26-10-2025 09:00,WIN
24707,2,15,26-10-2025 10:00,WIN
24708,12,20,26-10-2025 11:00,LOSS
24709,18,16,26-10-2025 12:00,WIN
24710,19,5,26-10-2025 13:00,WIN
24711,16,15,26-10-2025 14:00,LOSS
24712,20,6,26-10-2025 15:00,WIN
24713,2,17,26-10-2025 16:00,LOSS
24714,20,12,26-10-2025 17:00,LOSS
24715,6,19,26-10-2025 18:00,WIN
24716,14,10,26-10-2025 19:00,LOSS
24717,3,13,26-10-2025 20:00,LOSS
24718,19,1,26-10-2025 21:00,LOSS
24719,8,5,26-10-2025 22:00,WIN
24720,8,9,26-10-2025 23:00,WIN
24721,6,15,27-10-2025 00:00,LOSS
24722,10,17,27-10-2025 01:00,LOSS
24723,11,1,27-10-2025 02:00,LOSS
24724,17,5,27-10-2025 03:00,WIN
24725,11,6,27-10-2025 04:00,WIN
24726,19,7,27-10-2025 05:00,LOSS
24727,13,11,27-10-2025 06:00,WIN
24728,3,18,27-10-2025 07:00,WIN
24729,6,9,27-10-2025 08:00,WIN
24730,2,14,27-10-2025 09:00,LOSS
24731,1,10,27-10-2025 10:00,WIN
24732,16,17,27-10-2025 11:00,LOSS
24733,9,6,27-10-2025 12:00,WIN
24734,1,7,27-10-2025 13:00,LOSS
24735,18,5,27-10-2025 14:00,WIN
24736,17,3,27-10-2025 15:00,LOSS
24737,16,17,27-10-2025 16:00,WIN
24738,6,7,27-10-2025 17:00,LOSS
24739,18,1,27-10-2025 18:00,LOSS
24740,14,15,27-10-2025 19:00,LOSS
24741,17,6,27-10-2025 20:00,WIN
24742,6,17,27-10-2025 21:00,LOSS
24743,11,11,27-10-2025 22:00,WIN
24744,2,20,27-10-2025 23:00,WIN
24745,3,11,28-10-2025 00:00,WIN
24746,8,17,28-10-2025 01:00,LOSS
24747,9,11,28-10-2025 02:00,LOSS
24748,10,14,28-10-2025 03:00,LOSS
24749,13,13,28-10-2025 04:00,WIN
24750,12,4,28-10-2025 05:00,WIN
24751,10,16,28-10-2025 06:00,LOSS
24752,14,5,28-10-2025 07:00,WIN
24753,6,1,28-10-2025 08:00,WIN
24754,2,14,28-10-2025 09:00,WIN
24755,15,13,28-10-2025 10:00,LOSS
24756,15,17,28-10-2025 11:00,WIN
24757,4,15,28-10-2025 12:00,WIN
24758,11,7,28-10-2025 13:00,LOSS
24759,7,16,28-10-2025 14:00,LOSS
24760,15,6,28-10-2025 15:00,WIN
24761,20,5,28-10-2025 16:00,WIN
24762,19,4,28-10-2025 17:00,LOSS
24763,14,9,28-10-2025 18:00,WIN
24764,10,11,28-10-2025 19:00,LOSS
24765,6,13,28-10-2025 20:00,LOSS
24766,2,3,28-10-2025 21:00,LOSS
24767,7,1,28-10-2025 22:00,WIN
24768,3,4,28-10-2025 23:00,LOSS
24769,8,15,29-10-2025 00:00,LOSS
24770,18,4,29-10-2025 01:00,WIN
24771,15,1,29-10-2025 02:00,WIN
24772,11,11,29-10-2025 03:00,WIN
24773,10,2,29-10-2025 04:00,WIN
24774,17,7,29-10-2025 05:00,WIN
24775,18,15,29-10-2025 06:00,WIN
24776,1,7,29-10-2025 07:00,LOSS
24777,2,8,29-10-2025 08:00,LOSS
24778,5,17,29-10-2025 09:00,LOSS
24779,10,3,29-10-2025 10:00,WIN
24780,12,12,29-10-2025 11:00,WIN
24781,13,6,29-10-2025 12:00,LOSS
24782,16,14,29-10-2025 13:00,LOSS
24783,3,1,29-10-2025 14:00,LOSS
24784,4,7,29-10-2025 15:00,LOSS
24785,16,6,29-10-2025 16:00,WIN
24786,10,1,29-10-2025 17:00,LOSS
24787,14,15,29-10-2025 18:00,WIN
24788,19,16,29-10-2025 19:00,LOSS
24789,5,12,29-10-2025 20:00,LOSS
24790,19,9,29-10-2025 21:00,WIN
24791,11,17,29-10-2025 22:00,WIN
24792,17,5,29-10-2025 23:00,LOSS
24793,7,1,30-10-2025 00:00,WIN
24794,4,20,30-10-2025 01:00,WIN
24795,15,5,30-10-2025 02:00,WIN
24796,4,15,30-10-2025 03:00,WIN
24797,16,17,30-10-2025 04:00,WIN
24798,19,1,30-10-2025 05:00,LOSS
24799,2,10,30-10-2025 06:00,WIN
24800,11,6,30-10-2025 07:00,WIN
24801,19,18,30-10-2025 08:00,WIN
24802,14,6,30-10-2025 09:00,WIN
24803,12,4,30-10-2025 10:00,LOSS
24804,19,6,30-10-2025 11:00,WIN
24805,10,7,30-10-2025 12:00,WIN
24806,8,15,30-10-2025 13:00,LOSS
24807,17,16,30-10-2025 14:00,WIN
24808,8,6,30-10-2025 15:00,WIN
24809,9,13,30-10-2025 16:00,LOSS
24810,14,8,30-10-2025 17:00,LOSS
24811,15,1,30-10-2025 18:00,WIN
24812,16,3,30-10-2025 19:00,LOSS
24813,8,15,30-10-2025 20:00,WIN
24814,3,14,30-10-2025 21:00,WIN
24815,2,8,30-10-2025 22:00,LOSS
24816,1,20,30-10-2025 23:00,LOSS
24817,8,14,31-10-2025 00:00,WIN
24818,6,11,31-10-2025 01:00,WIN
24819,11,20,31-10-2025 02:00,LOSS
24820,3,2,31-10-2025 03:00,LOSS
24821,14,2,31-10-2025 04:00,LOSS
24822,5,17,31-10-2025 05:00,LOSS
24823,20,15,31-10-2025 06:00,LOSS
24824,13,1,31-10-2025 07:00,WIN
24825,5,15,31-10-2025 08:00,WIN
24826,5,5,31-10-2025 09:00,WIN
24827,10,2,31-10-2025 10:00,LOSS
24828,13,5,31-10-2025 11:00,LOSS
24829,10,8,31-10-2025 12:00,WIN
24830,8,13,31-10-2025 13:00,WIN
24831,2,8,31-10-2025 14:00,LOSS
24832,2,4,31-10-2025 15:00,LOSS
24833,19,11,31-10-2025 16:00,WIN
24834,10,12,31-10-2025 17:00,LOSS
24835,15,4,31-10-2025 18:00,WIN
24836,16,12,31-10-2025 19:00,WIN
24837,10,19,31-10-2025 20:00,WIN
24838,10,6,31-10-2025 21:00,LOSS
24839,20,9,31-10-2025 22:00,LOSS
24840,19,20,31-10-2025 23:00,LOSS
24841,4,18,01-11-2025 00:00,LOSS
24842,2,15,01-11-2025 01:00,LOSS
24843,9,19,01-11-2025 02:00,WIN
24844,11,8,01-11-2025 03:00,WIN
24845,3,5,01-11-2025 04:00,WIN
24846,7,11,01-11-2025 05:00,LOSS
24847,6,6,01-11-2025 06:00,LOSS
24848,1,10,01-11-2025 07:00,LOSS
24849,12,11,01-11-2025 08:00,LOSS
24850,18,19,01-11-2025 09:00,LOSS
24851,9,12,01-11-2025 10:00,LOSS
24852,5,17,01-11-2025 11:00,WIN
24853,13,8,01-11-2025 12:00,WIN
24854,18,19,01-11-2025 13:00,WIN
24855,15,11,01-11-2025 14:00,WIN
24856,15,19,01-11-2025 15:00,LOSS
24857,6,20,01-11-2025 16:00,WIN
24858,7,2,01-11-2025 17:00,LOSS
24859,13,6,01-11-2025 18:00,WIN
24860,12,9,01-11-2025 19:00,LOSS
24861,10,16,01-11-2025 20:00,LOSS
24862,1,18,01-11-2025 21:00,WIN
24863,11,20,01-11-2025 22:00,WIN
24864,16,9,01-11-2025 23:00,WIN
24865,1,3,02-11-2025 00:00,WIN
24866,18,8,02-11-2025 01:00,WIN
24867,11,6,02-11-2025 02:00,LOSS
24868,9,18,02-11-2025 03:00,LOSS
24869,14,12,02-11-2025 04:00,LOSS
24870,11,16,02-11-2025 05:00,WIN
24871,1,19,02-11-2025 06:00,LOSS
24872,11,1,02-11-2025 07:00,LOSS
24873,9,1,02-11-2025 08:00,WIN
24874,2,6,02-11-2025 09:00,LOSS
24875,10,9,02-11-2025 10:00,LOSS
24876,3,10,02-11-2025 11:00,WIN
24877,13,12,02-11-2025 12:00,LOSS
24878,11,17,02-11-2025 13:00,WIN
24879,18,20,02-11-2025 14:00,LOSS
24880,14,20,02-11-2025 15:00,LOSS
24881,5,13,02-11-2025 16:00,LOSS
24882,8,10,02-11-2025 17:00,WIN
24883,10,17,02-11-2025 18:00,LOSS
24884,6,19,02-11-2025 19:00,WIN
24885,15,17,02-11-2025 20:00,WIN
24886,8,11,02-11-2025 21:00,LOSS
24887,4,13,02-11-2025 22:00,WIN
24888,9,14,02-11-2025 23:00,LOSS
24889,5,19,03-11-2025 00:00,WIN
24890,19,11,03-11-2025 01:00,WIN
24891,17,20,03-11-2025 02:00,WIN
24892,2,8,03-11-2025 03:00,LOSS
24893,13,4,03-11-2025 04:00,WIN
24894,17,15,03-11-2025 05:00,WIN
24895,14,19,03-11-2025 06:00,LOSS
24896,11,19,03-11-2025 07:00,LOSS
24897,7,3,03-11-2025 08:00,WIN
24898,2,19,03-11-2025 09:00,LOSS
24899,3,13,03-11-2025 10:00,LOSS
24900,11,1,03-11-2025 11:00,LOSS
24901,3,6,03-11-2025 12:00,WIN
24902,1,3,03-11-2025 13:00,WIN
24903,19,1,03-11-2025 14:00,WIN
24904,14,13,03-11-2025 15:00,LOSS
24905,17,17,03-11-2025 16:00,WIN
24906,19,2,03-11-2025 17:00,LOSS
24907,19,19,03-11-2025 18:00,LOSS
24908,19,7,03-11-2025 19:00,LOSS
24909,19,15,03-11-2025 20:00,WIN
24910,1,1,03-11-2025 21:00,LOSS
24911,11,18,03-11-2025 22:00,WIN
24912,1,2,03-11-2025 23:00,LOSS
24913,7,1,04-11-2025 00:00,LOSS
24914,8,17,04-11-2025 01:00,WIN
24915,7,7,04-11-2025 02:00,WIN
24916,15,10,04-11-2025 03:00,WIN
24917,16,12,04-11-2025 04:00,WIN
24918,8,13,04-11-2025 05:00,WIN
24919,10,8,04-11-2025 06:00,WIN
24920,4,9,04-11-2025 07:00,WIN
24921,13,9,04-11-2025 08:00,LOSS
24922,4,4,04-11-2025 09:00,WIN
24923,19,17,04-11-2025 10:00,LOSS
24924,6,17,04-11-2025 11:00,LOSS
24925,16,19,04-11-2025 12:00,WIN
24926,7,19,04-11-2025 13:00,WIN
24927,13,16,04-11-2025 14:00,WIN
24928,3,3,04-11-2025 15:00,WIN
24929,18,1,04-11-2025 16:00,WIN
24930,17,5,04-11-2025 17:00,WIN
24931,3,10,04-11-2025 18:00,WIN
24932,20,18,04-11-2025 19:00,LOSS
24933,4,18,04-11-2025 20:00,WIN
24934,11,16,04-11-2025 21:00,WIN
24935,18,10,04-11-2025 22:00,WIN
24936,19,3,04-11-2025 23:00,WIN
24937,8,17,05-11-2025 00:00,LOSS
24938,13,1,05-11-2025 01:00,WIN
24939,18,19,05-11-2025 02:00,LOSS
24940,1,7,05-11-2025 03:00,WIN
24941,20,8,05-11-2025 04:00,WIN
24942,17,7,05-11-2025 05:00,LOSS
24943,3,1,05-11-2025 06:00,LOSS
24944,7,5,05-11-2025 07:00,WIN
24945,6,13,05-11-2025 08:00,WIN
24946,15,10,05-11-2025 09:00,WIN
24947,7,14,05-11-2025 10:00,LOSS
24948,7,7,05-11-2025 11:00,WIN
24949,12,4,05-11-2025 12:00,WIN
24950,9,14,05-11-2025 13:00,LOSS
24951,9,16,05-11-2025 14:00,WIN
24952,11,10,05-11-2025 15:00,WIN
24953,10,4,05-11-2025 16:00,WIN
24954,10,14,05-11-2025 17:00,WIN
24955,15,15,05-11-2025 18:00,WIN
24956,16,3,05-11-2025 19:00,WIN
24957,8,2,05-11-2025 20:00,LOSS
24958,13,14,05-11-2025 21:00,WIN
24959,9,13,05-11-2025 22:00,WIN
24960,14,19,05-11-2025 23:00,WIN
24961,20,16,06-11-2025 00:00,WIN
24962,18,3,06-11-2025 01:00,LOSS
24963,2,2,06-11-2025 02:00,LOSS
24964,9,8,06-11-2025 03:00,LOSS
24965,10,1,06-11-2025 04:00,LOSS
24966,20,17,06-11-2025 05:00,LOSS
24967,11,12,06-11-2025 06:00,WIN
24968,10,14,06-11-2025 07:00,LOSS
24969,19,14,06-11-2025 08:00,LOSS
24970,1,17,06-11-2025 09:00,LOSS
24971,14,6,06-11-2025 10:00,WIN
24972,9,3,06-11-2025 11:00,LOSS
24973,5,6,06-11-2025 12:00,WIN
24974,12,6,06-11-2025 13:00,WIN
24975,20,4,06-11-2025 14:00,WIN
24976,18,7,06-11-2025 15:00,WIN
24977,17,4,06-11-2025 16:00,LOSS
24978,20,18,06-11-2025 17:00,WIN
24979,8,3,06-11-2025 18:00,WIN
24980,1,3,06-11-2025 19:00,LOSS
24981,4,15,06-11-2025 20:00,WIN
24982,12,19,06-11-2025 21:00,WIN
24983,16,11,06-11-2025 22:00,WIN
24984,5,15,06-11-2025 23:00,LOSS
24985,18,5,07-11-2025 00:00,LOSS
24986,18,7,07-11-2025 01:00,WIN
24987,19,1,07-11-2025 02:00,WIN
24988,13,2,07-11-2025 03:00,WIN
24989,1,7,07-11-2025 04:00,LOSS
24990,8,20,07-11-2025 05:00,WIN
24991,1,8,07-11-2025 06:00,WIN
24992,20,11,07-11-2025 07:00,LOSS
24993,7,16,07-11-2025 08:00,LOSS
24994,19,14,07-11-2025 09:00,LOSS
24995,3,19,07-11-2025 10:00,LOSS
24996,18,5,07-11-2025 11:00,WIN
24997,18,3,07-11-2025 12:00,WIN
24998,6,4,07-11-2025 13:00,WIN
24999,20,11,07-11-2025 14:00,WIN
25000,14,8,07-11-2025 15:00,LOSS
