player_id,player_name,team_id,age,role
1,Player_1,7,36,Batsman
2,Player_2,20,21,All-Rounder
3,Player_3,15,33,All-Rounder
4,Player_4,11,30,Batsman
5,Player_5,8,29,Batsman
6,Player_6,7,21,All-Rounder
7,Player_7,19,29,Defender
8,Player_8,11,34,Goalkeeper
9,Player_9,11,26,Bowler
10,Player_10,4,29,Batsman
11,Player_11,8,32,All-Rounder
12,Player_12,3,37,Batsman
13,Player_13,2,19,Batsman
14,Player_14,12,26,Batsman
15,Player_15,6,31,Batsman
16,Player_16,2,21,Defender
17,Player_17,1,21,Bowler
18,Player_18,12,23,Bowler
19,Player_19,12,22,All-Rounder
20,Player_20,17,34,Defender
21,Player_21,10,30,Defender
22,Player_22,16,37,Bowler
23,Player_23,15,34,All-Rounder
24,Player_24,15,36,Defender
25,Player_25,19,18,All-Rounder
26,Player_26,12,38,Bowler
27,Player_27,20,34,Batsman
28,Player_28,3,39,Defender
29,Player_29,5,20,All-Rounder
30,Player_30,19,31,Batsman
31,Player_31,7,29,Bowler
32,Player_32,9,32,Goalkeeper
33,Player_33,7,23,Defender
34,Player_34,18,37,Defender
35,Player_35,4,39,All-Rounder
36,Player_36,14,19,Bowler
37,Player_37,18,21,Bowler
38,Player_38,9,30,Defender
39,Player_39,2,30,Defender
40,Player_40,20,39,All-Rounder
41,Player_41,15,34,All-Rounder
42,Player_42,7,23,Goalkeeper
43,Player_43,12,28,Batsman
44,Player_44,8,36,All-Rounder
45,Player_45,15,33,Batsman
46,Player_46,3,25,Defender
47,Player_47,14,18,Goalkeeper
48,Player_48,17,27,Goalkeeper
49,Player_49,4,19,Goalkeeper
50,Player_50,18,36,Bowler
51,Player_51,8,31,Defender
52,Player_52,4,20,Bowler
53,Player_53,2,26,Bowler
54,Player_54,6,25,Goalkeeper
55,Player_55,10,28,Bowler
56,Player_56,4,32,Defender
57,Player_57,18,23,Defender
58,Player_58,12,19,Bowler
59,Player_59,2,18,Defender
60,Player_60,10,20,Batsman
61,Player_61,4,35,Bowler
62,Player_62,14,31,Goalkeeper
63,Player_63,16,34,Goalkeeper
64,Player_64,15,19,Defender
65,Player_65,8,36,Defender
66,Player_66,14,39,Goalkeeper
67,Player_67,8,26,Batsman
68,Player_68,16,25,Goalkeeper
69,Player_69,13,27,Bowler
70,Player_70,18,26,Goalkeeper
71,Player_71,15,25,All-Rounder
72,Player_72,13,24,Batsman
73,Player_73,9,39,Batsman
74,Player_74,15,23,Goalkeeper
75,Player_75,13,19,All-Rounder
76,Player_76,1,26,Bowler
77,Player_77,7,26,Goalkeeper
78,Player_78,9,36,Bowler
79,Player_79,1,26,All-Rounder
80,Player_80,12,19,Goalkeeper
81,Player_81,8,36,Goalkeeper
82,Player_82,11,33,Bowler
83,Player_83,19,39,Goalkeeper
84,Player_84,17,31,All-Rounder
85,Player_85,8,37,Goalkeeper
86,Player_86,3,18,Defender
87,Player_87,3,30,All-Rounder
88,Player_88,1,39,Batsman
89,Player_89,5,19,Bowler
90,Player_90,10,39,All-Rounder
91,Player_91,7,31,Batsman
92,Player_92,9,18,Batsman
93,Player_93,7,32,All-Rounder
94,Player_94,9,35,Batsman
95,Player_95,8,26,Batsman
96,Player_96,12,39,Defender
97,Player_97,2,25,Goalkeeper
98,Player_98,1,24,Defender
99,Player_99,16,26,Goalkeeper
100,Player_100,5,26,Batsman
101,Player_101,3,28,Goalkeeper
102,Player_102,12,21,Defender
103,Player_103,8,24,Bowler
104,Player_104,3,38,Bowler
105,Player_105,1,24,Goalkeeper
106,Player_106,3,21,Bowler
107,Player_107,5,29,All-Rounder
108,Player_108,15,34,Bowler
109,Player_109,14,37,Goalkeeper
110,Player_110,3,20,Batsman
111,Player_111,1,26,Defender
112,Player_112,5,22,Bowler
113,Player_113,14,37,Goalkeeper
114,Player_114,7,33,Defender
115,Player_115,9,25,All-Rounder
116,Player_116,15,38,Batsman
117,Player_117,15,33,Defender
118,Player_118,10,36,Defender
119,Player_119,13,33,Goalkeeper
120,Player_120,19,35,All-Rounder
121,Player_121,7,32,Bowler
122,Player_122,17,35,All-Rounder
123,Player_123,20,31,Batsman
124,Player_124,4,33,Bowler
125,Player_125,5,22,All-Rounder
126,Player_126,7,25,Batsman
127,Player_127,13,33,Defender
128,Player_128,15,38,Defender
129,Player_129,11,18,Defender
130,Player_130,4,28,Defender
131,Player_131,13,28,Bowler
132,Player_132,7,19,Defender
133,Player_133,19,39,Bowler
134,Player_134,2,36,Bowler
135,Player_135,10,22,All-Rounder
136,Player_136,13,20,Defender
137,Player_137,6,25,Goalkeeper
138,Player_138,12,21,Defender
139,Player_139,12,30,Goalkeeper
140,Player_140,20,39,Defender
141,Player_141,11,31,Bowler
142,Player_142,7,18,Defender
143,Player_143,1,22,Defender
144,Player_144,1,38,Defender
145,Player_145,20,24,Defender
146,Player_146,13,23,All-Rounder
147,Player_147,9,32,All-Rounder
148,Player_148,3,32,Bowler
149,Player_149,7,25,Bowler
150,Player_150,6,19,Goalkeeper
151,Player_151,8,31,Bowler
152,Player_152,9,33,All-Rounder
153,Player_153,5,27,Bowler
154,Player_154,1,32,Goalkeeper
155,Player_155,19,21,Goalkeeper
156,Player_156,10,29,All-Rounder
157,Player_157,12,27,Bowler
158,Player_158,15,19,Goalkeeper
159,Player_159,9,21,Bowler
160,Player_160,20,37,Bowler
161,Player_161,17,23,All-Rounder
162,Player_162,17,31,All-Rounder
163,Player_163,20,20,Bowler
164,Player_164,12,32,Defender
165,Player_165,7,18,Defender
166,Player_166,2,36,Batsman
167,Player_167,3,18,Batsman
168,Player_168,17,30,Batsman
169,Player_169,5,25,All-Rounder
170,Player_170,17,35,Bowler
171,Player_171,17,39,Goalkeeper
172,Player_172,17,20,Bowler
173,Player_173,2,35,Bowler
174,Player_174,2,37,Batsman
175,Player_175,5,26,Bowler
176,Player_176,1,23,Batsman
177,Player_177,1,37,Bowler
178,Player_178,19,19,Goalkeeper
179,Player_179,2,21,Defender
180,Player_180,12,35,Defender
181,Player_181,6,24,All-Rounder
182,Player_182,4,28,Goalkeeper
183,Player_183,11,22,Bowler
184,Player_184,17,25,Goalkeeper
185,Player_185,6,28,Bowler
186,Player_186,5,37,Goalkeeper
187,Player_187,20,37,Goalkeeper
188,Player_188,2,32,Defender
189,Player_189,6,20,Goalkeeper
190,Player_190,11,24,All-Rounder
191,Player_191,16,25,Bowler
192,Player_192,16,28,Batsman
193,Player_193,1,27,Goalkeeper
194,Player_194,9,37,Batsman
195,Player_195,6,26,Defender
196,Player_196,16,32,Batsman
197,Player_197,3,37,All-Rounder
198,Player_198,20,39,All-Rounder
199,Player_199,4,22,Defender
200,Player_200,19,32,All-Rounder
201,Player_201,3,21,Bowler
202,Player_202,19,22,All-Rounder
203,Player_203,20,32,Goalkeeper
204,Player_204,7,34,All-Rounder
205,Player_205,20,25,Bowler
206,Player_206,9,36,Defender
207,Player_207,1,26,All-Rounder
208,Player_208,8,27,Bowler
209,Player_209,7,22,Goalkeeper
210,Player_210,18,27,Batsman
211,Player_211,8,39,Batsman
212,Player_212,1,18,Defender
213,Player_213,11,39,Defender
214,Player_214,18,21,Batsman
215,Player_215,10,38,Batsman
216,Player_216,3,22,Defender
217,Player_217,7,24,Batsman
218,Player_218,16,22,All-Rounder
219,Player_219,16,37,Bowler
220,Player_220,20,25,Defender
221,Player_221,17,34,Bowler
222,Player_222,2,18,Goalkeeper
223,Player_223,1,39,Goalkeeper
224,Player_224,16,35,All-Rounder
225,Player_225,12,29,Goalkeeper
226,Player_226,5,20,Defender
227,Player_227,5,37,All-Rounder
228,Player_228,9,31,All-Rounder
229,Player_229,9,33,Defender
230,Player_230,3,35,Batsman
231,Player_231,19,27,Bowler
232,Player_232,16,32,Defender
233,Player_233,16,27,Batsman
234,Player_234,3,18,Batsman
235,Player_235,20,36,Goalkeeper
236,Player_236,1,19,All-Rounder
237,Player_237,20,30,All-Rounder
238,Player_238,11,33,Goalkeeper
239,Player_239,17,25,Goalkeeper
240,Player_240,8,20,All-Rounder
241,Player_241,4,38,Defender
242,Player_242,6,36,Defender
243,Player_243,8,31,Defender
244,Player_244,20,28,Defender
245,Player_245,3,29,Goalkeeper
246,Player_246,16,28,Bowler
247,Player_247,3,28,Bowler
248,Player_248,18,39,All-Rounder
249,Player_249,14,38,Bowler
250,Player_250,18,35,Defender
251,Player_251,2,27,Goalkeeper
252,Player_252,3,33,Defender
253,Player_253,16,25,Batsman
254,Player_254,9,23,Goalkeeper
255,Player_255,4,36,Batsman
256,Player_256,1,30,Batsman
257,Player_257,4,32,All-Rounder
258,Player_258,1,30,Batsman
259,Player_259,14,18,Bowler
260,Player_260,16,38,Bowler
261,Player_261,20,19,Batsman
262,Player_262,8,30,All-Rounder
263,Player_263,7,19,Batsman
264,Player_264,3,28,Goalkeeper
265,Player_265,17,30,Goalkeeper
266,Player_266,1,27,Goalkeeper
267,Player_267,16,39,Goalkeeper
268,Player_268,12,32,Batsman
269,Player_269,19,18,Defender
270,Player_270,14,31,Defender
271,Player_271,6,27,Goalkeeper
272,Player_272,6,35,All-Rounder
273,Player_273,13,28,All-Rounder
274,Player_274,19,24,Batsman
275,Player_275,8,32,Defender
276,Player_276,2,20,Batsman
277,Player_277,1,19,Bowler
278,Player_278,15,39,Goalkeeper
279,Player_279,1,25,Bowler
280,Player_280,5,25,Bowler
281,Player_281,16,28,All-Rounder
282,Player_282,19,33,Defender
283,Player_283,4,19,Goalkeeper
284,Player_284,3,39,Batsman
285,Player_285,17,22,Goalkeeper
286,Player_286,17,24,Batsman
287,Player_287,12,37,Batsman
288,Player_288,14,30,Defender
289,Player_289,6,19,Bowler
290,Player_290,3,20,Batsman
291,Player_291,9,26,Defender
292,Player_292,5,27,Bowler
293,Player_293,17,30,Bowler
294,Player_294,14,38,Goalkeeper
295,Player_295,3,30,Goalkeeper
296,Player_296,1,22,Goalkeeper
297,Player_297,20,24,All-Rounder
298,Player_298,1,34,Bowler
299,Player_299,3,32,All-Rounder
300,Player_300,18,22,Goalkeeper
301,Player_301,10,24,Defender
302,Player_302,3,19,Goalkeeper
303,Player_303,8,35,Batsman
304,Player_304,14,27,Defender
305,Player_305,18,18,Defender
306,Player_306,15,31,Bowler
307,Player_307,2,36,All-Rounder
308,Player_308,10,33,Batsman
309,Player_309,2,36,Defender
310,Player_310,17,23,All-Rounder
311,Player_311,8,29,All-Rounder
312,Player_312,1,20,Batsman
313,Player_313,9,24,Batsman
314,Player_314,11,20,Goalkeeper
315,Player_315,16,34,Goalkeeper
316,Player_316,7,32,Defender
317,Player_317,10,36,Defender
318,Player_318,3,36,Defender
319,Player_319,18,28,Goalkeeper
320,Player_320,13,38,Defender
321,Player_321,7,37,Defender
322,Player_322,4,19,Goalkeeper
323,Player_323,13,24,Goalkeeper
324,Player_324,20,36,Defender
325,Player_325,1,24,Defender
326,Player_326,8,27,All-Rounder
327,Player_327,14,29,Bowler
328,Player_328,16,35,Goalkeeper
329,Player_329,14,23,Bowler
330,Player_330,12,37,Goalkeeper
331,Player_331,19,38,All-Rounder
332,Player_332,15,25,Bowler
333,Player_333,2,22,All-Rounder
334,Player_334,2,20,Batsman
335,Player_335,19,19,Bowler
336,Player_336,17,39,Bowler
337,Player_337,20,23,Bowler
338,Player_338,10,24,Batsman
339,Player_339,6,25,Batsman
340,Player_340,15,21,All-Rounder
341,Player_341,11,29,Batsman
342,Player_342,5,29,Goalkeeper
343,Player_343,1,34,Defender
344,Player_344,8,39,Bowler
345,Player_345,12,39,All-Rounder
346,Player_346,12,36,All-Rounder
347,Player_347,5,26,All-Rounder
348,Player_348,7,29,All-Rounder
349,Player_349,4,38,Bowler
350,Player_350,6,34,All-Rounder
351,Player_351,13,27,Bowler
352,Player_352,20,36,All-Rounder
353,Player_353,15,28,All-Rounder
354,Player_354,3,37,Defender
355,Player_355,8,39,Goalkeeper
356,Player_356,20,30,Batsman
357,Player_357,16,21,Batsman
358,Player_358,13,32,Batsman
359,Player_359,18,29,Goalkeeper
360,Player_360,10,27,Bowler
361,Player_361,19,39,Batsman
362,Player_362,17,24,Batsman
363,Player_363,19,19,Batsman
364,Player_364,5,38,Bowler
365,Player_365,9,24,Goalkeeper
366,Player_366,12,25,Goalkeeper
367,Player_367,1,38,Bowler
368,Player_368,1,36,Defender
369,Player_369,15,23,All-Rounder
370,Player_370,2,38,Bowler
371,Player_371,16,25,All-Rounder
372,Player_372,8,39,Goalkeeper
373,Player_373,13,37,All-Rounder
374,Player_374,1,21,Batsman
375,Player_375,16,37,All-Rounder
376,Player_376,7,26,All-Rounder
377,Player_377,5,22,Goalkeeper
378,Player_378,3,23,Defender
379,Player_379,12,36,All-Rounder
380,Player_380,16,29,Goalkeeper
381,Player_381,19,22,Batsman
382,Player_382,5,22,All-Rounder
383,Player_383,14,35,All-Rounder
384,Player_384,5,23,Batsman
385,Player_385,15,26,Bowler
386,Player_386,17,28,Defender
387,Player_387,14,31,Batsman
388,Player_388,20,19,Batsman
389,Player_389,5,31,Batsman
390,Player_390,12,36,Bowler
391,Player_391,16,27,Batsman
392,Player_392,16,22,Bowler
393,Player_393,7,21,Defender
394,Player_394,4,24,Bowler
395,Player_395,1,30,Defender
396,Player_396,5,27,Defender
397,Player_397,10,27,Defender
398,Player_398,5,21,Goalkeeper
399,Player_399,4,33,Defender
400,Player_400,2,32,Bowler
401,Player_401,20,38,Goalkeeper
402,Player_402,10,28,Batsman
403,Player_403,19,36,Batsman
404,Player_404,1,38,All-Rounder
405,Player_405,5,20,Defender
406,Player_406,13,32,All-Rounder
407,Player_407,4,33,Defender
408,Player_408,16,31,Defender
409,Player_409,16,22,Bowler
410,Player_410,2,34,Bowler
411,Player_411,17,35,Batsman
412,Player_412,20,36,Goalkeeper
413,Player_413,12,18,Batsman
414,Player_414,18,26,Defender
415,Player_415,3,38,Goalkeeper
416,Player_416,1,31,All-Rounder
417,Player_417,1,37,Defender
418,Player_418,19,38,Bowler
419,Player_419,11,37,Batsman
420,Player_420,5,38,Batsman
421,Player_421,12,28,All-Rounder
422,Player_422,3,19,Batsman
423,Player_423,1,37,Batsman
424,Player_424,1,22,Goalkeeper
425,Player_425,8,39,Defender
426,Player_426,10,32,Goalkeeper
427,Player_427,11,29,Goalkeeper
428,Player_428,12,31,Batsman
429,Player_429,13,28,Defender
430,Player_430,12,38,Batsman
431,Player_431,14,26,Batsman
432,Player_432,2,37,Goalkeeper
433,Player_433,19,25,Bowler
434,Player_434,18,29,Bowler
435,Player_435,3,20,Goalkeeper
436,Player_436,17,38,Goalkeeper
437,Player_437,8,32,Batsman
438,Player_438,10,25,Defender
439,Player_439,2,24,Batsman
440,Player_440,19,34,Batsman
441,Player_441,9,29,All-Rounder
442,Player_442,7,37,Batsman
443,Player_443,4,35,Defender
444,Player_444,18,35,Batsman
445,Player_445,13,32,Goalkeeper
446,Player_446,11,20,Defender
447,Player_447,4,36,Goalkeeper
448,Player_448,4,32,All-Rounder
449,Player_449,10,33,All-Rounder
450,Player_450,5,39,Defender
451,Player_451,9,39,Bowler
452,Player_452,3,34,Bowler
453,Player_453,17,18,Defender
454,Player_454,3,28,Defender
455,Player_455,16,23,Goalkeeper
456,Player_456,4,26,All-Rounder
457,Player_457,18,37,Defender
458,Player_458,17,33,Batsman
459,Player_459,7,23,Goalkeeper
460,Player_460,5,29,All-Rounder
461,Player_461,12,36,Goalkeeper
462,Player_462,17,30,All-Rounder
463,Player_463,13,30,Batsman
464,Player_464,3,21,All-Rounder
465,Player_465,9,26,Goalkeeper
466,Player_466,17,31,All-Rounder
467,Player_467,17,31,Goalkeeper
468,Player_468,20,34,Defender
469,Player_469,16,22,Batsman
470,Player_470,13,36,Goalkeeper
471,Player_471,19,19,Bowler
472,Player_472,17,30,Bowler
473,Player_473,4,28,All-Rounder
474,Player_474,12,19,Defender
475,Player_475,9,18,Defender
476,Player_476,19,38,Bowler
477,Player_477,12,20,All-Rounder
478,Player_478,9,29,Defender
479,Player_479,7,24,Defender
480,Player_480,14,18,All-Rounder
481,Player_481,20,26,Goalkeeper
482,Player_482,19,35,Bowler
483,Player_483,15,37,Defender
484,Player_484,16,23,Goalkeeper
485,Player_485,5,26,Goalkeeper
486,Player_486,3,25,Goalkeeper
487,Player_487,12,35,Goalkeeper
488,Player_488,20,32,Batsman
489,Player_489,4,18,Batsman
490,Player_490,16,31,All-Rounder
491,Player_491,7,35,Bowler
492,Player_492,13,36,All-Rounder
493,Player_493,10,36,Batsman
494,Player_494,7,27,All-Rounder
495,Player_495,14,37,All-Rounder
496,Player_496,5,38,Goalkeeper
497,Player_497,3,23,Defender
498,Player_498,11,34,Batsman
499,Player_499,11,31,Batsman
500,Player_500,18,30,All-Rounder
501,Player_501,15,25,Defender
502,Player_502,12,39,All-Rounder
503,Player_503,9,27,Bowler
504,Player_504,10,26,Batsman
505,Player_505,12,22,Goalkeeper
506,Player_506,17,21,Goalkeeper
507,Player_507,6,23,Goalkeeper
508,Player_508,7,23,Batsman
509,Player_509,14,30,Batsman
510,Player_510,13,21,Goalkeeper
511,Player_511,8,39,Batsman
512,Player_512,10,25,Goalkeeper
513,Player_513,9,22,Bowler
514,Player_514,18,19,Bowler
515,Player_515,2,26,Bowler
516,Player_516,5,28,All-Rounder
517,Player_517,5,37,All-Rounder
518,Player_518,6,37,Defender
519,Player_519,19,28,Defender
520,Player_520,8,24,Defender
521,Player_521,16,31,Bowler
522,Player_522,13,23,Bowler
523,Player_523,1,21,Bowler
524,Player_524,20,23,Batsman
525,Player_525,17,20,Batsman
526,Player_526,7,23,Bowler
527,Player_527,13,20,Goalkeeper
528,Player_528,4,18,Defender
529,Player_529,4,38,All-Rounder
530,Player_530,6,35,Defender
531,Player_531,19,21,Goalkeeper
532,Player_532,12,23,Batsman
533,Player_533,7,34,Bowler
534,Player_534,10,35,Batsman
535,Player_535,19,23,Batsman
536,Player_536,7,19,Goalkeeper
537,Player_537,3,29,Batsman
538,Player_538,13,29,Batsman
539,Player_539,13,21,Defender
540,Player_540,18,33,Defender
541,Player_541,20,37,Goalkeeper
542,Player_542,8,27,Bowler
543,Player_543,9,27,Defender
544,Player_544,7,24,Batsman
545,Player_545,1,31,All-Rounder
546,Player_546,3,24,Defender
547,Player_547,13,29,All-Rounder
548,Player_548,17,28,Bowler
549,Player_549,1,34,Batsman
550,Player_550,6,28,Defender
551,Player_551,6,38,Bowler
552,Player_552,12,20,Goalkeeper
553,Player_553,13,36,Bowler
554,Player_554,13,39,Goalkeeper
555,Player_555,15,21,Goalkeeper
556,Player_556,16,25,Defender
557,Player_557,11,31,All-Rounder
558,Player_558,5,37,Goalkeeper
559,Player_559,4,31,Batsman
560,Player_560,3,33,Defender
561,Player_561,19,32,Goalkeeper
562,Player_562,20,29,Defender
563,Player_563,18,33,Batsman
564,Player_564,15,37,Defender
565,Player_565,9,36,Defender
566,Player_566,17,22,Goalkeeper
567,Player_567,14,29,Bowler
568,Player_568,15,22,Defender
569,Player_569,1,27,Goalkeeper
570,Player_570,3,34,Batsman
571,Player_571,16,32,Batsman
572,Player_572,11,25,Bowler
573,Player_573,12,25,Batsman
574,Player_574,10,25,Goalkeeper
575,Player_575,16,27,Bowler
576,Player_576,8,37,Goalkeeper
577,Player_577,6,30,Bowler
578,Player_578,12,33,Bowler
579,Player_579,8,26,Goalkeeper
580,Player_580,4,33,Bowler
581,Player_581,8,27,Goalkeeper
582,Player_582,18,20,Batsman
583,Player_583,5,39,Batsman
584,Player_584,9,31,Defender
585,Player_585,4,30,All-Rounder
586,Player_586,17,21,All-Rounder
587,Player_587,9,21,Batsman
588,Player_588,1,23,Defender
589,Player_589,20,36,All-Rounder
590,Player_590,13,28,Goalkeeper
591,Player_591,16,25,Goalkeeper
592,Player_592,13,31,Bowler
593,Player_593,14,25,All-Rounder
594,Player_594,3,31,Goalkeeper
595,Player_595,6,24,All-Rounder
596,Player_596,18,38,Bowler
597,Player_597,19,35,Batsman
598,Player_598,5,29,Defender
599,Player_599,15,31,Bowler
600,Player_600,2,32,Bowler
601,Player_601,10,35,Bowler
602,Player_602,18,29,Defender
603,Player_603,13,27,Goalkeeper
604,Player_604,5,29,All-Rounder
605,Player_605,1,25,Batsman
606,Player_606,1,23,Batsman
607,Player_607,18,36,Defender
608,Player_608,15,18,Batsman
609,Player_609,17,30,Defender
610,Player_610,11,39,Defender
611,Player_611,17,33,All-Rounder
612,Player_612,13,35,All-Rounder
613,Player_613,1,29,Defender
614,Player_614,2,22,All-Rounder
615,Player_615,9,38,Goalkeeper
616,Player_616,3,30,Bowler
617,Player_617,1,25,Batsman
618,Player_618,16,23,Batsman
619,Player_619,6,20,Batsman
620,Player_620,17,37,Batsman
621,Player_621,5,21,Goalkeeper
622,Player_622,5,29,Goalkeeper
623,Player_623,6,30,Bowler
624,Player_624,3,19,Defender
625,Player_625,5,36,All-Rounder
626,Player_626,5,21,Bowler
627,Player_627,10,30,Batsman
628,Player_628,10,36,All-Rounder
629,Player_629,19,25,Bowler
630,Player_630,17,25,Batsman
631,Player_631,14,33,Bowler
632,Player_632,9,28,Batsman
633,Player_633,14,35,Batsman
634,Player_634,1,21,Goalkeeper
635,Player_635,19,18,Batsman
636,Player_636,13,18,Bowler
637,Player_637,13,31,All-Rounder
638,Player_638,4,21,Goalkeeper
639,Player_639,1,28,All-Rounder
640,Player_640,17,35,Defender
641,Player_641,8,33,All-Rounder
642,Player_642,2,34,Defender
643,Player_643,8,19,Defender
644,Player_644,7,21,Goalkeeper
645,Player_645,2,20,All-Rounder
646,Player_646,3,32,Batsman
647,Player_647,18,19,Goalkeeper
648,Player_648,12,36,Goalkeeper
649,Player_649,1,26,Batsman
650,Player_650,12,27,All-Rounder
651,Player_651,5,38,Goalkeeper
652,Player_652,17,36,Defender
653,Player_653,16,22,Batsman
654,Player_654,15,31,Bowler
655,Player_655,15,27,Goalkeeper
656,Player_656,5,33,Defender
657,Player_657,14,23,All-Rounder
658,Player_658,2,25,All-Rounder
659,Player_659,11,19,Batsman
660,Player_660,19,35,Defender
661,Player_661,7,38,Batsman
662,Player_662,6,38,Goalkeeper
663,Player_663,2,38,Batsman
664,Player_664,6,37,Bowler
665,Player_665,18,25,Batsman
666,Player_666,2,22,Batsman
667,Player_667,18,34,Goalkeeper
668,Player_668,15,33,Defender
669,Player_669,19,22,Bowler
670,Player_670,2,34,Batsman
671,Player_671,20,21,Goalkeeper
672,Player_672,6,18,Goalkeeper
673,Player_673,1,39,Goalkeeper
674,Player_674,15,23,Defender
675,Player_675,10,18,Batsman
676,Player_676,19,21,All-Rounder
677,Player_677,17,19,Bowler
678,Player_678,5,30,All-Rounder
679,Player_679,4,31,Defender
680,Player_680,10,34,Batsman
681,Player_681,17,28,All-Rounder
682,Player_682,10,20,All-Rounder
683,Player_683,17,24,All-Rounder
684,Player_684,20,27,Bowler
685,Player_685,5,28,Batsman
686,Player_686,2,27,Goalkeeper
687,Player_687,6,25,Batsman
688,Player_688,2,22,All-Rounder
689,Player_689,13,19,Batsman
690,Player_690,11,32,Goalkeeper
691,Player_691,11,33,Bowler
692,Player_692,16,21,Batsman
693,Player_693,11,39,Batsman
694,Player_694,19,33,Bowler
695,Player_695,15,29,Bowler
696,Player_696,16,31,All-Rounder
697,Player_697,11,29,All-Rounder
698,Player_698,16,38,Bowler
699,Player_699,8,33,Goalkeeper
700,Player_700,4,33,All-Rounder
701,Player_701,8,39,Goalkeeper
702,Player_702,4,29,Bowler
703,Player_703,3,19,Batsman
704,Player_704,3,31,Bowler
705,Player_705,18,28,Bowler
706,Player_706,19,26,Defender
707,Player_707,19,39,Bowler
708,Player_708,5,24,All-Rounder
709,Player_709,18,29,Batsman
710,Player_710,10,34,Goalkeeper
711,Player_711,6,26,Defender
712,Player_712,1,23,All-Rounder
713,Player_713,5,29,Batsman
714,Player_714,9,37,Goalkeeper
715,Player_715,12,27,Batsman
716,Player_716,14,26,All-Rounder
717,Player_717,2,29,Batsman
718,Player_718,17,18,Bowler
719,Player_719,14,19,Batsman
720,Player_720,13,36,Bowler
721,Player_721,9,18,All-Rounder
722,Player_722,15,33,Defender
723,Player_723,15,33,Bowler
724,Player_724,11,35,Batsman
725,Player_725,16,35,Batsman
726,Player_726,17,30,Batsman
727,Player_727,4,39,All-Rounder
728,Player_728,1,29,Goalkeeper
729,Player_729,8,26,Batsman
730,Player_730,17,22,Batsman
731,Player_731,3,26,Bowler
732,Player_732,20,30,Defender
733,Player_733,15,33,Batsman
734,Player_734,15,27,All-Rounder
735,Player_735,14,33,Goalkeeper
736,Player_736,14,31,Goalkeeper
737,Player_737,2,19,Goalkeeper
738,Player_738,13,36,All-Rounder
739,Player_739,14,28,Goalkeeper
740,Player_740,19,36,Goalkeeper
741,Player_741,7,28,Bowler
742,Player_742,3,31,Goalkeeper
743,Player_743,15,32,Bowler
744,Player_744,14,24,Bowler
745,Player_745,11,32,Bowler
746,Player_746,15,25,All-Rounder
747,Player_747,13,21,Batsman
748,Player_748,18,35,Defender
749,Player_749,6,31,Goalkeeper
750,Player_750,3,38,Defender
751,Player_751,19,35,Batsman
752,Player_752,15,21,Bowler
753,Player_753,5,19,Bowler
754,Player_754,10,38,Bowler
755,Player_755,7,23,Bowler
756,Player_756,17,28,Goalkeeper
757,Player_757,7,18,Batsman
758,Player_758,12,32,Batsman
759,Player_759,17,29,Batsman
760,Player_760,13,35,Defender
761,Player_761,20,22,Bowler
762,Player_762,4,28,All-Rounder
763,Player_763,10,38,Batsman
764,Player_764,3,36,Defender
765,Player_765,9,39,Goalkeeper
766,Player_766,13,18,Bowler
767,Player_767,18,34,Defender
768,Player_768,15,25,All-Rounder
769,Player_769,4,33,All-Rounder
770,Player_770,15,28,Goalkeeper
771,Player_771,2,36,Batsman
772,Player_772,15,28,Batsman
773,Player_773,8,32,Defender
774,Player_774,8,25,Defender
775,Player_775,17,31,Batsman
776,Player_776,12,18,Batsman
777,Player_777,19,27,Defender
778,Player_778,10,24,Bowler
779,Player_779,9,35,All-Rounder
780,Player_780,5,29,All-Rounder
781,Player_781,6,19,Goalkeeper
782,Player_782,20,35,All-Rounder
783,Player_783,2,38,Defender
784,Player_784,13,24,Bowler
785,Player_785,6,37,Defender
786,Player_786,5,29,Batsman
787,Player_787,1,37,Batsman
788,Player_788,6,31,All-Rounder
789,Player_789,6,27,Bowler
790,Player_790,16,26,Goalkeeper
791,Player_791,4,32,Defender
792,Player_792,11,37,Goalkeeper
793,Player_793,9,27,Goalkeeper
794,Player_794,3,36,Goalkeeper
795,Player_795,19,36,Goalkeeper
796,Player_796,8,29,Defender
797,Player_797,5,29,Batsman
798,Player_798,4,26,Defender
799,Player_799,6,37,Batsman
800,Player_800,2,21,Batsman
801,Player_801,20,18,Defender
802,Player_802,11,33,Defender
803,Player_803,4,18,Defender
804,Player_804,15,30,Batsman
805,Player_805,6,20,Defender
806,Player_806,17,29,Bowler
807,Player_807,6,26,All-Rounder
808,Player_808,19,21,All-Rounder
809,Player_809,2,19,Bowler
810,Player_810,15,39,All-Rounder
811,Player_811,11,39,Batsman
812,Player_812,8,26,Defender
813,Player_813,19,37,Defender
814,Player_814,13,30,Defender
815,Player_815,12,31,Bowler
816,Player_816,5,20,Bowler
817,Player_817,6,35,Batsman
818,Player_818,4,26,Bowler
819,Player_819,19,32,Defender
820,Player_820,20,39,Batsman
821,Player_821,1,27,Batsman
822,Player_822,20,34,Defender
823,Player_823,17,30,Goalkeeper
824,Player_824,12,18,Defender
825,Player_825,15,28,Batsman
826,Player_826,1,22,Goalkeeper
827,Player_827,14,26,Defender
828,Player_828,6,24,Defender
829,Player_829,5,24,Goalkeeper
830,Player_830,11,19,Goalkeeper
831,Player_831,4,36,All-Rounder
832,Player_832,13,37,Goalkeeper
833,Player_833,11,35,Bowler
834,Player_834,3,27,Goalkeeper
835,Player_835,1,22,Batsman
836,Player_836,6,33,Goalkeeper
837,Player_837,18,22,Defender
838,Player_838,10,32,Bowler
839,Player_839,5,39,Goalkeeper
840,Player_840,10,33,Bowler
841,Player_841,12,21,All-Rounder
842,Player_842,2,31,Bowler
843,Player_843,13,34,Defender
844,Player_844,8,34,All-Rounder
845,Player_845,2,38,Goalkeeper
846,Player_846,20,33,Bowler
847,Player_847,1,26,All-Rounder
848,Player_848,5,19,Goalkeeper
849,Player_849,9,28,Goalkeeper
850,Player_850,17,32,Bowler
851,Player_851,9,20,Bowler
852,Player_852,11,33,All-Rounder
853,Player_853,15,38,Bowler
854,Player_854,6,36,Goalkeeper
855,Player_855,3,39,Defender
856,Player_856,17,23,All-Rounder
857,Player_857,5,31,Defender
858,Player_858,12,22,Defender
859,Player_859,18,22,Goalkeeper
860,Player_860,14,23,Defender
861,Player_861,11,35,Batsman
862,Player_862,9,39,All-Rounder
863,Player_863,2,35,Goalkeeper
864,Player_864,12,36,Bowler
865,Player_865,3,19,Goalkeeper
866,Player_866,3,34,Bowler
867,Player_867,1,18,Goalkeeper
868,Player_868,8,26,Batsman
869,Player_869,8,30,All-Rounder
870,Player_870,11,21,Defender
871,Player_871,9,22,Goalkeeper
872,Player_872,5,35,All-Rounder
873,Player_873,14,27,All-Rounder
874,Player_874,3,21,All-Rounder
875,Player_875,5,30,All-Rounder
876,Player_876,5,30,All-Rounder
877,Player_877,19,34,Defender
878,Player_878,14,25,Defender
879,Player_879,4,21,Goalkeeper
880,Player_880,13,20,Bowler
881,Player_881,10,28,Goalkeeper
882,Player_882,18,29,All-Rounder
883,Player_883,8,26,Bowler
884,Player_884,8,32,Goalkeeper
885,Player_885,7,30,Bowler
886,Player_886,8,22,Defender
887,Player_887,14,22,All-Rounder
888,Player_888,19,36,Bowler
889,Player_889,6,28,Batsman
890,Player_890,1,26,All-Rounder
891,Player_891,15,20,Defender
892,Player_892,1,35,Defender
893,Player_893,17,30,Goalkeeper
894,Player_894,1,29,Batsman
895,Player_895,15,26,Bowler
896,Player_896,2,27,Goalkeeper
897,Player_897,14,30,Defender
898,Player_898,8,37,Bowler
899,Player_899,8,37,Defender
900,Player_900,19,30,Defender
901,Player_901,7,39,Batsman
902,Player_902,19,26,All-Rounder
903,Player_903,6,27,Bowler
904,Player_904,6,36,Batsman
905,Player_905,3,23,Defender
906,Player_906,7,24,Defender
907,Player_907,19,32,Batsman
908,Player_908,8,39,Bowler
909,Player_909,10,36,Defender
910,Player_910,20,31,Bowler
911,Player_911,15,33,Batsman
912,Player_912,15,31,Defender
913,Player_913,1,37,Goalkeeper
914,Player_914,20,19,Goalkeeper
915,Player_915,7,26,Defender
916,Player_916,4,20,All-Rounder
917,Player_917,6,23,Defender
918,Player_918,1,22,Defender
919,Player_919,5,31,Defender
920,Player_920,1,32,Batsman
921,Player_921,4,35,Defender
922,Player_922,2,34,Defender
923,Player_923,10,26,Batsman
924,Player_924,5,36,Defender
925,Player_925,10,26,Goalkeeper
926,Player_926,1,33,Goalkeeper
927,Player_927,6,23,Defender
928,Player_928,13,25,Batsman
929,Player_929,15,20,Defender
930,Player_930,4,39,Defender
931,Player_931,13,22,Bowler
932,Player_932,20,24,All-Rounder
933,Player_933,15,18,Batsman
934,Player_934,8,39,All-Rounder
935,Player_935,5,38,Bowler
936,Player_936,15,21,All-Rounder
937,Player_937,4,33,Defender
938,Player_938,12,31,Goalkeeper
939,Player_939,13,18,Batsman
940,Player_940,2,21,Batsman
941,Player_941,19,27,Defender
942,Player_942,19,28,All-Rounder
943,Player_943,4,24,Batsman
944,Player_944,4,21,Bowler
945,Player_945,11,18,Bowler
946,Player_946,5,18,All-Rounder
947,Player_947,20,34,Bowler
948,Player_948,11,27,Goalkeeper
949,Player_949,10,22,Defender
950,Player_950,8,24,Batsman
951,Player_951,6,25,Defender
952,Player_952,6,19,All-Rounder
953,Player_953,8,26,Defender
954,Player_954,15,21,Batsman
955,Player_955,14,29,Batsman
956,Player_956,11,28,All-Rounder
957,Player_957,12,22,Batsman
958,Player_958,13,29,Bowler
959,Player_959,8,38,Defender
960,Player_960,18,21,Goalkeeper
961,Player_961,1,30,Goalkeeper
962,Player_962,15,39,Goalkeeper
963,Player_963,8,18,All-Rounder
964,Player_964,11,35,Goalkeeper
965,Player_965,12,21,Defender
966,Player_966,12,21,Batsman
967,Player_967,4,25,Bowler
968,Player_968,16,37,Goalkeeper
969,Player_969,4,23,Goalkeeper
970,Player_970,5,21,Goalkeeper
971,Player_971,5,21,Bowler
972,Player_972,8,28,Defender
973,Player_973,10,26,Goalkeeper
974,Player_974,17,31,Batsman
975,Player_975,9,21,All-Rounder
976,Player_976,19,30,Bowler
977,Player_977,14,23,Defender
978,Player_978,8,30,Batsman
979,Player_979,9,20,Bowler
980,Player_980,11,24,Bowler
981,Player_981,1,18,All-Rounder
982,Player_982,14,28,All-Rounder
983,Player_983,5,19,Defender
984,Player_984,14,22,Goalkeeper
985,Player_985,4,39,All-Rounder
986,Player_986,1,31,Defender
987,Player_987,19,30,Bowler
988,Player_988,8,33,Goalkeeper
989,Player_989,15,32,Batsman
990,Player_990,15,20,Bowler
991,Player_991,9,23,Defender
992,Player_992,9,26,Batsman
993,Player_993,10,20,Bowler
994,Player_994,20,30,All-Rounder
995,Player_995,9,30,Defender
996,Player_996,3,39,Batsman
997,Player_997,20,24,All-Rounder
998,Player_998,11,22,Batsman
999,Player_999,6,25,Goalkeeper
1000,Player_1000,2,25,Goalkeeper
1001,Player_1001,7,39,Defender
1002,Player_1002,18,24,Batsman
1003,Player_1003,2,36,Goalkeeper
1004,Player_1004,17,24,Bowler
1005,Player_1005,11,21,Bowler
1006,Player_1006,12,27,Goalkeeper
1007,Player_1007,19,30,Goalkeeper
1008,Player_1008,7,21,Defender
1009,Player_1009,20,36,Defender
1010,Player_1010,6,27,Bowler
1011,Player_1011,1,24,All-Rounder
1012,Player_1012,17,22,Batsman
1013,Player_1013,11,20,All-Rounder
1014,Player_1014,18,39,Defender
1015,Player_1015,17,39,All-Rounder
1016,Player_1016,7,39,Defender
1017,Player_1017,17,19,All-Rounder
1018,Player_1018,20,28,Bowler
1019,Player_1019,9,27,Defender
1020,Player_1020,17,30,Bowler
1021,Player_1021,20,24,All-Rounder
1022,Player_1022,8,27,Goalkeeper
1023,Player_1023,17,21,Goalkeeper
1024,Player_1024,7,39,Batsman
1025,Player_1025,1,37,Goalkeeper
1026,Player_1026,13,33,Batsman
1027,Player_1027,19,37,All-Rounder
1028,Player_1028,19,23,Batsman
1029,Player_1029,17,26,Batsman
1030,Player_1030,13,30,Batsman
1031,Player_1031,16,24,Bowler
1032,Player_1032,8,35,Batsman
1033,Player_1033,19,31,Defender
1034,Player_1034,18,39,All-Rounder
1035,Player_1035,1,22,Bowler
1036,Player_1036,14,39,Defender
1037,Player_1037,19,30,All-Rounder
1038,Player_1038,15,25,Bowler
1039,Player_1039,18,32,All-Rounder
1040,Player_1040,2,36,Goalkeeper
1041,Player_1041,17,26,All-Rounder
1042,Player_1042,18,23,Goalkeeper
1043,Player_1043,6,31,Goalkeeper
1044,Player_1044,19,27,All-Rounder
1045,Player_1045,4,26,Goalkeeper
1046,Player_1046,1,34,Bowler
1047,Player_1047,8,30,Goalkeeper
1048,Player_1048,7,34,Batsman
1049,Player_1049,3,36,Bowler
1050,Player_1050,10,30,Bowler
1051,Player_1051,10,26,Bowler
1052,Player_1052,19,18,Batsman
1053,Player_1053,14,18,Batsman
1054,Player_1054,2,22,Batsman
1055,Player_1055,1,25,Batsman
1056,Player_1056,18,35,Batsman
1057,Player_1057,7,21,Defender
1058,Player_1058,8,39,Defender
1059,Player_1059,1,18,Batsman
1060,Player_1060,3,32,Bowler
1061,Player_1061,8,37,Goalkeeper
1062,Player_1062,15,21,Goalkeeper
1063,Player_1063,5,26,Defender
1064,Player_1064,3,39,Batsman
1065,Player_1065,19,37,All-Rounder
1066,Player_1066,1,27,Goalkeeper
1067,Player_1067,15,32,Goalkeeper
1068,Player_1068,8,20,Bowler
1069,Player_1069,2,19,Goalkeeper
1070,Player_1070,3,39,Defender
1071,Player_1071,14,22,Batsman
1072,Player_1072,14,18,Batsman
1073,Player_1073,11,28,Goalkeeper
1074,Player_1074,16,29,All-Rounder
1075,Player_1075,4,20,Defender
1076,Player_1076,20,33,Goalkeeper
1077,Player_1077,5,31,Defender
1078,Player_1078,14,29,All-Rounder
1079,Player_1079,16,37,Defender
1080,Player_1080,18,33,Defender
1081,Player_1081,7,38,Defender
1082,Player_1082,10,25,Batsman
1083,Player_1083,7,34,All-Rounder
1084,Player_1084,1,34,Batsman
1085,Player_1085,19,24,Bowler
1086,Player_1086,16,32,Goalkeeper
1087,Player_1087,19,26,Batsman
1088,Player_1088,4,21,Defender
1089,Player_1089,18,25,Bowler
1090,Player_1090,2,27,All-Rounder
1091,Player_1091,1,32,All-Rounder
1092,Player_1092,15,35,Batsman
1093,Player_1093,5,31,Defender
1094,Player_1094,20,22,Defender
1095,Player_1095,11,26,All-Rounder
1096,Player_1096,10,30,Defender
1097,Player_1097,2,36,Goalkeeper
1098,Player_1098,3,28,Batsman
1099,Player_1099,12,29,Batsman
1100,Player_1100,20,20,Defender
1101,Player_1101,5,19,All-Rounder
1102,Player_1102,5,39,Goalkeeper
1103,Player_1103,6,32,Goalkeeper
1104,Player_1104,9,22,Goalkeeper
1105,Player_1105,2,24,Bowler
1106,Player_1106,12,21,Defender
1107,Player_1107,3,22,Goalkeeper
1108,Player_1108,20,33,Defender
1109,Player_1109,12,32,All-Rounder
1110,Player_1110,17,33,All-Rounder
1111,Player_1111,10,21,All-Rounder
1112,Player_1112,14,23,Bowler
1113,Player_1113,17,35,All-Rounder
1114,Player_1114,18,20,Defender
1115,Player_1115,19,39,Batsman
1116,Player_1116,17,22,Batsman
1117,Player_1117,14,19,Defender
1118,Player_1118,9,33,Batsman
1119,Player_1119,8,23,Goalkeeper
1120,Player_1120,2,32,Batsman
1121,Player_1121,13,35,Bowler
1122,Player_1122,7,23,All-Rounder
1123,Player_1123,9,30,Batsman
1124,Player_1124,11,30,Batsman
1125,Player_1125,14,18,Bowler
1126,Player_1126,4,33,Bowler
1127,Player_1127,13,21,Batsman
1128,Player_1128,2,34,Goalkeeper
1129,Player_1129,5,35,Batsman
1130,Player_1130,11,33,Goalkeeper
1131,Player_1131,6,18,All-Rounder
1132,Player_1132,18,23,Defender
1133,Player_1133,10,28,All-Rounder
1134,Player_1134,4,23,Batsman
1135,Player_1135,9,34,Batsman
1136,Player_1136,6,21,Goalkeeper
1137,Player_1137,2,31,Bowler
1138,Player_1138,17,31,Goalkeeper
1139,Player_1139,5,37,Bowler
1140,Player_1140,6,25,Bowler
1141,Player_1141,12,39,Bowler
1142,Player_1142,10,19,Bowler
1143,Player_1143,6,22,Batsman
1144,Player_1144,8,21,Defender
1145,Player_1145,2,27,Defender
1146,Player_1146,12,37,All-Rounder
1147,Player_1147,13,38,All-Rounder
1148,Player_1148,7,20,All-Rounder
1149,Player_1149,10,33,Goalkeeper
1150,Player_1150,13,27,All-Rounder
1151,Player_1151,17,32,All-Rounder
1152,Player_1152,14,21,All-Rounder
1153,Player_1153,2,18,Batsman
1154,Player_1154,11,39,All-Rounder
1155,Player_1155,1,32,Defender
1156,Player_1156,19,27,Batsman
1157,Player_1157,4,37,Bowler
1158,Player_1158,19,39,Goalkeeper
1159,Player_1159,11,35,Batsman
1160,Player_1160,8,33,Batsman
1161,Player_1161,11,38,Defender
1162,Player_1162,4,26,All-Rounder
1163,Player_1163,17,36,Bowler
1164,Player_1164,7,34,Defender
1165,Player_1165,8,27,Defender
1166,Player_1166,3,36,Batsman
1167,Player_1167,2,25,Bowler
1168,Player_1168,15,36,Defender
1169,Player_1169,5,22,Goalkeeper
1170,Player_1170,1,19,Goalkeeper
1171,Player_1171,4,32,Defender
1172,Player_1172,15,34,Batsman
1173,Player_1173,20,27,Goalkeeper
1174,Player_1174,19,38,Batsman
1175,Player_1175,3,38,All-Rounder
1176,Player_1176,20,39,All-Rounder
1177,Player_1177,11,19,Batsman
1178,Player_1178,17,26,Defender
1179,Player_1179,13,19,All-Rounder
1180,Player_1180,11,35,All-Rounder
1181,Player_1181,2,29,Goalkeeper
1182,Player_1182,9,32,Defender
1183,Player_1183,2,38,Batsman
1184,Player_1184,9,37,All-Rounder
1185,Player_1185,9,23,Defender
1186,Player_1186,8,35,All-Rounder
1187,Player_1187,17,30,Goalkeeper
1188,Player_1188,1,21,Defender
1189,Player_1189,11,29,Bowler
1190,Player_1190,8,26,Goalkeeper
1191,Player_1191,10,19,Batsman
1192,Player_1192,7,33,Defender
1193,Player_1193,3,18,All-Rounder
1194,Player_1194,3,21,Defender
1195,Player_1195,18,32,Batsman
1196,Player_1196,5,37,Defender
1197,Player_1197,12,18,All-Rounder
1198,Player_1198,12,37,Goalkeeper
1199,Player_1199,19,32,Goalkeeper
1200,Player_1200,6,20,All-Rounder
1201,Player_1201,2,30,Bowler
1202,Player_1202,12,35,Bowler
1203,Player_1203,19,30,Goalkeeper
1204,Player_1204,5,27,Batsman
1205,Player_1205,12,37,Defender
1206,Player_1206,17,24,All-Rounder
1207,Player_1207,17,25,Batsman
1208,Player_1208,10,18,Defender
1209,Player_1209,17,35,Goalkeeper
1210,Player_1210,15,29,All-Rounder
1211,Player_1211,12,35,Batsman
1212,Player_1212,16,29,Defender
1213,Player_1213,19,37,Goalkeeper
1214,Player_1214,8,26,Goalkeeper
1215,Player_1215,17,19,Defender
1216,Player_1216,5,31,Bowler
1217,Player_1217,16,21,Bowler
1218,Player_1218,6,32,Defender
1219,Player_1219,8,34,Defender
1220,Player_1220,18,36,Defender
1221,Player_1221,12,23,Goalkeeper
1222,Player_1222,15,26,All-Rounder
1223,Player_1223,9,34,Goalkeeper
1224,Player_1224,13,32,Goalkeeper
1225,Player_1225,15,22,Bowler
1226,Player_1226,10,35,Defender
1227,Player_1227,16,21,Goalkeeper
1228,Player_1228,7,38,Goalkeeper
1229,Player_1229,17,19,Defender
1230,Player_1230,7,36,All-Rounder
1231,Player_1231,14,22,Bowler
1232,Player_1232,15,21,Batsman
1233,Player_1233,7,22,Goalkeeper
1234,Player_1234,9,36,All-Rounder
1235,Player_1235,19,30,Batsman
1236,Player_1236,16,33,Defender
1237,Player_1237,8,29,Batsman
1238,Player_1238,18,26,Defender
1239,Player_1239,18,33,All-Rounder
1240,Player_1240,20,31,Batsman
1241,Player_1241,7,39,Bowler
1242,Player_1242,3,18,All-Rounder
1243,Player_1243,18,37,Batsman
1244,Player_1244,10,38,Goalkeeper
1245,Player_1245,7,21,Batsman
1246,Player_1246,17,26,Batsman
1247,Player_1247,14,36,Bowler
1248,Player_1248,3,31,All-Rounder
1249,Player_1249,12,39,Goalkeeper
1250,Player_1250,13,29,All-Rounder
1251,Player_1251,2,21,All-Rounder
1252,Player_1252,3,24,Goalkeeper
1253,Player_1253,5,34,Goalkeeper
1254,Player_1254,11,18,Bowler
1255,Player_1255,8,31,Defender
1256,Player_1256,12,32,Bowler
1257,Player_1257,7,29,Goalkeeper
1258,Player_1258,15,29,Batsman
1259,Player_1259,17,23,Batsman
1260,Player_1260,4,30,All-Rounder
1261,Player_1261,13,33,All-Rounder
1262,Player_1262,18,31,Defender
1263,Player_1263,1,24,Defender
1264,Player_1264,16,33,Defender
1265,Player_1265,13,26,Defender
1266,Player_1266,10,31,Batsman
1267,Player_1267,12,24,Goalkeeper
1268,Player_1268,2,29,Defender
1269,Player_1269,3,20,Bowler
1270,Player_1270,10,31,Defender
1271,Player_1271,2,36,Batsman
1272,Player_1272,13,28,All-Rounder
1273,Player_1273,13,22,Bowler
1274,Player_1274,18,30,Defender
1275,Player_1275,3,27,Batsman
1276,Player_1276,7,24,All-Rounder
1277,Player_1277,14,34,Defender
1278,Player_1278,20,33,Batsman
1279,Player_1279,17,25,Batsman
1280,Player_1280,12,34,Goalkeeper
1281,Player_1281,16,30,Batsman
1282,Player_1282,12,28,Defender
1283,Player_1283,15,37,Batsman
1284,Player_1284,10,35,Bowler
1285,Player_1285,7,22,Batsman
1286,Player_1286,20,23,Batsman
1287,Player_1287,5,37,Bowler
1288,Player_1288,1,31,Defender
1289,Player_1289,17,29,All-Rounder
1290,Player_1290,3,21,Goalkeeper
1291,Player_1291,13,24,All-Rounder
1292,Player_1292,14,28,Defender
1293,Player_1293,18,37,Defender
1294,Player_1294,4,19,Bowler
1295,Player_1295,18,21,All-Rounder
1296,Player_1296,5,24,Batsman
1297,Player_1297,16,18,Bowler
1298,Player_1298,1,32,Bowler
1299,Player_1299,14,37,Goalkeeper
1300,Player_1300,15,39,Bowler
1301,Player_1301,9,25,All-Rounder
1302,Player_1302,15,22,Defender
1303,Player_1303,17,31,Goalkeeper
1304,Player_1304,4,35,Batsman
1305,Player_1305,12,20,All-Rounder
1306,Player_1306,5,19,Batsman
1307,Player_1307,5,39,Bowler
1308,Player_1308,11,33,All-Rounder
1309,Player_1309,6,31,Goalkeeper
1310,Player_1310,7,33,Goalkeeper
1311,Player_1311,14,28,Batsman
1312,Player_1312,11,34,Defender
1313,Player_1313,13,20,Goalkeeper
1314,Player_1314,2,22,Batsman
1315,Player_1315,7,20,Defender
1316,Player_1316,20,32,All-Rounder
1317,Player_1317,4,22,Goalkeeper
1318,Player_1318,8,39,Goalkeeper
1319,Player_1319,20,20,Batsman
1320,Player_1320,19,23,Goalkeeper
1321,Player_1321,13,31,Batsman
1322,Player_1322,14,19,Goalkeeper
1323,Player_1323,10,35,Batsman
1324,Player_1324,11,23,Goalkeeper
1325,Player_1325,2,22,All-Rounder
1326,Player_1326,9,31,All-Rounder
1327,Player_1327,17,34,Batsman
1328,Player_1328,3,28,All-Rounder
1329,Player_1329,6,18,Batsman
1330,Player_1330,5,27,Batsman
1331,Player_1331,5,26,Bowler
1332,Player_1332,15,37,All-Rounder
1333,Player_1333,17,29,Bowler
1334,Player_1334,9,18,Bowler
1335,Player_1335,3,35,Goalkeeper
1336,Player_1336,20,29,Batsman
1337,Player_1337,17,19,Defender
1338,Player_1338,10,18,Bowler
1339,Player_1339,3,18,Goalkeeper
1340,Player_1340,18,18,All-Rounder
1341,Player_1341,18,39,Defender
1342,Player_1342,17,29,Batsman
1343,Player_1343,3,24,Goalkeeper
1344,Player_1344,3,21,Defender
1345,Player_1345,6,38,Batsman
1346,Player_1346,13,37,Batsman
1347,Player_1347,15,21,Defender
1348,Player_1348,9,32,Goalkeeper
1349,Player_1349,4,18,Defender
1350,Player_1350,14,23,Bowler
1351,Player_1351,5,31,Batsman
1352,Player_1352,2,31,All-Rounder
1353,Player_1353,11,27,Defender
1354,Player_1354,9,24,Defender
1355,Player_1355,3,39,Batsman
1356,Player_1356,9,29,Batsman
1357,Player_1357,3,36,Defender
1358,Player_1358,2,26,All-Rounder
1359,Player_1359,12,20,Batsman
1360,Player_1360,10,21,Batsman
1361,Player_1361,9,30,Bowler
1362,Player_1362,15,27,Goalkeeper
1363,Player_1363,8,31,Bowler
1364,Player_1364,5,23,All-Rounder
1365,Player_1365,11,25,Goalkeeper
1366,Player_1366,2,36,Defender
1367,Player_1367,15,27,All-Rounder
1368,Player_1368,6,39,All-Rounder
1369,Player_1369,8,22,Bowler
1370,Player_1370,5,22,Goalkeeper
1371,Player_1371,16,22,All-Rounder
1372,Player_1372,18,26,Goalkeeper
1373,Player_1373,6,26,Defender
1374,Player_1374,5,32,Goalkeeper
1375,Player_1375,16,26,Bowler
1376,Player_1376,13,31,Bowler
1377,Player_1377,5,23,All-Rounder
1378,Player_1378,13,39,Goalkeeper
1379,Player_1379,17,37,Bowler
1380,Player_1380,18,25,Batsman
1381,Player_1381,8,19,Bowler
1382,Player_1382,13,22,Defender
1383,Player_1383,19,34,Batsman
1384,Player_1384,3,27,Goalkeeper
1385,Player_1385,8,31,All-Rounder
1386,Player_1386,2,35,Batsman
1387,Player_1387,8,18,Bowler
1388,Player_1388,13,39,All-Rounder
1389,Player_1389,13,19,All-Rounder
1390,Player_1390,1,21,All-Rounder
1391,Player_1391,6,30,All-Rounder
1392,Player_1392,19,33,Goalkeeper
1393,Player_1393,16,22,Goalkeeper
1394,Player_1394,8,27,Goalkeeper
1395,Player_1395,1,34,Bowler
1396,Player_1396,16,28,Goalkeeper
1397,Player_1397,9,22,All-Rounder
1398,Player_1398,13,32,Batsman
1399,Player_1399,11,21,Batsman
1400,Player_1400,13,24,Batsman
1401,Player_1401,10,27,Batsman
1402,Player_1402,4,21,Batsman
1403,Player_1403,6,37,Defender
1404,Player_1404,7,22,Batsman
1405,Player_1405,5,22,Batsman
1406,Player_1406,11,28,Batsman
1407,Player_1407,13,36,Bowler
1408,Player_1408,19,22,Defender
1409,Player_1409,10,38,Batsman
1410,Player_1410,10,25,Goalkeeper
1411,Player_1411,11,24,Bowler
1412,Player_1412,7,25,Defender
1413,Player_1413,18,30,Goalkeeper
1414,Player_1414,4,22,Goalkeeper
1415,Player_1415,2,35,Bowler
1416,Player_1416,14,26,Goalkeeper
1417,Player_1417,13,19,All-Rounder
1418,Player_1418,12,33,Bowler
1419,Player_1419,7,31,Bowler
1420,Player_1420,2,34,All-Rounder
1421,Player_1421,13,23,Bowler
1422,Player_1422,14,20,Goalkeeper
1423,Player_1423,17,34,Goalkeeper
1424,Player_1424,9,30,Goalkeeper
1425,Player_1425,17,23,All-Rounder
1426,Player_1426,8,25,Goalkeeper
1427,Player_1427,2,23,All-Rounder
1428,Player_1428,13,33,All-Rounder
1429,Player_1429,3,23,All-Rounder
1430,Player_1430,16,34,Bowler
1431,Player_1431,6,38,Defender
1432,Player_1432,19,20,All-Rounder
1433,Player_1433,7,29,Goalkeeper
1434,Player_1434,10,23,All-Rounder
1435,Player_1435,9,38,Batsman
1436,Player_1436,2,24,Bowler
1437,Player_1437,15,28,Goalkeeper
1438,Player_1438,5,26,Bowler
1439,Player_1439,4,33,Bowler
1440,Player_1440,20,22,Batsman
1441,Player_1441,4,32,All-Rounder
1442,Player_1442,18,38,Goalkeeper
1443,Player_1443,4,21,Defender
1444,Player_1444,17,22,Bowler
1445,Player_1445,12,24,Defender
1446,Player_1446,17,20,Defender
1447,Player_1447,10,21,All-Rounder
1448,Player_1448,1,32,Defender
1449,Player_1449,18,19,Goalkeeper
1450,Player_1450,18,22,All-Rounder
1451,Player_1451,14,24,Defender
1452,Player_1452,15,39,All-Rounder
1453,Player_1453,12,34,Goalkeeper
1454,Player_1454,4,25,Bowler
1455,Player_1455,3,26,Batsman
1456,Player_1456,20,27,All-Rounder
1457,Player_1457,12,28,Batsman
1458,Player_1458,7,18,Bowler
1459,Player_1459,11,32,Goalkeeper
1460,Player_1460,1,25,Bowler
1461,Player_1461,6,36,Batsman
1462,Player_1462,15,29,Goalkeeper
1463,Player_1463,15,23,Defender
1464,Player_1464,19,27,Defender
1465,Player_1465,11,22,All-Rounder
1466,Player_1466,2,24,Defender
1467,Player_1467,14,24,Batsman
1468,Player_1468,2,39,Defender
1469,Player_1469,4,39,All-Rounder
1470,Player_1470,17,26,Goalkeeper
1471,Player_1471,3,32,Defender
1472,Player_1472,13,23,All-Rounder
1473,Player_1473,9,33,Defender
1474,Player_1474,7,24,Defender
1475,Player_1475,15,32,Batsman
1476,Player_1476,11,19,All-Rounder
1477,Player_1477,20,25,All-Rounder
1478,Player_1478,2,29,Bowler
1479,Player_1479,15,28,Bowler
1480,Player_1480,14,23,All-Rounder
1481,Player_1481,20,37,Batsman
1482,Player_1482,11,30,Defender
1483,Player_1483,3,33,Goalkeeper
1484,Player_1484,17,25,Defender
1485,Player_1485,12,34,Goalkeeper
1486,Player_1486,15,30,Batsman
1487,Player_1487,16,21,Bowler
1488,Player_1488,5,37,All-Rounder
1489,Player_1489,20,27,Batsman
1490,Player_1490,6,39,Goalkeeper
1491,Player_1491,19,37,All-Rounder
1492,Player_1492,5,33,Goalkeeper
1493,Player_1493,3,34,Defender
1494,Player_1494,1,25,Defender
1495,Player_1495,6,28,Defender
1496,Player_1496,15,22,All-Rounder
1497,Player_1497,2,38,Bowler
1498,Player_1498,3,33,Bowler
1499,Player_1499,17,25,Goalkeeper
1500,Player_1500,12,38,Bowler
1501,Player_1501,18,33,Bowler
1502,Player_1502,15,21,Goalkeeper
1503,Player_1503,12,23,Goalkeeper
1504,Player_1504,16,38,Goalkeeper
1505,Player_1505,8,25,All-Rounder
1506,Player_1506,14,26,Goalkeeper
1507,Player_1507,17,30,All-Rounder
1508,Player_1508,8,34,All-Rounder
1509,Player_1509,15,26,All-Rounder
1510,Player_1510,14,30,Goalkeeper
1511,Player_1511,18,26,Bowler
1512,Player_1512,20,23,Bowler
1513,Player_1513,7,27,Goalkeeper
1514,Player_1514,3,22,Bowler
1515,Player_1515,12,24,Goalkeeper
1516,Player_1516,3,28,All-Rounder
1517,Player_1517,20,26,Defender
1518,Player_1518,14,27,Batsman
1519,Player_1519,15,28,Goalkeeper
1520,Player_1520,14,20,All-Rounder
1521,Player_1521,7,25,Defender
1522,Player_1522,17,34,All-Rounder
1523,Player_1523,12,24,Batsman
1524,Player_1524,20,29,Bowler
1525,Player_1525,4,33,Bowler
1526,Player_1526,9,32,All-Rounder
1527,Player_1527,6,38,Batsman
1528,Player_1528,16,30,All-Rounder
1529,Player_1529,2,35,Bowler
1530,Player_1530,8,35,All-Rounder
1531,Player_1531,11,22,Defender
1532,Player_1532,13,31,Batsman
1533,Player_1533,17,28,Bowler
1534,Player_1534,8,20,All-Rounder
1535,Player_1535,18,34,Batsman
1536,Player_1536,18,29,All-Rounder
1537,Player_1537,14,20,Bowler
1538,Player_1538,15,19,Batsman
1539,Player_1539,6,21,Bowler
1540,Player_1540,11,35,Defender
1541,Player_1541,13,37,Defender
1542,Player_1542,1,38,Goalkeeper
1543,Player_1543,6,31,Batsman
1544,Player_1544,9,25,Defender
1545,Player_1545,8,19,Goalkeeper
1546,Player_1546,11,36,Batsman
1547,Player_1547,19,27,Bowler
1548,Player_1548,9,22,All-Rounder
1549,Player_1549,17,28,All-Rounder
1550,Player_1550,12,26,Bowler
1551,Player_1551,14,33,Defender
1552,Player_1552,15,22,All-Rounder
1553,Player_1553,16,32,Bowler
1554,Player_1554,20,31,Goalkeeper
1555,Player_1555,1,26,Goalkeeper
1556,Player_1556,10,37,Bowler
1557,Player_1557,8,22,Batsman
1558,Player_1558,18,32,Defender
1559,Player_1559,1,26,Defender
1560,Player_1560,2,21,Bowler
1561,Player_1561,1,38,All-Rounder
1562,Player_1562,1,38,Defender
1563,Player_1563,9,21,Defender
1564,Player_1564,13,37,Goalkeeper
1565,Player_1565,1,38,Goalkeeper
1566,Player_1566,13,39,Goalkeeper
1567,Player_1567,20,24,Defender
1568,Player_1568,7,32,Defender
1569,Player_1569,2,39,Defender
1570,Player_1570,6,34,All-Rounder
1571,Player_1571,7,35,All-Rounder
1572,Player_1572,14,24,All-Rounder
1573,Player_1573,18,36,Batsman
1574,Player_1574,15,27,Defender
1575,Player_1575,2,30,Defender
1576,Player_1576,10,19,Bowler
1577,Player_1577,12,39,Bowler
1578,Player_1578,17,37,Batsman
1579,Player_1579,8,28,Bowler
1580,Player_1580,11,22,All-Rounder
1581,Player_1581,3,23,Batsman
1582,Player_1582,6,20,Batsman
1583,Player_1583,9,18,Batsman
1584,Player_1584,6,20,Goalkeeper
1585,Player_1585,9,20,Bowler
1586,Player_1586,7,39,Defender
1587,Player_1587,9,21,Goalkeeper
1588,Player_1588,18,24,All-Rounder
1589,Player_1589,12,32,Goalkeeper
1590,Player_1590,8,28,All-Rounder
1591,Player_1591,8,35,Defender
1592,Player_1592,18,29,Defender
1593,Player_1593,20,21,Bowler
1594,Player_1594,15,28,Goalkeeper
1595,Player_1595,7,23,Defender
1596,Player_1596,11,36,All-Rounder
1597,Player_1597,20,35,Defender
1598,Player_1598,16,32,Bowler
1599,Player_1599,4,20,All-Rounder
1600,Player_1600,6,34,Batsman
1601,Player_1601,3,18,Bowler
1602,Player_1602,9,19,Bowler
1603,Player_1603,10,36,Batsman
1604,Player_1604,14,26,Defender
1605,Player_1605,11,25,Bowler
1606,Player_1606,18,29,Batsman
1607,Player_1607,12,32,Batsman
1608,Player_1608,12,24,Bowler
1609,Player_1609,13,38,Goalkeeper
1610,Player_1610,13,33,Bowler
1611,Player_1611,19,24,Goalkeeper
1612,Player_1612,19,37,Defender
1613,Player_1613,14,38,Batsman
1614,Player_1614,4,29,All-Rounder
1615,Player_1615,13,34,Bowler
1616,Player_1616,8,28,All-Rounder
1617,Player_1617,19,21,Defender
1618,Player_1618,12,36,Bowler
1619,Player_1619,18,19,All-Rounder
1620,Player_1620,6,19,Defender
1621,Player_1621,18,34,Goalkeeper
1622,Player_1622,19,26,Defender
1623,Player_1623,5,39,Bowler
1624,Player_1624,9,18,Bowler
1625,Player_1625,3,27,Bowler
1626,Player_1626,10,32,Defender
1627,Player_1627,19,38,Bowler
1628,Player_1628,3,32,Defender
1629,Player_1629,15,38,Batsman
1630,Player_1630,1,19,Batsman
1631,Player_1631,7,31,Batsman
1632,Player_1632,12,21,All-Rounder
1633,Player_1633,17,35,Batsman
1634,Player_1634,20,26,Batsman
1635,Player_1635,5,19,Defender
1636,Player_1636,4,19,Defender
1637,Player_1637,12,35,Bowler
1638,Player_1638,20,34,Bowler
1639,Player_1639,18,26,Bowler
1640,Player_1640,17,25,Defender
1641,Player_1641,19,19,Defender
1642,Player_1642,9,19,Batsman
1643,Player_1643,4,22,Goalkeeper
1644,Player_1644,2,29,Defender
1645,Player_1645,4,33,Goalkeeper
1646,Player_1646,2,31,Defender
1647,Player_1647,15,37,Defender
1648,Player_1648,2,19,All-Rounder
1649,Player_1649,4,25,Goalkeeper
1650,Player_1650,6,21,All-Rounder
1651,Player_1651,7,37,Batsman
1652,Player_1652,10,26,All-Rounder
1653,Player_1653,19,37,All-Rounder
1654,Player_1654,19,36,Batsman
1655,Player_1655,12,19,Goalkeeper
1656,Player_1656,3,33,Bowler
1657,Player_1657,13,28,Defender
1658,Player_1658,18,25,Goalkeeper
1659,Player_1659,8,29,Batsman
1660,Player_1660,15,20,All-Rounder
1661,Player_1661,1,30,Bowler
1662,Player_1662,3,19,All-Rounder
1663,Player_1663,8,30,Defender
1664,Player_1664,4,25,Batsman
1665,Player_1665,16,32,Bowler
1666,Player_1666,10,38,Goalkeeper
1667,Player_1667,12,26,Goalkeeper
1668,Player_1668,14,28,Batsman
1669,Player_1669,14,39,Batsman
1670,Player_1670,2,38,All-Rounder
1671,Player_1671,5,20,Bowler
1672,Player_1672,5,24,Defender
1673,Player_1673,6,31,Batsman
1674,Player_1674,13,32,Bowler
1675,Player_1675,9,26,Batsman
1676,Player_1676,15,37,Batsman
1677,Player_1677,14,28,Goalkeeper
1678,Player_1678,7,24,Bowler
1679,Player_1679,20,29,Goalkeeper
1680,Player_1680,2,36,Goalkeeper
1681,Player_1681,7,35,Bowler
1682,Player_1682,6,30,Goalkeeper
1683,Player_1683,17,28,All-Rounder
1684,Player_1684,2,18,Defender
1685,Player_1685,3,23,Defender
1686,Player_1686,5,38,All-Rounder
1687,Player_1687,5,19,Batsman
1688,Player_1688,1,30,Goalkeeper
1689,Player_1689,8,30,Defender
1690,Player_1690,12,36,Bowler
1691,Player_1691,4,26,Batsman
1692,Player_1692,13,36,Defender
1693,Player_1693,15,18,Goalkeeper
1694,Player_1694,11,25,Defender
1695,Player_1695,10,31,Goalkeeper
1696,Player_1696,3,33,Batsman
1697,Player_1697,14,21,All-Rounder
1698,Player_1698,16,35,Goalkeeper
1699,Player_1699,10,31,Goalkeeper
1700,Player_1700,10,26,Batsman
1701,Player_1701,12,32,Batsman
1702,Player_1702,9,20,Bowler
1703,Player_1703,1,21,Batsman
1704,Player_1704,5,35,Defender
1705,Player_1705,20,31,Goalkeeper
1706,Player_1706,8,32,All-Rounder
1707,Player_1707,11,25,Batsman
1708,Player_1708,12,27,Goalkeeper
1709,Player_1709,1,29,All-Rounder
1710,Player_1710,20,38,Bowler
1711,Player_1711,11,26,Defender
1712,Player_1712,5,25,Bowler
1713,Player_1713,15,34,Batsman
1714,Player_1714,5,26,Defender
1715,Player_1715,12,30,Bowler
1716,Player_1716,5,31,Goalkeeper
1717,Player_1717,17,22,Batsman
1718,Player_1718,17,26,Bowler
1719,Player_1719,12,33,Defender
1720,Player_1720,15,36,Defender
1721,Player_1721,15,24,All-Rounder
1722,Player_1722,6,29,Defender
1723,Player_1723,12,19,Defender
1724,Player_1724,20,35,Batsman
1725,Player_1725,18,35,Defender
1726,Player_1726,14,33,All-Rounder
1727,Player_1727,2,28,Defender
1728,Player_1728,9,19,All-Rounder
1729,Player_1729,5,31,Goalkeeper
1730,Player_1730,20,21,All-Rounder
1731,Player_1731,1,24,Batsman
1732,Player_1732,3,19,Bowler
1733,Player_1733,6,38,Bowler
1734,Player_1734,5,31,Goalkeeper
1735,Player_1735,5,24,Batsman
1736,Player_1736,1,26,Goalkeeper
1737,Player_1737,17,25,Goalkeeper
1738,Player_1738,19,26,Defender
1739,Player_1739,14,24,Defender
1740,Player_1740,12,36,Batsman
1741,Player_1741,10,34,Bowler
1742,Player_1742,20,30,All-Rounder
1743,Player_1743,18,28,Defender
1744,Player_1744,11,39,Batsman
1745,Player_1745,2,35,Batsman
1746,Player_1746,18,34,Bowler
1747,Player_1747,7,33,Batsman
1748,Player_1748,15,27,Batsman
1749,Player_1749,11,21,Bowler
1750,Player_1750,18,21,Defender
1751,Player_1751,12,39,Bowler
1752,Player_1752,6,28,Goalkeeper
1753,Player_1753,20,38,Defender
1754,Player_1754,13,25,Goalkeeper
1755,Player_1755,20,26,Batsman
1756,Player_1756,16,33,Goalkeeper
1757,Player_1757,18,27,Bowler
1758,Player_1758,10,26,Bowler
1759,Player_1759,8,20,All-Rounder
1760,Player_1760,18,19,Batsman
1761,Player_1761,1,26,Bowler
1762,Player_1762,8,30,Defender
1763,Player_1763,6,23,Bowler
1764,Player_1764,5,21,Defender
1765,Player_1765,15,31,Batsman
1766,Player_1766,15,28,All-Rounder
1767,Player_1767,2,19,All-Rounder
1768,Player_1768,1,20,Goalkeeper
1769,Player_1769,11,22,Bowler
1770,Player_1770,10,24,Batsman
1771,Player_1771,18,28,Goalkeeper
1772,Player_1772,18,29,Batsman
1773,Player_1773,17,28,Batsman
1774,Player_1774,8,36,Goalkeeper
1775,Player_1775,15,30,Batsman
1776,Player_1776,8,21,Goalkeeper
1777,Player_1777,17,31,Bowler
1778,Player_1778,12,29,Goalkeeper
1779,Player_1779,8,19,Bowler
1780,Player_1780,14,25,All-Rounder
1781,Player_1781,4,39,Goalkeeper
1782,Player_1782,1,36,All-Rounder
1783,Player_1783,1,30,Goalkeeper
1784,Player_1784,19,38,Batsman
1785,Player_1785,16,38,All-Rounder
1786,Player_1786,14,18,Defender
1787,Player_1787,16,22,Defender
1788,Player_1788,5,39,Defender
1789,Player_1789,9,28,All-Rounder
1790,Player_1790,2,28,Bowler
1791,Player_1791,18,30,Goalkeeper
1792,Player_1792,6,19,Batsman
1793,Player_1793,9,36,Batsman
1794,Player_1794,1,33,All-Rounder
1795,Player_1795,9,22,Defender
1796,Player_1796,16,31,Batsman
1797,Player_1797,13,36,Batsman
1798,Player_1798,9,22,Bowler
1799,Player_1799,13,38,Batsman
1800,Player_1800,9,26,Batsman
1801,Player_1801,11,29,Goalkeeper
1802,Player_1802,4,33,Batsman
1803,Player_1803,2,36,Goalkeeper
1804,Player_1804,6,32,Defender
1805,Player_1805,14,34,Bowler
1806,Player_1806,4,32,Batsman
1807,Player_1807,6,20,Bowler
1808,Player_1808,19,34,Bowler
1809,Player_1809,6,30,Bowler
1810,Player_1810,2,26,All-Rounder
1811,Player_1811,18,30,Goalkeeper
1812,Player_1812,13,33,Bowler
1813,Player_1813,9,36,Defender
1814,Player_1814,19,31,Batsman
1815,Player_1815,13,25,Bowler
1816,Player_1816,11,39,Bowler
1817,Player_1817,1,36,Batsman
1818,Player_1818,7,20,Defender
1819,Player_1819,15,38,Bowler
1820,Player_1820,1,35,Bowler
1821,Player_1821,12,33,Defender
1822,Player_1822,7,31,Bowler
1823,Player_1823,15,33,Defender
1824,Player_1824,19,34,Bowler
1825,Player_1825,1,37,Batsman
1826,Player_1826,17,28,Defender
1827,Player_1827,17,30,Batsman
1828,Player_1828,3,28,Batsman
1829,Player_1829,12,21,Bowler
1830,Player_1830,6,31,Defender
1831,Player_1831,11,22,All-Rounder
1832,Player_1832,3,21,Batsman
1833,Player_1833,8,18,Batsman
1834,Player_1834,14,31,Batsman
1835,Player_1835,14,24,Bowler
1836,Player_1836,10,27,Bowler
1837,Player_1837,2,19,Batsman
1838,Player_1838,14,27,Bowler
1839,Player_1839,9,20,Bowler
1840,Player_1840,3,38,Bowler
1841,Player_1841,8,25,Goalkeeper
1842,Player_1842,16,27,Defender
1843,Player_1843,2,25,Bowler
1844,Player_1844,6,31,Goalkeeper
1845,Player_1845,12,35,Goalkeeper
1846,Player_1846,5,26,Bowler
1847,Player_1847,2,39,Goalkeeper
1848,Player_1848,16,26,All-Rounder
1849,Player_1849,5,21,Goalkeeper
1850,Player_1850,15,20,Defender
1851,Player_1851,12,31,Goalkeeper
1852,Player_1852,4,31,Bowler
1853,Player_1853,15,38,Batsman
1854,Player_1854,11,33,All-Rounder
1855,Player_1855,16,22,Goalkeeper
1856,Player_1856,6,37,All-Rounder
1857,Player_1857,14,32,Defender
1858,Player_1858,18,38,Goalkeeper
1859,Player_1859,12,26,Goalkeeper
1860,Player_1860,11,24,All-Rounder
1861,Player_1861,13,30,Goalkeeper
1862,Player_1862,11,25,Goalkeeper
1863,Player_1863,16,29,Batsman
1864,Player_1864,15,21,All-Rounder
1865,Player_1865,15,33,Bowler
1866,Player_1866,4,23,Bowler
1867,Player_1867,11,22,Defender
1868,Player_1868,19,18,Batsman
1869,Player_1869,15,31,All-Rounder
1870,Player_1870,4,26,All-Rounder
1871,Player_1871,13,35,Batsman
1872,Player_1872,19,23,Batsman
1873,Player_1873,2,32,Defender
1874,Player_1874,14,33,Bowler
1875,Player_1875,4,25,All-Rounder
1876,Player_1876,16,36,Batsman
1877,Player_1877,20,22,All-Rounder
1878,Player_1878,14,31,Bowler
1879,Player_1879,15,24,All-Rounder
1880,Player_1880,3,21,All-Rounder
1881,Player_1881,8,38,Batsman
1882,Player_1882,16,18,Batsman
1883,Player_1883,10,21,Batsman
1884,Player_1884,4,31,Bowler
1885,Player_1885,18,33,Goalkeeper
1886,Player_1886,2,24,Bowler
1887,Player_1887,17,27,Batsman
1888,Player_1888,13,27,Defender
1889,Player_1889,4,21,All-Rounder
1890,Player_1890,11,29,All-Rounder
1891,Player_1891,7,23,All-Rounder
1892,Player_1892,12,30,All-Rounder
1893,Player_1893,10,38,Defender
1894,Player_1894,7,18,Batsman
1895,Player_1895,13,25,Goalkeeper
1896,Player_1896,7,33,All-Rounder
1897,Player_1897,17,22,Goalkeeper
1898,Player_1898,10,24,Bowler
1899,Player_1899,10,20,Bowler
1900,Player_1900,4,38,All-Rounder
1901,Player_1901,20,19,Batsman
1902,Player_1902,4,19,Defender
1903,Player_1903,7,37,All-Rounder
1904,Player_1904,1,27,Bowler
1905,Player_1905,12,37,Bowler
1906,Player_1906,13,26,Goalkeeper
1907,Player_1907,10,35,Defender
1908,Player_1908,15,23,All-Rounder
1909,Player_1909,13,37,Batsman
1910,Player_1910,9,23,Goalkeeper
1911,Player_1911,9,27,Defender
1912,Player_1912,15,26,Goalkeeper
1913,Player_1913,10,26,Batsman
1914,Player_1914,10,20,Bowler
1915,Player_1915,8,29,All-Rounder
1916,Player_1916,16,28,All-Rounder
1917,Player_1917,17,31,Batsman
1918,Player_1918,5,36,All-Rounder
1919,Player_1919,4,27,All-Rounder
1920,Player_1920,18,36,Goalkeeper
1921,Player_1921,19,22,Batsman
1922,Player_1922,4,39,Goalkeeper
1923,Player_1923,7,26,All-Rounder
1924,Player_1924,10,18,Defender
1925,Player_1925,18,32,Defender
1926,Player_1926,19,21,Goalkeeper
1927,Player_1927,4,24,Bowler
1928,Player_1928,10,23,Bowler
1929,Player_1929,1,32,Batsman
1930,Player_1930,18,23,Defender
1931,Player_1931,5,24,Defender
1932,Player_1932,15,37,Goalkeeper
1933,Player_1933,17,39,All-Rounder
1934,Player_1934,3,20,Batsman
1935,Player_1935,12,38,Goalkeeper
1936,Player_1936,2,30,Bowler
1937,Player_1937,1,19,All-Rounder
1938,Player_1938,17,20,Batsman
1939,Player_1939,16,30,All-Rounder
1940,Player_1940,5,26,Bowler
1941,Player_1941,15,39,Goalkeeper
1942,Player_1942,3,36,Goalkeeper
1943,Player_1943,7,35,Defender
1944,Player_1944,11,22,Goalkeeper
1945,Player_1945,10,27,Defender
1946,Player_1946,9,31,Goalkeeper
1947,Player_1947,14,38,Batsman
1948,Player_1948,13,34,Bowler
1949,Player_1949,2,20,All-Rounder
1950,Player_1950,3,24,Bowler
1951,Player_1951,7,26,Bowler
1952,Player_1952,18,22,Defender
1953,Player_1953,3,21,Defender
1954,Player_1954,10,20,Batsman
1955,Player_1955,7,30,All-Rounder
1956,Player_1956,9,26,Goalkeeper
1957,Player_1957,17,24,Goalkeeper
1958,Player_1958,11,25,Bowler
1959,Player_1959,7,27,Batsman
1960,Player_1960,14,18,All-Rounder
1961,Player_1961,19,37,Goalkeeper
1962,Player_1962,4,38,Bowler
1963,Player_1963,6,38,Batsman
1964,Player_1964,10,18,All-Rounder
1965,Player_1965,7,36,Bowler
1966,Player_1966,13,19,Bowler
1967,Player_1967,14,29,Batsman
1968,Player_1968,4,30,Batsman
1969,Player_1969,8,31,Batsman
1970,Player_1970,5,22,Batsman
1971,Player_1971,1,20,All-Rounder
1972,Player_1972,4,34,Batsman
1973,Player_1973,3,18,Batsman
1974,Player_1974,9,31,Batsman
1975,Player_1975,8,23,All-Rounder
1976,Player_1976,1,34,Goalkeeper
1977,Player_1977,6,21,Bowler
1978,Player_1978,9,23,Defender
1979,Player_1979,7,18,Bowler
1980,Player_1980,4,26,All-Rounder
1981,Player_1981,13,21,Batsman
1982,Player_1982,17,26,All-Rounder
1983,Player_1983,2,26,Goalkeeper
1984,Player_1984,5,39,Defender
1985,Player_1985,12,30,Goalkeeper
1986,Player_1986,8,34,Batsman
1987,Player_1987,6,38,All-Rounder
1988,Player_1988,8,20,All-Rounder
1989,Player_1989,18,23,Batsman
1990,Player_1990,3,37,Batsman
1991,Player_1991,12,32,Defender
1992,Player_1992,3,31,Goalkeeper
1993,Player_1993,6,30,Batsman
1994,Player_1994,2,26,Batsman
1995,Player_1995,12,32,Goalkeeper
1996,Player_1996,2,31,Batsman
1997,Player_1997,6,21,Defender
1998,Player_1998,17,28,Defender
1999,Player_1999,3,39,Goalkeeper
2000,Player_2000,2,19,Bowler
2001,Player_2001,20,33,Defender
2002,Player_2002,8,36,All-Rounder
2003,Player_2003,12,33,All-Rounder
2004,Player_2004,4,24,Bowler
2005,Player_2005,5,28,Defender
2006,Player_2006,13,29,Batsman
2007,Player_2007,15,21,Bowler
2008,Player_2008,16,33,Batsman
2009,Player_2009,10,33,All-Rounder
2010,Player_2010,16,24,Bowler
2011,Player_2011,12,30,Defender
2012,Player_2012,17,22,All-Rounder
2013,Player_2013,16,18,Defender
2014,Player_2014,12,22,Batsman
2015,Player_2015,8,39,Defender
2016,Player_2016,20,31,Bowler
2017,Player_2017,3,28,Batsman
2018,Player_2018,16,19,Bowler
2019,Player_2019,13,35,Batsman
2020,Player_2020,19,32,Bowler
2021,Player_2021,8,31,All-Rounder
2022,Player_2022,5,30,Bowler
2023,Player_2023,20,19,All-Rounder
2024,Player_2024,8,36,Goalkeeper
2025,Player_2025,12,25,Defender
2026,Player_2026,1,39,Batsman
2027,Player_2027,20,34,Defender
2028,Player_2028,6,32,All-Rounder
2029,Player_2029,18,37,All-Rounder
2030,Player_2030,8,38,All-Rounder
2031,Player_2031,7,31,Bowler
2032,Player_2032,1,20,Defender
2033,Player_2033,16,34,All-Rounder
2034,Player_2034,12,20,Goalkeeper
2035,Player_2035,6,30,All-Rounder
2036,Player_2036,20,35,Defender
2037,Player_2037,2,18,All-Rounder
2038,Player_2038,14,24,All-Rounder
2039,Player_2039,4,22,Batsman
2040,Player_2040,1,19,All-Rounder
2041,Player_2041,18,34,Defender
2042,Player_2042,13,38,Batsman
2043,Player_2043,2,27,Batsman
2044,Player_2044,9,21,All-Rounder
2045,Player_2045,2,26,All-Rounder
2046,Player_2046,9,38,Goalkeeper
2047,Player_2047,1,28,Defender
2048,Player_2048,11,29,Defender
2049,Player_2049,3,29,Bowler
2050,Player_2050,20,35,Bowler
2051,Player_2051,4,21,Defender
2052,Player_2052,18,26,All-Rounder
2053,Player_2053,6,25,Batsman
2054,Player_2054,3,36,Goalkeeper
2055,Player_2055,11,30,All-Rounder
2056,Player_2056,15,19,Batsman
2057,Player_2057,5,36,Defender
2058,Player_2058,20,31,All-Rounder
2059,Player_2059,10,22,Goalkeeper
2060,Player_2060,12,27,Bowler
2061,Player_2061,15,34,Batsman
2062,Player_2062,17,37,All-Rounder
2063,Player_2063,10,33,Goalkeeper
2064,Player_2064,6,34,All-Rounder
2065,Player_2065,18,18,Defender
2066,Player_2066,13,38,Batsman
2067,Player_2067,3,39,Defender
2068,Player_2068,10,32,Defender
2069,Player_2069,14,34,Bowler
2070,Player_2070,6,28,Defender
2071,Player_2071,3,39,Goalkeeper
2072,Player_2072,16,22,Batsman
2073,Player_2073,7,21,Bowler
2074,Player_2074,20,38,All-Rounder
2075,Player_2075,14,26,Defender
2076,Player_2076,9,33,All-Rounder
2077,Player_2077,15,29,Bowler
2078,Player_2078,3,35,All-Rounder
2079,Player_2079,2,39,Goalkeeper
2080,Player_2080,2,20,Bowler
2081,Player_2081,3,32,Batsman
2082,Player_2082,18,35,Batsman
2083,Player_2083,14,29,Batsman
2084,Player_2084,20,30,Batsman
2085,Player_2085,18,18,Bowler
2086,Player_2086,10,21,Bowler
2087,Player_2087,2,25,Bowler
2088,Player_2088,1,36,Defender
2089,Player_2089,4,38,Bowler
2090,Player_2090,14,38,Bowler
2091,Player_2091,1,22,Bowler
2092,Player_2092,14,28,Batsman
2093,Player_2093,16,34,Goalkeeper
2094,Player_2094,14,34,Batsman
2095,Player_2095,20,19,Goalkeeper
2096,Player_2096,3,18,Goalkeeper
2097,Player_2097,3,21,Goalkeeper
2098,Player_2098,9,26,Batsman
2099,Player_2099,6,19,Defender
2100,Player_2100,13,20,All-Rounder
2101,Player_2101,2,23,Defender
2102,Player_2102,8,30,Batsman
2103,Player_2103,2,32,Goalkeeper
2104,Player_2104,4,28,All-Rounder
2105,Player_2105,15,27,Defender
2106,Player_2106,4,20,Bowler
2107,Player_2107,13,37,Defender
2108,Player_2108,12,26,Batsman
2109,Player_2109,13,27,All-Rounder
2110,Player_2110,14,38,Bowler
2111,Player_2111,20,29,All-Rounder
2112,Player_2112,18,25,All-Rounder
2113,Player_2113,6,38,Defender
2114,Player_2114,11,38,Goalkeeper
2115,Player_2115,2,38,Defender
2116,Player_2116,19,34,Bowler
2117,Player_2117,19,39,Batsman
2118,Player_2118,5,22,Defender
2119,Player_2119,19,25,Goalkeeper
2120,Player_2120,2,35,Goalkeeper
2121,Player_2121,10,28,Defender
2122,Player_2122,2,39,Bowler
2123,Player_2123,11,27,Goalkeeper
2124,Player_2124,18,32,Goalkeeper
2125,Player_2125,15,23,Bowler
2126,Player_2126,9,36,Bowler
2127,Player_2127,19,34,Bowler
2128,Player_2128,9,27,Bowler
2129,Player_2129,3,22,Defender
2130,Player_2130,9,33,Defender
2131,Player_2131,14,29,All-Rounder
2132,Player_2132,19,38,All-Rounder
2133,Player_2133,7,22,All-Rounder
2134,Player_2134,16,38,Goalkeeper
2135,Player_2135,16,18,Bowler
2136,Player_2136,1,19,Defender
2137,Player_2137,4,22,Defender
2138,Player_2138,4,36,Bowler
2139,Player_2139,7,32,All-Rounder
2140,Player_2140,8,18,Goalkeeper
2141,Player_2141,17,28,Defender
2142,Player_2142,5,35,Batsman
2143,Player_2143,7,20,Goalkeeper
2144,Player_2144,20,26,Goalkeeper
2145,Player_2145,20,21,All-Rounder
2146,Player_2146,4,30,Bowler
2147,Player_2147,6,26,Batsman
2148,Player_2148,7,20,All-Rounder
2149,Player_2149,18,33,Bowler
2150,Player_2150,5,39,Batsman
2151,Player_2151,20,25,Defender
2152,Player_2152,3,24,Batsman
2153,Player_2153,7,34,All-Rounder
2154,Player_2154,14,33,Batsman
2155,Player_2155,7,38,Batsman
2156,Player_2156,5,39,Batsman
2157,Player_2157,5,35,Defender
2158,Player_2158,2,33,Bowler
2159,Player_2159,6,32,Batsman
2160,Player_2160,15,19,Goalkeeper
2161,Player_2161,10,37,All-Rounder
2162,Player_2162,7,21,Goalkeeper
2163,Player_2163,5,22,Bowler
2164,Player_2164,1,24,All-Rounder
2165,Player_2165,13,32,Bowler
2166,Player_2166,18,34,All-Rounder
2167,Player_2167,13,27,Goalkeeper
2168,Player_2168,18,37,Goalkeeper
2169,Player_2169,5,26,Defender
2170,Player_2170,13,33,Bowler
2171,Player_2171,4,20,Goalkeeper
2172,Player_2172,17,39,All-Rounder
2173,Player_2173,3,26,Batsman
2174,Player_2174,17,25,Batsman
2175,Player_2175,11,24,Batsman
2176,Player_2176,20,34,Defender
2177,Player_2177,4,22,Goalkeeper
2178,Player_2178,2,24,Bowler
2179,Player_2179,20,30,Bowler
2180,Player_2180,16,35,Defender
2181,Player_2181,18,39,All-Rounder
2182,Player_2182,8,31,Goalkeeper
2183,Player_2183,3,35,Goalkeeper
2184,Player_2184,9,20,All-Rounder
2185,Player_2185,20,34,All-Rounder
2186,Player_2186,6,36,Goalkeeper
2187,Player_2187,10,24,Goalkeeper
2188,Player_2188,10,38,Batsman
2189,Player_2189,13,21,Bowler
2190,Player_2190,17,32,Batsman
2191,Player_2191,9,25,Batsman
2192,Player_2192,17,33,Bowler
2193,Player_2193,9,18,Defender
2194,Player_2194,9,33,Defender
2195,Player_2195,1,19,Defender
2196,Player_2196,2,19,Defender
2197,Player_2197,16,25,All-Rounder
2198,Player_2198,1,29,Batsman
2199,Player_2199,10,28,All-Rounder
2200,Player_2200,18,23,All-Rounder
2201,Player_2201,8,36,Bowler
2202,Player_2202,11,35,Defender
2203,Player_2203,2,22,Goalkeeper
2204,Player_2204,8,32,Defender
2205,Player_2205,8,25,Batsman
2206,Player_2206,17,23,All-Rounder
2207,Player_2207,15,29,Batsman
2208,Player_2208,17,36,All-Rounder
2209,Player_2209,13,29,All-Rounder
2210,Player_2210,19,29,All-Rounder
2211,Player_2211,5,26,Goalkeeper
2212,Player_2212,12,27,Defender
2213,Player_2213,1,39,All-Rounder
2214,Player_2214,5,34,Bowler
2215,Player_2215,8,35,All-Rounder
2216,Player_2216,13,33,Defender
2217,Player_2217,8,21,Defender
2218,Player_2218,11,35,Goalkeeper
2219,Player_2219,1,20,All-Rounder
2220,Player_2220,13,33,Bowler
2221,Player_2221,19,31,Goalkeeper
2222,Player_2222,3,26,Goalkeeper
2223,Player_2223,17,23,All-Rounder
2224,Player_2224,5,21,All-Rounder
2225,Player_2225,20,19,Goalkeeper
2226,Player_2226,8,27,Goalkeeper
2227,Player_2227,14,28,Goalkeeper
2228,Player_2228,4,24,Batsman
2229,Player_2229,11,22,Goalkeeper
2230,Player_2230,20,21,Defender
2231,Player_2231,15,23,Bowler
2232,Player_2232,19,19,Bowler
2233,Player_2233,7,19,All-Rounder
2234,Player_2234,19,33,Goalkeeper
2235,Player_2235,19,30,Bowler
2236,Player_2236,11,38,Bowler
2237,Player_2237,5,24,Defender
2238,Player_2238,5,22,Defender
2239,Player_2239,8,34,Batsman
2240,Player_2240,10,30,Batsman
2241,Player_2241,6,32,Bowler
2242,Player_2242,15,20,All-Rounder
2243,Player_2243,16,21,Bowler
2244,Player_2244,17,32,All-Rounder
2245,Player_2245,8,35,Bowler
2246,Player_2246,8,20,Defender
2247,Player_2247,9,24,Goalkeeper
2248,Player_2248,2,25,Bowler
2249,Player_2249,15,28,Batsman
2250,Player_2250,18,39,All-Rounder
2251,Player_2251,3,26,All-Rounder
2252,Player_2252,17,37,Bowler
2253,Player_2253,4,29,All-Rounder
2254,Player_2254,4,22,Batsman
2255,Player_2255,14,18,Defender
2256,Player_2256,9,31,Goalkeeper
2257,Player_2257,9,20,Goalkeeper
2258,Player_2258,18,32,All-Rounder
2259,Player_2259,10,27,Bowler
2260,Player_2260,4,27,All-Rounder
2261,Player_2261,12,20,Batsman
2262,Player_2262,8,23,Bowler
2263,Player_2263,2,22,Defender
2264,Player_2264,13,36,Batsman
2265,Player_2265,16,31,Defender
2266,Player_2266,2,34,Bowler
2267,Player_2267,11,29,Defender
2268,Player_2268,10,26,Batsman
2269,Player_2269,15,20,Batsman
2270,Player_2270,17,35,All-Rounder
2271,Player_2271,8,21,Bowler
2272,Player_2272,18,31,Goalkeeper
2273,Player_2273,9,23,Goalkeeper
2274,Player_2274,8,32,Defender
2275,Player_2275,14,34,Goalkeeper
2276,Player_2276,18,22,Goalkeeper
2277,Player_2277,20,23,Batsman
2278,Player_2278,20,38,Batsman
2279,Player_2279,12,22,Batsman
2280,Player_2280,19,36,Goalkeeper
2281,Player_2281,14,31,Defender
2282,Player_2282,17,21,Bowler
2283,Player_2283,3,22,All-Rounder
2284,Player_2284,7,28,Defender
2285,Player_2285,17,19,Batsman
2286,Player_2286,12,39,Defender
2287,Player_2287,9,19,Bowler
2288,Player_2288,15,37,Batsman
2289,Player_2289,18,29,Bowler
2290,Player_2290,13,33,All-Rounder
2291,Player_2291,8,34,Defender
2292,Player_2292,14,21,All-Rounder
2293,Player_2293,8,31,Goalkeeper
2294,Player_2294,14,24,Defender
2295,Player_2295,7,32,Goalkeeper
2296,Player_2296,12,33,Bowler
2297,Player_2297,11,25,Goalkeeper
2298,Player_2298,11,19,Bowler
2299,Player_2299,13,36,All-Rounder
2300,Player_2300,18,18,Batsman
2301,Player_2301,2,21,All-Rounder
2302,Player_2302,15,38,Goalkeeper
2303,Player_2303,20,39,Bowler
2304,Player_2304,18,28,Goalkeeper
2305,Player_2305,15,27,Batsman
2306,Player_2306,19,35,Defender
2307,Player_2307,12,18,Defender
2308,Player_2308,13,34,Defender
2309,Player_2309,11,33,Goalkeeper
2310,Player_2310,5,29,Defender
2311,Player_2311,1,33,Bowler
2312,Player_2312,3,26,Batsman
2313,Player_2313,19,34,All-Rounder
2314,Player_2314,7,20,Bowler
2315,Player_2315,12,35,Batsman
2316,Player_2316,15,32,All-Rounder
2317,Player_2317,5,32,Defender
2318,Player_2318,15,33,All-Rounder
2319,Player_2319,8,37,Goalkeeper
2320,Player_2320,10,18,Goalkeeper
2321,Player_2321,16,18,Defender
2322,Player_2322,8,21,Defender
2323,Player_2323,1,30,Bowler
2324,Player_2324,12,21,Bowler
2325,Player_2325,5,25,Goalkeeper
2326,Player_2326,3,30,Batsman
2327,Player_2327,1,25,Bowler
2328,Player_2328,4,31,Batsman
2329,Player_2329,8,18,Goalkeeper
2330,Player_2330,3,26,Bowler
2331,Player_2331,10,18,Batsman
2332,Player_2332,2,24,Batsman
2333,Player_2333,11,37,Bowler
2334,Player_2334,10,30,Defender
2335,Player_2335,14,32,All-Rounder
2336,Player_2336,7,26,Defender
2337,Player_2337,2,33,All-Rounder
2338,Player_2338,9,34,Batsman
2339,Player_2339,16,26,Bowler
2340,Player_2340,13,23,Goalkeeper
2341,Player_2341,9,37,Bowler
2342,Player_2342,20,29,Defender
2343,Player_2343,4,33,All-Rounder
2344,Player_2344,10,38,Bowler
2345,Player_2345,12,32,All-Rounder
2346,Player_2346,17,24,Defender
2347,Player_2347,14,27,Defender
2348,Player_2348,14,21,Bowler
2349,Player_2349,2,20,Goalkeeper
2350,Player_2350,20,35,Goalkeeper
2351,Player_2351,11,18,All-Rounder
2352,Player_2352,16,30,Bowler
2353,Player_2353,19,39,Batsman
2354,Player_2354,6,35,Defender
2355,Player_2355,19,25,All-Rounder
2356,Player_2356,5,28,Defender
2357,Player_2357,4,27,All-Rounder
2358,Player_2358,15,21,Bowler
2359,Player_2359,4,21,All-Rounder
2360,Player_2360,20,21,All-Rounder
2361,Player_2361,10,29,Batsman
2362,Player_2362,3,25,All-Rounder
2363,Player_2363,5,30,Goalkeeper
2364,Player_2364,6,25,All-Rounder
2365,Player_2365,8,38,All-Rounder
2366,Player_2366,7,20,Bowler
2367,Player_2367,10,29,All-Rounder
2368,Player_2368,6,35,Batsman
2369,Player_2369,14,32,Bowler
2370,Player_2370,4,31,Defender
2371,Player_2371,13,26,Goalkeeper
2372,Player_2372,20,22,Goalkeeper
2373,Player_2373,17,32,Defender
2374,Player_2374,7,25,All-Rounder
2375,Player_2375,4,20,Batsman
2376,Player_2376,14,29,Batsman
2377,Player_2377,3,22,Batsman
2378,Player_2378,5,26,Batsman
2379,Player_2379,16,37,All-Rounder
2380,Player_2380,20,20,Defender
2381,Player_2381,4,25,Defender
2382,Player_2382,2,38,Goalkeeper
2383,Player_2383,18,30,Defender
2384,Player_2384,19,25,Batsman
2385,Player_2385,19,22,All-Rounder
2386,Player_2386,17,24,Bowler
2387,Player_2387,14,22,Bowler
2388,Player_2388,19,26,Batsman
2389,Player_2389,13,22,Goalkeeper
2390,Player_2390,12,25,Bowler
2391,Player_2391,6,29,Batsman
2392,Player_2392,4,21,All-Rounder
2393,Player_2393,19,26,Bowler
2394,Player_2394,16,39,Batsman
2395,Player_2395,13,39,Bowler
2396,Player_2396,4,31,All-Rounder
2397,Player_2397,17,36,Defender
2398,Player_2398,1,30,Defender
2399,Player_2399,18,20,All-Rounder
2400,Player_2400,20,21,All-Rounder
2401,Player_2401,17,18,Defender
2402,Player_2402,15,39,All-Rounder
2403,Player_2403,11,18,All-Rounder
2404,Player_2404,13,28,All-Rounder
2405,Player_2405,1,33,Defender
2406,Player_2406,17,21,Defender
2407,Player_2407,6,24,Bowler
2408,Player_2408,4,29,Defender
2409,Player_2409,20,23,Bowler
2410,Player_2410,16,37,Defender
2411,Player_2411,15,26,Goalkeeper
2412,Player_2412,15,25,Bowler
2413,Player_2413,6,31,All-Rounder
2414,Player_2414,15,32,Goalkeeper
2415,Player_2415,14,38,Defender
2416,Player_2416,11,39,Defender
2417,Player_2417,7,22,Goalkeeper
2418,Player_2418,9,32,Batsman
2419,Player_2419,16,23,All-Rounder
2420,Player_2420,5,18,Bowler
2421,Player_2421,20,37,Goalkeeper
2422,Player_2422,10,26,Bowler
2423,Player_2423,18,21,Defender
2424,Player_2424,3,19,Batsman
2425,Player_2425,13,23,Batsman
2426,Player_2426,11,19,Bowler
2427,Player_2427,17,20,Defender
2428,Player_2428,13,24,Batsman
2429,Player_2429,6,37,All-Rounder
2430,Player_2430,17,34,Defender
2431,Player_2431,13,26,Goalkeeper
2432,Player_2432,19,39,Goalkeeper
2433,Player_2433,19,26,Goalkeeper
2434,Player_2434,10,36,All-Rounder
2435,Player_2435,3,22,Defender
2436,Player_2436,14,23,Bowler
2437,Player_2437,19,35,Bowler
2438,Player_2438,5,18,Defender
2439,Player_2439,5,34,All-Rounder
2440,Player_2440,20,31,Defender
2441,Player_2441,17,32,Bowler
2442,Player_2442,10,22,Defender
2443,Player_2443,5,34,Goalkeeper
2444,Player_2444,4,38,Defender
2445,Player_2445,6,38,Batsman
2446,Player_2446,4,28,Defender
2447,Player_2447,7,27,Bowler
2448,Player_2448,7,34,Bowler
2449,Player_2449,18,18,Bowler
2450,Player_2450,3,22,Goalkeeper
2451,Player_2451,1,33,Bowler
2452,Player_2452,4,24,Batsman
2453,Player_2453,6,29,Defender
2454,Player_2454,9,25,All-Rounder
2455,Player_2455,14,35,Bowler
2456,Player_2456,12,18,Defender
2457,Player_2457,20,37,Goalkeeper
2458,Player_2458,4,29,Defender
2459,Player_2459,12,21,Bowler
2460,Player_2460,10,29,Bowler
2461,Player_2461,7,39,Bowler
2462,Player_2462,3,18,Batsman
2463,Player_2463,14,18,Defender
2464,Player_2464,10,20,All-Rounder
2465,Player_2465,16,38,Batsman
2466,Player_2466,16,29,All-Rounder
2467,Player_2467,10,39,Bowler
2468,Player_2468,13,38,All-Rounder
2469,Player_2469,6,30,All-Rounder
2470,Player_2470,12,30,Batsman
2471,Player_2471,9,38,Batsman
2472,Player_2472,13,26,Defender
2473,Player_2473,4,35,All-Rounder
2474,Player_2474,11,18,Batsman
2475,Player_2475,20,23,Defender
2476,Player_2476,18,22,All-Rounder
2477,Player_2477,11,21,All-Rounder
2478,Player_2478,4,23,Bowler
2479,Player_2479,18,20,Batsman
2480,Player_2480,1,34,Goalkeeper
2481,Player_2481,7,28,Batsman
2482,Player_2482,6,21,Bowler
2483,Player_2483,15,37,Defender
2484,Player_2484,18,18,Batsman
2485,Player_2485,11,21,All-Rounder
2486,Player_2486,20,20,Goalkeeper
2487,Player_2487,15,27,Defender
2488,Player_2488,16,39,Batsman
2489,Player_2489,7,18,Defender
2490,Player_2490,10,21,All-Rounder
2491,Player_2491,12,36,Goalkeeper
2492,Player_2492,14,18,All-Rounder
2493,Player_2493,5,33,Goalkeeper
2494,Player_2494,18,36,Defender
2495,Player_2495,5,37,Batsman
2496,Player_2496,3,38,Goalkeeper
2497,Player_2497,5,39,All-Rounder
2498,Player_2498,17,35,Goalkeeper
2499,Player_2499,19,19,Defender
2500,Player_2500,19,23,Defender
2501,Player_2501,12,38,Defender
2502,Player_2502,9,18,Batsman
2503,Player_2503,1,36,Defender
2504,Player_2504,18,22,Batsman
2505,Player_2505,4,19,Bowler
2506,Player_2506,10,18,Goalkeeper
2507,Player_2507,7,33,All-Rounder
2508,Player_2508,1,38,Batsman
2509,Player_2509,17,19,Batsman
2510,Player_2510,2,21,All-Rounder
2511,Player_2511,11,20,Goalkeeper
2512,Player_2512,9,34,Defender
2513,Player_2513,7,32,Goalkeeper
2514,Player_2514,17,27,Batsman
2515,Player_2515,17,29,Defender
2516,Player_2516,2,29,Bowler
2517,Player_2517,6,37,All-Rounder
2518,Player_2518,14,24,Goalkeeper
2519,Player_2519,6,27,Defender
2520,Player_2520,2,22,All-Rounder
2521,Player_2521,1,37,Goalkeeper
2522,Player_2522,10,37,Batsman
2523,Player_2523,5,28,Batsman
2524,Player_2524,2,19,Batsman
2525,Player_2525,16,33,Bowler
2526,Player_2526,2,29,Batsman
2527,Player_2527,10,33,Batsman
2528,Player_2528,2,21,Batsman
2529,Player_2529,16,19,Defender
2530,Player_2530,16,27,All-Rounder
2531,Player_2531,19,30,Bowler
2532,Player_2532,7,36,Goalkeeper
2533,Player_2533,12,32,Bowler
2534,Player_2534,15,18,All-Rounder
2535,Player_2535,8,34,Batsman
2536,Player_2536,6,37,Batsman
2537,Player_2537,10,21,Goalkeeper
2538,Player_2538,3,37,Bowler
2539,Player_2539,19,26,Bowler
2540,Player_2540,17,23,Goalkeeper
2541,Player_2541,7,20,Bowler
2542,Player_2542,20,39,Bowler
2543,Player_2543,4,19,Bowler
2544,Player_2544,14,35,Goalkeeper
2545,Player_2545,20,36,Goalkeeper
2546,Player_2546,15,24,All-Rounder
2547,Player_2547,8,20,Bowler
2548,Player_2548,15,35,All-Rounder
2549,Player_2549,20,37,Defender
2550,Player_2550,14,37,Defender
2551,Player_2551,9,36,Bowler
2552,Player_2552,8,26,Batsman
2553,Player_2553,17,33,Defender
2554,Player_2554,2,23,Batsman
2555,Player_2555,3,38,All-Rounder
2556,Player_2556,8,29,Bowler
2557,Player_2557,12,23,All-Rounder
2558,Player_2558,1,30,All-Rounder
2559,Player_2559,10,22,Goalkeeper
2560,Player_2560,20,30,Bowler
2561,Player_2561,3,37,Goalkeeper
2562,Player_2562,6,24,All-Rounder
2563,Player_2563,7,29,Batsman
2564,Player_2564,20,38,Bowler
2565,Player_2565,18,21,Bowler
2566,Player_2566,11,22,Defender
2567,Player_2567,19,33,Batsman
2568,Player_2568,5,21,Batsman
2569,Player_2569,19,25,All-Rounder
2570,Player_2570,11,33,All-Rounder
2571,Player_2571,12,25,All-Rounder
2572,Player_2572,10,34,Defender
2573,Player_2573,8,31,Batsman
2574,Player_2574,9,29,Goalkeeper
2575,Player_2575,4,20,Batsman
2576,Player_2576,5,37,Goalkeeper
2577,Player_2577,8,19,Bowler
2578,Player_2578,9,30,Goalkeeper
2579,Player_2579,15,38,Bowler
2580,Player_2580,15,28,All-Rounder
2581,Player_2581,16,29,Batsman
2582,Player_2582,14,35,All-Rounder
2583,Player_2583,8,26,Batsman
2584,Player_2584,18,24,Goalkeeper
2585,Player_2585,10,23,Batsman
2586,Player_2586,20,31,Goalkeeper
2587,Player_2587,6,35,Batsman
2588,Player_2588,12,31,Bowler
2589,Player_2589,2,22,Goalkeeper
2590,Player_2590,7,37,All-Rounder
2591,Player_2591,16,30,All-Rounder
2592,Player_2592,3,18,All-Rounder
2593,Player_2593,13,29,All-Rounder
2594,Player_2594,3,36,Bowler
2595,Player_2595,18,27,Bowler
2596,Player_2596,11,22,Defender
2597,Player_2597,8,37,Defender
2598,Player_2598,6,23,Defender
2599,Player_2599,1,29,Defender
2600,Player_2600,1,38,Batsman
2601,Player_2601,8,20,Goalkeeper
2602,Player_2602,5,31,All-Rounder
2603,Player_2603,16,38,Batsman
2604,Player_2604,11,21,Bowler
2605,Player_2605,5,34,All-Rounder
2606,Player_2606,4,34,Goalkeeper
2607,Player_2607,6,31,Goalkeeper
2608,Player_2608,14,32,Bowler
2609,Player_2609,19,24,All-Rounder
2610,Player_2610,9,21,Defender
2611,Player_2611,12,34,All-Rounder
2612,Player_2612,11,23,All-Rounder
2613,Player_2613,14,28,Goalkeeper
2614,Player_2614,16,29,Bowler
2615,Player_2615,1,32,All-Rounder
2616,Player_2616,13,29,Batsman
2617,Player_2617,13,28,Batsman
2618,Player_2618,2,34,Bowler
2619,Player_2619,4,25,Defender
2620,Player_2620,6,29,All-Rounder
2621,Player_2621,5,26,All-Rounder
2622,Player_2622,3,28,Goalkeeper
2623,Player_2623,1,20,All-Rounder
2624,Player_2624,4,24,Defender
2625,Player_2625,20,38,All-Rounder
2626,Player_2626,2,20,All-Rounder
2627,Player_2627,5,38,Goalkeeper
2628,Player_2628,3,33,Batsman
2629,Player_2629,9,27,Batsman
2630,Player_2630,20,24,Defender
2631,Player_2631,6,37,Bowler
2632,Player_2632,18,32,Bowler
2633,Player_2633,6,38,Goalkeeper
2634,Player_2634,19,38,All-Rounder
2635,Player_2635,12,27,Goalkeeper
2636,Player_2636,11,29,Batsman
2637,Player_2637,2,35,Defender
2638,Player_2638,15,26,Bowler
2639,Player_2639,12,26,All-Rounder
2640,Player_2640,12,21,Bowler
2641,Player_2641,9,22,Batsman
2642,Player_2642,2,24,All-Rounder
2643,Player_2643,3,24,Batsman
2644,Player_2644,12,28,Bowler
2645,Player_2645,16,27,Bowler
2646,Player_2646,1,28,Batsman
2647,Player_2647,3,35,All-Rounder
2648,Player_2648,20,29,Batsman
2649,Player_2649,2,33,All-Rounder
2650,Player_2650,9,21,Goalkeeper
2651,Player_2651,19,34,Goalkeeper
2652,Player_2652,15,34,All-Rounder
2653,Player_2653,18,38,Batsman
2654,Player_2654,11,22,All-Rounder
2655,Player_2655,16,30,Bowler
2656,Player_2656,17,20,Batsman
2657,Player_2657,5,34,All-Rounder
2658,Player_2658,12,28,Bowler
2659,Player_2659,11,18,Defender
2660,Player_2660,15,35,Bowler
2661,Player_2661,3,34,All-Rounder
2662,Player_2662,1,26,Batsman
2663,Player_2663,20,37,Batsman
2664,Player_2664,16,24,Goalkeeper
2665,Player_2665,2,22,All-Rounder
2666,Player_2666,2,33,Bowler
2667,Player_2667,3,24,Bowler
2668,Player_2668,8,30,All-Rounder
2669,Player_2669,15,30,Bowler
2670,Player_2670,7,32,Defender
2671,Player_2671,6,34,Goalkeeper
2672,Player_2672,9,34,Batsman
2673,Player_2673,20,36,Bowler
2674,Player_2674,1,27,Defender
2675,Player_2675,8,19,All-Rounder
2676,Player_2676,3,31,Bowler
2677,Player_2677,4,20,All-Rounder
2678,Player_2678,15,24,Defender
2679,Player_2679,6,28,Defender
2680,Player_2680,15,34,Batsman
2681,Player_2681,3,32,All-Rounder
2682,Player_2682,14,36,Goalkeeper
2683,Player_2683,20,28,Batsman
2684,Player_2684,14,32,All-Rounder
2685,Player_2685,4,32,All-Rounder
2686,Player_2686,12,23,Defender
2687,Player_2687,17,32,Defender
2688,Player_2688,7,26,All-Rounder
2689,Player_2689,9,22,Defender
2690,Player_2690,3,36,All-Rounder
2691,Player_2691,13,22,All-Rounder
2692,Player_2692,15,39,Batsman
2693,Player_2693,18,30,Batsman
2694,Player_2694,19,35,Goalkeeper
2695,Player_2695,1,37,Batsman
2696,Player_2696,6,34,Bowler
2697,Player_2697,2,32,Bowler
2698,Player_2698,14,31,Defender
2699,Player_2699,6,33,Bowler
2700,Player_2700,14,21,Batsman
2701,Player_2701,4,34,Goalkeeper
2702,Player_2702,8,37,All-Rounder
2703,Player_2703,3,31,Goalkeeper
2704,Player_2704,19,35,Batsman
2705,Player_2705,14,23,Batsman
2706,Player_2706,20,39,Batsman
2707,Player_2707,17,25,Defender
2708,Player_2708,8,26,Bowler
2709,Player_2709,14,18,Batsman
2710,Player_2710,6,30,All-Rounder
2711,Player_2711,16,20,Bowler
2712,Player_2712,19,23,Bowler
2713,Player_2713,14,34,Defender
2714,Player_2714,19,25,Goalkeeper
2715,Player_2715,3,23,Bowler
2716,Player_2716,10,33,Bowler
2717,Player_2717,19,18,Batsman
2718,Player_2718,9,27,All-Rounder
2719,Player_2719,20,35,Batsman
2720,Player_2720,13,39,All-Rounder
2721,Player_2721,7,31,Bowler
2722,Player_2722,14,22,All-Rounder
2723,Player_2723,9,34,Batsman
2724,Player_2724,19,31,Batsman
2725,Player_2725,15,35,Goalkeeper
2726,Player_2726,20,21,Defender
2727,Player_2727,14,37,Goalkeeper
2728,Player_2728,6,19,Bowler
2729,Player_2729,4,24,All-Rounder
2730,Player_2730,8,24,Batsman
2731,Player_2731,17,24,Batsman
2732,Player_2732,9,30,Batsman
2733,Player_2733,1,36,Batsman
2734,Player_2734,20,39,Bowler
2735,Player_2735,14,23,Defender
2736,Player_2736,11,37,Goalkeeper
2737,Player_2737,3,34,Goalkeeper
2738,Player_2738,9,35,Batsman
2739,Player_2739,14,18,Batsman
2740,Player_2740,9,30,All-Rounder
2741,Player_2741,4,36,Batsman
2742,Player_2742,4,33,Goalkeeper
2743,Player_2743,8,27,All-Rounder
2744,Player_2744,2,30,All-Rounder
2745,Player_2745,9,27,Batsman
2746,Player_2746,14,31,All-Rounder
2747,Player_2747,9,26,Defender
2748,Player_2748,16,38,Batsman
2749,Player_2749,17,28,Defender
2750,Player_2750,16,20,Batsman
2751,Player_2751,12,25,Defender
2752,Player_2752,3,29,Batsman
2753,Player_2753,11,20,Goalkeeper
2754,Player_2754,14,24,Batsman
2755,Player_2755,18,31,Goalkeeper
2756,Player_2756,5,24,Bowler
2757,Player_2757,16,24,Bowler
2758,Player_2758,20,31,Batsman
2759,Player_2759,5,29,Goalkeeper
2760,Player_2760,3,18,Goalkeeper
2761,Player_2761,12,22,All-Rounder
2762,Player_2762,1,28,All-Rounder
2763,Player_2763,9,18,Defender
2764,Player_2764,9,30,All-Rounder
2765,Player_2765,4,34,Batsman
2766,Player_2766,3,20,All-Rounder
2767,Player_2767,17,27,All-Rounder
2768,Player_2768,2,36,Batsman
2769,Player_2769,1,24,Batsman
2770,Player_2770,8,37,Defender
2771,Player_2771,13,20,Goalkeeper
2772,Player_2772,15,39,All-Rounder
2773,Player_2773,8,29,Bowler
2774,Player_2774,12,39,Goalkeeper
2775,Player_2775,12,27,Batsman
2776,Player_2776,14,38,All-Rounder
2777,Player_2777,15,29,Defender
2778,Player_2778,15,32,Bowler
2779,Player_2779,9,23,Goalkeeper
2780,Player_2780,19,36,All-Rounder
2781,Player_2781,20,22,Batsman
2782,Player_2782,8,37,Goalkeeper
2783,Player_2783,19,19,Bowler
2784,Player_2784,6,38,Batsman
2785,Player_2785,20,36,Bowler
2786,Player_2786,19,36,All-Rounder
2787,Player_2787,4,21,Goalkeeper
2788,Player_2788,7,37,Defender
2789,Player_2789,4,22,All-Rounder
2790,Player_2790,12,24,All-Rounder
2791,Player_2791,13,21,Defender
2792,Player_2792,3,28,Defender
2793,Player_2793,12,20,Batsman
2794,Player_2794,2,22,Bowler
2795,Player_2795,2,37,All-Rounder
2796,Player_2796,9,32,Batsman
2797,Player_2797,1,38,Batsman
2798,Player_2798,8,35,All-Rounder
2799,Player_2799,6,33,Bowler
2800,Player_2800,6,33,Defender
2801,Player_2801,18,27,All-Rounder
2802,Player_2802,17,18,Bowler
2803,Player_2803,12,28,Defender
2804,Player_2804,6,34,Goalkeeper
2805,Player_2805,8,32,All-Rounder
2806,Player_2806,19,24,All-Rounder
2807,Player_2807,10,23,Bowler
2808,Player_2808,1,32,Batsman
2809,Player_2809,13,32,Batsman
2810,Player_2810,17,24,Bowler
2811,Player_2811,3,20,All-Rounder
2812,Player_2812,8,31,All-Rounder
2813,Player_2813,14,26,All-Rounder
2814,Player_2814,3,20,Goalkeeper
2815,Player_2815,16,23,Batsman
2816,Player_2816,13,37,Goalkeeper
2817,Player_2817,20,26,All-Rounder
2818,Player_2818,17,18,Batsman
2819,Player_2819,13,26,All-Rounder
2820,Player_2820,6,29,All-Rounder
2821,Player_2821,17,21,Bowler
2822,Player_2822,14,33,Batsman
2823,Player_2823,17,22,All-Rounder
2824,Player_2824,8,34,Defender
2825,Player_2825,11,34,Defender
2826,Player_2826,20,23,All-Rounder
2827,Player_2827,1,32,Bowler
2828,Player_2828,7,18,All-Rounder
2829,Player_2829,17,30,Defender
2830,Player_2830,10,33,Batsman
2831,Player_2831,11,19,Bowler
2832,Player_2832,9,36,All-Rounder
2833,Player_2833,9,19,Defender
2834,Player_2834,5,38,Batsman
2835,Player_2835,17,29,Defender
2836,Player_2836,9,29,Bowler
2837,Player_2837,17,25,Goalkeeper
2838,Player_2838,19,29,All-Rounder
2839,Player_2839,7,28,Batsman
2840,Player_2840,9,19,Bowler
2841,Player_2841,7,18,Bowler
2842,Player_2842,13,21,Goalkeeper
2843,Player_2843,11,26,Goalkeeper
2844,Player_2844,14,24,All-Rounder
2845,Player_2845,19,39,All-Rounder
2846,Player_2846,11,27,Bowler
2847,Player_2847,13,37,All-Rounder
2848,Player_2848,14,31,All-Rounder
2849,Player_2849,13,18,Goalkeeper
2850,Player_2850,1,22,Bowler
2851,Player_2851,8,30,Defender
2852,Player_2852,12,23,Defender
2853,Player_2853,19,39,Batsman
2854,Player_2854,12,34,Goalkeeper
2855,Player_2855,8,32,Batsman
2856,Player_2856,8,24,Bowler
2857,Player_2857,13,25,Defender
2858,Player_2858,12,38,Defender
2859,Player_2859,16,19,Defender
2860,Player_2860,1,35,Batsman
2861,Player_2861,13,38,All-Rounder
2862,Player_2862,7,24,Batsman
2863,Player_2863,5,37,Defender
2864,Player_2864,8,33,Goalkeeper
2865,Player_2865,14,36,Goalkeeper
2866,Player_2866,13,26,Batsman
2867,Player_2867,15,29,Batsman
2868,Player_2868,17,31,Bowler
2869,Player_2869,15,24,Batsman
2870,Player_2870,20,19,Batsman
2871,Player_2871,18,34,Defender
2872,Player_2872,18,28,All-Rounder
2873,Player_2873,2,35,Defender
2874,Player_2874,4,29,All-Rounder
2875,Player_2875,1,20,Defender
2876,Player_2876,4,38,Defender
2877,Player_2877,18,31,Bowler
2878,Player_2878,5,32,All-Rounder
2879,Player_2879,19,36,Defender
2880,Player_2880,15,27,Defender
2881,Player_2881,8,26,All-Rounder
2882,Player_2882,20,27,Bowler
2883,Player_2883,17,37,All-Rounder
2884,Player_2884,1,21,Bowler
2885,Player_2885,12,36,Bowler
2886,Player_2886,19,27,Goalkeeper
2887,Player_2887,15,34,Bowler
2888,Player_2888,9,29,Goalkeeper
2889,Player_2889,7,18,Batsman
2890,Player_2890,2,28,Bowler
2891,Player_2891,9,30,All-Rounder
2892,Player_2892,10,18,Goalkeeper
2893,Player_2893,2,18,Batsman
2894,Player_2894,19,38,Batsman
2895,Player_2895,11,33,Bowler
2896,Player_2896,13,24,All-Rounder
2897,Player_2897,10,27,Bowler
2898,Player_2898,14,33,Defender
2899,Player_2899,18,18,Batsman
2900,Player_2900,19,39,Defender
2901,Player_2901,9,26,Defender
2902,Player_2902,7,23,Goalkeeper
2903,Player_2903,3,32,Defender
2904,Player_2904,20,21,Batsman
2905,Player_2905,6,32,Batsman
2906,Player_2906,2,27,All-Rounder
2907,Player_2907,6,33,Bowler
2908,Player_2908,3,30,All-Rounder
2909,Player_2909,16,36,All-Rounder
2910,Player_2910,8,37,Bowler
2911,Player_2911,2,21,Batsman
2912,Player_2912,17,37,Goalkeeper
2913,Player_2913,9,39,Defender
2914,Player_2914,12,33,Goalkeeper
2915,Player_2915,3,28,Defender
2916,Player_2916,11,32,Bowler
2917,Player_2917,1,28,Bowler
2918,Player_2918,13,28,All-Rounder
2919,Player_2919,15,20,Bowler
2920,Player_2920,5,34,Defender
2921,Player_2921,17,22,Goalkeeper
2922,Player_2922,6,30,Goalkeeper
2923,Player_2923,11,27,Goalkeeper
2924,Player_2924,18,22,Goalkeeper
2925,Player_2925,4,29,All-Rounder
2926,Player_2926,3,25,Goalkeeper
2927,Player_2927,13,29,Defender
2928,Player_2928,9,33,All-Rounder
2929,Player_2929,6,19,All-Rounder
2930,Player_2930,12,20,All-Rounder
2931,Player_2931,2,35,Bowler
2932,Player_2932,3,34,All-Rounder
2933,Player_2933,3,19,Defender
2934,Player_2934,12,39,Goalkeeper
2935,Player_2935,15,29,Bowler
2936,Player_2936,9,34,Goalkeeper
2937,Player_2937,8,23,Batsman
2938,Player_2938,11,34,Bowler
2939,Player_2939,16,19,Defender
2940,Player_2940,4,25,Bowler
2941,Player_2941,1,31,All-Rounder
2942,Player_2942,7,23,Bowler
2943,Player_2943,2,26,All-Rounder
2944,Player_2944,5,18,Goalkeeper
2945,Player_2945,7,22,Bowler
2946,Player_2946,4,24,Bowler
2947,Player_2947,5,26,Defender
2948,Player_2948,1,31,Batsman
2949,Player_2949,1,26,Bowler
2950,Player_2950,15,21,Goalkeeper
2951,Player_2951,20,37,All-Rounder
2952,Player_2952,19,32,Goalkeeper
2953,Player_2953,10,21,Defender
2954,Player_2954,18,20,Bowler
2955,Player_2955,3,38,Batsman
2956,Player_2956,11,39,Batsman
2957,Player_2957,15,31,Bowler
2958,Player_2958,11,26,Batsman
2959,Player_2959,17,36,Goalkeeper
2960,Player_2960,17,23,All-Rounder
2961,Player_2961,6,20,Bowler
2962,Player_2962,5,35,All-Rounder
2963,Player_2963,8,33,Batsman
2964,Player_2964,2,20,Defender
2965,Player_2965,16,19,All-Rounder
2966,Player_2966,20,19,Defender
2967,Player_2967,12,27,Goalkeeper
2968,Player_2968,6,32,Defender
2969,Player_2969,1,20,All-Rounder
2970,Player_2970,4,25,All-Rounder
2971,Player_2971,17,35,Bowler
2972,Player_2972,13,28,Defender
2973,Player_2973,18,24,Goalkeeper
2974,Player_2974,5,36,Bowler
2975,Player_2975,3,24,Bowler
2976,Player_2976,11,19,Goalkeeper
2977,Player_2977,13,23,Bowler
2978,Player_2978,4,22,Goalkeeper
2979,Player_2979,14,31,Batsman
2980,Player_2980,11,35,Bowler
2981,Player_2981,10,21,All-Rounder
2982,Player_2982,19,21,Batsman
2983,Player_2983,18,30,Bowler
2984,Player_2984,6,38,Goalkeeper
2985,Player_2985,15,18,Batsman
2986,Player_2986,10,37,Batsman
2987,Player_2987,5,22,All-Rounder
2988,Player_2988,5,20,Bowler
2989,Player_2989,10,38,Bowler
2990,Player_2990,5,36,Goalkeeper
2991,Player_2991,3,30,Batsman
2992,Player_2992,6,24,All-Rounder
2993,Player_2993,4,27,Goalkeeper
2994,Player_2994,18,20,Goalkeeper
2995,Player_2995,9,19,All-Rounder
2996,Player_2996,17,24,Bowler
2997,Player_2997,13,26,All-Rounder
2998,Player_2998,15,38,Bowler
2999,Player_2999,20,29,Defender
3000,Player_3000,17,39,Batsman
3001,Player_3001,13,27,All-Rounder
3002,Player_3002,16,36,Goalkeeper
3003,Player_3003,4,30,Bowler
3004,Player_3004,5,27,Batsman
3005,Player_3005,5,22,Batsman
3006,Player_3006,9,32,All-Rounder
3007,Player_3007,17,38,Goalkeeper
3008,Player_3008,13,20,All-Rounder
3009,Player_3009,2,25,Goalkeeper
3010,Player_3010,13,23,Defender
3011,Player_3011,19,36,All-Rounder
3012,Player_3012,3,34,Bowler
3013,Player_3013,10,27,All-Rounder
3014,Player_3014,2,18,All-Rounder
3015,Player_3015,13,30,Defender
3016,Player_3016,19,27,Defender
3017,Player_3017,17,29,All-Rounder
3018,Player_3018,14,19,Goalkeeper
3019,Player_3019,12,27,Defender
3020,Player_3020,12,38,Defender
3021,Player_3021,11,18,Goalkeeper
3022,Player_3022,7,18,Batsman
3023,Player_3023,4,37,Defender
3024,Player_3024,19,32,Defender
3025,Player_3025,1,39,Goalkeeper
3026,Player_3026,3,18,Goalkeeper
3027,Player_3027,13,38,All-Rounder
3028,Player_3028,15,26,All-Rounder
3029,Player_3029,2,24,Batsman
3030,Player_3030,11,33,Batsman
3031,Player_3031,4,33,Batsman
3032,Player_3032,19,30,Bowler
3033,Player_3033,17,27,Goalkeeper
3034,Player_3034,3,35,Defender
3035,Player_3035,18,26,Goalkeeper
3036,Player_3036,8,29,Goalkeeper
3037,Player_3037,19,30,Batsman
3038,Player_3038,5,28,Goalkeeper
3039,Player_3039,7,32,Bowler
3040,Player_3040,8,27,Defender
3041,Player_3041,5,27,Batsman
3042,Player_3042,17,26,All-Rounder
3043,Player_3043,5,20,Defender
3044,Player_3044,4,33,All-Rounder
3045,Player_3045,19,29,All-Rounder
3046,Player_3046,2,34,Goalkeeper
3047,Player_3047,11,32,Defender
3048,Player_3048,13,20,Bowler
3049,Player_3049,15,22,Goalkeeper
3050,Player_3050,12,30,All-Rounder
3051,Player_3051,11,23,Defender
3052,Player_3052,7,26,Goalkeeper
3053,Player_3053,5,36,Defender
3054,Player_3054,17,24,Batsman
3055,Player_3055,20,30,Bowler
3056,Player_3056,9,39,Bowler
3057,Player_3057,14,22,Bowler
3058,Player_3058,12,33,All-Rounder
3059,Player_3059,6,21,All-Rounder
3060,Player_3060,17,22,Bowler
3061,Player_3061,19,37,Defender
3062,Player_3062,19,36,Batsman
3063,Player_3063,16,23,All-Rounder
3064,Player_3064,12,21,Goalkeeper
3065,Player_3065,12,18,Goalkeeper
3066,Player_3066,20,34,All-Rounder
3067,Player_3067,6,26,Bowler
3068,Player_3068,4,33,Defender
3069,Player_3069,6,19,Batsman
3070,Player_3070,11,28,Goalkeeper
3071,Player_3071,1,22,All-Rounder
3072,Player_3072,15,30,Defender
3073,Player_3073,11,37,Bowler
3074,Player_3074,19,34,Batsman
3075,Player_3075,18,32,Batsman
3076,Player_3076,17,39,Goalkeeper
3077,Player_3077,19,29,Goalkeeper
3078,Player_3078,14,23,All-Rounder
3079,Player_3079,18,37,Batsman
3080,Player_3080,19,30,Bowler
3081,Player_3081,15,35,Bowler
3082,Player_3082,15,32,All-Rounder
3083,Player_3083,4,32,Batsman
3084,Player_3084,7,25,Goalkeeper
3085,Player_3085,13,36,Bowler
3086,Player_3086,3,31,Defender
3087,Player_3087,16,24,All-Rounder
3088,Player_3088,9,31,Bowler
3089,Player_3089,8,22,Defender
3090,Player_3090,20,32,Defender
3091,Player_3091,13,38,Bowler
3092,Player_3092,17,32,All-Rounder
3093,Player_3093,17,21,Defender
3094,Player_3094,17,18,Defender
3095,Player_3095,1,34,Batsman
3096,Player_3096,8,37,Batsman
3097,Player_3097,19,18,Batsman
3098,Player_3098,6,33,Defender
3099,Player_3099,3,30,Defender
3100,Player_3100,5,35,All-Rounder
3101,Player_3101,13,27,Goalkeeper
3102,Player_3102,15,35,Batsman
3103,Player_3103,14,34,Goalkeeper
3104,Player_3104,16,26,Batsman
3105,Player_3105,18,31,Batsman
3106,Player_3106,11,38,All-Rounder
3107,Player_3107,3,30,All-Rounder
3108,Player_3108,10,37,Bowler
3109,Player_3109,10,37,Batsman
3110,Player_3110,16,31,Batsman
3111,Player_3111,12,28,Batsman
3112,Player_3112,2,30,All-Rounder
3113,Player_3113,9,34,Batsman
3114,Player_3114,3,20,Bowler
3115,Player_3115,15,18,Defender
3116,Player_3116,3,38,Bowler
3117,Player_3117,19,22,Defender
3118,Player_3118,18,30,All-Rounder
3119,Player_3119,8,22,Goalkeeper
3120,Player_3120,17,22,All-Rounder
3121,Player_3121,8,29,Goalkeeper
3122,Player_3122,7,19,Defender
3123,Player_3123,7,33,Goalkeeper
3124,Player_3124,3,34,Defender
3125,Player_3125,1,22,Goalkeeper
3126,Player_3126,4,29,Defender
3127,Player_3127,5,32,Goalkeeper
3128,Player_3128,1,23,Defender
3129,Player_3129,15,30,Bowler
3130,Player_3130,5,28,Batsman
3131,Player_3131,13,34,Bowler
3132,Player_3132,8,26,All-Rounder
3133,Player_3133,8,33,Goalkeeper
3134,Player_3134,5,34,Defender
3135,Player_3135,9,37,Bowler
3136,Player_3136,1,35,Bowler
3137,Player_3137,4,30,Defender
3138,Player_3138,3,28,Goalkeeper
3139,Player_3139,2,30,All-Rounder
3140,Player_3140,8,30,All-Rounder
3141,Player_3141,9,29,All-Rounder
3142,Player_3142,2,31,Defender
3143,Player_3143,14,30,Bowler
3144,Player_3144,14,26,All-Rounder
3145,Player_3145,4,31,Bowler
3146,Player_3146,6,18,All-Rounder
3147,Player_3147,11,26,All-Rounder
3148,Player_3148,3,21,Goalkeeper
3149,Player_3149,8,29,Defender
3150,Player_3150,3,31,Goalkeeper
3151,Player_3151,14,26,Bowler
3152,Player_3152,13,20,Bowler
3153,Player_3153,13,23,Defender
3154,Player_3154,2,20,All-Rounder
3155,Player_3155,13,18,Defender
3156,Player_3156,19,39,All-Rounder
3157,Player_3157,6,38,Batsman
3158,Player_3158,16,20,Batsman
3159,Player_3159,2,31,Defender
3160,Player_3160,8,37,Batsman
3161,Player_3161,17,19,Batsman
3162,Player_3162,2,29,Bowler
3163,Player_3163,10,27,All-Rounder
3164,Player_3164,16,30,Batsman
3165,Player_3165,6,37,Goalkeeper
3166,Player_3166,2,21,Bowler
3167,Player_3167,2,36,All-Rounder
3168,Player_3168,13,39,Bowler
3169,Player_3169,15,18,Goalkeeper
3170,Player_3170,2,28,All-Rounder
3171,Player_3171,7,33,Defender
3172,Player_3172,3,36,Defender
3173,Player_3173,8,36,Bowler
3174,Player_3174,14,29,Defender
3175,Player_3175,7,20,All-Rounder
3176,Player_3176,7,35,Goalkeeper
3177,Player_3177,1,34,Goalkeeper
3178,Player_3178,17,22,Defender
3179,Player_3179,9,33,Batsman
3180,Player_3180,13,31,Batsman
3181,Player_3181,19,36,Batsman
3182,Player_3182,19,23,Defender
3183,Player_3183,17,20,Defender
3184,Player_3184,10,23,Defender
3185,Player_3185,10,29,All-Rounder
3186,Player_3186,4,37,Batsman
3187,Player_3187,8,28,Bowler
3188,Player_3188,20,24,All-Rounder
3189,Player_3189,20,18,All-Rounder
3190,Player_3190,18,33,Defender
3191,Player_3191,14,33,Defender
3192,Player_3192,18,34,All-Rounder
3193,Player_3193,14,32,Defender
3194,Player_3194,20,38,Batsman
3195,Player_3195,15,26,All-Rounder
3196,Player_3196,4,22,All-Rounder
3197,Player_3197,13,37,All-Rounder
3198,Player_3198,8,25,Defender
3199,Player_3199,18,38,All-Rounder
3200,Player_3200,12,18,Bowler
3201,Player_3201,14,24,Bowler
3202,Player_3202,2,28,Batsman
3203,Player_3203,18,37,All-Rounder
3204,Player_3204,2,38,All-Rounder
3205,Player_3205,11,30,Defender
3206,Player_3206,9,39,Goalkeeper
3207,Player_3207,12,30,Goalkeeper
3208,Player_3208,17,24,All-Rounder
3209,Player_3209,15,28,Batsman
3210,Player_3210,17,35,Bowler
3211,Player_3211,18,18,All-Rounder
3212,Player_3212,6,29,All-Rounder
3213,Player_3213,17,20,Batsman
3214,Player_3214,18,18,Batsman
3215,Player_3215,8,21,Goalkeeper
3216,Player_3216,9,23,All-Rounder
3217,Player_3217,6,22,All-Rounder
3218,Player_3218,5,28,Defender
3219,Player_3219,12,37,Bowler
3220,Player_3220,11,30,Defender
3221,Player_3221,1,28,Defender
3222,Player_3222,11,23,Bowler
3223,Player_3223,19,36,All-Rounder
3224,Player_3224,9,32,Goalkeeper
3225,Player_3225,2,38,Bowler
3226,Player_3226,12,30,Batsman
3227,Player_3227,4,27,All-Rounder
3228,Player_3228,4,18,Bowler
3229,Player_3229,18,30,Bowler
3230,Player_3230,15,23,Bowler
3231,Player_3231,19,38,Goalkeeper
3232,Player_3232,13,37,Defender
3233,Player_3233,19,29,Defender
3234,Player_3234,17,34,Bowler
3235,Player_3235,6,35,Bowler
3236,Player_3236,16,25,Defender
3237,Player_3237,12,31,Goalkeeper
3238,Player_3238,19,22,All-Rounder
3239,Player_3239,5,39,Defender
3240,Player_3240,17,19,Bowler
3241,Player_3241,1,39,Goalkeeper
3242,Player_3242,10,28,Goalkeeper
3243,Player_3243,15,20,Bowler
3244,Player_3244,11,39,Batsman
3245,Player_3245,13,33,Goalkeeper
3246,Player_3246,5,38,Defender
3247,Player_3247,1,33,Batsman
3248,Player_3248,12,26,All-Rounder
3249,Player_3249,11,30,Defender
3250,Player_3250,17,27,Bowler
3251,Player_3251,4,34,Batsman
3252,Player_3252,15,38,Defender
3253,Player_3253,9,34,Goalkeeper
3254,Player_3254,20,27,Bowler
3255,Player_3255,19,25,Batsman
3256,Player_3256,19,24,Goalkeeper
3257,Player_3257,12,31,Bowler
3258,Player_3258,5,39,Bowler
3259,Player_3259,10,35,Batsman
3260,Player_3260,17,38,Batsman
3261,Player_3261,5,36,Batsman
3262,Player_3262,16,35,Defender
3263,Player_3263,7,31,Bowler
3264,Player_3264,9,27,All-Rounder
3265,Player_3265,3,18,Goalkeeper
3266,Player_3266,15,26,Batsman
3267,Player_3267,16,35,Bowler
3268,Player_3268,18,30,Goalkeeper
3269,Player_3269,14,34,All-Rounder
3270,Player_3270,3,39,Goalkeeper
3271,Player_3271,12,33,All-Rounder
3272,Player_3272,9,28,Batsman
3273,Player_3273,7,26,Defender
3274,Player_3274,9,24,All-Rounder
3275,Player_3275,13,39,Batsman
3276,Player_3276,18,18,Goalkeeper
3277,Player_3277,5,26,Goalkeeper
3278,Player_3278,13,27,Goalkeeper
3279,Player_3279,4,33,Defender
3280,Player_3280,2,38,Bowler
3281,Player_3281,16,35,All-Rounder
3282,Player_3282,9,31,Bowler
3283,Player_3283,9,28,Goalkeeper
3284,Player_3284,6,21,Defender
3285,Player_3285,11,36,Batsman
3286,Player_3286,1,30,Defender
3287,Player_3287,4,18,Bowler
3288,Player_3288,13,38,Goalkeeper
3289,Player_3289,13,36,All-Rounder
3290,Player_3290,13,32,Defender
3291,Player_3291,2,37,Bowler
3292,Player_3292,9,32,Bowler
3293,Player_3293,8,28,Batsman
3294,Player_3294,7,22,All-Rounder
3295,Player_3295,4,39,Bowler
3296,Player_3296,18,27,All-Rounder
3297,Player_3297,3,35,Goalkeeper
3298,Player_3298,6,24,Defender
3299,Player_3299,12,18,Bowler
3300,Player_3300,12,20,Goalkeeper
3301,Player_3301,8,18,Batsman
3302,Player_3302,1,34,All-Rounder
3303,Player_3303,4,32,Goalkeeper
3304,Player_3304,11,22,All-Rounder
3305,Player_3305,3,39,All-Rounder
3306,Player_3306,13,33,Bowler
3307,Player_3307,17,29,All-Rounder
3308,Player_3308,10,36,Goalkeeper
3309,Player_3309,12,31,Batsman
3310,Player_3310,15,20,Bowler
3311,Player_3311,10,36,Defender
3312,Player_3312,14,18,Batsman
3313,Player_3313,13,38,Goalkeeper
3314,Player_3314,5,18,Bowler
3315,Player_3315,6,27,All-Rounder
3316,Player_3316,2,20,Batsman
3317,Player_3317,17,30,Bowler
3318,Player_3318,4,23,Defender
3319,Player_3319,14,28,Defender
3320,Player_3320,10,23,Defender
3321,Player_3321,3,20,Bowler
3322,Player_3322,3,33,Batsman
3323,Player_3323,15,26,All-Rounder
3324,Player_3324,6,25,Batsman
3325,Player_3325,17,20,All-Rounder
3326,Player_3326,12,22,Batsman
3327,Player_3327,20,38,Batsman
3328,Player_3328,11,31,Bowler
3329,Player_3329,4,22,Defender
3330,Player_3330,6,36,Defender
3331,Player_3331,1,22,Defender
3332,Player_3332,20,38,Defender
3333,Player_3333,16,37,Batsman
3334,Player_3334,15,37,Defender
3335,Player_3335,17,19,Batsman
3336,Player_3336,8,24,All-Rounder
3337,Player_3337,12,18,Goalkeeper
3338,Player_3338,10,38,Goalkeeper
3339,Player_3339,15,35,All-Rounder
3340,Player_3340,9,27,Batsman
3341,Player_3341,2,23,Defender
3342,Player_3342,5,24,Bowler
3343,Player_3343,6,29,Batsman
3344,Player_3344,7,35,Batsman
3345,Player_3345,1,28,All-Rounder
3346,Player_3346,7,39,All-Rounder
3347,Player_3347,20,36,Bowler
3348,Player_3348,12,21,Defender
3349,Player_3349,16,36,Goalkeeper
3350,Player_3350,16,30,Defender
3351,Player_3351,11,36,Defender
3352,Player_3352,4,19,Batsman
3353,Player_3353,13,26,Bowler
3354,Player_3354,7,25,Batsman
3355,Player_3355,4,38,All-Rounder
3356,Player_3356,15,31,Goalkeeper
3357,Player_3357,19,26,Bowler
3358,Player_3358,9,30,Bowler
3359,Player_3359,11,35,Defender
3360,Player_3360,8,23,Batsman
3361,Player_3361,1,39,Defender
3362,Player_3362,8,20,Defender
3363,Player_3363,13,27,Bowler
3364,Player_3364,4,27,Goalkeeper
3365,Player_3365,8,27,All-Rounder
3366,Player_3366,3,26,Defender
3367,Player_3367,9,29,Goalkeeper
3368,Player_3368,2,25,Defender
3369,Player_3369,2,26,Goalkeeper
3370,Player_3370,13,34,Batsman
3371,Player_3371,15,25,All-Rounder
3372,Player_3372,12,35,Bowler
3373,Player_3373,4,37,Batsman
3374,Player_3374,8,34,Defender
3375,Player_3375,9,23,Defender
3376,Player_3376,5,27,All-Rounder
3377,Player_3377,20,18,All-Rounder
3378,Player_3378,18,38,All-Rounder
3379,Player_3379,11,18,Defender
3380,Player_3380,15,26,Defender
3381,Player_3381,9,37,Bowler
3382,Player_3382,17,20,All-Rounder
3383,Player_3383,12,23,Goalkeeper
3384,Player_3384,7,24,Bowler
3385,Player_3385,10,26,Goalkeeper
3386,Player_3386,10,22,Batsman
3387,Player_3387,13,33,All-Rounder
3388,Player_3388,19,19,Bowler
3389,Player_3389,11,20,Bowler
3390,Player_3390,13,20,Batsman
3391,Player_3391,8,37,Batsman
3392,Player_3392,8,27,Batsman
3393,Player_3393,4,39,Bowler
3394,Player_3394,15,20,Defender
3395,Player_3395,11,32,Goalkeeper
3396,Player_3396,11,31,Goalkeeper
3397,Player_3397,1,21,Batsman
3398,Player_3398,17,27,Defender
3399,Player_3399,15,28,Defender
3400,Player_3400,20,28,Batsman
3401,Player_3401,6,25,All-Rounder
3402,Player_3402,15,26,Bowler
3403,Player_3403,9,25,All-Rounder
3404,Player_3404,14,29,Defender
3405,Player_3405,18,34,Batsman
3406,Player_3406,17,32,Bowler
3407,Player_3407,18,36,Goalkeeper
3408,Player_3408,5,37,Defender
3409,Player_3409,20,23,Bowler
3410,Player_3410,20,22,Bowler
3411,Player_3411,9,25,All-Rounder
3412,Player_3412,11,35,Goalkeeper
3413,Player_3413,1,38,All-Rounder
3414,Player_3414,18,38,All-Rounder
3415,Player_3415,6,32,All-Rounder
3416,Player_3416,2,20,All-Rounder
3417,Player_3417,15,31,Defender
3418,Player_3418,14,32,Goalkeeper
3419,Player_3419,5,30,All-Rounder
3420,Player_3420,6,38,Defender
3421,Player_3421,6,37,Defender
3422,Player_3422,18,38,Bowler
3423,Player_3423,14,26,Bowler
3424,Player_3424,10,34,Batsman
3425,Player_3425,14,36,Defender
3426,Player_3426,13,21,Batsman
3427,Player_3427,3,37,Defender
3428,Player_3428,6,27,All-Rounder
3429,Player_3429,8,39,All-Rounder
3430,Player_3430,12,20,Batsman
3431,Player_3431,13,36,All-Rounder
3432,Player_3432,11,26,All-Rounder
3433,Player_3433,12,22,Bowler
3434,Player_3434,1,31,All-Rounder
3435,Player_3435,17,24,Bowler
3436,Player_3436,16,38,Goalkeeper
3437,Player_3437,11,23,Defender
3438,Player_3438,13,25,Bowler
3439,Player_3439,18,19,Bowler
3440,Player_3440,11,31,Bowler
3441,Player_3441,12,39,Defender
3442,Player_3442,6,24,Defender
3443,Player_3443,9,20,Defender
3444,Player_3444,16,37,All-Rounder
3445,Player_3445,4,39,Bowler
3446,Player_3446,3,23,Defender
3447,Player_3447,16,38,Goalkeeper
3448,Player_3448,12,31,Defender
3449,Player_3449,11,29,Batsman
3450,Player_3450,5,35,Batsman
3451,Player_3451,18,29,Bowler
3452,Player_3452,19,24,Bowler
3453,Player_3453,6,22,Bowler
3454,Player_3454,18,29,All-Rounder
3455,Player_3455,6,26,Batsman
3456,Player_3456,4,28,Batsman
3457,Player_3457,12,21,Bowler
3458,Player_3458,19,31,Batsman
3459,Player_3459,2,29,Batsman
3460,Player_3460,17,35,All-Rounder
3461,Player_3461,11,24,Goalkeeper
3462,Player_3462,11,18,Bowler
3463,Player_3463,16,30,Goalkeeper
3464,Player_3464,2,33,Goalkeeper
3465,Player_3465,2,22,All-Rounder
3466,Player_3466,8,36,Batsman
3467,Player_3467,13,26,Bowler
3468,Player_3468,10,26,Defender
3469,Player_3469,8,29,Goalkeeper
3470,Player_3470,4,35,Goalkeeper
3471,Player_3471,15,27,All-Rounder
3472,Player_3472,1,34,Goalkeeper
3473,Player_3473,11,36,Goalkeeper
3474,Player_3474,7,28,Goalkeeper
3475,Player_3475,17,33,All-Rounder
3476,Player_3476,20,25,Batsman
3477,Player_3477,18,32,Goalkeeper
3478,Player_3478,12,28,Bowler
3479,Player_3479,9,24,Goalkeeper
3480,Player_3480,5,19,Goalkeeper
3481,Player_3481,10,36,Bowler
3482,Player_3482,4,26,All-Rounder
3483,Player_3483,5,35,Defender
3484,Player_3484,10,30,Bowler
3485,Player_3485,11,18,Defender
3486,Player_3486,10,36,Batsman
3487,Player_3487,8,30,Batsman
3488,Player_3488,2,31,Goalkeeper
3489,Player_3489,8,34,Goalkeeper
3490,Player_3490,16,39,All-Rounder
3491,Player_3491,5,37,Defender
3492,Player_3492,3,18,Batsman
3493,Player_3493,12,22,Batsman
3494,Player_3494,13,37,Goalkeeper
3495,Player_3495,13,31,Goalkeeper
3496,Player_3496,10,35,All-Rounder
3497,Player_3497,4,30,Goalkeeper
3498,Player_3498,9,29,Goalkeeper
3499,Player_3499,2,32,All-Rounder
3500,Player_3500,19,21,Goalkeeper
3501,Player_3501,1,26,Goalkeeper
3502,Player_3502,7,20,Goalkeeper
3503,Player_3503,17,39,Defender
3504,Player_3504,3,28,Batsman
3505,Player_3505,20,32,Bowler
3506,Player_3506,20,33,Batsman
3507,Player_3507,3,24,Defender
3508,Player_3508,3,24,Bowler
3509,Player_3509,17,39,Batsman
3510,Player_3510,7,26,All-Rounder
3511,Player_3511,14,34,Defender
3512,Player_3512,17,30,All-Rounder
3513,Player_3513,18,26,All-Rounder
3514,Player_3514,13,26,Batsman
3515,Player_3515,20,37,Bowler
3516,Player_3516,20,29,Goalkeeper
3517,Player_3517,18,38,Goalkeeper
3518,Player_3518,4,36,Defender
3519,Player_3519,1,32,All-Rounder
3520,Player_3520,18,35,Defender
3521,Player_3521,1,25,Batsman
3522,Player_3522,13,23,All-Rounder
3523,Player_3523,20,23,Goalkeeper
3524,Player_3524,20,20,Batsman
3525,Player_3525,10,20,Batsman
3526,Player_3526,11,19,Defender
3527,Player_3527,9,22,Defender
3528,Player_3528,9,37,Bowler
3529,Player_3529,5,29,Goalkeeper
3530,Player_3530,1,23,Goalkeeper
3531,Player_3531,17,33,Defender
3532,Player_3532,2,22,Goalkeeper
3533,Player_3533,13,23,Goalkeeper
3534,Player_3534,9,21,Batsman
3535,Player_3535,4,31,All-Rounder
3536,Player_3536,5,20,All-Rounder
3537,Player_3537,11,34,Bowler
3538,Player_3538,19,22,All-Rounder
3539,Player_3539,3,39,Goalkeeper
3540,Player_3540,12,38,Batsman
3541,Player_3541,19,38,All-Rounder
3542,Player_3542,19,23,Goalkeeper
3543,Player_3543,13,37,Goalkeeper
3544,Player_3544,7,21,Defender
3545,Player_3545,15,30,Defender
3546,Player_3546,7,25,All-Rounder
3547,Player_3547,8,28,Defender
3548,Player_3548,5,36,Goalkeeper
3549,Player_3549,14,22,Goalkeeper
3550,Player_3550,4,22,Defender
3551,Player_3551,10,20,Batsman
3552,Player_3552,20,19,Defender
3553,Player_3553,15,20,Batsman
3554,Player_3554,18,32,Defender
3555,Player_3555,20,24,Goalkeeper
3556,Player_3556,13,20,Goalkeeper
3557,Player_3557,8,32,Defender
3558,Player_3558,9,28,Bowler
3559,Player_3559,16,33,Batsman
3560,Player_3560,19,30,Bowler
3561,Player_3561,16,19,Goalkeeper
3562,Player_3562,7,37,Batsman
3563,Player_3563,14,29,Defender
3564,Player_3564,14,38,Batsman
3565,Player_3565,4,24,Batsman
3566,Player_3566,15,18,All-Rounder
3567,Player_3567,3,31,Batsman
3568,Player_3568,5,27,Goalkeeper
3569,Player_3569,1,20,Bowler
3570,Player_3570,3,28,Bowler
3571,Player_3571,15,39,Defender
3572,Player_3572,8,37,All-Rounder
3573,Player_3573,4,38,Bowler
3574,Player_3574,2,32,Bowler
3575,Player_3575,10,23,Batsman
3576,Player_3576,4,35,Goalkeeper
3577,Player_3577,3,30,Goalkeeper
3578,Player_3578,2,32,Defender
3579,Player_3579,17,20,Goalkeeper
3580,Player_3580,20,32,Bowler
3581,Player_3581,13,18,Batsman
3582,Player_3582,5,27,Goalkeeper
3583,Player_3583,9,35,All-Rounder
3584,Player_3584,6,25,All-Rounder
3585,Player_3585,5,29,All-Rounder
3586,Player_3586,10,22,Goalkeeper
3587,Player_3587,8,18,Batsman
3588,Player_3588,7,25,Goalkeeper
3589,Player_3589,7,22,Bowler
3590,Player_3590,6,34,Goalkeeper
3591,Player_3591,20,32,All-Rounder
3592,Player_3592,3,21,All-Rounder
3593,Player_3593,19,30,Batsman
3594,Player_3594,15,34,Defender
3595,Player_3595,4,30,All-Rounder
3596,Player_3596,12,19,All-Rounder
3597,Player_3597,6,21,Defender
3598,Player_3598,19,19,Goalkeeper
3599,Player_3599,4,29,All-Rounder
3600,Player_3600,15,36,Batsman
3601,Player_3601,9,35,Goalkeeper
3602,Player_3602,5,27,Goalkeeper
3603,Player_3603,13,22,All-Rounder
3604,Player_3604,18,28,Goalkeeper
3605,Player_3605,5,18,Goalkeeper
3606,Player_3606,16,20,Batsman
3607,Player_3607,19,34,Goalkeeper
3608,Player_3608,14,32,All-Rounder
3609,Player_3609,16,31,All-Rounder
3610,Player_3610,15,32,Defender
3611,Player_3611,4,33,Bowler
3612,Player_3612,7,21,Defender
3613,Player_3613,16,36,Batsman
3614,Player_3614,8,25,Batsman
3615,Player_3615,17,23,All-Rounder
3616,Player_3616,16,33,Bowler
3617,Player_3617,10,20,Defender
3618,Player_3618,10,25,Bowler
3619,Player_3619,2,22,All-Rounder
3620,Player_3620,9,22,Goalkeeper
3621,Player_3621,17,29,All-Rounder
3622,Player_3622,11,18,All-Rounder
3623,Player_3623,10,24,Bowler
3624,Player_3624,17,28,Batsman
3625,Player_3625,4,27,Goalkeeper
3626,Player_3626,16,20,Goalkeeper
3627,Player_3627,20,25,Batsman
3628,Player_3628,15,18,Bowler
3629,Player_3629,5,25,Bowler
3630,Player_3630,6,37,Batsman
3631,Player_3631,17,28,Defender
3632,Player_3632,1,24,Bowler
3633,Player_3633,19,33,Batsman
3634,Player_3634,4,24,Defender
3635,Player_3635,17,30,All-Rounder
3636,Player_3636,9,27,Goalkeeper
3637,Player_3637,2,34,Batsman
3638,Player_3638,8,20,Bowler
3639,Player_3639,15,24,Goalkeeper
3640,Player_3640,7,28,Defender
3641,Player_3641,6,30,Goalkeeper
3642,Player_3642,1,22,Batsman
3643,Player_3643,15,36,All-Rounder
3644,Player_3644,7,32,Defender
3645,Player_3645,17,18,Defender
3646,Player_3646,2,22,Defender
3647,Player_3647,9,30,Goalkeeper
3648,Player_3648,9,27,All-Rounder
3649,Player_3649,13,22,Batsman
3650,Player_3650,6,18,Batsman
3651,Player_3651,6,27,Goalkeeper
3652,Player_3652,20,35,Batsman
3653,Player_3653,20,39,Batsman
3654,Player_3654,3,25,All-Rounder
3655,Player_3655,17,37,Goalkeeper
3656,Player_3656,17,20,Goalkeeper
3657,Player_3657,12,36,Defender
3658,Player_3658,16,36,Batsman
3659,Player_3659,15,19,Bowler
3660,Player_3660,13,34,All-Rounder
3661,Player_3661,1,33,All-Rounder
3662,Player_3662,17,38,Bowler
3663,Player_3663,3,27,Defender
3664,Player_3664,15,38,Bowler
3665,Player_3665,4,33,Bowler
3666,Player_3666,4,22,Defender
3667,Player_3667,18,37,Bowler
3668,Player_3668,17,20,Defender
3669,Player_3669,19,20,Batsman
3670,Player_3670,11,19,Defender
3671,Player_3671,20,38,Goalkeeper
3672,Player_3672,3,21,Goalkeeper
3673,Player_3673,8,39,Bowler
3674,Player_3674,14,35,Goalkeeper
3675,Player_3675,1,19,Defender
3676,Player_3676,14,23,Batsman
3677,Player_3677,2,20,Defender
3678,Player_3678,4,38,All-Rounder
3679,Player_3679,19,20,Bowler
3680,Player_3680,6,19,Batsman
3681,Player_3681,1,20,Bowler
3682,Player_3682,17,34,All-Rounder
3683,Player_3683,8,31,Goalkeeper
3684,Player_3684,19,24,All-Rounder
3685,Player_3685,1,39,Goalkeeper
3686,Player_3686,5,38,Bowler
3687,Player_3687,16,23,Bowler
3688,Player_3688,6,25,Bowler
3689,Player_3689,8,36,Defender
3690,Player_3690,13,36,Batsman
3691,Player_3691,16,29,Defender
3692,Player_3692,3,22,All-Rounder
3693,Player_3693,19,22,Batsman
3694,Player_3694,12,31,Bowler
3695,Player_3695,16,34,Bowler
3696,Player_3696,11,33,Bowler
3697,Player_3697,10,21,Goalkeeper
3698,Player_3698,20,25,All-Rounder
3699,Player_3699,4,20,Defender
3700,Player_3700,12,38,All-Rounder
3701,Player_3701,2,22,Goalkeeper
3702,Player_3702,19,24,Goalkeeper
3703,Player_3703,5,35,All-Rounder
3704,Player_3704,8,25,Goalkeeper
3705,Player_3705,7,28,Batsman
3706,Player_3706,14,31,Bowler
3707,Player_3707,3,35,Defender
3708,Player_3708,18,30,Goalkeeper
3709,Player_3709,16,23,Defender
3710,Player_3710,19,30,Bowler
3711,Player_3711,19,18,All-Rounder
3712,Player_3712,18,28,Bowler
3713,Player_3713,20,24,Defender
3714,Player_3714,16,27,Batsman
3715,Player_3715,8,19,All-Rounder
3716,Player_3716,1,33,Goalkeeper
3717,Player_3717,17,22,Batsman
3718,Player_3718,12,33,Bowler
3719,Player_3719,11,33,Defender
3720,Player_3720,5,32,Defender
3721,Player_3721,12,26,Defender
3722,Player_3722,17,18,Bowler
3723,Player_3723,6,26,All-Rounder
3724,Player_3724,1,28,Goalkeeper
3725,Player_3725,5,22,Batsman
3726,Player_3726,14,23,Bowler
3727,Player_3727,5,25,Defender
3728,Player_3728,1,32,Goalkeeper
3729,Player_3729,18,33,Defender
3730,Player_3730,16,35,Bowler
3731,Player_3731,9,29,Defender
3732,Player_3732,19,21,Bowler
3733,Player_3733,5,39,Defender
3734,Player_3734,2,33,Bowler
3735,Player_3735,15,28,Defender
3736,Player_3736,7,39,Goalkeeper
3737,Player_3737,4,39,Goalkeeper
3738,Player_3738,1,24,Defender
3739,Player_3739,13,32,Defender
3740,Player_3740,20,34,Bowler
3741,Player_3741,7,32,Bowler
3742,Player_3742,15,27,Bowler
3743,Player_3743,14,21,All-Rounder
3744,Player_3744,19,39,Defender
3745,Player_3745,20,34,Defender
3746,Player_3746,18,21,Defender
3747,Player_3747,10,39,Defender
3748,Player_3748,9,39,Bowler
3749,Player_3749,8,28,Bowler
3750,Player_3750,10,21,All-Rounder
3751,Player_3751,17,29,Bowler
3752,Player_3752,2,27,Defender
3753,Player_3753,6,31,Defender
3754,Player_3754,5,35,Batsman
3755,Player_3755,9,23,Bowler
3756,Player_3756,5,22,Batsman
3757,Player_3757,18,19,Defender
3758,Player_3758,20,30,Bowler
3759,Player_3759,9,31,Defender
3760,Player_3760,17,20,Batsman
3761,Player_3761,17,28,Batsman
3762,Player_3762,12,39,Goalkeeper
3763,Player_3763,7,21,Goalkeeper
3764,Player_3764,3,30,Bowler
3765,Player_3765,10,25,Bowler
3766,Player_3766,2,25,Bowler
3767,Player_3767,3,30,Bowler
3768,Player_3768,16,27,Bowler
3769,Player_3769,2,30,Bowler
3770,Player_3770,10,30,Bowler
3771,Player_3771,6,34,Batsman
3772,Player_3772,11,23,Batsman
3773,Player_3773,7,19,Batsman
3774,Player_3774,15,34,Defender
3775,Player_3775,6,29,All-Rounder
3776,Player_3776,20,23,Defender
3777,Player_3777,9,22,Bowler
3778,Player_3778,20,22,All-Rounder
3779,Player_3779,12,26,Batsman
3780,Player_3780,19,39,Batsman
3781,Player_3781,20,20,Goalkeeper
3782,Player_3782,3,37,Bowler
3783,Player_3783,15,22,Bowler
3784,Player_3784,2,24,Goalkeeper
3785,Player_3785,2,29,Defender
3786,Player_3786,3,24,Goalkeeper
3787,Player_3787,6,27,Bowler
3788,Player_3788,15,25,Batsman
3789,Player_3789,10,34,Goalkeeper
3790,Player_3790,9,22,All-Rounder
3791,Player_3791,1,32,Batsman
3792,Player_3792,16,26,Defender
3793,Player_3793,6,28,Batsman
3794,Player_3794,9,30,Defender
3795,Player_3795,4,35,Batsman
3796,Player_3796,2,34,Bowler
3797,Player_3797,4,26,Defender
3798,Player_3798,1,27,Defender
3799,Player_3799,19,22,Goalkeeper
3800,Player_3800,10,28,Batsman
3801,Player_3801,15,39,Defender
3802,Player_3802,19,32,Defender
3803,Player_3803,16,19,Batsman
3804,Player_3804,4,38,Batsman
3805,Player_3805,2,37,All-Rounder
3806,Player_3806,13,31,Goalkeeper
3807,Player_3807,1,22,Defender
3808,Player_3808,17,23,Batsman
3809,Player_3809,13,39,Defender
3810,Player_3810,4,32,All-Rounder
3811,Player_3811,7,21,All-Rounder
3812,Player_3812,17,27,Defender
3813,Player_3813,9,36,Goalkeeper
3814,Player_3814,4,26,Bowler
3815,Player_3815,19,38,Defender
3816,Player_3816,1,27,All-Rounder
3817,Player_3817,10,21,Goalkeeper
3818,Player_3818,4,39,Batsman
3819,Player_3819,9,21,Goalkeeper
3820,Player_3820,13,23,Goalkeeper
3821,Player_3821,14,25,Defender
3822,Player_3822,10,33,Goalkeeper
3823,Player_3823,6,25,Batsman
3824,Player_3824,16,33,Defender
3825,Player_3825,6,23,All-Rounder
3826,Player_3826,17,34,Batsman
3827,Player_3827,10,18,Defender
3828,Player_3828,18,36,Defender
3829,Player_3829,18,35,Bowler
3830,Player_3830,3,34,Batsman
3831,Player_3831,20,34,Goalkeeper
3832,Player_3832,15,29,Batsman
3833,Player_3833,15,29,Batsman
3834,Player_3834,4,23,Bowler
3835,Player_3835,9,24,Goalkeeper
3836,Player_3836,19,25,Bowler
3837,Player_3837,17,20,Bowler
3838,Player_3838,11,34,Bowler
3839,Player_3839,9,38,Batsman
3840,Player_3840,10,25,Bowler
3841,Player_3841,18,28,All-Rounder
3842,Player_3842,20,37,Goalkeeper
3843,Player_3843,13,35,Goalkeeper
3844,Player_3844,8,33,Bowler
3845,Player_3845,7,30,Batsman
3846,Player_3846,17,26,Defender
3847,Player_3847,15,36,Defender
3848,Player_3848,20,24,Batsman
3849,Player_3849,15,34,Bowler
3850,Player_3850,1,25,Bowler
3851,Player_3851,14,25,All-Rounder
3852,Player_3852,5,20,Defender
3853,Player_3853,11,33,Defender
3854,Player_3854,16,29,Goalkeeper
3855,Player_3855,2,32,Bowler
3856,Player_3856,8,38,Batsman
3857,Player_3857,11,21,Bowler
3858,Player_3858,18,24,Bowler
3859,Player_3859,3,28,All-Rounder
3860,Player_3860,1,22,Batsman
3861,Player_3861,11,30,All-Rounder
3862,Player_3862,16,28,All-Rounder
3863,Player_3863,18,22,All-Rounder
3864,Player_3864,16,25,All-Rounder
3865,Player_3865,10,38,Bowler
3866,Player_3866,18,34,Goalkeeper
3867,Player_3867,6,28,Bowler
3868,Player_3868,19,36,All-Rounder
3869,Player_3869,4,35,All-Rounder
3870,Player_3870,13,27,Goalkeeper
3871,Player_3871,14,22,Defender
3872,Player_3872,3,18,Batsman
3873,Player_3873,10,34,All-Rounder
3874,Player_3874,6,34,All-Rounder
3875,Player_3875,1,18,Bowler
3876,Player_3876,14,18,All-Rounder
3877,Player_3877,8,39,All-Rounder
3878,Player_3878,19,26,Batsman
3879,Player_3879,14,21,Bowler
3880,Player_3880,10,26,Defender
3881,Player_3881,17,31,All-Rounder
3882,Player_3882,9,32,All-Rounder
3883,Player_3883,6,33,Defender
3884,Player_3884,11,33,Goalkeeper
3885,Player_3885,7,30,Defender
3886,Player_3886,17,31,Defender
3887,Player_3887,1,39,Bowler
3888,Player_3888,5,38,Defender
3889,Player_3889,9,26,Bowler
3890,Player_3890,18,26,Defender
3891,Player_3891,2,38,All-Rounder
3892,Player_3892,11,21,All-Rounder
3893,Player_3893,6,27,Goalkeeper
3894,Player_3894,8,20,Defender
3895,Player_3895,4,38,Batsman
3896,Player_3896,18,26,Defender
3897,Player_3897,11,36,Batsman
3898,Player_3898,5,33,Defender
3899,Player_3899,15,33,Bowler
3900,Player_3900,18,34,All-Rounder
3901,Player_3901,2,35,Batsman
3902,Player_3902,11,27,Batsman
3903,Player_3903,13,38,Defender
3904,Player_3904,4,36,All-Rounder
3905,Player_3905,7,39,Goalkeeper
3906,Player_3906,11,32,Batsman
3907,Player_3907,4,32,All-Rounder
3908,Player_3908,15,28,All-Rounder
3909,Player_3909,1,25,Batsman
3910,Player_3910,3,39,Bowler
3911,Player_3911,14,33,Bowler
3912,Player_3912,6,27,Defender
3913,Player_3913,18,26,Defender
3914,Player_3914,1,32,All-Rounder
3915,Player_3915,6,39,Batsman
3916,Player_3916,6,22,Bowler
3917,Player_3917,16,37,All-Rounder
3918,Player_3918,5,19,Bowler
3919,Player_3919,17,39,Batsman
3920,Player_3920,10,33,Bowler
3921,Player_3921,18,35,Goalkeeper
3922,Player_3922,7,33,Defender
3923,Player_3923,3,22,Bowler
3924,Player_3924,13,18,Batsman
3925,Player_3925,15,36,Batsman
3926,Player_3926,20,27,Goalkeeper
3927,Player_3927,19,38,Batsman
3928,Player_3928,3,30,Goalkeeper
3929,Player_3929,4,28,All-Rounder
3930,Player_3930,5,32,Bowler
3931,Player_3931,1,19,Batsman
3932,Player_3932,4,23,Defender
3933,Player_3933,12,38,Bowler
3934,Player_3934,10,28,Goalkeeper
3935,Player_3935,20,32,Bowler
3936,Player_3936,13,26,Bowler
3937,Player_3937,14,29,Batsman
3938,Player_3938,5,21,Defender
3939,Player_3939,4,31,All-Rounder
3940,Player_3940,14,39,Defender
3941,Player_3941,10,20,Goalkeeper
3942,Player_3942,17,38,Defender
3943,Player_3943,10,34,Defender
3944,Player_3944,7,30,Goalkeeper
3945,Player_3945,16,25,Defender
3946,Player_3946,1,29,All-Rounder
3947,Player_3947,17,29,Bowler
3948,Player_3948,9,29,All-Rounder
3949,Player_3949,6,19,Bowler
3950,Player_3950,19,27,Bowler
3951,Player_3951,13,26,Defender
3952,Player_3952,3,18,Bowler
3953,Player_3953,7,21,Goalkeeper
3954,Player_3954,9,31,All-Rounder
3955,Player_3955,5,33,Bowler
3956,Player_3956,10,35,Defender
3957,Player_3957,17,19,Defender
3958,Player_3958,12,23,Defender
3959,Player_3959,16,20,Batsman
3960,Player_3960,3,37,All-Rounder
3961,Player_3961,9,36,Defender
3962,Player_3962,15,30,Goalkeeper
3963,Player_3963,5,34,Defender
3964,Player_3964,13,31,Batsman
3965,Player_3965,14,39,All-Rounder
3966,Player_3966,20,28,Bowler
3967,Player_3967,15,33,All-Rounder
3968,Player_3968,16,28,Bowler
3969,Player_3969,13,35,Bowler
3970,Player_3970,17,19,Defender
3971,Player_3971,8,38,Goalkeeper
3972,Player_3972,2,25,Goalkeeper
3973,Player_3973,5,31,Defender
3974,Player_3974,6,19,Batsman
3975,Player_3975,12,30,Bowler
3976,Player_3976,18,27,Goalkeeper
3977,Player_3977,1,25,All-Rounder
3978,Player_3978,17,24,Batsman
3979,Player_3979,11,30,Defender
3980,Player_3980,10,36,Batsman
3981,Player_3981,19,32,Goalkeeper
3982,Player_3982,14,39,Defender
3983,Player_3983,10,19,Goalkeeper
3984,Player_3984,15,39,Bowler
3985,Player_3985,19,22,Batsman
3986,Player_3986,4,36,Bowler
3987,Player_3987,2,18,All-Rounder
3988,Player_3988,9,24,Bowler
3989,Player_3989,10,35,Batsman
3990,Player_3990,11,18,All-Rounder
3991,Player_3991,14,18,Goalkeeper
3992,Player_3992,7,24,All-Rounder
3993,Player_3993,15,34,Batsman
3994,Player_3994,19,23,Defender
3995,Player_3995,15,37,All-Rounder
3996,Player_3996,8,29,Goalkeeper
3997,Player_3997,11,37,All-Rounder
3998,Player_3998,9,32,Bowler
3999,Player_3999,15,30,Defender
4000,Player_4000,1,29,Batsman
4001,Player_4001,1,38,Defender
4002,Player_4002,19,19,Bowler
4003,Player_4003,3,38,Defender
4004,Player_4004,10,35,Bowler
4005,Player_4005,8,21,All-Rounder
4006,Player_4006,15,27,Batsman
4007,Player_4007,10,28,Bowler
4008,Player_4008,1,38,Bowler
4009,Player_4009,18,23,All-Rounder
4010,Player_4010,2,23,Bowler
4011,Player_4011,19,26,Batsman
4012,Player_4012,13,37,Goalkeeper
4013,Player_4013,1,30,Defender
4014,Player_4014,2,22,Bowler
4015,Player_4015,16,23,Defender
4016,Player_4016,15,21,Defender
4017,Player_4017,13,23,Goalkeeper
4018,Player_4018,16,35,Bowler
4019,Player_4019,17,30,Batsman
4020,Player_4020,7,20,Bowler
4021,Player_4021,17,27,Defender
4022,Player_4022,7,21,All-Rounder
4023,Player_4023,13,32,Goalkeeper
4024,Player_4024,5,29,Batsman
4025,Player_4025,17,32,Batsman
4026,Player_4026,3,38,Defender
4027,Player_4027,7,27,Batsman
4028,Player_4028,17,29,Defender
4029,Player_4029,7,39,Batsman
4030,Player_4030,1,25,Batsman
4031,Player_4031,17,38,Defender
4032,Player_4032,17,38,Goalkeeper
4033,Player_4033,11,20,Batsman
4034,Player_4034,3,24,Bowler
4035,Player_4035,15,35,All-Rounder
4036,Player_4036,11,20,Defender
4037,Player_4037,16,32,Batsman
4038,Player_4038,9,19,Goalkeeper
4039,Player_4039,1,32,Bowler
4040,Player_4040,16,30,Defender
4041,Player_4041,9,37,Bowler
4042,Player_4042,19,27,All-Rounder
4043,Player_4043,12,25,Goalkeeper
4044,Player_4044,19,33,Defender
4045,Player_4045,9,33,Defender
4046,Player_4046,7,19,Batsman
4047,Player_4047,14,26,Bowler
4048,Player_4048,19,25,Defender
4049,Player_4049,19,28,Bowler
4050,Player_4050,2,18,All-Rounder
4051,Player_4051,9,38,Batsman
4052,Player_4052,13,28,All-Rounder
4053,Player_4053,15,35,Batsman
4054,Player_4054,3,38,Batsman
4055,Player_4055,11,32,Bowler
4056,Player_4056,14,26,Batsman
4057,Player_4057,8,26,All-Rounder
4058,Player_4058,18,18,All-Rounder
4059,Player_4059,19,24,All-Rounder
4060,Player_4060,16,29,Bowler
4061,Player_4061,2,27,Bowler
4062,Player_4062,8,36,Goalkeeper
4063,Player_4063,6,33,Defender
4064,Player_4064,12,23,Goalkeeper
4065,Player_4065,15,28,Goalkeeper
4066,Player_4066,8,36,Batsman
4067,Player_4067,4,36,Batsman
4068,Player_4068,15,35,Goalkeeper
4069,Player_4069,20,32,Defender
4070,Player_4070,17,33,Goalkeeper
4071,Player_4071,13,31,Bowler
4072,Player_4072,18,25,All-Rounder
4073,Player_4073,2,25,Goalkeeper
4074,Player_4074,13,19,Batsman
4075,Player_4075,13,23,Defender
4076,Player_4076,15,30,Batsman
4077,Player_4077,20,30,Bowler
4078,Player_4078,10,38,Batsman
4079,Player_4079,3,29,Batsman
4080,Player_4080,19,19,Defender
4081,Player_4081,3,38,Defender
4082,Player_4082,14,37,Batsman
4083,Player_4083,8,29,Batsman
4084,Player_4084,4,34,Goalkeeper
4085,Player_4085,20,23,Bowler
4086,Player_4086,11,24,Goalkeeper
4087,Player_4087,11,23,Defender
4088,Player_4088,11,38,Goalkeeper
4089,Player_4089,2,21,Goalkeeper
4090,Player_4090,17,38,Batsman
4091,Player_4091,9,26,Batsman
4092,Player_4092,2,22,Bowler
4093,Player_4093,15,27,All-Rounder
4094,Player_4094,16,32,All-Rounder
4095,Player_4095,4,25,Goalkeeper
4096,Player_4096,8,21,Bowler
4097,Player_4097,9,22,Bowler
4098,Player_4098,5,24,Defender
4099,Player_4099,16,23,Batsman
4100,Player_4100,13,30,Defender
4101,Player_4101,7,36,All-Rounder
4102,Player_4102,20,27,Bowler
4103,Player_4103,17,32,All-Rounder
4104,Player_4104,3,20,Batsman
4105,Player_4105,5,35,Batsman
4106,Player_4106,19,31,Batsman
4107,Player_4107,12,20,All-Rounder
4108,Player_4108,7,28,Bowler
4109,Player_4109,9,27,Defender
4110,Player_4110,6,34,Bowler
4111,Player_4111,17,30,Bowler
4112,Player_4112,16,19,Goalkeeper
4113,Player_4113,3,30,Bowler
4114,Player_4114,4,36,Defender
4115,Player_4115,10,22,Goalkeeper
4116,Player_4116,5,33,Bowler
4117,Player_4117,10,27,Goalkeeper
4118,Player_4118,12,29,Bowler
4119,Player_4119,10,37,Batsman
4120,Player_4120,13,30,Batsman
4121,Player_4121,11,38,Bowler
4122,Player_4122,16,33,Goalkeeper
4123,Player_4123,8,39,Defender
4124,Player_4124,8,38,Batsman
4125,Player_4125,8,18,Goalkeeper
4126,Player_4126,13,39,Defender
4127,Player_4127,2,26,Goalkeeper
4128,Player_4128,12,33,Bowler
4129,Player_4129,10,36,Batsman
4130,Player_4130,12,32,Batsman
4131,Player_4131,11,35,Batsman
4132,Player_4132,15,39,Bowler
4133,Player_4133,16,29,Defender
4134,Player_4134,17,31,Defender
4135,Player_4135,2,20,Batsman
4136,Player_4136,18,21,Defender
4137,Player_4137,12,23,Batsman
4138,Player_4138,19,33,Defender
4139,Player_4139,18,30,Batsman
4140,Player_4140,17,29,Defender
4141,Player_4141,6,39,Goalkeeper
4142,Player_4142,15,29,Batsman
4143,Player_4143,3,19,Batsman
4144,Player_4144,6,30,All-Rounder
4145,Player_4145,3,20,Batsman
4146,Player_4146,1,30,Defender
4147,Player_4147,13,19,Goalkeeper
4148,Player_4148,14,36,Goalkeeper
4149,Player_4149,13,26,Defender
4150,Player_4150,4,37,Bowler
4151,Player_4151,7,18,Batsman
4152,Player_4152,10,30,Goalkeeper
4153,Player_4153,7,19,Defender
4154,Player_4154,15,32,Goalkeeper
4155,Player_4155,15,36,Goalkeeper
4156,Player_4156,4,33,Defender
4157,Player_4157,6,28,All-Rounder
4158,Player_4158,20,32,Goalkeeper
4159,Player_4159,5,23,Goalkeeper
4160,Player_4160,20,31,Bowler
4161,Player_4161,12,23,All-Rounder
4162,Player_4162,1,36,Bowler
4163,Player_4163,8,22,Defender
4164,Player_4164,1,28,Batsman
4165,Player_4165,5,21,Defender
4166,Player_4166,6,26,All-Rounder
4167,Player_4167,3,26,Defender
4168,Player_4168,15,34,All-Rounder
4169,Player_4169,5,25,Bowler
4170,Player_4170,14,32,Goalkeeper
4171,Player_4171,18,26,Defender
4172,Player_4172,16,22,Defender
4173,Player_4173,6,21,Goalkeeper
4174,Player_4174,14,37,Defender
4175,Player_4175,8,35,Defender
4176,Player_4176,7,26,Batsman
4177,Player_4177,8,38,Batsman
4178,Player_4178,13,20,Goalkeeper
4179,Player_4179,6,39,Bowler
4180,Player_4180,18,26,Defender
4181,Player_4181,2,26,Defender
4182,Player_4182,8,38,Bowler
4183,Player_4183,11,21,Defender
4184,Player_4184,1,38,Bowler
4185,Player_4185,6,24,Goalkeeper
4186,Player_4186,16,24,Goalkeeper
4187,Player_4187,20,25,Bowler
4188,Player_4188,12,38,Bowler
4189,Player_4189,11,18,All-Rounder
4190,Player_4190,10,26,Batsman
4191,Player_4191,3,29,Batsman
4192,Player_4192,13,23,Defender
4193,Player_4193,3,30,Defender
4194,Player_4194,15,22,Bowler
4195,Player_4195,16,38,Bowler
4196,Player_4196,13,36,Batsman
4197,Player_4197,17,18,Defender
4198,Player_4198,3,39,Batsman
4199,Player_4199,20,35,Goalkeeper
4200,Player_4200,11,25,Batsman
4201,Player_4201,19,25,Batsman
4202,Player_4202,11,32,Bowler
4203,Player_4203,16,36,Defender
4204,Player_4204,3,27,Goalkeeper
4205,Player_4205,6,33,Batsman
4206,Player_4206,14,28,Batsman
4207,Player_4207,18,29,Bowler
4208,Player_4208,17,33,All-Rounder
4209,Player_4209,4,33,Defender
4210,Player_4210,15,37,Defender
4211,Player_4211,11,20,Defender
4212,Player_4212,3,26,Batsman
4213,Player_4213,3,25,Batsman
4214,Player_4214,16,27,Batsman
4215,Player_4215,5,30,All-Rounder
4216,Player_4216,10,35,Batsman
4217,Player_4217,19,30,Defender
4218,Player_4218,4,30,Defender
4219,Player_4219,19,32,Bowler
4220,Player_4220,11,30,All-Rounder
4221,Player_4221,2,33,Goalkeeper
4222,Player_4222,10,25,Batsman
4223,Player_4223,11,36,Goalkeeper
4224,Player_4224,20,27,Batsman
4225,Player_4225,16,29,All-Rounder
4226,Player_4226,19,31,All-Rounder
4227,Player_4227,11,23,Defender
4228,Player_4228,14,38,All-Rounder
4229,Player_4229,2,26,Goalkeeper
4230,Player_4230,5,24,Goalkeeper
4231,Player_4231,5,23,All-Rounder
4232,Player_4232,19,39,Goalkeeper
4233,Player_4233,12,18,Batsman
4234,Player_4234,18,38,Bowler
4235,Player_4235,4,31,Defender
4236,Player_4236,17,23,Bowler
4237,Player_4237,10,29,Goalkeeper
4238,Player_4238,20,34,Defender
4239,Player_4239,6,22,Bowler
4240,Player_4240,14,28,Bowler
4241,Player_4241,11,22,Goalkeeper
4242,Player_4242,11,29,Defender
4243,Player_4243,18,20,Defender
4244,Player_4244,18,26,Bowler
4245,Player_4245,11,23,Defender
4246,Player_4246,12,39,Defender
4247,Player_4247,5,19,Batsman
4248,Player_4248,9,19,Goalkeeper
4249,Player_4249,9,39,Goalkeeper
4250,Player_4250,10,29,Batsman
4251,Player_4251,19,25,Bowler
4252,Player_4252,1,19,All-Rounder
4253,Player_4253,7,26,Bowler
4254,Player_4254,4,33,Batsman
4255,Player_4255,1,32,Defender
4256,Player_4256,15,31,Batsman
4257,Player_4257,8,37,Goalkeeper
4258,Player_4258,12,21,Defender
4259,Player_4259,18,21,Bowler
4260,Player_4260,15,28,Defender
4261,Player_4261,17,38,Goalkeeper
4262,Player_4262,14,35,Batsman
4263,Player_4263,14,22,Bowler
4264,Player_4264,18,19,All-Rounder
4265,Player_4265,20,32,All-Rounder
4266,Player_4266,18,28,Batsman
4267,Player_4267,16,34,Bowler
4268,Player_4268,1,33,Bowler
4269,Player_4269,11,32,Defender
4270,Player_4270,15,20,Batsman
4271,Player_4271,12,37,Defender
4272,Player_4272,8,32,Batsman
4273,Player_4273,20,36,Goalkeeper
4274,Player_4274,6,30,Batsman
4275,Player_4275,3,33,Defender
4276,Player_4276,13,29,Bowler
4277,Player_4277,13,34,Batsman
4278,Player_4278,2,33,Bowler
4279,Player_4279,5,26,Goalkeeper
4280,Player_4280,17,23,All-Rounder
4281,Player_4281,6,36,All-Rounder
4282,Player_4282,2,30,Defender
4283,Player_4283,4,38,Batsman
4284,Player_4284,11,25,Goalkeeper
4285,Player_4285,8,29,Goalkeeper
4286,Player_4286,12,26,Bowler
4287,Player_4287,8,39,Defender
4288,Player_4288,11,21,Goalkeeper
4289,Player_4289,20,30,Batsman
4290,Player_4290,8,19,Goalkeeper
4291,Player_4291,8,20,All-Rounder
4292,Player_4292,17,22,Defender
4293,Player_4293,20,35,Bowler
4294,Player_4294,20,38,Batsman
4295,Player_4295,16,31,All-Rounder
4296,Player_4296,14,19,Goalkeeper
4297,Player_4297,11,32,Defender
4298,Player_4298,7,25,Defender
4299,Player_4299,16,33,Batsman
4300,Player_4300,13,20,Bowler
4301,Player_4301,15,37,All-Rounder
4302,Player_4302,16,37,Bowler
4303,Player_4303,9,22,Batsman
4304,Player_4304,3,21,Batsman
4305,Player_4305,19,29,All-Rounder
4306,Player_4306,20,36,Defender
4307,Player_4307,5,32,Defender
4308,Player_4308,10,30,All-Rounder
4309,Player_4309,17,22,Bowler
4310,Player_4310,15,29,All-Rounder
4311,Player_4311,8,36,Defender
4312,Player_4312,15,19,Bowler
4313,Player_4313,14,24,Goalkeeper
4314,Player_4314,20,22,Bowler
4315,Player_4315,7,37,Defender
4316,Player_4316,12,28,Batsman
4317,Player_4317,17,35,Bowler
4318,Player_4318,17,35,Bowler
4319,Player_4319,10,24,Batsman
4320,Player_4320,19,27,Defender
4321,Player_4321,14,37,Goalkeeper
4322,Player_4322,11,31,Goalkeeper
4323,Player_4323,2,37,All-Rounder
4324,Player_4324,18,37,Goalkeeper
4325,Player_4325,7,28,Goalkeeper
4326,Player_4326,12,19,Bowler
4327,Player_4327,2,30,All-Rounder
4328,Player_4328,20,30,Goalkeeper
4329,Player_4329,18,26,Bowler
4330,Player_4330,6,34,All-Rounder
4331,Player_4331,10,32,Bowler
4332,Player_4332,20,39,Batsman
4333,Player_4333,15,38,Defender
4334,Player_4334,5,39,Defender
4335,Player_4335,20,39,Defender
4336,Player_4336,3,33,Goalkeeper
4337,Player_4337,5,27,Defender
4338,Player_4338,8,37,Defender
4339,Player_4339,8,29,All-Rounder
4340,Player_4340,8,22,All-Rounder
4341,Player_4341,12,37,All-Rounder
4342,Player_4342,8,34,Goalkeeper
4343,Player_4343,11,27,Defender
4344,Player_4344,14,23,Goalkeeper
4345,Player_4345,8,38,Goalkeeper
4346,Player_4346,10,37,Goalkeeper
4347,Player_4347,7,23,Goalkeeper
4348,Player_4348,17,29,Goalkeeper
4349,Player_4349,4,38,Goalkeeper
4350,Player_4350,13,36,Defender
4351,Player_4351,4,19,All-Rounder
4352,Player_4352,5,30,Bowler
4353,Player_4353,4,39,Bowler
4354,Player_4354,18,37,Bowler
4355,Player_4355,6,28,Batsman
4356,Player_4356,2,32,All-Rounder
4357,Player_4357,11,30,Defender
4358,Player_4358,14,20,Goalkeeper
4359,Player_4359,5,31,Bowler
4360,Player_4360,6,25,All-Rounder
4361,Player_4361,10,26,Defender
4362,Player_4362,8,32,Bowler
4363,Player_4363,14,35,All-Rounder
4364,Player_4364,3,25,Defender
4365,Player_4365,12,28,All-Rounder
4366,Player_4366,16,22,Goalkeeper
4367,Player_4367,17,32,All-Rounder
4368,Player_4368,1,32,All-Rounder
4369,Player_4369,10,24,Batsman
4370,Player_4370,10,38,Goalkeeper
4371,Player_4371,2,35,All-Rounder
4372,Player_4372,9,29,Goalkeeper
4373,Player_4373,13,29,All-Rounder
4374,Player_4374,16,21,Goalkeeper
4375,Player_4375,18,28,Defender
4376,Player_4376,19,38,Bowler
4377,Player_4377,12,23,Batsman
4378,Player_4378,8,38,Bowler
4379,Player_4379,17,27,All-Rounder
4380,Player_4380,15,32,All-Rounder
4381,Player_4381,10,18,Defender
4382,Player_4382,15,34,All-Rounder
4383,Player_4383,15,20,Goalkeeper
4384,Player_4384,7,28,Bowler
4385,Player_4385,13,35,All-Rounder
4386,Player_4386,17,27,Defender
4387,Player_4387,9,38,Batsman
4388,Player_4388,8,26,Bowler
4389,Player_4389,20,24,Defender
4390,Player_4390,18,28,Defender
4391,Player_4391,13,25,Bowler
4392,Player_4392,16,19,Defender
4393,Player_4393,9,22,Batsman
4394,Player_4394,12,26,Batsman
4395,Player_4395,12,18,All-Rounder
4396,Player_4396,6,34,Goalkeeper
4397,Player_4397,19,27,All-Rounder
4398,Player_4398,7,25,Goalkeeper
4399,Player_4399,3,35,Bowler
4400,Player_4400,16,27,Defender
4401,Player_4401,18,26,All-Rounder
4402,Player_4402,16,21,Defender
4403,Player_4403,7,19,All-Rounder
4404,Player_4404,4,36,All-Rounder
4405,Player_4405,8,27,Batsman
4406,Player_4406,13,34,Goalkeeper
4407,Player_4407,13,20,Bowler
4408,Player_4408,17,38,Defender
4409,Player_4409,17,36,All-Rounder
4410,Player_4410,5,36,Defender
4411,Player_4411,6,39,Batsman
4412,Player_4412,19,36,Bowler
4413,Player_4413,13,36,Goalkeeper
4414,Player_4414,14,32,Goalkeeper
4415,Player_4415,4,35,All-Rounder
4416,Player_4416,7,34,Bowler
4417,Player_4417,8,27,Goalkeeper
4418,Player_4418,13,31,Bowler
4419,Player_4419,6,36,Defender
4420,Player_4420,6,35,Batsman
4421,Player_4421,3,28,Bowler
4422,Player_4422,3,28,Bowler
4423,Player_4423,13,29,Goalkeeper
4424,Player_4424,2,25,All-Rounder
4425,Player_4425,16,33,All-Rounder
4426,Player_4426,6,25,Defender
4427,Player_4427,8,31,Goalkeeper
4428,Player_4428,8,35,Goalkeeper
4429,Player_4429,6,38,Batsman
4430,Player_4430,14,39,All-Rounder
4431,Player_4431,3,21,Goalkeeper
4432,Player_4432,10,34,Defender
4433,Player_4433,3,30,Batsman
4434,Player_4434,12,22,All-Rounder
4435,Player_4435,17,20,All-Rounder
4436,Player_4436,5,26,All-Rounder
4437,Player_4437,20,37,Batsman
4438,Player_4438,9,35,Defender
4439,Player_4439,20,37,Defender
4440,Player_4440,7,36,Goalkeeper
4441,Player_4441,4,36,Goalkeeper
4442,Player_4442,13,38,All-Rounder
4443,Player_4443,13,33,Bowler
4444,Player_4444,10,18,Goalkeeper
4445,Player_4445,18,22,Defender
4446,Player_4446,17,32,All-Rounder
4447,Player_4447,20,29,Defender
4448,Player_4448,20,18,All-Rounder
4449,Player_4449,13,31,Batsman
4450,Player_4450,17,35,Goalkeeper
4451,Player_4451,4,35,Batsman
4452,Player_4452,1,23,Goalkeeper
4453,Player_4453,1,18,Defender
4454,Player_4454,15,34,Defender
4455,Player_4455,13,35,Bowler
4456,Player_4456,17,32,Defender
4457,Player_4457,8,29,All-Rounder
4458,Player_4458,18,30,Bowler
4459,Player_4459,13,37,All-Rounder
4460,Player_4460,14,19,Bowler
4461,Player_4461,8,21,All-Rounder
4462,Player_4462,8,20,Bowler
4463,Player_4463,15,36,Goalkeeper
4464,Player_4464,13,25,Goalkeeper
4465,Player_4465,7,29,Bowler
4466,Player_4466,5,29,Batsman
4467,Player_4467,17,27,Bowler
4468,Player_4468,16,18,Batsman
4469,Player_4469,2,22,All-Rounder
4470,Player_4470,18,37,Bowler
4471,Player_4471,17,28,Batsman
4472,Player_4472,7,26,Bowler
4473,Player_4473,13,31,Goalkeeper
4474,Player_4474,18,20,Goalkeeper
4475,Player_4475,14,22,Bowler
4476,Player_4476,18,38,Bowler
4477,Player_4477,13,26,Defender
4478,Player_4478,11,35,Goalkeeper
4479,Player_4479,16,23,All-Rounder
4480,Player_4480,17,38,Bowler
4481,Player_4481,8,24,Defender
4482,Player_4482,19,33,Bowler
4483,Player_4483,20,25,Goalkeeper
4484,Player_4484,15,27,Batsman
4485,Player_4485,9,22,Batsman
4486,Player_4486,20,28,Goalkeeper
4487,Player_4487,10,38,All-Rounder
4488,Player_4488,12,30,Defender
4489,Player_4489,20,37,Bowler
4490,Player_4490,1,19,Bowler
4491,Player_4491,20,31,Bowler
4492,Player_4492,9,26,Defender
4493,Player_4493,15,27,Defender
4494,Player_4494,1,27,Goalkeeper
4495,Player_4495,12,27,Defender
4496,Player_4496,3,36,Bowler
4497,Player_4497,11,28,Bowler
4498,Player_4498,2,28,Defender
4499,Player_4499,16,20,Defender
4500,Player_4500,9,36,Goalkeeper
4501,Player_4501,15,39,Batsman
4502,Player_4502,12,18,Defender
4503,Player_4503,1,29,Batsman
4504,Player_4504,13,32,All-Rounder
4505,Player_4505,14,31,Batsman
4506,Player_4506,8,20,Defender
4507,Player_4507,8,37,Bowler
4508,Player_4508,12,30,Bowler
4509,Player_4509,1,35,Defender
4510,Player_4510,11,33,Goalkeeper
4511,Player_4511,8,23,Defender
4512,Player_4512,10,27,Defender
4513,Player_4513,19,34,Goalkeeper
4514,Player_4514,11,34,Goalkeeper
4515,Player_4515,7,25,All-Rounder
4516,Player_4516,11,21,All-Rounder
4517,Player_4517,17,32,All-Rounder
4518,Player_4518,1,18,Goalkeeper
4519,Player_4519,8,24,Batsman
4520,Player_4520,6,27,Defender
4521,Player_4521,18,24,All-Rounder
4522,Player_4522,6,18,Batsman
4523,Player_4523,5,34,Defender
4524,Player_4524,13,29,Batsman
4525,Player_4525,19,34,Bowler
4526,Player_4526,8,32,Bowler
4527,Player_4527,9,33,Defender
4528,Player_4528,17,31,Batsman
4529,Player_4529,3,20,Batsman
4530,Player_4530,19,36,Goalkeeper
4531,Player_4531,11,29,All-Rounder
4532,Player_4532,17,36,Defender
4533,Player_4533,19,35,Batsman
4534,Player_4534,2,31,All-Rounder
4535,Player_4535,8,37,Defender
4536,Player_4536,19,26,Batsman
4537,Player_4537,7,20,Bowler
4538,Player_4538,17,29,Batsman
4539,Player_4539,6,37,Bowler
4540,Player_4540,19,34,Bowler
4541,Player_4541,6,22,Goalkeeper
4542,Player_4542,2,25,Goalkeeper
4543,Player_4543,6,36,All-Rounder
4544,Player_4544,5,21,Defender
4545,Player_4545,19,32,All-Rounder
4546,Player_4546,20,36,Goalkeeper
4547,Player_4547,4,32,All-Rounder
4548,Player_4548,17,31,Defender
4549,Player_4549,11,33,Defender
4550,Player_4550,4,27,Batsman
4551,Player_4551,13,31,All-Rounder
4552,Player_4552,20,37,Goalkeeper
4553,Player_4553,17,28,Batsman
4554,Player_4554,9,19,All-Rounder
4555,Player_4555,4,36,Defender
4556,Player_4556,14,20,Goalkeeper
4557,Player_4557,19,21,All-Rounder
4558,Player_4558,3,28,Defender
4559,Player_4559,14,30,Defender
4560,Player_4560,8,35,All-Rounder
4561,Player_4561,1,35,All-Rounder
4562,Player_4562,10,36,Goalkeeper
4563,Player_4563,18,29,Batsman
4564,Player_4564,16,18,Defender
4565,Player_4565,8,23,Batsman
4566,Player_4566,1,20,Batsman
4567,Player_4567,12,34,Defender
4568,Player_4568,8,20,All-Rounder
4569,Player_4569,16,18,Defender
4570,Player_4570,18,20,Batsman
4571,Player_4571,4,21,Goalkeeper
4572,Player_4572,6,23,Defender
4573,Player_4573,12,24,Goalkeeper
4574,Player_4574,9,25,All-Rounder
4575,Player_4575,15,30,All-Rounder
4576,Player_4576,16,21,Goalkeeper
4577,Player_4577,12,23,Goalkeeper
4578,Player_4578,14,28,Defender
4579,Player_4579,13,18,All-Rounder
4580,Player_4580,2,25,Goalkeeper
4581,Player_4581,3,39,Bowler
4582,Player_4582,10,19,Defender
4583,Player_4583,9,25,Defender
4584,Player_4584,20,37,Bowler
4585,Player_4585,8,26,All-Rounder
4586,Player_4586,10,21,Goalkeeper
4587,Player_4587,19,34,Goalkeeper
4588,Player_4588,3,24,All-Rounder
4589,Player_4589,5,27,Bowler
4590,Player_4590,3,22,Bowler
4591,Player_4591,16,27,Bowler
4592,Player_4592,17,29,Defender
4593,Player_4593,15,38,Goalkeeper
4594,Player_4594,3,37,Batsman
4595,Player_4595,12,23,Defender
4596,Player_4596,9,18,Defender
4597,Player_4597,12,20,Goalkeeper
4598,Player_4598,15,24,All-Rounder
4599,Player_4599,2,28,Goalkeeper
4600,Player_4600,18,29,All-Rounder
4601,Player_4601,20,26,Goalkeeper
4602,Player_4602,12,18,Defender
4603,Player_4603,4,21,Bowler
4604,Player_4604,16,19,Defender
4605,Player_4605,16,19,Defender
4606,Player_4606,1,34,Batsman
4607,Player_4607,2,38,Defender
4608,Player_4608,3,19,Defender
4609,Player_4609,20,21,Defender
4610,Player_4610,17,28,Batsman
4611,Player_4611,20,36,All-Rounder
4612,Player_4612,1,30,Batsman
4613,Player_4613,20,39,Bowler
4614,Player_4614,6,38,All-Rounder
4615,Player_4615,15,35,Batsman
4616,Player_4616,14,36,Bowler
4617,Player_4617,20,32,Bowler
4618,Player_4618,15,29,Goalkeeper
4619,Player_4619,14,28,Goalkeeper
4620,Player_4620,5,18,Defender
4621,Player_4621,6,33,All-Rounder
4622,Player_4622,17,30,Batsman
4623,Player_4623,11,23,Defender
4624,Player_4624,16,23,All-Rounder
4625,Player_4625,12,27,Goalkeeper
4626,Player_4626,15,19,Batsman
4627,Player_4627,4,20,Bowler
4628,Player_4628,18,23,Bowler
4629,Player_4629,3,33,Defender
4630,Player_4630,8,23,Defender
4631,Player_4631,3,30,Batsman
4632,Player_4632,8,21,Bowler
4633,Player_4633,18,32,Defender
4634,Player_4634,10,23,Bowler
4635,Player_4635,20,18,Goalkeeper
4636,Player_4636,17,26,Defender
4637,Player_4637,8,29,All-Rounder
4638,Player_4638,11,28,Defender
4639,Player_4639,5,30,Goalkeeper
4640,Player_4640,13,18,Batsman
4641,Player_4641,5,36,Bowler
4642,Player_4642,13,38,Batsman
4643,Player_4643,6,21,Defender
4644,Player_4644,5,22,All-Rounder
4645,Player_4645,9,34,Batsman
4646,Player_4646,16,22,All-Rounder
4647,Player_4647,2,36,Defender
4648,Player_4648,1,20,All-Rounder
4649,Player_4649,8,28,All-Rounder
4650,Player_4650,19,19,Goalkeeper
4651,Player_4651,11,39,Batsman
4652,Player_4652,12,31,Defender
4653,Player_4653,12,23,Goalkeeper
4654,Player_4654,7,36,All-Rounder
4655,Player_4655,13,18,Goalkeeper
4656,Player_4656,8,24,Goalkeeper
4657,Player_4657,9,19,All-Rounder
4658,Player_4658,7,36,Defender
4659,Player_4659,15,18,Bowler
4660,Player_4660,2,26,Goalkeeper
4661,Player_4661,20,38,Batsman
4662,Player_4662,12,34,All-Rounder
4663,Player_4663,1,27,Bowler
4664,Player_4664,8,23,Goalkeeper
4665,Player_4665,5,20,All-Rounder
4666,Player_4666,15,37,All-Rounder
4667,Player_4667,1,32,Goalkeeper
4668,Player_4668,1,38,Batsman
4669,Player_4669,10,39,All-Rounder
4670,Player_4670,10,37,All-Rounder
4671,Player_4671,15,23,Goalkeeper
4672,Player_4672,17,20,Bowler
4673,Player_4673,6,27,All-Rounder
4674,Player_4674,3,29,All-Rounder
4675,Player_4675,13,18,Goalkeeper
4676,Player_4676,16,39,All-Rounder
4677,Player_4677,8,33,Goalkeeper
4678,Player_4678,15,34,Batsman
4679,Player_4679,17,27,Goalkeeper
4680,Player_4680,17,29,Bowler
4681,Player_4681,13,36,All-Rounder
4682,Player_4682,17,25,Batsman
4683,Player_4683,6,25,All-Rounder
4684,Player_4684,17,27,All-Rounder
4685,Player_4685,16,27,Goalkeeper
4686,Player_4686,14,35,All-Rounder
4687,Player_4687,13,27,Batsman
4688,Player_4688,6,24,Defender
4689,Player_4689,3,21,All-Rounder
4690,Player_4690,14,18,Goalkeeper
4691,Player_4691,14,28,Bowler
4692,Player_4692,15,36,All-Rounder
4693,Player_4693,8,22,Goalkeeper
4694,Player_4694,15,25,All-Rounder
4695,Player_4695,13,19,Defender
4696,Player_4696,17,19,Defender
4697,Player_4697,3,31,Batsman
4698,Player_4698,6,26,Defender
4699,Player_4699,5,27,Goalkeeper
4700,Player_4700,17,30,Defender
4701,Player_4701,2,18,Goalkeeper
4702,Player_4702,15,31,All-Rounder
4703,Player_4703,5,19,Batsman
4704,Player_4704,20,21,Batsman
4705,Player_4705,6,36,Defender
4706,Player_4706,6,18,Bowler
4707,Player_4707,18,21,Defender
4708,Player_4708,18,28,Bowler
4709,Player_4709,4,30,Defender
4710,Player_4710,17,35,Goalkeeper
4711,Player_4711,14,27,Goalkeeper
4712,Player_4712,14,22,Bowler
4713,Player_4713,13,18,Batsman
4714,Player_4714,7,31,Bowler
4715,Player_4715,12,33,All-Rounder
4716,Player_4716,15,35,Batsman
4717,Player_4717,19,20,Bowler
4718,Player_4718,11,20,All-Rounder
4719,Player_4719,15,21,All-Rounder
4720,Player_4720,12,24,Defender
4721,Player_4721,3,30,Bowler
4722,Player_4722,17,26,Goalkeeper
4723,Player_4723,3,20,Defender
4724,Player_4724,19,34,Batsman
4725,Player_4725,20,32,Goalkeeper
4726,Player_4726,4,27,All-Rounder
4727,Player_4727,3,32,Batsman
4728,Player_4728,16,18,Defender
4729,Player_4729,12,39,All-Rounder
4730,Player_4730,8,38,All-Rounder
4731,Player_4731,17,27,All-Rounder
4732,Player_4732,7,24,Goalkeeper
4733,Player_4733,11,24,Defender
4734,Player_4734,18,20,Defender
4735,Player_4735,1,24,Goalkeeper
4736,Player_4736,3,26,Defender
4737,Player_4737,4,25,All-Rounder
4738,Player_4738,13,20,All-Rounder
4739,Player_4739,6,22,All-Rounder
4740,Player_4740,14,30,Defender
4741,Player_4741,5,30,Bowler
4742,Player_4742,16,25,Batsman
4743,Player_4743,15,35,Bowler
4744,Player_4744,15,24,Goalkeeper
4745,Player_4745,4,27,Bowler
4746,Player_4746,8,27,Bowler
4747,Player_4747,16,28,Goalkeeper
4748,Player_4748,16,29,Bowler
4749,Player_4749,4,30,Batsman
4750,Player_4750,13,25,Defender
4751,Player_4751,13,34,Goalkeeper
4752,Player_4752,2,31,Bowler
4753,Player_4753,3,34,All-Rounder
4754,Player_4754,8,36,All-Rounder
4755,Player_4755,15,33,Goalkeeper
4756,Player_4756,11,26,All-Rounder
4757,Player_4757,9,37,Batsman
4758,Player_4758,7,27,Bowler
4759,Player_4759,13,26,Batsman
4760,Player_4760,2,18,Batsman
4761,Player_4761,8,20,Defender
4762,Player_4762,7,28,Bowler
4763,Player_4763,12,24,Goalkeeper
4764,Player_4764,19,35,All-Rounder
4765,Player_4765,7,30,Defender
4766,Player_4766,10,35,Batsman
4767,Player_4767,16,33,All-Rounder
4768,Player_4768,3,33,Bowler
4769,Player_4769,10,38,Batsman
4770,Player_4770,6,27,Batsman
4771,Player_4771,18,26,Bowler
4772,Player_4772,18,25,Goalkeeper
4773,Player_4773,5,36,Defender
4774,Player_4774,7,20,Bowler
4775,Player_4775,2,26,All-Rounder
4776,Player_4776,11,19,All-Rounder
4777,Player_4777,13,36,Batsman
4778,Player_4778,5,25,Defender
4779,Player_4779,6,35,Goalkeeper
4780,Player_4780,14,25,Goalkeeper
4781,Player_4781,12,22,All-Rounder
4782,Player_4782,4,23,Goalkeeper
4783,Player_4783,6,27,All-Rounder
4784,Player_4784,10,32,Defender
4785,Player_4785,18,21,Batsman
4786,Player_4786,15,20,All-Rounder
4787,Player_4787,8,26,Defender
4788,Player_4788,9,33,All-Rounder
4789,Player_4789,5,33,Bowler
4790,Player_4790,10,32,All-Rounder
4791,Player_4791,20,26,Defender
4792,Player_4792,6,34,Goalkeeper
4793,Player_4793,16,38,All-Rounder
4794,Player_4794,3,29,Batsman
4795,Player_4795,10,25,Defender
4796,Player_4796,11,31,Goalkeeper
4797,Player_4797,11,35,Defender
4798,Player_4798,17,29,All-Rounder
4799,Player_4799,4,31,Bowler
4800,Player_4800,4,37,Bowler
4801,Player_4801,17,22,Batsman
4802,Player_4802,9,18,Batsman
4803,Player_4803,19,30,Goalkeeper
4804,Player_4804,5,31,Bowler
4805,Player_4805,6,19,All-Rounder
4806,Player_4806,3,33,Defender
4807,Player_4807,1,22,Defender
4808,Player_4808,20,39,Bowler
4809,Player_4809,16,18,Bowler
4810,Player_4810,11,29,Defender
4811,Player_4811,13,36,Goalkeeper
4812,Player_4812,10,39,Defender
4813,Player_4813,3,39,Batsman
4814,Player_4814,9,27,All-Rounder
4815,Player_4815,12,29,Bowler
4816,Player_4816,14,36,Bowler
4817,Player_4817,1,33,Goalkeeper
4818,Player_4818,18,34,Batsman
4819,Player_4819,17,30,Defender
4820,Player_4820,9,24,Batsman
4821,Player_4821,9,20,Batsman
4822,Player_4822,10,22,Goalkeeper
4823,Player_4823,19,21,Goalkeeper
4824,Player_4824,15,32,Defender
4825,Player_4825,5,34,Defender
4826,Player_4826,15,29,All-Rounder
4827,Player_4827,20,31,Batsman
4828,Player_4828,2,21,Defender
4829,Player_4829,13,34,Goalkeeper
4830,Player_4830,16,28,All-Rounder
4831,Player_4831,15,23,All-Rounder
4832,Player_4832,10,21,Goalkeeper
4833,Player_4833,14,30,Defender
4834,Player_4834,10,37,Goalkeeper
4835,Player_4835,14,32,Defender
4836,Player_4836,9,35,Goalkeeper
4837,Player_4837,14,34,Goalkeeper
4838,Player_4838,3,36,Bowler
4839,Player_4839,20,27,Defender
4840,Player_4840,16,22,Batsman
4841,Player_4841,2,29,Bowler
4842,Player_4842,10,32,Bowler
4843,Player_4843,3,21,Bowler
4844,Player_4844,11,25,Bowler
4845,Player_4845,11,37,Batsman
4846,Player_4846,13,39,Bowler
4847,Player_4847,7,34,Batsman
4848,Player_4848,17,23,Batsman
4849,Player_4849,2,33,Bowler
4850,Player_4850,12,22,All-Rounder
4851,Player_4851,10,31,Batsman
4852,Player_4852,18,19,Bowler
4853,Player_4853,11,34,Goalkeeper
4854,Player_4854,16,23,Goalkeeper
4855,Player_4855,17,28,Defender
4856,Player_4856,19,19,Batsman
4857,Player_4857,18,18,Batsman
4858,Player_4858,3,22,Goalkeeper
4859,Player_4859,16,25,Batsman
4860,Player_4860,6,21,Batsman
4861,Player_4861,12,36,Goalkeeper
4862,Player_4862,11,22,Bowler
4863,Player_4863,15,22,Goalkeeper
4864,Player_4864,15,33,All-Rounder
4865,Player_4865,16,39,Goalkeeper
4866,Player_4866,10,35,Goalkeeper
4867,Player_4867,12,28,Bowler
4868,Player_4868,13,34,Goalkeeper
4869,Player_4869,4,20,Goalkeeper
4870,Player_4870,7,35,Bowler
4871,Player_4871,2,21,Goalkeeper
4872,Player_4872,15,36,Bowler
4873,Player_4873,8,26,All-Rounder
4874,Player_4874,7,22,Bowler
4875,Player_4875,15,21,Batsman
4876,Player_4876,14,33,Batsman
4877,Player_4877,8,27,Bowler
4878,Player_4878,12,26,Goalkeeper
4879,Player_4879,13,33,Defender
4880,Player_4880,11,37,Defender
4881,Player_4881,17,39,All-Rounder
4882,Player_4882,17,34,All-Rounder
4883,Player_4883,4,35,Defender
4884,Player_4884,8,32,Defender
4885,Player_4885,5,37,Bowler
4886,Player_4886,16,26,Defender
4887,Player_4887,4,23,Batsman
4888,Player_4888,15,23,All-Rounder
4889,Player_4889,12,28,All-Rounder
4890,Player_4890,5,37,Batsman
4891,Player_4891,16,20,All-Rounder
4892,Player_4892,14,29,Defender
4893,Player_4893,10,32,All-Rounder
4894,Player_4894,7,24,Batsman
4895,Player_4895,13,39,All-Rounder
4896,Player_4896,20,35,Defender
4897,Player_4897,5,39,Bowler
4898,Player_4898,3,32,Defender
4899,Player_4899,15,25,All-Rounder
4900,Player_4900,4,39,Goalkeeper
4901,Player_4901,15,26,All-Rounder
4902,Player_4902,14,32,All-Rounder
4903,Player_4903,20,33,Batsman
4904,Player_4904,19,37,Goalkeeper
4905,Player_4905,13,20,Batsman
4906,Player_4906,10,22,Batsman
4907,Player_4907,5,20,Defender
4908,Player_4908,20,19,Bowler
4909,Player_4909,20,19,All-Rounder
4910,Player_4910,6,21,Goalkeeper
4911,Player_4911,4,20,All-Rounder
4912,Player_4912,2,26,Batsman
4913,Player_4913,16,39,Bowler
4914,Player_4914,18,29,Batsman
4915,Player_4915,5,26,All-Rounder
4916,Player_4916,4,36,Defender
4917,Player_4917,13,29,All-Rounder
4918,Player_4918,19,33,Batsman
4919,Player_4919,2,18,Goalkeeper
4920,Player_4920,13,27,Goalkeeper
4921,Player_4921,11,27,Goalkeeper
4922,Player_4922,4,21,Goalkeeper
4923,Player_4923,20,28,Goalkeeper
4924,Player_4924,20,39,Bowler
4925,Player_4925,15,28,Bowler
4926,Player_4926,4,28,Defender
4927,Player_4927,9,39,Goalkeeper
4928,Player_4928,7,23,Batsman
4929,Player_4929,19,32,Batsman
4930,Player_4930,19,19,All-Rounder
4931,Player_4931,6,38,Goalkeeper
4932,Player_4932,6,39,Batsman
4933,Player_4933,20,20,Defender
4934,Player_4934,15,22,Batsman
4935,Player_4935,15,28,Defender
4936,Player_4936,20,38,Goalkeeper
4937,Player_4937,9,29,All-Rounder
4938,Player_4938,4,20,All-Rounder
4939,Player_4939,18,26,Bowler
4940,Player_4940,18,20,Goalkeeper
4941,Player_4941,5,19,Batsman
4942,Player_4942,20,23,All-Rounder
4943,Player_4943,11,23,Defender
4944,Player_4944,5,34,Defender
4945,Player_4945,4,25,Batsman
4946,Player_4946,12,18,Batsman
4947,Player_4947,2,25,Goalkeeper
4948,Player_4948,13,39,Batsman
4949,Player_4949,10,32,Batsman
4950,Player_4950,9,35,Batsman
4951,Player_4951,10,30,All-Rounder
4952,Player_4952,7,25,Goalkeeper
4953,Player_4953,4,37,Batsman
4954,Player_4954,19,35,Batsman
4955,Player_4955,10,30,Defender
4956,Player_4956,3,31,All-Rounder
4957,Player_4957,19,32,Batsman
4958,Player_4958,2,23,All-Rounder
4959,Player_4959,20,18,Goalkeeper
4960,Player_4960,10,24,Goalkeeper
4961,Player_4961,2,18,Bowler
4962,Player_4962,2,32,Defender
4963,Player_4963,17,23,Bowler
4964,Player_4964,16,22,All-Rounder
4965,Player_4965,16,29,Defender
4966,Player_4966,14,20,Batsman
4967,Player_4967,7,39,Defender
4968,Player_4968,11,37,Defender
4969,Player_4969,1,31,Goalkeeper
4970,Player_4970,11,23,Bowler
4971,Player_4971,4,21,Goalkeeper
4972,Player_4972,7,32,Goalkeeper
4973,Player_4973,15,34,Bowler
4974,Player_4974,18,22,Goalkeeper
4975,Player_4975,12,23,Defender
4976,Player_4976,17,27,All-Rounder
4977,Player_4977,1,26,Batsman
4978,Player_4978,11,21,Batsman
4979,Player_4979,1,26,Goalkeeper
4980,Player_4980,15,25,Bowler
4981,Player_4981,10,20,Defender
4982,Player_4982,7,39,Goalkeeper
4983,Player_4983,2,37,Defender
4984,Player_4984,10,18,Defender
4985,Player_4985,4,37,Batsman
4986,Player_4986,12,22,All-Rounder
4987,Player_4987,19,20,All-Rounder
4988,Player_4988,11,21,Bowler
4989,Player_4989,8,36,All-Rounder
4990,Player_4990,18,32,Goalkeeper
4991,Player_4991,11,36,Batsman
4992,Player_4992,11,33,Batsman
4993,Player_4993,13,25,Defender
4994,Player_4994,3,31,Goalkeeper
4995,Player_4995,12,22,Goalkeeper
4996,Player_4996,3,18,Defender
4997,Player_4997,10,36,Defender
4998,Player_4998,17,22,Batsman
4999,Player_4999,2,20,Goalkeeper
5000,Player_5000,17,34,All-Rounder
5001,Player_5001,16,24,All-Rounder
5002,Player_5002,2,34,Batsman
5003,Player_5003,20,30,All-Rounder
5004,Player_5004,6,39,All-Rounder
5005,Player_5005,10,39,Goalkeeper
5006,Player_5006,10,31,Goalkeeper
5007,Player_5007,8,29,Bowler
5008,Player_5008,1,28,Goalkeeper
5009,Player_5009,13,18,Bowler
5010,Player_5010,9,20,Goalkeeper
5011,Player_5011,10,29,Defender
5012,Player_5012,15,26,Goalkeeper
5013,Player_5013,5,19,Bowler
5014,Player_5014,16,31,All-Rounder
5015,Player_5015,13,22,Goalkeeper
5016,Player_5016,20,20,All-Rounder
5017,Player_5017,18,29,All-Rounder
5018,Player_5018,11,29,Goalkeeper
5019,Player_5019,9,38,Goalkeeper
5020,Player_5020,16,24,Defender
5021,Player_5021,2,18,Bowler
5022,Player_5022,2,20,Goalkeeper
5023,Player_5023,12,28,All-Rounder
5024,Player_5024,8,30,All-Rounder
5025,Player_5025,9,39,Goalkeeper
5026,Player_5026,12,27,Bowler
5027,Player_5027,9,36,All-Rounder
5028,Player_5028,10,21,Defender
5029,Player_5029,2,39,All-Rounder
5030,Player_5030,16,22,Bowler
5031,Player_5031,20,28,Batsman
5032,Player_5032,7,26,Defender
5033,Player_5033,2,30,Defender
5034,Player_5034,1,34,Batsman
5035,Player_5035,19,32,Defender
5036,Player_5036,4,30,Defender
5037,Player_5037,2,38,Defender
5038,Player_5038,14,28,All-Rounder
5039,Player_5039,2,18,All-Rounder
5040,Player_5040,15,25,Goalkeeper
5041,Player_5041,12,22,Goalkeeper
5042,Player_5042,5,39,All-Rounder
5043,Player_5043,20,33,Defender
5044,Player_5044,7,21,Bowler
5045,Player_5045,10,36,Batsman
5046,Player_5046,14,35,Goalkeeper
5047,Player_5047,14,19,Defender
5048,Player_5048,5,30,Goalkeeper
5049,Player_5049,18,33,Bowler
5050,Player_5050,14,39,Defender
5051,Player_5051,2,25,All-Rounder
5052,Player_5052,12,36,Bowler
5053,Player_5053,6,20,Goalkeeper
5054,Player_5054,4,36,Defender
5055,Player_5055,13,34,Defender
5056,Player_5056,4,26,Batsman
5057,Player_5057,14,38,Batsman
5058,Player_5058,16,38,Batsman
5059,Player_5059,4,34,All-Rounder
5060,Player_5060,1,18,Defender
5061,Player_5061,13,21,Defender
5062,Player_5062,4,32,Goalkeeper
5063,Player_5063,20,29,All-Rounder
5064,Player_5064,18,34,Batsman
5065,Player_5065,6,29,Defender
5066,Player_5066,3,33,Batsman
5067,Player_5067,13,30,Bowler
5068,Player_5068,16,28,All-Rounder
5069,Player_5069,5,32,Batsman
5070,Player_5070,4,33,All-Rounder
5071,Player_5071,8,23,Defender
5072,Player_5072,19,28,Bowler
5073,Player_5073,14,32,Goalkeeper
5074,Player_5074,7,22,Bowler
5075,Player_5075,14,20,All-Rounder
5076,Player_5076,6,19,Bowler
5077,Player_5077,12,18,Defender
5078,Player_5078,16,32,All-Rounder
5079,Player_5079,17,19,All-Rounder
5080,Player_5080,13,37,Defender
5081,Player_5081,14,23,Batsman
5082,Player_5082,7,29,Goalkeeper
5083,Player_5083,14,38,Bowler
5084,Player_5084,15,33,Goalkeeper
5085,Player_5085,12,31,Goalkeeper
5086,Player_5086,17,21,Defender
5087,Player_5087,9,25,Batsman
5088,Player_5088,15,29,Goalkeeper
5089,Player_5089,12,31,All-Rounder
5090,Player_5090,2,37,Batsman
5091,Player_5091,5,30,Defender
5092,Player_5092,13,22,Goalkeeper
5093,Player_5093,20,29,Defender
5094,Player_5094,8,27,Bowler
5095,Player_5095,14,38,Defender
5096,Player_5096,15,36,All-Rounder
5097,Player_5097,11,30,Defender
5098,Player_5098,1,26,Batsman
5099,Player_5099,3,28,Bowler
5100,Player_5100,17,22,All-Rounder
5101,Player_5101,19,30,Bowler
5102,Player_5102,14,27,All-Rounder
5103,Player_5103,8,35,Bowler
5104,Player_5104,13,32,Goalkeeper
5105,Player_5105,20,37,Defender
5106,Player_5106,3,29,Batsman
5107,Player_5107,5,21,Batsman
5108,Player_5108,9,22,Goalkeeper
5109,Player_5109,6,25,Bowler
5110,Player_5110,2,22,Defender
5111,Player_5111,13,18,Goalkeeper
5112,Player_5112,5,35,Bowler
5113,Player_5113,8,36,Defender
5114,Player_5114,1,36,Bowler
5115,Player_5115,20,27,Batsman
5116,Player_5116,12,39,Defender
5117,Player_5117,11,26,Batsman
5118,Player_5118,7,18,Batsman
5119,Player_5119,15,39,Defender
5120,Player_5120,11,37,Goalkeeper
5121,Player_5121,16,20,Bowler
5122,Player_5122,3,30,Defender
5123,Player_5123,20,23,Batsman
5124,Player_5124,14,23,Bowler
5125,Player_5125,3,35,Defender
5126,Player_5126,1,22,Goalkeeper
5127,Player_5127,15,34,Defender
5128,Player_5128,1,20,Defender
5129,Player_5129,17,22,All-Rounder
5130,Player_5130,2,20,Bowler
5131,Player_5131,20,30,Defender
5132,Player_5132,6,32,Batsman
5133,Player_5133,8,34,Batsman
5134,Player_5134,16,32,All-Rounder
5135,Player_5135,19,22,Batsman
5136,Player_5136,1,39,Defender
5137,Player_5137,3,31,Bowler
5138,Player_5138,3,28,All-Rounder
5139,Player_5139,5,31,All-Rounder
5140,Player_5140,12,24,Goalkeeper
5141,Player_5141,12,20,Goalkeeper
5142,Player_5142,20,37,Bowler
5143,Player_5143,13,27,Bowler
5144,Player_5144,20,28,All-Rounder
5145,Player_5145,9,23,Defender
5146,Player_5146,7,22,Defender
5147,Player_5147,4,37,Goalkeeper
5148,Player_5148,19,39,Bowler
5149,Player_5149,19,30,Bowler
5150,Player_5150,6,29,Defender
5151,Player_5151,13,36,Goalkeeper
5152,Player_5152,11,36,Defender
5153,Player_5153,13,38,Defender
5154,Player_5154,13,22,All-Rounder
5155,Player_5155,20,37,Bowler
5156,Player_5156,15,38,All-Rounder
5157,Player_5157,13,26,All-Rounder
5158,Player_5158,11,21,Defender
5159,Player_5159,19,32,Goalkeeper
5160,Player_5160,8,20,Defender
5161,Player_5161,20,24,Goalkeeper
5162,Player_5162,8,37,Bowler
5163,Player_5163,10,37,Batsman
5164,Player_5164,16,31,Bowler
5165,Player_5165,19,31,Defender
5166,Player_5166,11,26,Goalkeeper
5167,Player_5167,13,20,Batsman
5168,Player_5168,9,26,Goalkeeper
5169,Player_5169,20,38,Goalkeeper
5170,Player_5170,19,21,Batsman
5171,Player_5171,16,34,Batsman
5172,Player_5172,7,23,Bowler
5173,Player_5173,19,33,All-Rounder
5174,Player_5174,12,35,Batsman
5175,Player_5175,15,30,All-Rounder
5176,Player_5176,14,24,All-Rounder
5177,Player_5177,11,20,All-Rounder
5178,Player_5178,10,23,All-Rounder
5179,Player_5179,11,20,Batsman
5180,Player_5180,6,29,Goalkeeper
5181,Player_5181,2,22,Batsman
5182,Player_5182,11,39,Batsman
5183,Player_5183,19,34,Defender
5184,Player_5184,6,27,Defender
5185,Player_5185,14,24,Bowler
5186,Player_5186,20,21,All-Rounder
5187,Player_5187,6,27,All-Rounder
5188,Player_5188,17,24,Defender
5189,Player_5189,10,28,Goalkeeper
5190,Player_5190,1,38,Bowler
5191,Player_5191,3,25,Goalkeeper
5192,Player_5192,8,25,Defender
5193,Player_5193,8,22,Goalkeeper
5194,Player_5194,20,22,All-Rounder
5195,Player_5195,15,24,Defender
5196,Player_5196,7,39,Goalkeeper
5197,Player_5197,11,21,Bowler
5198,Player_5198,7,19,Bowler
5199,Player_5199,4,36,Batsman
5200,Player_5200,12,19,Defender
5201,Player_5201,6,33,Defender
5202,Player_5202,14,29,Defender
5203,Player_5203,12,32,All-Rounder
5204,Player_5204,11,27,All-Rounder
5205,Player_5205,19,23,Defender
5206,Player_5206,5,30,Goalkeeper
5207,Player_5207,14,23,All-Rounder
5208,Player_5208,16,19,Defender
5209,Player_5209,13,31,All-Rounder
5210,Player_5210,20,35,Batsman
5211,Player_5211,4,23,Bowler
5212,Player_5212,11,36,Batsman
5213,Player_5213,17,31,Defender
5214,Player_5214,7,30,Bowler
5215,Player_5215,14,25,Goalkeeper
5216,Player_5216,11,22,Defender
5217,Player_5217,9,30,Goalkeeper
5218,Player_5218,13,23,Goalkeeper
5219,Player_5219,18,39,All-Rounder
5220,Player_5220,11,36,All-Rounder
5221,Player_5221,15,28,Bowler
5222,Player_5222,19,33,Bowler
5223,Player_5223,1,22,All-Rounder
5224,Player_5224,4,29,Bowler
5225,Player_5225,14,34,Batsman
5226,Player_5226,14,19,Defender
5227,Player_5227,3,27,Batsman
5228,Player_5228,17,32,Defender
5229,Player_5229,3,36,All-Rounder
5230,Player_5230,16,37,Batsman
5231,Player_5231,14,34,Goalkeeper
5232,Player_5232,20,36,Batsman
5233,Player_5233,13,36,Bowler
5234,Player_5234,15,30,Batsman
5235,Player_5235,14,30,All-Rounder
5236,Player_5236,19,33,All-Rounder
5237,Player_5237,6,39,Bowler
5238,Player_5238,10,38,Defender
5239,Player_5239,15,20,Bowler
5240,Player_5240,20,21,Defender
5241,Player_5241,6,24,All-Rounder
5242,Player_5242,10,20,All-Rounder
5243,Player_5243,7,26,Defender
5244,Player_5244,17,25,Batsman
5245,Player_5245,18,35,Batsman
5246,Player_5246,17,38,Bowler
5247,Player_5247,9,31,All-Rounder
5248,Player_5248,10,37,Batsman
5249,Player_5249,10,22,All-Rounder
5250,Player_5250,7,20,Bowler
5251,Player_5251,16,27,Goalkeeper
5252,Player_5252,18,28,All-Rounder
5253,Player_5253,6,34,Goalkeeper
5254,Player_5254,20,25,All-Rounder
5255,Player_5255,1,26,Defender
5256,Player_5256,1,25,Goalkeeper
5257,Player_5257,12,37,Defender
5258,Player_5258,2,19,Defender
5259,Player_5259,4,21,Bowler
5260,Player_5260,17,33,Bowler
5261,Player_5261,4,26,Batsman
5262,Player_5262,11,26,Goalkeeper
5263,Player_5263,4,38,Batsman
5264,Player_5264,1,22,Goalkeeper
5265,Player_5265,7,20,Bowler
5266,Player_5266,18,31,Bowler
5267,Player_5267,9,32,Bowler
5268,Player_5268,3,23,Goalkeeper
5269,Player_5269,8,33,Bowler
5270,Player_5270,19,27,Batsman
5271,Player_5271,4,31,Defender
5272,Player_5272,18,29,Goalkeeper
5273,Player_5273,20,26,Defender
5274,Player_5274,11,36,Batsman
5275,Player_5275,14,29,All-Rounder
5276,Player_5276,18,30,Bowler
5277,Player_5277,16,30,Batsman
5278,Player_5278,3,34,All-Rounder
5279,Player_5279,15,19,Goalkeeper
5280,Player_5280,4,37,Batsman
5281,Player_5281,5,26,Goalkeeper
5282,Player_5282,17,38,Defender
5283,Player_5283,7,25,Defender
5284,Player_5284,16,24,Goalkeeper
5285,Player_5285,14,22,Defender
5286,Player_5286,16,36,Defender
5287,Player_5287,7,20,Bowler
5288,Player_5288,9,30,Goalkeeper
5289,Player_5289,4,23,Goalkeeper
5290,Player_5290,11,28,All-Rounder
5291,Player_5291,2,21,Bowler
5292,Player_5292,12,20,Batsman
5293,Player_5293,12,21,Bowler
5294,Player_5294,4,20,Batsman
5295,Player_5295,18,30,Goalkeeper
5296,Player_5296,7,32,Bowler
5297,Player_5297,1,29,All-Rounder
5298,Player_5298,13,32,Defender
5299,Player_5299,6,28,Batsman
5300,Player_5300,6,28,Defender
5301,Player_5301,12,30,Goalkeeper
5302,Player_5302,8,29,Goalkeeper
5303,Player_5303,19,23,Goalkeeper
5304,Player_5304,5,37,Defender
5305,Player_5305,18,36,Goalkeeper
5306,Player_5306,5,36,Goalkeeper
5307,Player_5307,10,20,Defender
5308,Player_5308,1,33,Goalkeeper
5309,Player_5309,10,26,Batsman
5310,Player_5310,5,31,Bowler
5311,Player_5311,12,20,Batsman
5312,Player_5312,7,20,Goalkeeper
5313,Player_5313,9,37,Goalkeeper
5314,Player_5314,12,24,Goalkeeper
5315,Player_5315,1,36,Goalkeeper
5316,Player_5316,11,20,Defender
5317,Player_5317,15,38,Bowler
5318,Player_5318,2,18,Defender
5319,Player_5319,20,29,Defender
5320,Player_5320,7,38,Goalkeeper
5321,Player_5321,12,23,Batsman
5322,Player_5322,18,24,Batsman
5323,Player_5323,3,19,All-Rounder
5324,Player_5324,7,35,Bowler
5325,Player_5325,11,32,All-Rounder
5326,Player_5326,18,32,Defender
5327,Player_5327,12,27,All-Rounder
5328,Player_5328,6,34,All-Rounder
5329,Player_5329,5,35,All-Rounder
5330,Player_5330,1,35,Bowler
5331,Player_5331,12,32,Batsman
5332,Player_5332,11,23,Batsman
5333,Player_5333,4,26,All-Rounder
5334,Player_5334,18,28,Bowler
5335,Player_5335,4,32,Batsman
5336,Player_5336,17,20,Goalkeeper
5337,Player_5337,2,36,Batsman
5338,Player_5338,2,18,Batsman
5339,Player_5339,12,34,Bowler
5340,Player_5340,6,28,Bowler
5341,Player_5341,10,35,Batsman
5342,Player_5342,16,28,Goalkeeper
5343,Player_5343,14,24,Goalkeeper
5344,Player_5344,7,18,All-Rounder
5345,Player_5345,19,29,All-Rounder
5346,Player_5346,17,21,Batsman
5347,Player_5347,9,25,Batsman
5348,Player_5348,13,32,Batsman
5349,Player_5349,5,28,Goalkeeper
5350,Player_5350,5,25,Defender
5351,Player_5351,10,29,All-Rounder
5352,Player_5352,10,20,All-Rounder
5353,Player_5353,7,38,Defender
5354,Player_5354,15,21,Batsman
5355,Player_5355,7,29,All-Rounder
5356,Player_5356,15,25,Goalkeeper
5357,Player_5357,3,27,Defender
5358,Player_5358,19,18,Goalkeeper
5359,Player_5359,10,30,Batsman
5360,Player_5360,15,24,All-Rounder
5361,Player_5361,3,37,Goalkeeper
5362,Player_5362,6,20,Defender
5363,Player_5363,12,33,Batsman
5364,Player_5364,15,29,All-Rounder
5365,Player_5365,6,22,All-Rounder
5366,Player_5366,13,35,Batsman
5367,Player_5367,19,25,Batsman
5368,Player_5368,3,29,Batsman
5369,Player_5369,8,38,Goalkeeper
5370,Player_5370,8,20,Bowler
5371,Player_5371,20,33,All-Rounder
5372,Player_5372,15,27,Goalkeeper
5373,Player_5373,4,34,Defender
5374,Player_5374,19,27,All-Rounder
5375,Player_5375,3,20,Bowler
5376,Player_5376,13,19,Defender
5377,Player_5377,8,31,All-Rounder
5378,Player_5378,16,26,Bowler
5379,Player_5379,13,34,Batsman
5380,Player_5380,3,21,Bowler
5381,Player_5381,16,39,All-Rounder
5382,Player_5382,9,32,Bowler
5383,Player_5383,14,30,All-Rounder
5384,Player_5384,13,36,All-Rounder
5385,Player_5385,7,26,Bowler
5386,Player_5386,15,21,Bowler
5387,Player_5387,7,38,Defender
5388,Player_5388,6,25,Defender
5389,Player_5389,2,32,Goalkeeper
5390,Player_5390,9,31,All-Rounder
5391,Player_5391,17,20,Defender
5392,Player_5392,5,34,Goalkeeper
5393,Player_5393,12,25,All-Rounder
5394,Player_5394,1,31,Goalkeeper
5395,Player_5395,10,30,Defender
5396,Player_5396,11,32,Goalkeeper
5397,Player_5397,16,28,Bowler
5398,Player_5398,14,32,Goalkeeper
5399,Player_5399,8,29,Batsman
5400,Player_5400,17,39,Batsman
5401,Player_5401,18,38,Goalkeeper
5402,Player_5402,12,26,Batsman
5403,Player_5403,17,39,Goalkeeper
5404,Player_5404,14,32,Goalkeeper
5405,Player_5405,16,18,Goalkeeper
5406,Player_5406,14,29,Batsman
5407,Player_5407,9,23,All-Rounder
5408,Player_5408,4,18,Goalkeeper
5409,Player_5409,11,39,Goalkeeper
5410,Player_5410,6,36,Bowler
5411,Player_5411,15,39,Bowler
5412,Player_5412,5,30,Defender
5413,Player_5413,11,23,Batsman
5414,Player_5414,18,34,All-Rounder
5415,Player_5415,13,30,Goalkeeper
5416,Player_5416,11,26,Goalkeeper
5417,Player_5417,14,25,Batsman
5418,Player_5418,18,32,Defender
5419,Player_5419,19,35,Defender
5420,Player_5420,15,19,Bowler
5421,Player_5421,9,38,Batsman
5422,Player_5422,8,19,Defender
5423,Player_5423,20,28,Defender
5424,Player_5424,1,18,All-Rounder
5425,Player_5425,4,35,Bowler
5426,Player_5426,14,38,Bowler
5427,Player_5427,2,24,Bowler
5428,Player_5428,16,38,Defender
5429,Player_5429,3,34,Goalkeeper
5430,Player_5430,8,33,Defender
5431,Player_5431,6,24,Defender
5432,Player_5432,16,39,Batsman
5433,Player_5433,16,24,Bowler
5434,Player_5434,7,19,Bowler
5435,Player_5435,13,22,All-Rounder
5436,Player_5436,13,31,Bowler
5437,Player_5437,5,25,Defender
5438,Player_5438,20,29,Batsman
5439,Player_5439,18,24,All-Rounder
5440,Player_5440,15,23,Defender
5441,Player_5441,18,30,Defender
5442,Player_5442,2,39,All-Rounder
5443,Player_5443,10,29,Defender
5444,Player_5444,13,34,Defender
5445,Player_5445,18,33,Batsman
5446,Player_5446,15,18,Batsman
5447,Player_5447,12,24,Batsman
5448,Player_5448,15,20,Bowler
5449,Player_5449,13,23,All-Rounder
5450,Player_5450,18,38,Batsman
5451,Player_5451,15,20,Defender
5452,Player_5452,11,39,Bowler
5453,Player_5453,19,20,All-Rounder
5454,Player_5454,3,25,Batsman
5455,Player_5455,7,31,Batsman
5456,Player_5456,14,26,All-Rounder
5457,Player_5457,14,22,Batsman
5458,Player_5458,13,32,All-Rounder
5459,Player_5459,12,34,All-Rounder
5460,Player_5460,9,27,Defender
5461,Player_5461,1,25,All-Rounder
5462,Player_5462,19,35,Goalkeeper
5463,Player_5463,11,23,Batsman
5464,Player_5464,19,34,Defender
5465,Player_5465,18,39,Bowler
5466,Player_5466,12,21,Goalkeeper
5467,Player_5467,1,38,All-Rounder
5468,Player_5468,19,32,Bowler
5469,Player_5469,20,27,Bowler
5470,Player_5470,17,30,Bowler
5471,Player_5471,5,39,Bowler
5472,Player_5472,3,18,Defender
5473,Player_5473,2,39,Defender
5474,Player_5474,3,39,Bowler
5475,Player_5475,8,26,Goalkeeper
5476,Player_5476,16,22,Batsman
5477,Player_5477,6,28,Batsman
5478,Player_5478,13,39,Defender
5479,Player_5479,16,39,Goalkeeper
5480,Player_5480,16,38,Goalkeeper
5481,Player_5481,3,38,All-Rounder
5482,Player_5482,13,21,Defender
5483,Player_5483,14,37,Goalkeeper
5484,Player_5484,8,33,Goalkeeper
5485,Player_5485,12,35,Batsman
5486,Player_5486,8,25,Goalkeeper
5487,Player_5487,9,19,Goalkeeper
5488,Player_5488,1,34,Bowler
5489,Player_5489,6,27,Batsman
5490,Player_5490,19,30,Batsman
5491,Player_5491,11,32,Bowler
5492,Player_5492,11,26,Batsman
5493,Player_5493,13,25,All-Rounder
5494,Player_5494,11,23,All-Rounder
5495,Player_5495,18,21,Defender
5496,Player_5496,15,35,Batsman
5497,Player_5497,1,20,Batsman
5498,Player_5498,7,21,All-Rounder
5499,Player_5499,13,38,Defender
5500,Player_5500,12,30,Defender
5501,Player_5501,18,37,All-Rounder
5502,Player_5502,19,28,All-Rounder
5503,Player_5503,15,25,Bowler
5504,Player_5504,8,31,Defender
5505,Player_5505,19,31,Defender
5506,Player_5506,10,33,Bowler
5507,Player_5507,7,31,All-Rounder
5508,Player_5508,18,18,Bowler
5509,Player_5509,16,19,Bowler
5510,Player_5510,20,37,Goalkeeper
5511,Player_5511,6,18,Defender
5512,Player_5512,9,28,All-Rounder
5513,Player_5513,13,23,Goalkeeper
5514,Player_5514,8,32,Goalkeeper
5515,Player_5515,16,29,Goalkeeper
5516,Player_5516,13,22,All-Rounder
5517,Player_5517,13,29,Bowler
5518,Player_5518,17,39,All-Rounder
5519,Player_5519,20,31,Defender
5520,Player_5520,5,31,Defender
5521,Player_5521,17,36,Bowler
5522,Player_5522,9,22,All-Rounder
5523,Player_5523,2,20,Bowler
5524,Player_5524,18,35,Bowler
5525,Player_5525,9,23,All-Rounder
5526,Player_5526,6,26,Defender
5527,Player_5527,11,24,All-Rounder
5528,Player_5528,6,38,Defender
5529,Player_5529,6,35,Batsman
5530,Player_5530,13,19,Batsman
5531,Player_5531,11,37,Batsman
5532,Player_5532,14,27,Goalkeeper
5533,Player_5533,2,29,Defender
5534,Player_5534,8,19,Defender
5535,Player_5535,3,30,All-Rounder
5536,Player_5536,3,25,Defender
5537,Player_5537,1,24,All-Rounder
5538,Player_5538,19,20,Goalkeeper
5539,Player_5539,18,25,All-Rounder
5540,Player_5540,17,38,Batsman
5541,Player_5541,20,18,All-Rounder
5542,Player_5542,13,32,All-Rounder
5543,Player_5543,3,18,All-Rounder
5544,Player_5544,1,29,Defender
5545,Player_5545,4,28,Bowler
5546,Player_5546,13,33,Bowler
5547,Player_5547,17,21,Bowler
5548,Player_5548,11,19,Defender
5549,Player_5549,2,20,Batsman
5550,Player_5550,16,21,Bowler
5551,Player_5551,2,35,Bowler
5552,Player_5552,19,29,Goalkeeper
5553,Player_5553,19,18,Goalkeeper
5554,Player_5554,16,20,Batsman
5555,Player_5555,19,21,All-Rounder
5556,Player_5556,9,23,All-Rounder
5557,Player_5557,1,34,Goalkeeper
5558,Player_5558,10,25,Goalkeeper
5559,Player_5559,19,35,Batsman
5560,Player_5560,1,33,Batsman
5561,Player_5561,2,38,Defender
5562,Player_5562,16,23,All-Rounder
5563,Player_5563,12,36,Defender
5564,Player_5564,8,38,Bowler
5565,Player_5565,18,25,Batsman
5566,Player_5566,2,21,All-Rounder
5567,Player_5567,13,26,All-Rounder
5568,Player_5568,6,25,Defender
5569,Player_5569,6,38,Goalkeeper
5570,Player_5570,9,36,Goalkeeper
5571,Player_5571,16,18,Batsman
5572,Player_5572,11,38,Goalkeeper
5573,Player_5573,7,38,Bowler
5574,Player_5574,10,21,All-Rounder
5575,Player_5575,10,27,Goalkeeper
5576,Player_5576,20,25,Batsman
5577,Player_5577,18,20,Bowler
5578,Player_5578,20,29,Defender
5579,Player_5579,9,26,Defender
5580,Player_5580,15,20,Bowler
5581,Player_5581,4,21,Batsman
5582,Player_5582,8,23,Defender
5583,Player_5583,9,26,All-Rounder
5584,Player_5584,13,19,All-Rounder
5585,Player_5585,9,19,Batsman
5586,Player_5586,4,35,Batsman
5587,Player_5587,17,38,All-Rounder
5588,Player_5588,16,39,Batsman
5589,Player_5589,15,20,Bowler
5590,Player_5590,3,20,Batsman
5591,Player_5591,20,35,All-Rounder
5592,Player_5592,5,23,Goalkeeper
5593,Player_5593,5,18,Batsman
5594,Player_5594,20,32,Defender
5595,Player_5595,15,28,Bowler
5596,Player_5596,18,27,Bowler
5597,Player_5597,15,21,Bowler
5598,Player_5598,2,31,Defender
5599,Player_5599,13,19,Defender
5600,Player_5600,4,30,Bowler
5601,Player_5601,10,33,Bowler
5602,Player_5602,13,29,Bowler
5603,Player_5603,10,39,Batsman
5604,Player_5604,9,22,Defender
5605,Player_5605,8,36,All-Rounder
5606,Player_5606,3,20,Batsman
5607,Player_5607,16,38,All-Rounder
5608,Player_5608,14,37,Batsman
5609,Player_5609,9,38,Batsman
5610,Player_5610,11,19,All-Rounder
5611,Player_5611,3,34,Bowler
5612,Player_5612,5,38,All-Rounder
5613,Player_5613,10,28,Goalkeeper
5614,Player_5614,13,18,Defender
5615,Player_5615,4,36,Goalkeeper
5616,Player_5616,13,25,Batsman
5617,Player_5617,12,28,All-Rounder
5618,Player_5618,5,25,Bowler
5619,Player_5619,10,34,Bowler
5620,Player_5620,9,37,Goalkeeper
5621,Player_5621,20,23,Goalkeeper
5622,Player_5622,7,24,Batsman
5623,Player_5623,2,38,Defender
5624,Player_5624,7,30,Batsman
5625,Player_5625,8,24,Bowler
5626,Player_5626,7,28,All-Rounder
5627,Player_5627,14,27,Goalkeeper
5628,Player_5628,19,25,Bowler
5629,Player_5629,5,27,Batsman
5630,Player_5630,18,39,Defender
5631,Player_5631,20,28,All-Rounder
5632,Player_5632,12,37,Defender
5633,Player_5633,17,34,Batsman
5634,Player_5634,13,28,Batsman
5635,Player_5635,2,33,Bowler
5636,Player_5636,13,22,All-Rounder
5637,Player_5637,7,27,Batsman
5638,Player_5638,10,37,Bowler
5639,Player_5639,6,22,Batsman
5640,Player_5640,3,37,Bowler
5641,Player_5641,3,26,Defender
5642,Player_5642,18,20,Bowler
5643,Player_5643,11,20,Defender
5644,Player_5644,20,27,Goalkeeper
5645,Player_5645,5,24,Batsman
5646,Player_5646,19,19,Goalkeeper
5647,Player_5647,19,25,All-Rounder
5648,Player_5648,15,29,Goalkeeper
5649,Player_5649,16,39,Bowler
5650,Player_5650,9,26,Bowler
5651,Player_5651,4,28,All-Rounder
5652,Player_5652,15,36,All-Rounder
5653,Player_5653,12,37,Batsman
5654,Player_5654,3,34,Bowler
5655,Player_5655,14,30,All-Rounder
5656,Player_5656,17,18,Goalkeeper
5657,Player_5657,19,18,Bowler
5658,Player_5658,6,25,All-Rounder
5659,Player_5659,4,30,Batsman
5660,Player_5660,7,23,Defender
5661,Player_5661,19,20,Bowler
5662,Player_5662,17,33,Bowler
5663,Player_5663,16,27,Bowler
5664,Player_5664,15,24,Bowler
5665,Player_5665,8,39,Defender
5666,Player_5666,19,38,Defender
5667,Player_5667,8,20,Batsman
5668,Player_5668,18,31,Bowler
5669,Player_5669,16,33,All-Rounder
5670,Player_5670,20,21,Goalkeeper
5671,Player_5671,19,30,Bowler
5672,Player_5672,10,18,Defender
5673,Player_5673,17,22,Batsman
5674,Player_5674,13,35,Bowler
5675,Player_5675,13,29,Batsman
5676,Player_5676,7,28,All-Rounder
5677,Player_5677,10,26,All-Rounder
5678,Player_5678,2,24,All-Rounder
5679,Player_5679,4,31,All-Rounder
5680,Player_5680,6,20,Goalkeeper
5681,Player_5681,18,33,Batsman
5682,Player_5682,6,24,Bowler
5683,Player_5683,17,18,Goalkeeper
5684,Player_5684,14,23,Bowler
5685,Player_5685,11,23,Defender
5686,Player_5686,19,27,Goalkeeper
5687,Player_5687,2,29,Goalkeeper
5688,Player_5688,3,39,Defender
5689,Player_5689,11,36,Goalkeeper
5690,Player_5690,6,23,Batsman
5691,Player_5691,14,31,All-Rounder
5692,Player_5692,19,20,Bowler
5693,Player_5693,16,27,Defender
5694,Player_5694,7,26,All-Rounder
5695,Player_5695,8,37,Goalkeeper
5696,Player_5696,19,36,Batsman
5697,Player_5697,20,39,Goalkeeper
5698,Player_5698,16,32,Defender
5699,Player_5699,7,26,Goalkeeper
5700,Player_5700,9,36,Batsman
5701,Player_5701,13,25,Goalkeeper
5702,Player_5702,1,39,Goalkeeper
5703,Player_5703,8,21,Goalkeeper
5704,Player_5704,4,22,Goalkeeper
5705,Player_5705,3,36,Batsman
5706,Player_5706,3,31,Bowler
5707,Player_5707,13,35,All-Rounder
5708,Player_5708,8,36,Defender
5709,Player_5709,7,23,Bowler
5710,Player_5710,1,22,Batsman
5711,Player_5711,16,28,Defender
5712,Player_5712,6,22,Defender
5713,Player_5713,7,25,Goalkeeper
5714,Player_5714,12,22,All-Rounder
5715,Player_5715,9,28,All-Rounder
5716,Player_5716,11,30,Batsman
5717,Player_5717,10,23,Bowler
5718,Player_5718,1,22,Goalkeeper
5719,Player_5719,18,35,All-Rounder
5720,Player_5720,4,27,Goalkeeper
5721,Player_5721,5,33,Bowler
5722,Player_5722,9,39,Defender
5723,Player_5723,17,31,Bowler
5724,Player_5724,3,32,Defender
5725,Player_5725,16,20,Bowler
5726,Player_5726,5,20,Goalkeeper
5727,Player_5727,16,29,Bowler
5728,Player_5728,3,32,All-Rounder
5729,Player_5729,20,28,All-Rounder
5730,Player_5730,15,27,Batsman
5731,Player_5731,3,37,All-Rounder
5732,Player_5732,20,32,All-Rounder
5733,Player_5733,14,35,Defender
5734,Player_5734,16,31,Goalkeeper
5735,Player_5735,17,23,Goalkeeper
5736,Player_5736,20,31,Defender
5737,Player_5737,18,33,All-Rounder
5738,Player_5738,18,19,Bowler
5739,Player_5739,14,36,Defender
5740,Player_5740,18,22,Goalkeeper
5741,Player_5741,15,28,Batsman
5742,Player_5742,15,28,Goalkeeper
5743,Player_5743,6,38,Bowler
5744,Player_5744,15,36,Goalkeeper
5745,Player_5745,18,35,Defender
5746,Player_5746,4,25,Batsman
5747,Player_5747,8,29,Goalkeeper
5748,Player_5748,15,26,Defender
5749,Player_5749,3,20,Defender
5750,Player_5750,15,23,Defender
5751,Player_5751,13,38,Batsman
5752,Player_5752,9,38,Defender
5753,Player_5753,2,18,Batsman
5754,Player_5754,8,34,Bowler
5755,Player_5755,20,20,Bowler
5756,Player_5756,17,35,Bowler
5757,Player_5757,13,35,Defender
5758,Player_5758,1,19,Batsman
5759,Player_5759,2,21,Bowler
5760,Player_5760,15,18,All-Rounder
5761,Player_5761,12,27,Bowler
5762,Player_5762,14,22,Defender
5763,Player_5763,2,22,All-Rounder
5764,Player_5764,18,26,Goalkeeper
5765,Player_5765,7,31,All-Rounder
5766,Player_5766,6,38,Goalkeeper
5767,Player_5767,14,30,All-Rounder
5768,Player_5768,8,30,Batsman
5769,Player_5769,2,18,All-Rounder
5770,Player_5770,17,34,Bowler
5771,Player_5771,5,37,Goalkeeper
5772,Player_5772,14,25,Goalkeeper
5773,Player_5773,20,20,Bowler
5774,Player_5774,3,34,Batsman
5775,Player_5775,5,29,All-Rounder
5776,Player_5776,16,35,Batsman
5777,Player_5777,18,31,Bowler
5778,Player_5778,17,28,All-Rounder
5779,Player_5779,11,33,Bowler
5780,Player_5780,17,21,Goalkeeper
5781,Player_5781,16,35,Goalkeeper
5782,Player_5782,2,24,Goalkeeper
5783,Player_5783,4,28,Defender
5784,Player_5784,7,33,Defender
5785,Player_5785,2,33,Goalkeeper
5786,Player_5786,6,20,Defender
5787,Player_5787,17,26,Defender
5788,Player_5788,7,25,Bowler
5789,Player_5789,5,24,All-Rounder
5790,Player_5790,5,34,Goalkeeper
5791,Player_5791,20,28,Defender
5792,Player_5792,16,21,Bowler
5793,Player_5793,19,21,Bowler
5794,Player_5794,9,22,All-Rounder
5795,Player_5795,5,25,Bowler
5796,Player_5796,8,27,Batsman
5797,Player_5797,9,34,Batsman
5798,Player_5798,5,23,Goalkeeper
5799,Player_5799,10,26,All-Rounder
5800,Player_5800,2,27,Batsman
5801,Player_5801,9,25,All-Rounder
5802,Player_5802,11,32,Goalkeeper
5803,Player_5803,4,35,Bowler
5804,Player_5804,2,22,Bowler
5805,Player_5805,6,35,Bowler
5806,Player_5806,14,18,Batsman
5807,Player_5807,1,19,All-Rounder
5808,Player_5808,18,27,Batsman
5809,Player_5809,7,23,Defender
5810,Player_5810,1,36,All-Rounder
5811,Player_5811,1,38,Goalkeeper
5812,Player_5812,1,28,Batsman
5813,Player_5813,4,35,Bowler
5814,Player_5814,4,33,Bowler
5815,Player_5815,18,25,Bowler
5816,Player_5816,11,21,Batsman
5817,Player_5817,1,28,Batsman
5818,Player_5818,10,27,Bowler
5819,Player_5819,9,33,Bowler
5820,Player_5820,4,29,Bowler
5821,Player_5821,6,39,Defender
5822,Player_5822,16,20,Batsman
5823,Player_5823,2,28,Bowler
5824,Player_5824,18,33,Goalkeeper
5825,Player_5825,10,20,Bowler
5826,Player_5826,17,27,Batsman
5827,Player_5827,13,38,Goalkeeper
5828,Player_5828,18,33,Batsman
5829,Player_5829,13,24,Batsman
5830,Player_5830,17,32,Batsman
5831,Player_5831,5,32,All-Rounder
5832,Player_5832,11,27,Goalkeeper
5833,Player_5833,7,20,Defender
5834,Player_5834,10,23,Defender
5835,Player_5835,17,35,All-Rounder
5836,Player_5836,15,39,Batsman
5837,Player_5837,18,22,Defender
5838,Player_5838,19,33,Goalkeeper
5839,Player_5839,2,30,Bowler
5840,Player_5840,4,20,Goalkeeper
5841,Player_5841,3,32,Batsman
5842,Player_5842,7,37,Goalkeeper
5843,Player_5843,18,23,Batsman
5844,Player_5844,10,39,Goalkeeper
5845,Player_5845,7,21,All-Rounder
5846,Player_5846,8,32,Goalkeeper
5847,Player_5847,6,35,Defender
5848,Player_5848,1,26,Bowler
5849,Player_5849,4,37,All-Rounder
5850,Player_5850,14,21,Goalkeeper
5851,Player_5851,17,33,Batsman
5852,Player_5852,20,35,All-Rounder
5853,Player_5853,18,22,Defender
5854,Player_5854,11,30,Bowler
5855,Player_5855,14,23,Bowler
5856,Player_5856,9,39,Goalkeeper
5857,Player_5857,15,36,Defender
5858,Player_5858,12,29,Defender
5859,Player_5859,10,32,Bowler
5860,Player_5860,19,26,Bowler
5861,Player_5861,19,24,Defender
5862,Player_5862,6,31,Bowler
5863,Player_5863,20,36,Batsman
5864,Player_5864,6,37,Bowler
5865,Player_5865,8,33,Batsman
5866,Player_5866,1,39,Bowler
5867,Player_5867,17,21,All-Rounder
5868,Player_5868,17,29,All-Rounder
5869,Player_5869,15,35,All-Rounder
5870,Player_5870,7,25,Batsman
5871,Player_5871,19,34,Batsman
5872,Player_5872,3,20,Goalkeeper
5873,Player_5873,11,21,Goalkeeper
5874,Player_5874,20,27,Bowler
5875,Player_5875,19,33,Batsman
5876,Player_5876,9,37,All-Rounder
5877,Player_5877,10,19,All-Rounder
5878,Player_5878,2,29,All-Rounder
5879,Player_5879,1,33,Bowler
5880,Player_5880,16,27,Batsman
5881,Player_5881,18,22,Bowler
5882,Player_5882,17,29,Defender
5883,Player_5883,6,20,Defender
5884,Player_5884,14,29,Goalkeeper
5885,Player_5885,15,18,Batsman
5886,Player_5886,14,19,All-Rounder
5887,Player_5887,3,28,Batsman
5888,Player_5888,19,29,Goalkeeper
5889,Player_5889,12,24,All-Rounder
5890,Player_5890,2,18,Bowler
5891,Player_5891,3,30,All-Rounder
5892,Player_5892,18,30,Defender
5893,Player_5893,1,19,Bowler
5894,Player_5894,20,27,All-Rounder
5895,Player_5895,6,18,Bowler
5896,Player_5896,5,24,Defender
5897,Player_5897,1,30,Defender
5898,Player_5898,19,19,Batsman
5899,Player_5899,1,37,Defender
5900,Player_5900,16,24,Defender
5901,Player_5901,12,34,Defender
5902,Player_5902,8,39,Goalkeeper
5903,Player_5903,16,22,Defender
5904,Player_5904,1,28,Batsman
5905,Player_5905,4,39,Bowler
5906,Player_5906,10,28,Goalkeeper
5907,Player_5907,11,28,Bowler
5908,Player_5908,17,34,Bowler
5909,Player_5909,7,36,Batsman
5910,Player_5910,12,25,Goalkeeper
5911,Player_5911,7,37,All-Rounder
5912,Player_5912,12,31,Defender
5913,Player_5913,15,27,Bowler
5914,Player_5914,2,24,Bowler
5915,Player_5915,14,19,Batsman
5916,Player_5916,13,34,Batsman
5917,Player_5917,4,18,Batsman
5918,Player_5918,14,30,Goalkeeper
5919,Player_5919,14,36,Defender
5920,Player_5920,16,31,Goalkeeper
5921,Player_5921,7,35,Batsman
5922,Player_5922,19,37,Batsman
5923,Player_5923,2,31,Bowler
5924,Player_5924,10,32,Goalkeeper
5925,Player_5925,18,31,Goalkeeper
5926,Player_5926,17,22,Defender
5927,Player_5927,5,33,Goalkeeper
5928,Player_5928,12,22,Defender
5929,Player_5929,6,39,All-Rounder
5930,Player_5930,9,30,Defender
5931,Player_5931,20,33,Batsman
5932,Player_5932,1,32,All-Rounder
5933,Player_5933,15,22,Bowler
5934,Player_5934,6,38,Bowler
5935,Player_5935,19,23,Bowler
5936,Player_5936,18,30,Batsman
5937,Player_5937,6,33,Bowler
5938,Player_5938,13,27,Defender
5939,Player_5939,1,19,Batsman
5940,Player_5940,13,30,Goalkeeper
5941,Player_5941,7,34,Batsman
5942,Player_5942,15,18,Batsman
5943,Player_5943,12,21,Goalkeeper
5944,Player_5944,1,35,Defender
5945,Player_5945,15,23,All-Rounder
5946,Player_5946,4,29,Goalkeeper
5947,Player_5947,13,37,Batsman
5948,Player_5948,5,30,Bowler
5949,Player_5949,2,19,Goalkeeper
5950,Player_5950,1,34,Goalkeeper
5951,Player_5951,16,27,All-Rounder
5952,Player_5952,6,36,Batsman
5953,Player_5953,16,39,Bowler
5954,Player_5954,14,22,Bowler
5955,Player_5955,3,38,All-Rounder
5956,Player_5956,15,29,Bowler
5957,Player_5957,3,35,Defender
5958,Player_5958,2,26,Goalkeeper
5959,Player_5959,1,28,Goalkeeper
5960,Player_5960,9,21,Bowler
5961,Player_5961,9,27,Bowler
5962,Player_5962,7,18,Bowler
5963,Player_5963,3,19,Goalkeeper
5964,Player_5964,18,26,Bowler
5965,Player_5965,11,35,Defender
5966,Player_5966,7,33,Defender
5967,Player_5967,9,31,Goalkeeper
5968,Player_5968,1,21,Batsman
5969,Player_5969,14,19,Batsman
5970,Player_5970,20,29,Batsman
5971,Player_5971,6,37,Defender
5972,Player_5972,7,22,All-Rounder
5973,Player_5973,10,21,Batsman
5974,Player_5974,7,32,All-Rounder
5975,Player_5975,2,20,Goalkeeper
5976,Player_5976,4,39,Defender
5977,Player_5977,17,34,Batsman
5978,Player_5978,1,25,Defender
5979,Player_5979,10,29,Goalkeeper
5980,Player_5980,19,38,Defender
5981,Player_5981,15,25,Bowler
5982,Player_5982,10,37,Batsman
5983,Player_5983,19,37,Defender
5984,Player_5984,12,22,Defender
5985,Player_5985,16,38,Defender
5986,Player_5986,9,23,Goalkeeper
5987,Player_5987,15,22,Batsman
5988,Player_5988,17,38,Batsman
5989,Player_5989,14,25,Bowler
5990,Player_5990,18,39,Bowler
5991,Player_5991,2,35,Defender
5992,Player_5992,4,21,Batsman
5993,Player_5993,18,21,Batsman
5994,Player_5994,7,22,Defender
5995,Player_5995,13,32,All-Rounder
5996,Player_5996,15,23,Batsman
5997,Player_5997,1,38,Defender
5998,Player_5998,11,33,Defender
5999,Player_5999,10,31,All-Rounder
6000,Player_6000,5,31,Bowler
6001,Player_6001,16,33,Defender
6002,Player_6002,11,39,Batsman
6003,Player_6003,6,21,Bowler
6004,Player_6004,9,28,Bowler
6005,Player_6005,13,36,Bowler
6006,Player_6006,8,36,Defender
6007,Player_6007,14,25,Batsman
6008,Player_6008,1,27,All-Rounder
6009,Player_6009,17,22,Goalkeeper
6010,Player_6010,5,33,Goalkeeper
6011,Player_6011,2,20,Bowler
6012,Player_6012,9,27,Goalkeeper
6013,Player_6013,4,30,Goalkeeper
6014,Player_6014,17,24,Defender
6015,Player_6015,17,29,All-Rounder
6016,Player_6016,18,31,Goalkeeper
6017,Player_6017,16,27,All-Rounder
6018,Player_6018,8,26,Goalkeeper
6019,Player_6019,11,29,Bowler
6020,Player_6020,18,20,Bowler
6021,Player_6021,10,30,All-Rounder
6022,Player_6022,13,23,All-Rounder
6023,Player_6023,17,23,All-Rounder
6024,Player_6024,18,38,All-Rounder
6025,Player_6025,10,36,Batsman
6026,Player_6026,16,24,Bowler
6027,Player_6027,20,21,Goalkeeper
6028,Player_6028,5,39,Batsman
6029,Player_6029,13,22,All-Rounder
6030,Player_6030,18,18,Goalkeeper
6031,Player_6031,17,35,Bowler
6032,Player_6032,9,34,All-Rounder
6033,Player_6033,14,26,Defender
6034,Player_6034,17,26,All-Rounder
6035,Player_6035,4,38,Goalkeeper
6036,Player_6036,18,27,Bowler
6037,Player_6037,20,37,All-Rounder
6038,Player_6038,15,34,Bowler
6039,Player_6039,11,30,Batsman
6040,Player_6040,12,21,Defender
6041,Player_6041,9,35,Batsman
6042,Player_6042,13,35,Defender
6043,Player_6043,15,39,Batsman
6044,Player_6044,15,26,Bowler
6045,Player_6045,5,20,Bowler
6046,Player_6046,19,24,Batsman
6047,Player_6047,20,32,Goalkeeper
6048,Player_6048,14,26,Batsman
6049,Player_6049,17,26,All-Rounder
6050,Player_6050,18,21,Goalkeeper
6051,Player_6051,3,35,Bowler
6052,Player_6052,2,34,Batsman
6053,Player_6053,1,39,Goalkeeper
6054,Player_6054,10,38,All-Rounder
6055,Player_6055,19,23,Defender
6056,Player_6056,17,24,Bowler
6057,Player_6057,12,27,Goalkeeper
6058,Player_6058,1,27,Goalkeeper
6059,Player_6059,12,23,Goalkeeper
6060,Player_6060,17,23,Batsman
6061,Player_6061,3,36,Bowler
6062,Player_6062,11,25,Bowler
6063,Player_6063,17,26,Batsman
6064,Player_6064,3,18,Batsman
6065,Player_6065,8,33,Batsman
6066,Player_6066,20,23,All-Rounder
6067,Player_6067,4,25,Goalkeeper
6068,Player_6068,7,32,All-Rounder
6069,Player_6069,14,29,Bowler
6070,Player_6070,14,27,Batsman
6071,Player_6071,4,33,Goalkeeper
6072,Player_6072,16,32,Defender
6073,Player_6073,1,28,Goalkeeper
6074,Player_6074,17,24,Defender
6075,Player_6075,10,25,Goalkeeper
6076,Player_6076,16,28,Batsman
6077,Player_6077,16,26,Defender
6078,Player_6078,8,24,Defender
6079,Player_6079,7,32,Bowler
6080,Player_6080,6,32,Goalkeeper
6081,Player_6081,16,33,All-Rounder
6082,Player_6082,20,20,All-Rounder
6083,Player_6083,16,33,Bowler
6084,Player_6084,7,32,Bowler
6085,Player_6085,9,18,Bowler
6086,Player_6086,14,31,Batsman
6087,Player_6087,11,39,Batsman
6088,Player_6088,14,28,Batsman
6089,Player_6089,7,20,Batsman
6090,Player_6090,1,26,Bowler
6091,Player_6091,13,23,Bowler
6092,Player_6092,20,33,Batsman
6093,Player_6093,3,28,Batsman
6094,Player_6094,20,35,Defender
6095,Player_6095,4,34,Goalkeeper
6096,Player_6096,11,34,Defender
6097,Player_6097,2,20,Goalkeeper
6098,Player_6098,14,36,Batsman
6099,Player_6099,12,32,Batsman
6100,Player_6100,17,27,Batsman
6101,Player_6101,12,25,Defender
6102,Player_6102,12,34,Bowler
6103,Player_6103,1,21,Goalkeeper
6104,Player_6104,13,25,Defender
6105,Player_6105,14,19,Batsman
6106,Player_6106,2,25,Bowler
6107,Player_6107,12,24,Defender
6108,Player_6108,16,26,Goalkeeper
6109,Player_6109,4,35,Batsman
6110,Player_6110,8,34,Goalkeeper
6111,Player_6111,2,18,Batsman
6112,Player_6112,10,29,Batsman
6113,Player_6113,9,21,All-Rounder
6114,Player_6114,15,34,Goalkeeper
6115,Player_6115,13,24,Bowler
6116,Player_6116,17,20,Batsman
6117,Player_6117,16,18,Bowler
6118,Player_6118,2,36,Defender
6119,Player_6119,20,19,Batsman
6120,Player_6120,20,23,Batsman
6121,Player_6121,14,28,Batsman
6122,Player_6122,3,38,Bowler
6123,Player_6123,12,21,All-Rounder
6124,Player_6124,8,18,Goalkeeper
6125,Player_6125,2,28,Batsman
6126,Player_6126,4,33,Goalkeeper
6127,Player_6127,14,23,Goalkeeper
6128,Player_6128,16,28,Goalkeeper
6129,Player_6129,19,25,Bowler
6130,Player_6130,2,37,Goalkeeper
6131,Player_6131,12,18,Defender
6132,Player_6132,14,31,Bowler
6133,Player_6133,6,38,Bowler
6134,Player_6134,13,38,Defender
6135,Player_6135,4,19,All-Rounder
6136,Player_6136,18,23,All-Rounder
6137,Player_6137,12,26,Batsman
6138,Player_6138,20,31,All-Rounder
6139,Player_6139,19,39,Batsman
6140,Player_6140,8,25,Goalkeeper
6141,Player_6141,7,20,Batsman
6142,Player_6142,16,27,All-Rounder
6143,Player_6143,19,35,Batsman
6144,Player_6144,6,37,Bowler
6145,Player_6145,20,26,All-Rounder
6146,Player_6146,11,26,Batsman
6147,Player_6147,5,36,All-Rounder
6148,Player_6148,16,30,Defender
6149,Player_6149,7,18,All-Rounder
6150,Player_6150,5,34,Defender
6151,Player_6151,11,21,Batsman
6152,Player_6152,15,21,Defender
6153,Player_6153,3,33,All-Rounder
6154,Player_6154,5,33,Bowler
6155,Player_6155,5,32,Defender
6156,Player_6156,9,23,All-Rounder
6157,Player_6157,15,22,Bowler
6158,Player_6158,3,39,Goalkeeper
6159,Player_6159,6,27,Defender
6160,Player_6160,17,24,Defender
6161,Player_6161,8,24,Batsman
6162,Player_6162,11,27,Goalkeeper
6163,Player_6163,6,27,Batsman
6164,Player_6164,8,32,Batsman
6165,Player_6165,10,23,All-Rounder
6166,Player_6166,3,19,Batsman
6167,Player_6167,14,25,Defender
6168,Player_6168,14,37,Batsman
6169,Player_6169,10,32,Bowler
6170,Player_6170,12,38,Defender
6171,Player_6171,6,38,All-Rounder
6172,Player_6172,12,35,Batsman
6173,Player_6173,14,22,Bowler
6174,Player_6174,2,21,Bowler
6175,Player_6175,9,27,Defender
6176,Player_6176,10,36,Batsman
6177,Player_6177,17,31,Bowler
6178,Player_6178,17,30,Batsman
6179,Player_6179,3,27,Defender
6180,Player_6180,19,39,Goalkeeper
6181,Player_6181,1,23,Bowler
6182,Player_6182,12,30,All-Rounder
6183,Player_6183,7,38,Batsman
6184,Player_6184,4,28,Defender
6185,Player_6185,10,39,Defender
6186,Player_6186,13,32,All-Rounder
6187,Player_6187,2,19,Goalkeeper
6188,Player_6188,10,32,Batsman
6189,Player_6189,4,36,Goalkeeper
6190,Player_6190,18,34,Defender
6191,Player_6191,5,37,Bowler
6192,Player_6192,19,35,Goalkeeper
6193,Player_6193,2,23,Bowler
6194,Player_6194,12,32,All-Rounder
6195,Player_6195,17,34,Defender
6196,Player_6196,10,39,Bowler
6197,Player_6197,2,26,Batsman
6198,Player_6198,6,29,Defender
6199,Player_6199,8,39,All-Rounder
6200,Player_6200,19,22,Batsman
6201,Player_6201,11,31,Defender
6202,Player_6202,12,25,Goalkeeper
6203,Player_6203,9,39,Defender
6204,Player_6204,2,34,Batsman
6205,Player_6205,8,26,Bowler
6206,Player_6206,11,20,Bowler
6207,Player_6207,4,24,Defender
6208,Player_6208,10,29,Defender
6209,Player_6209,20,20,All-Rounder
6210,Player_6210,16,26,Goalkeeper
6211,Player_6211,8,31,All-Rounder
6212,Player_6212,4,35,All-Rounder
6213,Player_6213,10,28,Bowler
6214,Player_6214,12,21,Bowler
6215,Player_6215,14,25,Batsman
6216,Player_6216,16,35,All-Rounder
6217,Player_6217,18,30,Batsman
6218,Player_6218,12,21,Defender
6219,Player_6219,18,27,Batsman
6220,Player_6220,7,25,Bowler
6221,Player_6221,20,29,All-Rounder
6222,Player_6222,7,36,Bowler
6223,Player_6223,9,29,Defender
6224,Player_6224,1,39,Goalkeeper
6225,Player_6225,6,19,All-Rounder
6226,Player_6226,6,25,Bowler
6227,Player_6227,12,30,Goalkeeper
6228,Player_6228,12,18,Defender
6229,Player_6229,10,20,Goalkeeper
6230,Player_6230,6,19,Bowler
6231,Player_6231,17,37,Bowler
6232,Player_6232,19,25,Defender
6233,Player_6233,18,20,Defender
6234,Player_6234,6,38,Goalkeeper
6235,Player_6235,19,32,Goalkeeper
6236,Player_6236,10,19,Bowler
6237,Player_6237,8,34,Defender
6238,Player_6238,6,23,Batsman
6239,Player_6239,7,18,Defender
6240,Player_6240,1,21,All-Rounder
6241,Player_6241,18,36,All-Rounder
6242,Player_6242,20,24,Defender
6243,Player_6243,12,39,Goalkeeper
6244,Player_6244,16,31,All-Rounder
6245,Player_6245,10,31,Bowler
6246,Player_6246,10,27,Bowler
6247,Player_6247,14,24,Bowler
6248,Player_6248,20,33,Defender
6249,Player_6249,10,21,All-Rounder
6250,Player_6250,10,24,Goalkeeper
6251,Player_6251,11,32,Bowler
6252,Player_6252,2,34,Goalkeeper
6253,Player_6253,20,20,Bowler
6254,Player_6254,8,33,Defender
6255,Player_6255,7,19,Bowler
6256,Player_6256,8,24,Defender
6257,Player_6257,1,33,All-Rounder
6258,Player_6258,2,38,All-Rounder
6259,Player_6259,18,26,Goalkeeper
6260,Player_6260,15,29,Bowler
6261,Player_6261,1,18,All-Rounder
6262,Player_6262,5,31,Batsman
6263,Player_6263,2,28,Batsman
6264,Player_6264,20,35,Goalkeeper
6265,Player_6265,3,39,All-Rounder
6266,Player_6266,19,22,Defender
6267,Player_6267,18,32,Batsman
6268,Player_6268,18,24,All-Rounder
6269,Player_6269,14,31,Defender
6270,Player_6270,8,37,Bowler
6271,Player_6271,12,25,All-Rounder
6272,Player_6272,10,21,Bowler
6273,Player_6273,20,20,Batsman
6274,Player_6274,17,29,Bowler
6275,Player_6275,11,35,Batsman
6276,Player_6276,2,32,Goalkeeper
6277,Player_6277,4,28,Goalkeeper
6278,Player_6278,1,28,Batsman
6279,Player_6279,15,29,Defender
6280,Player_6280,13,36,Goalkeeper
6281,Player_6281,8,34,Defender
6282,Player_6282,4,23,Defender
6283,Player_6283,10,38,Defender
6284,Player_6284,19,25,All-Rounder
6285,Player_6285,18,32,All-Rounder
6286,Player_6286,5,39,Defender
6287,Player_6287,19,37,Batsman
6288,Player_6288,16,27,Goalkeeper
6289,Player_6289,1,32,Bowler
6290,Player_6290,12,29,All-Rounder
6291,Player_6291,2,28,All-Rounder
6292,Player_6292,8,35,Bowler
6293,Player_6293,18,22,Defender
6294,Player_6294,16,29,Bowler
6295,Player_6295,5,22,Defender
6296,Player_6296,13,39,All-Rounder
6297,Player_6297,19,27,Bowler
6298,Player_6298,3,31,Batsman
6299,Player_6299,8,33,Goalkeeper
6300,Player_6300,12,22,Goalkeeper
6301,Player_6301,2,28,Goalkeeper
6302,Player_6302,11,36,Bowler
6303,Player_6303,12,25,Defender
6304,Player_6304,18,36,All-Rounder
6305,Player_6305,13,37,Goalkeeper
6306,Player_6306,5,39,Bowler
6307,Player_6307,12,35,Goalkeeper
6308,Player_6308,2,38,Defender
6309,Player_6309,5,29,Batsman
6310,Player_6310,7,30,Batsman
6311,Player_6311,12,38,All-Rounder
6312,Player_6312,16,38,Batsman
6313,Player_6313,8,35,Batsman
6314,Player_6314,9,32,Bowler
6315,Player_6315,15,32,Bowler
6316,Player_6316,5,29,All-Rounder
6317,Player_6317,13,26,All-Rounder
6318,Player_6318,5,36,Bowler
6319,Player_6319,11,29,Batsman
6320,Player_6320,10,22,Defender
6321,Player_6321,20,38,Batsman
6322,Player_6322,13,37,Batsman
6323,Player_6323,9,27,Defender
6324,Player_6324,14,39,All-Rounder
6325,Player_6325,18,24,Bowler
6326,Player_6326,15,28,All-Rounder
6327,Player_6327,10,25,All-Rounder
6328,Player_6328,7,38,All-Rounder
6329,Player_6329,8,24,Bowler
6330,Player_6330,3,33,All-Rounder
6331,Player_6331,15,33,All-Rounder
6332,Player_6332,16,31,Goalkeeper
6333,Player_6333,4,32,Batsman
6334,Player_6334,6,37,Goalkeeper
6335,Player_6335,1,26,Bowler
6336,Player_6336,4,33,Defender
6337,Player_6337,11,33,Defender
6338,Player_6338,12,22,Goalkeeper
6339,Player_6339,5,20,Goalkeeper
6340,Player_6340,16,38,Goalkeeper
6341,Player_6341,13,30,Batsman
6342,Player_6342,13,25,Bowler
6343,Player_6343,17,34,All-Rounder
6344,Player_6344,7,22,Goalkeeper
6345,Player_6345,8,23,Batsman
6346,Player_6346,13,19,Defender
6347,Player_6347,16,39,Defender
6348,Player_6348,4,31,Defender
6349,Player_6349,8,21,Goalkeeper
6350,Player_6350,16,20,Defender
6351,Player_6351,10,26,Defender
6352,Player_6352,12,35,Defender
6353,Player_6353,12,29,All-Rounder
6354,Player_6354,5,26,Defender
6355,Player_6355,16,35,Batsman
6356,Player_6356,1,30,Goalkeeper
6357,Player_6357,9,31,All-Rounder
6358,Player_6358,12,27,All-Rounder
6359,Player_6359,5,20,Goalkeeper
6360,Player_6360,20,24,Defender
6361,Player_6361,3,35,Defender
6362,Player_6362,5,33,Bowler
6363,Player_6363,2,34,Defender
6364,Player_6364,14,23,Batsman
6365,Player_6365,2,29,Defender
6366,Player_6366,13,36,Goalkeeper
6367,Player_6367,7,20,Defender
6368,Player_6368,10,20,Goalkeeper
6369,Player_6369,13,35,All-Rounder
6370,Player_6370,16,28,Bowler
6371,Player_6371,14,23,All-Rounder
6372,Player_6372,11,36,Goalkeeper
6373,Player_6373,10,22,Bowler
6374,Player_6374,6,30,All-Rounder
6375,Player_6375,4,22,Defender
6376,Player_6376,1,20,Defender
6377,Player_6377,7,36,Bowler
6378,Player_6378,9,34,All-Rounder
6379,Player_6379,8,39,Batsman
6380,Player_6380,5,20,Batsman
6381,Player_6381,19,32,Batsman
6382,Player_6382,10,34,All-Rounder
6383,Player_6383,11,30,All-Rounder
6384,Player_6384,15,31,All-Rounder
6385,Player_6385,6,33,Goalkeeper
6386,Player_6386,15,28,Batsman
6387,Player_6387,5,34,Batsman
6388,Player_6388,19,22,Batsman
6389,Player_6389,19,38,Goalkeeper
6390,Player_6390,10,32,Goalkeeper
6391,Player_6391,12,35,All-Rounder
6392,Player_6392,4,33,Batsman
6393,Player_6393,18,31,Batsman
6394,Player_6394,16,31,Defender
6395,Player_6395,8,30,Defender
6396,Player_6396,4,18,Defender
6397,Player_6397,12,23,Goalkeeper
6398,Player_6398,2,28,All-Rounder
6399,Player_6399,4,28,Bowler
6400,Player_6400,5,33,Batsman
6401,Player_6401,3,20,Defender
6402,Player_6402,9,34,Batsman
6403,Player_6403,18,39,Batsman
6404,Player_6404,11,31,Batsman
6405,Player_6405,3,19,All-Rounder
6406,Player_6406,2,26,Batsman
6407,Player_6407,9,25,All-Rounder
6408,Player_6408,14,28,Bowler
6409,Player_6409,4,24,Bowler
6410,Player_6410,9,39,Goalkeeper
6411,Player_6411,13,19,Batsman
6412,Player_6412,18,21,Defender
6413,Player_6413,15,31,Goalkeeper
6414,Player_6414,10,30,Goalkeeper
6415,Player_6415,16,39,Bowler
6416,Player_6416,12,30,Defender
6417,Player_6417,20,30,Batsman
6418,Player_6418,5,22,Batsman
6419,Player_6419,2,29,Bowler
6420,Player_6420,10,23,All-Rounder
6421,Player_6421,1,39,Bowler
6422,Player_6422,7,31,Defender
6423,Player_6423,17,25,All-Rounder
6424,Player_6424,16,39,Defender
6425,Player_6425,3,25,Batsman
6426,Player_6426,14,24,All-Rounder
6427,Player_6427,10,34,Defender
6428,Player_6428,7,38,Batsman
6429,Player_6429,17,28,Defender
6430,Player_6430,6,27,All-Rounder
6431,Player_6431,4,30,Batsman
6432,Player_6432,17,27,Defender
6433,Player_6433,9,38,Goalkeeper
6434,Player_6434,4,31,All-Rounder
6435,Player_6435,7,26,All-Rounder
6436,Player_6436,2,24,All-Rounder
6437,Player_6437,17,24,Batsman
6438,Player_6438,8,35,All-Rounder
6439,Player_6439,15,33,Defender
6440,Player_6440,15,25,Goalkeeper
6441,Player_6441,8,33,Defender
6442,Player_6442,16,36,Defender
6443,Player_6443,19,32,All-Rounder
6444,Player_6444,11,32,Goalkeeper
6445,Player_6445,2,23,Goalkeeper
6446,Player_6446,17,26,Goalkeeper
6447,Player_6447,16,32,Goalkeeper
6448,Player_6448,15,24,Bowler
6449,Player_6449,13,25,Goalkeeper
6450,Player_6450,15,35,All-Rounder
6451,Player_6451,4,38,Goalkeeper
6452,Player_6452,16,33,Defender
6453,Player_6453,12,32,Bowler
6454,Player_6454,4,20,Defender
6455,Player_6455,3,18,All-Rounder
6456,Player_6456,17,30,All-Rounder
6457,Player_6457,18,39,Goalkeeper
6458,Player_6458,18,29,All-Rounder
6459,Player_6459,17,26,Bowler
6460,Player_6460,12,19,Defender
6461,Player_6461,4,26,All-Rounder
6462,Player_6462,12,25,All-Rounder
6463,Player_6463,20,22,Bowler
6464,Player_6464,15,30,Batsman
6465,Player_6465,16,19,Batsman
6466,Player_6466,5,27,Bowler
6467,Player_6467,15,23,All-Rounder
6468,Player_6468,17,24,Bowler
6469,Player_6469,18,20,Bowler
6470,Player_6470,5,31,Batsman
6471,Player_6471,13,33,Goalkeeper
6472,Player_6472,19,23,All-Rounder
6473,Player_6473,13,39,Defender
6474,Player_6474,18,25,Bowler
6475,Player_6475,14,18,Batsman
6476,Player_6476,4,37,Goalkeeper
6477,Player_6477,4,32,All-Rounder
6478,Player_6478,20,34,Bowler
6479,Player_6479,20,35,Batsman
6480,Player_6480,19,20,Bowler
6481,Player_6481,13,23,Defender
6482,Player_6482,12,34,All-Rounder
6483,Player_6483,7,30,All-Rounder
6484,Player_6484,12,39,All-Rounder
6485,Player_6485,4,34,All-Rounder
6486,Player_6486,2,38,Batsman
6487,Player_6487,2,33,Defender
6488,Player_6488,5,34,Bowler
6489,Player_6489,10,18,Batsman
6490,Player_6490,10,33,Goalkeeper
6491,Player_6491,9,23,All-Rounder
6492,Player_6492,13,25,All-Rounder
6493,Player_6493,7,18,Bowler
6494,Player_6494,5,19,All-Rounder
6495,Player_6495,10,32,All-Rounder
6496,Player_6496,10,22,Bowler
6497,Player_6497,6,37,Defender
6498,Player_6498,19,32,Batsman
6499,Player_6499,8,38,Defender
6500,Player_6500,1,27,Bowler
6501,Player_6501,17,22,All-Rounder
6502,Player_6502,7,20,All-Rounder
6503,Player_6503,14,23,Defender
6504,Player_6504,17,38,Goalkeeper
6505,Player_6505,9,32,Batsman
6506,Player_6506,17,35,All-Rounder
6507,Player_6507,5,31,Bowler
6508,Player_6508,20,27,Defender
6509,Player_6509,8,21,Batsman
6510,Player_6510,6,28,Goalkeeper
6511,Player_6511,11,37,All-Rounder
6512,Player_6512,19,24,Defender
6513,Player_6513,4,32,All-Rounder
6514,Player_6514,18,26,Defender
6515,Player_6515,1,32,Goalkeeper
6516,Player_6516,13,29,Bowler
6517,Player_6517,14,35,Bowler
6518,Player_6518,1,23,Batsman
6519,Player_6519,11,35,All-Rounder
6520,Player_6520,17,35,All-Rounder
6521,Player_6521,4,39,All-Rounder
6522,Player_6522,12,23,Bowler
6523,Player_6523,10,32,Batsman
6524,Player_6524,6,36,Bowler
6525,Player_6525,1,22,Defender
6526,Player_6526,7,21,All-Rounder
6527,Player_6527,16,34,Defender
6528,Player_6528,14,38,Goalkeeper
6529,Player_6529,20,27,Defender
6530,Player_6530,20,29,Defender
6531,Player_6531,6,22,Defender
6532,Player_6532,5,24,Bowler
6533,Player_6533,18,29,Defender
6534,Player_6534,15,19,All-Rounder
6535,Player_6535,6,37,Batsman
6536,Player_6536,19,34,Goalkeeper
6537,Player_6537,1,30,All-Rounder
6538,Player_6538,1,22,Batsman
6539,Player_6539,13,22,All-Rounder
6540,Player_6540,3,37,Defender
6541,Player_6541,10,29,Goalkeeper
6542,Player_6542,3,29,All-Rounder
6543,Player_6543,9,24,Goalkeeper
6544,Player_6544,8,23,Bowler
6545,Player_6545,3,27,Bowler
6546,Player_6546,13,36,Defender
6547,Player_6547,6,33,Defender
6548,Player_6548,13,19,Bowler
6549,Player_6549,20,21,All-Rounder
6550,Player_6550,20,26,Batsman
6551,Player_6551,12,22,Batsman
6552,Player_6552,13,18,Bowler
6553,Player_6553,2,28,Batsman
6554,Player_6554,16,36,All-Rounder
6555,Player_6555,6,20,Batsman
6556,Player_6556,19,18,Batsman
6557,Player_6557,13,21,Bowler
6558,Player_6558,17,26,Goalkeeper
6559,Player_6559,9,33,Goalkeeper
6560,Player_6560,17,24,All-Rounder
6561,Player_6561,2,22,Goalkeeper
6562,Player_6562,19,30,Defender
6563,Player_6563,19,28,Bowler
6564,Player_6564,7,31,Goalkeeper
6565,Player_6565,10,39,Batsman
6566,Player_6566,10,34,Goalkeeper
6567,Player_6567,20,29,Bowler
6568,Player_6568,9,38,Batsman
6569,Player_6569,17,38,Batsman
6570,Player_6570,15,38,Bowler
6571,Player_6571,2,36,All-Rounder
6572,Player_6572,4,22,All-Rounder
6573,Player_6573,19,25,Bowler
6574,Player_6574,17,19,Bowler
6575,Player_6575,5,34,Bowler
6576,Player_6576,7,19,Batsman
6577,Player_6577,18,20,Batsman
6578,Player_6578,7,37,Bowler
6579,Player_6579,17,35,Batsman
6580,Player_6580,7,32,Defender
6581,Player_6581,4,22,Bowler
6582,Player_6582,8,39,Batsman
6583,Player_6583,13,34,All-Rounder
6584,Player_6584,4,31,Bowler
6585,Player_6585,6,18,Bowler
6586,Player_6586,5,31,Bowler
6587,Player_6587,12,26,Goalkeeper
6588,Player_6588,4,22,Bowler
6589,Player_6589,9,21,All-Rounder
6590,Player_6590,4,18,Batsman
6591,Player_6591,19,20,Bowler
6592,Player_6592,14,37,Defender
6593,Player_6593,5,28,Batsman
6594,Player_6594,18,33,All-Rounder
6595,Player_6595,10,28,Goalkeeper
6596,Player_6596,19,38,All-Rounder
6597,Player_6597,12,27,Goalkeeper
6598,Player_6598,18,29,Batsman
6599,Player_6599,17,22,Goalkeeper
6600,Player_6600,11,27,Batsman
6601,Player_6601,3,30,All-Rounder
6602,Player_6602,17,36,All-Rounder
6603,Player_6603,1,24,Goalkeeper
6604,Player_6604,15,33,Defender
6605,Player_6605,9,23,All-Rounder
6606,Player_6606,15,27,Goalkeeper
6607,Player_6607,3,27,Bowler
6608,Player_6608,19,28,Batsman
6609,Player_6609,13,39,Bowler
6610,Player_6610,12,27,Bowler
6611,Player_6611,20,31,Bowler
6612,Player_6612,1,32,Goalkeeper
6613,Player_6613,17,24,All-Rounder
6614,Player_6614,13,30,Bowler
6615,Player_6615,1,28,Goalkeeper
6616,Player_6616,10,24,All-Rounder
6617,Player_6617,15,28,Batsman
6618,Player_6618,7,31,All-Rounder
6619,Player_6619,18,34,All-Rounder
6620,Player_6620,16,33,Bowler
6621,Player_6621,14,18,Goalkeeper
6622,Player_6622,18,26,Defender
6623,Player_6623,7,26,Batsman
6624,Player_6624,17,27,Goalkeeper
6625,Player_6625,18,36,Bowler
6626,Player_6626,12,32,Goalkeeper
6627,Player_6627,8,33,Defender
6628,Player_6628,2,28,Batsman
6629,Player_6629,7,34,All-Rounder
6630,Player_6630,4,36,Batsman
6631,Player_6631,18,30,Defender
6632,Player_6632,6,23,Batsman
6633,Player_6633,9,32,Batsman
6634,Player_6634,9,33,Bowler
6635,Player_6635,14,21,All-Rounder
6636,Player_6636,8,25,Defender
6637,Player_6637,19,24,Bowler
6638,Player_6638,3,34,Batsman
6639,Player_6639,18,33,Batsman
6640,Player_6640,5,19,Goalkeeper
6641,Player_6641,14,34,Bowler
6642,Player_6642,4,21,Defender
6643,Player_6643,7,31,Defender
6644,Player_6644,20,25,Defender
6645,Player_6645,12,22,Defender
6646,Player_6646,2,22,Batsman
6647,Player_6647,11,22,Batsman
6648,Player_6648,14,22,Bowler
6649,Player_6649,16,20,All-Rounder
6650,Player_6650,20,23,Defender
6651,Player_6651,6,18,Batsman
6652,Player_6652,4,25,Bowler
6653,Player_6653,15,30,Defender
6654,Player_6654,1,37,All-Rounder
6655,Player_6655,7,23,Defender
6656,Player_6656,12,35,Goalkeeper
6657,Player_6657,10,35,Defender
6658,Player_6658,5,33,Goalkeeper
6659,Player_6659,12,25,All-Rounder
6660,Player_6660,18,34,Goalkeeper
6661,Player_6661,10,25,All-Rounder
6662,Player_6662,6,32,Bowler
6663,Player_6663,12,27,Goalkeeper
6664,Player_6664,7,18,Defender
6665,Player_6665,18,26,Defender
6666,Player_6666,2,34,Bowler
6667,Player_6667,10,37,Batsman
6668,Player_6668,15,18,All-Rounder
6669,Player_6669,12,26,Batsman
6670,Player_6670,17,31,Batsman
6671,Player_6671,4,22,Bowler
6672,Player_6672,7,23,Bowler
6673,Player_6673,9,22,Goalkeeper
6674,Player_6674,19,21,Goalkeeper
6675,Player_6675,7,33,Goalkeeper
6676,Player_6676,2,33,Goalkeeper
6677,Player_6677,6,27,Goalkeeper
6678,Player_6678,18,31,Defender
6679,Player_6679,6,30,Bowler
6680,Player_6680,13,21,All-Rounder
6681,Player_6681,19,31,All-Rounder
6682,Player_6682,2,26,All-Rounder
6683,Player_6683,12,20,All-Rounder
6684,Player_6684,15,27,All-Rounder
6685,Player_6685,14,32,Defender
6686,Player_6686,6,36,Bowler
6687,Player_6687,18,19,Goalkeeper
6688,Player_6688,5,19,Goalkeeper
6689,Player_6689,18,26,Goalkeeper
6690,Player_6690,3,21,Bowler
6691,Player_6691,3,22,Bowler
6692,Player_6692,10,19,Defender
6693,Player_6693,19,24,Defender
6694,Player_6694,3,36,Goalkeeper
6695,Player_6695,12,23,Bowler
6696,Player_6696,16,33,Goalkeeper
6697,Player_6697,17,31,Defender
6698,Player_6698,7,29,Goalkeeper
6699,Player_6699,13,23,Defender
6700,Player_6700,2,39,Batsman
6701,Player_6701,4,30,All-Rounder
6702,Player_6702,10,32,Batsman
6703,Player_6703,7,31,Goalkeeper
6704,Player_6704,17,25,Goalkeeper
6705,Player_6705,20,38,Bowler
6706,Player_6706,6,37,All-Rounder
6707,Player_6707,19,28,Defender
6708,Player_6708,5,38,Goalkeeper
6709,Player_6709,10,26,Defender
6710,Player_6710,9,29,Defender
6711,Player_6711,13,23,Defender
6712,Player_6712,19,36,Batsman
6713,Player_6713,6,20,Defender
6714,Player_6714,4,18,Bowler
6715,Player_6715,3,32,Batsman
6716,Player_6716,3,32,Batsman
6717,Player_6717,4,22,Goalkeeper
6718,Player_6718,5,39,All-Rounder
6719,Player_6719,8,28,All-Rounder
6720,Player_6720,16,18,Goalkeeper
6721,Player_6721,3,27,All-Rounder
6722,Player_6722,12,37,Defender
6723,Player_6723,8,28,Bowler
6724,Player_6724,13,24,Defender
6725,Player_6725,4,34,All-Rounder
6726,Player_6726,14,29,All-Rounder
6727,Player_6727,14,21,Bowler
6728,Player_6728,13,29,Batsman
6729,Player_6729,6,20,Batsman
6730,Player_6730,17,35,Bowler
6731,Player_6731,4,29,Batsman
6732,Player_6732,8,36,All-Rounder
6733,Player_6733,17,30,Batsman
6734,Player_6734,3,33,All-Rounder
6735,Player_6735,17,25,Goalkeeper
6736,Player_6736,9,23,Defender
6737,Player_6737,2,27,Batsman
6738,Player_6738,13,27,Goalkeeper
6739,Player_6739,20,23,Batsman
6740,Player_6740,2,25,Goalkeeper
6741,Player_6741,20,35,Bowler
6742,Player_6742,11,34,Goalkeeper
6743,Player_6743,15,27,All-Rounder
6744,Player_6744,11,19,Bowler
6745,Player_6745,3,29,Bowler
6746,Player_6746,3,37,All-Rounder
6747,Player_6747,12,27,Batsman
6748,Player_6748,5,26,Bowler
6749,Player_6749,20,33,Batsman
6750,Player_6750,7,24,Defender
6751,Player_6751,7,26,Goalkeeper
6752,Player_6752,13,23,Goalkeeper
6753,Player_6753,9,27,All-Rounder
6754,Player_6754,13,24,All-Rounder
6755,Player_6755,12,35,Goalkeeper
6756,Player_6756,13,28,Defender
6757,Player_6757,10,18,All-Rounder
6758,Player_6758,1,38,Defender
6759,Player_6759,8,36,All-Rounder
6760,Player_6760,16,22,Bowler
6761,Player_6761,13,23,Batsman
6762,Player_6762,3,39,Goalkeeper
6763,Player_6763,3,24,Batsman
6764,Player_6764,5,21,Goalkeeper
6765,Player_6765,11,33,All-Rounder
6766,Player_6766,7,27,Batsman
6767,Player_6767,10,32,Defender
6768,Player_6768,10,30,All-Rounder
6769,Player_6769,20,25,Bowler
6770,Player_6770,2,39,Batsman
6771,Player_6771,3,30,Batsman
6772,Player_6772,8,24,Bowler
6773,Player_6773,11,34,Goalkeeper
6774,Player_6774,13,21,All-Rounder
6775,Player_6775,7,24,Bowler
6776,Player_6776,13,33,Defender
6777,Player_6777,2,19,All-Rounder
6778,Player_6778,6,38,Bowler
6779,Player_6779,9,39,Bowler
6780,Player_6780,20,31,Batsman
6781,Player_6781,2,31,Batsman
6782,Player_6782,18,25,Batsman
6783,Player_6783,16,23,All-Rounder
6784,Player_6784,12,39,Goalkeeper
6785,Player_6785,7,24,All-Rounder
6786,Player_6786,7,24,Batsman
6787,Player_6787,17,19,Batsman
6788,Player_6788,13,21,All-Rounder
6789,Player_6789,11,30,Bowler
6790,Player_6790,6,27,Bowler
6791,Player_6791,14,26,Batsman
6792,Player_6792,6,32,Batsman
6793,Player_6793,6,29,Goalkeeper
6794,Player_6794,2,27,Bowler
6795,Player_6795,20,36,Goalkeeper
6796,Player_6796,15,38,Batsman
6797,Player_6797,17,22,Batsman
6798,Player_6798,8,24,Goalkeeper
6799,Player_6799,5,37,Goalkeeper
6800,Player_6800,17,28,Batsman
6801,Player_6801,20,33,Defender
6802,Player_6802,1,30,Batsman
6803,Player_6803,18,21,Bowler
6804,Player_6804,15,33,Batsman
6805,Player_6805,5,30,All-Rounder
6806,Player_6806,7,18,Batsman
6807,Player_6807,18,39,Defender
6808,Player_6808,6,21,Bowler
6809,Player_6809,5,32,Batsman
6810,Player_6810,19,38,Goalkeeper
6811,Player_6811,10,33,Bowler
6812,Player_6812,15,21,Bowler
6813,Player_6813,10,34,Defender
6814,Player_6814,16,28,Goalkeeper
6815,Player_6815,12,22,All-Rounder
6816,Player_6816,18,30,Batsman
6817,Player_6817,1,29,All-Rounder
6818,Player_6818,16,20,Goalkeeper
6819,Player_6819,6,21,Bowler
6820,Player_6820,3,27,Defender
6821,Player_6821,2,26,Defender
6822,Player_6822,2,27,Bowler
6823,Player_6823,13,30,Defender
6824,Player_6824,9,18,All-Rounder
6825,Player_6825,16,29,Bowler
6826,Player_6826,5,28,Batsman
6827,Player_6827,7,38,Batsman
6828,Player_6828,13,25,Goalkeeper
6829,Player_6829,20,31,Bowler
6830,Player_6830,13,31,All-Rounder
6831,Player_6831,7,37,Bowler
6832,Player_6832,10,34,Bowler
6833,Player_6833,15,39,All-Rounder
6834,Player_6834,6,36,Defender
6835,Player_6835,5,37,All-Rounder
6836,Player_6836,2,38,Bowler
6837,Player_6837,15,38,Bowler
6838,Player_6838,16,34,Bowler
6839,Player_6839,19,23,Bowler
6840,Player_6840,9,31,Goalkeeper
6841,Player_6841,19,35,Defender
6842,Player_6842,7,34,Bowler
6843,Player_6843,4,23,Goalkeeper
6844,Player_6844,3,22,Bowler
6845,Player_6845,20,30,Defender
6846,Player_6846,11,33,Defender
6847,Player_6847,1,38,All-Rounder
6848,Player_6848,6,26,Goalkeeper
6849,Player_6849,11,29,Defender
6850,Player_6850,1,27,Batsman
6851,Player_6851,7,30,Bowler
6852,Player_6852,6,36,Defender
6853,Player_6853,14,33,Goalkeeper
6854,Player_6854,2,34,Goalkeeper
6855,Player_6855,4,33,Goalkeeper
6856,Player_6856,11,31,All-Rounder
6857,Player_6857,15,33,Bowler
6858,Player_6858,18,32,Batsman
6859,Player_6859,1,29,Goalkeeper
6860,Player_6860,3,22,Bowler
6861,Player_6861,3,28,Goalkeeper
6862,Player_6862,7,22,Goalkeeper
6863,Player_6863,1,28,Batsman
6864,Player_6864,11,19,Bowler
6865,Player_6865,6,36,Goalkeeper
6866,Player_6866,20,34,All-Rounder
6867,Player_6867,3,36,Goalkeeper
6868,Player_6868,19,29,Bowler
6869,Player_6869,2,37,Defender
6870,Player_6870,18,22,Goalkeeper
6871,Player_6871,12,29,All-Rounder
6872,Player_6872,10,33,All-Rounder
6873,Player_6873,5,18,Goalkeeper
6874,Player_6874,9,19,Bowler
6875,Player_6875,2,27,Goalkeeper
6876,Player_6876,2,19,All-Rounder
6877,Player_6877,6,27,Goalkeeper
6878,Player_6878,10,35,All-Rounder
6879,Player_6879,18,18,Defender
6880,Player_6880,12,22,Goalkeeper
6881,Player_6881,4,29,Batsman
6882,Player_6882,17,34,Goalkeeper
6883,Player_6883,15,36,All-Rounder
6884,Player_6884,6,35,Bowler
6885,Player_6885,16,30,All-Rounder
6886,Player_6886,17,39,Defender
6887,Player_6887,3,20,Bowler
6888,Player_6888,10,38,Batsman
6889,Player_6889,5,27,Batsman
6890,Player_6890,14,31,Defender
6891,Player_6891,13,25,Defender
6892,Player_6892,6,27,Defender
6893,Player_6893,12,19,Defender
6894,Player_6894,8,30,Goalkeeper
6895,Player_6895,5,22,All-Rounder
6896,Player_6896,15,28,Goalkeeper
6897,Player_6897,16,18,Bowler
6898,Player_6898,1,27,Batsman
6899,Player_6899,16,30,Batsman
6900,Player_6900,5,21,Bowler
6901,Player_6901,3,38,Batsman
6902,Player_6902,20,27,Defender
6903,Player_6903,15,29,Defender
6904,Player_6904,13,31,Defender
6905,Player_6905,16,20,Bowler
6906,Player_6906,11,19,All-Rounder
6907,Player_6907,2,36,Bowler
6908,Player_6908,6,28,All-Rounder
6909,Player_6909,6,38,Batsman
6910,Player_6910,14,24,Batsman
6911,Player_6911,11,35,Batsman
6912,Player_6912,8,31,All-Rounder
6913,Player_6913,8,24,Batsman
6914,Player_6914,1,39,Bowler
6915,Player_6915,7,24,All-Rounder
6916,Player_6916,6,26,Defender
6917,Player_6917,8,29,All-Rounder
6918,Player_6918,19,23,Bowler
6919,Player_6919,20,24,Bowler
6920,Player_6920,8,39,Bowler
6921,Player_6921,14,21,Batsman
6922,Player_6922,18,33,Defender
6923,Player_6923,16,24,Defender
6924,Player_6924,9,25,Goalkeeper
6925,Player_6925,15,25,Bowler
6926,Player_6926,10,37,Batsman
6927,Player_6927,16,20,All-Rounder
6928,Player_6928,4,26,Batsman
6929,Player_6929,20,36,Bowler
6930,Player_6930,13,30,Batsman
6931,Player_6931,5,24,Bowler
6932,Player_6932,7,37,All-Rounder
6933,Player_6933,9,38,All-Rounder
6934,Player_6934,8,32,Defender
6935,Player_6935,16,36,Goalkeeper
6936,Player_6936,6,19,Batsman
6937,Player_6937,16,29,Goalkeeper
6938,Player_6938,6,25,Batsman
6939,Player_6939,14,25,Defender
6940,Player_6940,1,30,Defender
6941,Player_6941,9,18,All-Rounder
6942,Player_6942,13,27,All-Rounder
6943,Player_6943,19,38,All-Rounder
6944,Player_6944,17,26,Batsman
6945,Player_6945,11,19,Goalkeeper
6946,Player_6946,8,36,Goalkeeper
6947,Player_6947,5,39,All-Rounder
6948,Player_6948,10,31,Defender
6949,Player_6949,7,27,Goalkeeper
6950,Player_6950,10,27,Defender
6951,Player_6951,4,25,All-Rounder
6952,Player_6952,9,31,Batsman
6953,Player_6953,14,30,Bowler
6954,Player_6954,2,23,Goalkeeper
6955,Player_6955,9,38,All-Rounder
6956,Player_6956,1,30,All-Rounder
6957,Player_6957,10,20,Goalkeeper
6958,Player_6958,10,37,Bowler
6959,Player_6959,20,30,Batsman
6960,Player_6960,3,36,Goalkeeper
6961,Player_6961,6,33,Batsman
6962,Player_6962,6,21,All-Rounder
6963,Player_6963,2,20,Goalkeeper
6964,Player_6964,18,32,Batsman
6965,Player_6965,2,32,Defender
6966,Player_6966,12,35,Defender
6967,Player_6967,5,39,Defender
6968,Player_6968,20,24,Batsman
6969,Player_6969,7,37,Defender
6970,Player_6970,16,22,All-Rounder
6971,Player_6971,20,25,Batsman
6972,Player_6972,1,27,All-Rounder
6973,Player_6973,1,18,Bowler
6974,Player_6974,17,28,Batsman
6975,Player_6975,1,20,Defender
6976,Player_6976,20,38,Defender
6977,Player_6977,13,20,Bowler
6978,Player_6978,9,32,Goalkeeper
6979,Player_6979,15,34,Bowler
6980,Player_6980,3,35,Defender
6981,Player_6981,14,25,Defender
6982,Player_6982,11,30,Goalkeeper
6983,Player_6983,12,27,Bowler
6984,Player_6984,13,20,All-Rounder
6985,Player_6985,13,37,Bowler
6986,Player_6986,1,31,All-Rounder
6987,Player_6987,10,30,Defender
6988,Player_6988,3,20,Defender
6989,Player_6989,4,30,Bowler
6990,Player_6990,16,37,Defender
6991,Player_6991,8,26,Goalkeeper
6992,Player_6992,16,33,Batsman
6993,Player_6993,17,25,All-Rounder
6994,Player_6994,19,29,Defender
6995,Player_6995,15,29,All-Rounder
6996,Player_6996,16,36,Bowler
6997,Player_6997,15,34,Goalkeeper
6998,Player_6998,2,32,All-Rounder
6999,Player_6999,11,39,Defender
7000,Player_7000,1,35,Batsman
7001,Player_7001,15,24,Goalkeeper
7002,Player_7002,19,30,Bowler
7003,Player_7003,4,36,Defender
7004,Player_7004,11,33,Goalkeeper
7005,Player_7005,5,28,Defender
7006,Player_7006,3,22,Bowler
7007,Player_7007,13,19,Bowler
7008,Player_7008,10,18,Batsman
7009,Player_7009,11,33,Goalkeeper
7010,Player_7010,18,22,Batsman
7011,Player_7011,2,24,Batsman
7012,Player_7012,7,26,Batsman
7013,Player_7013,9,21,All-Rounder
7014,Player_7014,10,36,Bowler
7015,Player_7015,18,37,Batsman
7016,Player_7016,7,32,All-Rounder
7017,Player_7017,7,24,All-Rounder
7018,Player_7018,3,35,All-Rounder
7019,Player_7019,12,22,Batsman
7020,Player_7020,7,38,All-Rounder
7021,Player_7021,17,30,Batsman
7022,Player_7022,1,20,Goalkeeper
7023,Player_7023,5,23,Bowler
7024,Player_7024,16,29,Defender
7025,Player_7025,15,38,Batsman
7026,Player_7026,2,35,Bowler
7027,Player_7027,9,35,Batsman
7028,Player_7028,7,21,Goalkeeper
7029,Player_7029,4,37,Bowler
7030,Player_7030,20,31,Bowler
7031,Player_7031,18,31,All-Rounder
7032,Player_7032,4,18,Batsman
7033,Player_7033,13,28,Batsman
7034,Player_7034,1,39,Defender
7035,Player_7035,3,26,All-Rounder
7036,Player_7036,16,35,All-Rounder
7037,Player_7037,4,22,Defender
7038,Player_7038,16,27,All-Rounder
7039,Player_7039,19,32,All-Rounder
7040,Player_7040,1,27,Goalkeeper
7041,Player_7041,5,33,Bowler
7042,Player_7042,19,21,Defender
7043,Player_7043,11,21,Goalkeeper
7044,Player_7044,13,25,Goalkeeper
7045,Player_7045,20,23,Goalkeeper
7046,Player_7046,5,28,All-Rounder
7047,Player_7047,4,30,Defender
7048,Player_7048,4,36,All-Rounder
7049,Player_7049,4,28,All-Rounder
7050,Player_7050,4,19,Goalkeeper
7051,Player_7051,20,20,Batsman
7052,Player_7052,18,32,Defender
7053,Player_7053,18,30,Defender
7054,Player_7054,16,27,Goalkeeper
7055,Player_7055,9,22,Goalkeeper
7056,Player_7056,18,28,Bowler
7057,Player_7057,2,31,Goalkeeper
7058,Player_7058,4,37,All-Rounder
7059,Player_7059,12,32,Goalkeeper
7060,Player_7060,7,30,Defender
7061,Player_7061,15,20,Batsman
7062,Player_7062,7,26,Batsman
7063,Player_7063,17,25,All-Rounder
7064,Player_7064,16,32,Batsman
7065,Player_7065,19,18,Goalkeeper
7066,Player_7066,9,19,Batsman
7067,Player_7067,14,26,Goalkeeper
7068,Player_7068,17,38,Bowler
7069,Player_7069,5,34,Defender
7070,Player_7070,2,26,All-Rounder
7071,Player_7071,20,18,Bowler
7072,Player_7072,16,25,Batsman
7073,Player_7073,14,22,All-Rounder
7074,Player_7074,14,28,Goalkeeper
7075,Player_7075,1,23,Bowler
7076,Player_7076,3,34,Defender
7077,Player_7077,7,35,Defender
7078,Player_7078,15,35,Bowler
7079,Player_7079,19,22,Bowler
7080,Player_7080,20,22,Bowler
7081,Player_7081,2,36,Batsman
7082,Player_7082,19,30,Defender
7083,Player_7083,9,39,Defender
7084,Player_7084,19,24,Batsman
7085,Player_7085,5,31,All-Rounder
7086,Player_7086,18,25,Defender
7087,Player_7087,16,20,All-Rounder
7088,Player_7088,4,21,All-Rounder
7089,Player_7089,12,27,All-Rounder
7090,Player_7090,7,21,Defender
7091,Player_7091,14,35,Goalkeeper
7092,Player_7092,12,29,All-Rounder
7093,Player_7093,3,37,Goalkeeper
7094,Player_7094,5,37,Batsman
7095,Player_7095,17,32,Goalkeeper
7096,Player_7096,10,30,Goalkeeper
7097,Player_7097,10,29,Bowler
7098,Player_7098,11,25,All-Rounder
7099,Player_7099,17,39,Defender
7100,Player_7100,5,39,Bowler
7101,Player_7101,13,26,Goalkeeper
7102,Player_7102,10,37,Batsman
7103,Player_7103,9,26,Defender
7104,Player_7104,17,34,Batsman
7105,Player_7105,1,18,Goalkeeper
7106,Player_7106,4,23,Batsman
7107,Player_7107,4,24,Bowler
7108,Player_7108,18,26,Batsman
7109,Player_7109,9,27,Bowler
7110,Player_7110,18,21,All-Rounder
7111,Player_7111,14,33,Defender
7112,Player_7112,15,29,Batsman
7113,Player_7113,6,26,Bowler
7114,Player_7114,10,20,Goalkeeper
7115,Player_7115,15,26,Goalkeeper
7116,Player_7116,4,34,Bowler
7117,Player_7117,18,31,Defender
7118,Player_7118,18,22,All-Rounder
7119,Player_7119,17,38,All-Rounder
7120,Player_7120,12,18,Defender
7121,Player_7121,7,18,Batsman
7122,Player_7122,16,20,Bowler
7123,Player_7123,11,26,All-Rounder
7124,Player_7124,14,23,Defender
7125,Player_7125,3,26,All-Rounder
7126,Player_7126,19,21,All-Rounder
7127,Player_7127,18,37,Batsman
7128,Player_7128,10,36,All-Rounder
7129,Player_7129,6,22,Bowler
7130,Player_7130,13,22,Defender
7131,Player_7131,10,31,Batsman
7132,Player_7132,18,27,Batsman
7133,Player_7133,20,33,Defender
7134,Player_7134,16,23,Bowler
7135,Player_7135,6,37,All-Rounder
7136,Player_7136,13,31,All-Rounder
7137,Player_7137,4,35,Bowler
7138,Player_7138,14,26,Goalkeeper
7139,Player_7139,1,24,Defender
7140,Player_7140,20,35,Bowler
7141,Player_7141,5,27,All-Rounder
7142,Player_7142,8,19,Defender
7143,Player_7143,12,30,Defender
7144,Player_7144,2,23,All-Rounder
7145,Player_7145,12,26,Bowler
7146,Player_7146,5,37,Goalkeeper
7147,Player_7147,5,25,Defender
7148,Player_7148,13,27,Defender
7149,Player_7149,9,33,Defender
7150,Player_7150,10,32,Bowler
7151,Player_7151,1,30,Defender
7152,Player_7152,3,35,All-Rounder
7153,Player_7153,18,23,All-Rounder
7154,Player_7154,12,37,Batsman
7155,Player_7155,3,26,Defender
7156,Player_7156,9,35,Goalkeeper
7157,Player_7157,2,24,Batsman
7158,Player_7158,3,22,Defender
7159,Player_7159,14,28,Defender
7160,Player_7160,4,30,Bowler
7161,Player_7161,19,20,Bowler
7162,Player_7162,13,18,All-Rounder
7163,Player_7163,7,21,Batsman
7164,Player_7164,12,36,Batsman
7165,Player_7165,3,35,Batsman
7166,Player_7166,9,23,All-Rounder
7167,Player_7167,2,27,Goalkeeper
7168,Player_7168,9,24,Goalkeeper
7169,Player_7169,12,29,Goalkeeper
7170,Player_7170,12,25,Batsman
7171,Player_7171,15,30,Defender
7172,Player_7172,2,35,Batsman
7173,Player_7173,18,31,Defender
7174,Player_7174,13,28,Bowler
7175,Player_7175,14,27,All-Rounder
7176,Player_7176,5,23,Goalkeeper
7177,Player_7177,10,30,Batsman
7178,Player_7178,12,39,Batsman
7179,Player_7179,10,27,Bowler
7180,Player_7180,11,29,Defender
7181,Player_7181,2,18,Goalkeeper
7182,Player_7182,5,35,All-Rounder
7183,Player_7183,7,30,Defender
7184,Player_7184,6,21,Defender
7185,Player_7185,3,23,Goalkeeper
7186,Player_7186,13,35,All-Rounder
7187,Player_7187,3,22,Goalkeeper
7188,Player_7188,6,35,Goalkeeper
7189,Player_7189,11,22,Batsman
7190,Player_7190,17,24,All-Rounder
7191,Player_7191,10,26,Defender
7192,Player_7192,12,20,Goalkeeper
7193,Player_7193,17,29,Bowler
7194,Player_7194,4,37,All-Rounder
7195,Player_7195,2,31,Bowler
7196,Player_7196,11,25,Defender
7197,Player_7197,7,29,All-Rounder
7198,Player_7198,2,24,Batsman
7199,Player_7199,18,26,All-Rounder
7200,Player_7200,4,29,Defender
7201,Player_7201,8,21,Batsman
7202,Player_7202,20,22,Defender
7203,Player_7203,14,26,All-Rounder
7204,Player_7204,12,24,Defender
7205,Player_7205,18,31,All-Rounder
7206,Player_7206,11,37,Batsman
7207,Player_7207,8,39,All-Rounder
7208,Player_7208,2,34,Defender
7209,Player_7209,15,18,Defender
7210,Player_7210,9,32,Defender
7211,Player_7211,19,32,Bowler
7212,Player_7212,20,18,Bowler
7213,Player_7213,8,32,Bowler
7214,Player_7214,19,19,Goalkeeper
7215,Player_7215,5,21,All-Rounder
7216,Player_7216,11,34,Bowler
7217,Player_7217,15,33,Defender
7218,Player_7218,8,35,Defender
7219,Player_7219,19,38,Bowler
7220,Player_7220,8,33,Bowler
7221,Player_7221,19,25,Defender
7222,Player_7222,18,23,Bowler
7223,Player_7223,10,39,Goalkeeper
7224,Player_7224,7,37,Goalkeeper
7225,Player_7225,9,19,Goalkeeper
7226,Player_7226,1,36,Batsman
7227,Player_7227,19,30,Goalkeeper
7228,Player_7228,5,39,Defender
7229,Player_7229,19,39,Batsman
7230,Player_7230,1,38,Defender
7231,Player_7231,15,23,Defender
7232,Player_7232,16,23,Bowler
7233,Player_7233,7,30,All-Rounder
7234,Player_7234,12,18,Goalkeeper
7235,Player_7235,8,39,All-Rounder
7236,Player_7236,5,38,All-Rounder
7237,Player_7237,10,26,Bowler
7238,Player_7238,5,39,All-Rounder
7239,Player_7239,17,29,Goalkeeper
7240,Player_7240,5,29,Batsman
7241,Player_7241,15,21,Defender
7242,Player_7242,13,36,Goalkeeper
7243,Player_7243,1,33,Bowler
7244,Player_7244,11,29,Batsman
7245,Player_7245,1,18,Bowler
7246,Player_7246,11,38,Goalkeeper
7247,Player_7247,18,21,Defender
7248,Player_7248,18,26,All-Rounder
7249,Player_7249,16,24,All-Rounder
7250,Player_7250,13,27,Bowler
7251,Player_7251,7,30,Batsman
7252,Player_7252,1,25,Defender
7253,Player_7253,16,37,Bowler
7254,Player_7254,1,27,Defender
7255,Player_7255,17,27,Bowler
7256,Player_7256,6,25,Batsman
7257,Player_7257,2,37,Goalkeeper
7258,Player_7258,17,32,All-Rounder
7259,Player_7259,6,18,Defender
7260,Player_7260,14,32,Defender
7261,Player_7261,18,34,Batsman
7262,Player_7262,6,30,Defender
7263,Player_7263,10,29,Goalkeeper
7264,Player_7264,18,20,Goalkeeper
7265,Player_7265,9,36,Batsman
7266,Player_7266,8,22,Bowler
7267,Player_7267,10,20,Bowler
7268,Player_7268,17,38,Defender
7269,Player_7269,6,22,Defender
7270,Player_7270,14,26,Batsman
7271,Player_7271,6,23,Goalkeeper
7272,Player_7272,7,33,Batsman
7273,Player_7273,12,27,Bowler
7274,Player_7274,3,33,Goalkeeper
7275,Player_7275,14,20,Defender
7276,Player_7276,19,35,Bowler
7277,Player_7277,16,28,All-Rounder
7278,Player_7278,7,36,Bowler
7279,Player_7279,8,32,Goalkeeper
7280,Player_7280,18,28,Goalkeeper
7281,Player_7281,13,39,Batsman
7282,Player_7282,9,27,Goalkeeper
7283,Player_7283,10,26,All-Rounder
7284,Player_7284,9,20,All-Rounder
7285,Player_7285,15,26,Goalkeeper
7286,Player_7286,20,35,Defender
7287,Player_7287,2,29,Goalkeeper
7288,Player_7288,13,38,Defender
7289,Player_7289,2,33,Goalkeeper
7290,Player_7290,19,21,Bowler
7291,Player_7291,2,18,Goalkeeper
7292,Player_7292,3,30,Bowler
7293,Player_7293,6,25,Defender
7294,Player_7294,3,23,Goalkeeper
7295,Player_7295,10,25,Defender
7296,Player_7296,6,36,All-Rounder
7297,Player_7297,16,29,Batsman
7298,Player_7298,17,18,Defender
7299,Player_7299,19,21,Bowler
7300,Player_7300,3,30,Batsman
7301,Player_7301,18,34,Goalkeeper
7302,Player_7302,7,36,Bowler
7303,Player_7303,9,36,Batsman
7304,Player_7304,20,39,Batsman
7305,Player_7305,12,22,Defender
7306,Player_7306,5,28,Goalkeeper
7307,Player_7307,3,24,Goalkeeper
7308,Player_7308,11,20,Goalkeeper
7309,Player_7309,4,28,Defender
7310,Player_7310,5,34,Defender
7311,Player_7311,1,28,Goalkeeper
7312,Player_7312,18,32,Batsman
7313,Player_7313,12,36,Goalkeeper
7314,Player_7314,13,25,Defender
7315,Player_7315,9,33,Goalkeeper
7316,Player_7316,2,38,Defender
7317,Player_7317,5,32,Goalkeeper
7318,Player_7318,13,20,Batsman
7319,Player_7319,16,23,Batsman
7320,Player_7320,16,20,Defender
7321,Player_7321,3,22,Defender
7322,Player_7322,4,18,Bowler
7323,Player_7323,11,39,All-Rounder
7324,Player_7324,14,31,Bowler
7325,Player_7325,3,29,Defender
7326,Player_7326,16,30,Defender
7327,Player_7327,15,31,Goalkeeper
7328,Player_7328,10,29,Bowler
7329,Player_7329,9,30,All-Rounder
7330,Player_7330,11,23,Bowler
7331,Player_7331,16,38,Batsman
7332,Player_7332,10,32,Batsman
7333,Player_7333,17,39,Bowler
7334,Player_7334,19,33,Bowler
7335,Player_7335,2,26,Defender
7336,Player_7336,2,25,Goalkeeper
7337,Player_7337,6,22,Batsman
7338,Player_7338,19,32,All-Rounder
7339,Player_7339,8,24,Goalkeeper
7340,Player_7340,3,34,Bowler
7341,Player_7341,14,33,Batsman
7342,Player_7342,16,28,Bowler
7343,Player_7343,1,24,Batsman
7344,Player_7344,3,28,All-Rounder
7345,Player_7345,18,19,Goalkeeper
7346,Player_7346,9,19,All-Rounder
7347,Player_7347,6,23,All-Rounder
7348,Player_7348,1,20,Goalkeeper
7349,Player_7349,10,18,Goalkeeper
7350,Player_7350,6,37,All-Rounder
7351,Player_7351,12,33,Bowler
7352,Player_7352,4,31,Goalkeeper
7353,Player_7353,13,34,All-Rounder
7354,Player_7354,17,35,All-Rounder
7355,Player_7355,8,21,All-Rounder
7356,Player_7356,20,20,Bowler
7357,Player_7357,3,25,Defender
7358,Player_7358,12,21,Defender
7359,Player_7359,7,32,Goalkeeper
7360,Player_7360,12,30,Defender
7361,Player_7361,2,31,Batsman
7362,Player_7362,14,31,Goalkeeper
7363,Player_7363,5,22,Goalkeeper
7364,Player_7364,9,22,All-Rounder
7365,Player_7365,11,39,Batsman
7366,Player_7366,5,30,Defender
7367,Player_7367,3,21,Goalkeeper
7368,Player_7368,17,35,Batsman
7369,Player_7369,2,23,Bowler
7370,Player_7370,1,22,Bowler
7371,Player_7371,7,20,All-Rounder
7372,Player_7372,14,37,Batsman
7373,Player_7373,5,20,Goalkeeper
7374,Player_7374,19,20,Bowler
7375,Player_7375,11,37,Bowler
7376,Player_7376,2,19,Defender
7377,Player_7377,8,37,Defender
7378,Player_7378,9,35,Batsman
7379,Player_7379,3,27,Defender
7380,Player_7380,2,38,Batsman
7381,Player_7381,7,24,Goalkeeper
7382,Player_7382,5,37,Goalkeeper
7383,Player_7383,5,39,Goalkeeper
7384,Player_7384,20,31,Defender
7385,Player_7385,13,27,Defender
7386,Player_7386,20,37,All-Rounder
7387,Player_7387,6,33,Bowler
7388,Player_7388,20,23,Goalkeeper
7389,Player_7389,18,34,Defender
7390,Player_7390,2,23,Bowler
7391,Player_7391,6,39,Goalkeeper
7392,Player_7392,9,35,Goalkeeper
7393,Player_7393,3,27,Bowler
7394,Player_7394,1,27,Bowler
7395,Player_7395,1,26,Defender
7396,Player_7396,19,39,Bowler
7397,Player_7397,5,32,Bowler
7398,Player_7398,13,28,Defender
7399,Player_7399,19,24,Goalkeeper
7400,Player_7400,12,35,Bowler
7401,Player_7401,16,19,All-Rounder
7402,Player_7402,19,19,Batsman
7403,Player_7403,3,30,Bowler
7404,Player_7404,12,28,Bowler
7405,Player_7405,5,36,Batsman
7406,Player_7406,2,37,All-Rounder
7407,Player_7407,7,18,Goalkeeper
7408,Player_7408,13,34,All-Rounder
7409,Player_7409,15,37,Batsman
7410,Player_7410,3,35,Bowler
7411,Player_7411,20,25,Goalkeeper
7412,Player_7412,5,30,All-Rounder
7413,Player_7413,8,21,All-Rounder
7414,Player_7414,1,36,Goalkeeper
7415,Player_7415,8,20,All-Rounder
7416,Player_7416,18,23,Batsman
7417,Player_7417,20,23,Goalkeeper
7418,Player_7418,16,39,Batsman
7419,Player_7419,18,23,Goalkeeper
7420,Player_7420,20,25,Batsman
7421,Player_7421,12,34,Bowler
7422,Player_7422,13,27,Bowler
7423,Player_7423,13,22,All-Rounder
7424,Player_7424,10,36,Goalkeeper
7425,Player_7425,7,28,Goalkeeper
7426,Player_7426,14,27,Batsman
7427,Player_7427,16,20,All-Rounder
7428,Player_7428,15,39,All-Rounder
7429,Player_7429,12,27,Goalkeeper
7430,Player_7430,9,19,Bowler
7431,Player_7431,8,26,Goalkeeper
7432,Player_7432,18,22,Goalkeeper
7433,Player_7433,18,38,Defender
7434,Player_7434,13,34,Batsman
7435,Player_7435,18,23,Batsman
7436,Player_7436,15,28,Defender
7437,Player_7437,4,22,All-Rounder
7438,Player_7438,17,24,Batsman
7439,Player_7439,5,24,All-Rounder
7440,Player_7440,16,21,Bowler
7441,Player_7441,9,38,All-Rounder
7442,Player_7442,10,27,Batsman
7443,Player_7443,18,35,All-Rounder
7444,Player_7444,17,18,Bowler
7445,Player_7445,18,31,Defender
7446,Player_7446,7,23,Batsman
7447,Player_7447,4,28,Bowler
7448,Player_7448,5,31,Goalkeeper
7449,Player_7449,16,37,Defender
7450,Player_7450,3,20,Defender
7451,Player_7451,18,33,Batsman
7452,Player_7452,14,33,Bowler
7453,Player_7453,15,24,Goalkeeper
7454,Player_7454,17,25,Bowler
7455,Player_7455,1,21,All-Rounder
7456,Player_7456,17,29,Batsman
7457,Player_7457,11,29,All-Rounder
7458,Player_7458,17,27,All-Rounder
7459,Player_7459,14,29,Defender
7460,Player_7460,20,28,Defender
7461,Player_7461,19,28,All-Rounder
7462,Player_7462,7,32,Bowler
7463,Player_7463,13,23,Batsman
7464,Player_7464,18,28,Batsman
7465,Player_7465,14,19,Bowler
7466,Player_7466,1,39,All-Rounder
7467,Player_7467,7,26,Batsman
7468,Player_7468,8,28,Defender
7469,Player_7469,18,33,Goalkeeper
7470,Player_7470,9,30,Defender
7471,Player_7471,1,30,Bowler
7472,Player_7472,17,39,Goalkeeper
7473,Player_7473,19,39,Batsman
7474,Player_7474,6,35,Batsman
7475,Player_7475,3,38,Goalkeeper
7476,Player_7476,5,18,Batsman
7477,Player_7477,2,37,Goalkeeper
7478,Player_7478,20,27,All-Rounder
7479,Player_7479,4,36,Bowler
7480,Player_7480,10,34,Defender
7481,Player_7481,10,18,Goalkeeper
7482,Player_7482,11,18,Goalkeeper
7483,Player_7483,16,34,All-Rounder
7484,Player_7484,17,32,Defender
7485,Player_7485,16,19,All-Rounder
7486,Player_7486,7,28,All-Rounder
7487,Player_7487,16,38,Bowler
7488,Player_7488,3,19,Batsman
7489,Player_7489,16,37,Defender
7490,Player_7490,8,26,All-Rounder
7491,Player_7491,12,36,Batsman
7492,Player_7492,3,19,Batsman
7493,Player_7493,17,33,Batsman
7494,Player_7494,18,37,Batsman
7495,Player_7495,11,26,Bowler
7496,Player_7496,4,37,Bowler
7497,Player_7497,16,38,All-Rounder
7498,Player_7498,17,21,Batsman
7499,Player_7499,9,30,All-Rounder
7500,Player_7500,6,32,Goalkeeper
7501,Player_7501,20,37,Bowler
7502,Player_7502,2,19,Bowler
7503,Player_7503,9,37,Defender
7504,Player_7504,6,35,Goalkeeper
7505,Player_7505,3,26,Bowler
7506,Player_7506,20,37,Batsman
7507,Player_7507,6,18,Batsman
7508,Player_7508,7,20,Batsman
7509,Player_7509,1,34,All-Rounder
7510,Player_7510,1,28,Bowler
7511,Player_7511,5,25,All-Rounder
7512,Player_7512,6,38,Bowler
7513,Player_7513,13,29,Defender
7514,Player_7514,2,28,All-Rounder
7515,Player_7515,15,30,Bowler
7516,Player_7516,15,32,Defender
7517,Player_7517,13,37,Bowler
7518,Player_7518,14,34,Goalkeeper
7519,Player_7519,7,29,All-Rounder
7520,Player_7520,14,36,Batsman
7521,Player_7521,10,37,Defender
7522,Player_7522,17,28,Defender
7523,Player_7523,14,27,Batsman
7524,Player_7524,8,34,Defender
7525,Player_7525,4,39,Batsman
7526,Player_7526,16,30,Batsman
7527,Player_7527,13,33,Bowler
7528,Player_7528,20,37,All-Rounder
7529,Player_7529,18,37,Goalkeeper
7530,Player_7530,14,34,Defender
7531,Player_7531,18,22,Bowler
7532,Player_7532,5,26,Goalkeeper
7533,Player_7533,9,39,Goalkeeper
7534,Player_7534,3,21,Defender
7535,Player_7535,8,26,Defender
7536,Player_7536,20,33,Bowler
7537,Player_7537,10,24,Defender
7538,Player_7538,19,31,Goalkeeper
7539,Player_7539,3,31,Defender
7540,Player_7540,11,24,Bowler
7541,Player_7541,11,33,Bowler
7542,Player_7542,17,35,Bowler
7543,Player_7543,16,23,Defender
7544,Player_7544,7,24,All-Rounder
7545,Player_7545,4,36,Bowler
7546,Player_7546,19,25,All-Rounder
7547,Player_7547,12,18,Batsman
7548,Player_7548,15,34,Bowler
7549,Player_7549,11,36,All-Rounder
7550,Player_7550,5,39,All-Rounder
7551,Player_7551,5,24,Goalkeeper
7552,Player_7552,15,35,All-Rounder
7553,Player_7553,18,23,Goalkeeper
7554,Player_7554,11,38,All-Rounder
7555,Player_7555,12,23,All-Rounder
7556,Player_7556,2,18,Batsman
7557,Player_7557,20,27,All-Rounder
7558,Player_7558,15,25,Defender
7559,Player_7559,20,24,Defender
7560,Player_7560,4,26,Defender
7561,Player_7561,18,18,Batsman
7562,Player_7562,6,28,All-Rounder
7563,Player_7563,19,20,Batsman
7564,Player_7564,11,35,All-Rounder
7565,Player_7565,2,23,Goalkeeper
7566,Player_7566,8,28,Batsman
7567,Player_7567,11,22,Defender
7568,Player_7568,5,37,Defender
7569,Player_7569,18,21,Defender
7570,Player_7570,18,25,All-Rounder
7571,Player_7571,14,27,All-Rounder
7572,Player_7572,10,20,Batsman
7573,Player_7573,3,30,Bowler
7574,Player_7574,9,34,All-Rounder
7575,Player_7575,3,22,Bowler
7576,Player_7576,11,25,Bowler
7577,Player_7577,12,36,All-Rounder
7578,Player_7578,12,35,Batsman
7579,Player_7579,3,18,Bowler
7580,Player_7580,7,21,Batsman
7581,Player_7581,14,35,Batsman
7582,Player_7582,11,31,All-Rounder
7583,Player_7583,7,28,Bowler
7584,Player_7584,10,26,Batsman
7585,Player_7585,11,30,Bowler
7586,Player_7586,15,34,Batsman
7587,Player_7587,19,32,All-Rounder
7588,Player_7588,16,19,Batsman
7589,Player_7589,20,23,All-Rounder
7590,Player_7590,12,24,All-Rounder
7591,Player_7591,18,19,Bowler
7592,Player_7592,13,30,Bowler
7593,Player_7593,5,27,Bowler
7594,Player_7594,4,33,Goalkeeper
7595,Player_7595,14,26,Bowler
7596,Player_7596,8,25,Bowler
7597,Player_7597,9,32,Batsman
7598,Player_7598,19,39,Goalkeeper
7599,Player_7599,3,24,Goalkeeper
7600,Player_7600,5,39,Batsman
7601,Player_7601,18,36,Bowler
7602,Player_7602,1,21,Defender
7603,Player_7603,8,26,All-Rounder
7604,Player_7604,19,36,Goalkeeper
7605,Player_7605,17,19,Batsman
7606,Player_7606,17,24,Defender
7607,Player_7607,11,39,All-Rounder
7608,Player_7608,2,36,Defender
7609,Player_7609,6,23,Bowler
7610,Player_7610,14,32,Batsman
7611,Player_7611,3,24,All-Rounder
7612,Player_7612,12,23,All-Rounder
7613,Player_7613,4,18,Bowler
7614,Player_7614,12,31,Bowler
7615,Player_7615,13,18,Bowler
7616,Player_7616,2,23,Batsman
7617,Player_7617,2,35,Goalkeeper
7618,Player_7618,15,34,Defender
7619,Player_7619,17,19,Batsman
7620,Player_7620,7,25,Batsman
7621,Player_7621,14,38,Defender
7622,Player_7622,12,19,All-Rounder
7623,Player_7623,17,33,Defender
7624,Player_7624,14,21,Bowler
7625,Player_7625,6,19,All-Rounder
7626,Player_7626,19,22,Batsman
7627,Player_7627,6,34,Defender
7628,Player_7628,18,19,Batsman
7629,Player_7629,5,39,Batsman
7630,Player_7630,6,31,Defender
7631,Player_7631,2,37,Batsman
7632,Player_7632,8,24,Goalkeeper
7633,Player_7633,15,32,Goalkeeper
7634,Player_7634,15,35,Batsman
7635,Player_7635,11,30,All-Rounder
7636,Player_7636,1,29,All-Rounder
7637,Player_7637,18,19,All-Rounder
7638,Player_7638,12,29,All-Rounder
7639,Player_7639,12,23,Goalkeeper
7640,Player_7640,11,18,All-Rounder
7641,Player_7641,8,38,Defender
7642,Player_7642,7,18,All-Rounder
7643,Player_7643,2,32,Defender
7644,Player_7644,11,33,Goalkeeper
7645,Player_7645,10,39,Defender
7646,Player_7646,3,24,Defender
7647,Player_7647,20,39,Batsman
7648,Player_7648,10,31,Defender
7649,Player_7649,18,36,Batsman
7650,Player_7650,14,36,All-Rounder
7651,Player_7651,18,30,Defender
7652,Player_7652,8,38,Defender
7653,Player_7653,10,29,Bowler
7654,Player_7654,13,18,All-Rounder
7655,Player_7655,8,29,Defender
7656,Player_7656,4,21,Defender
7657,Player_7657,4,32,Bowler
7658,Player_7658,5,33,Batsman
7659,Player_7659,1,32,All-Rounder
7660,Player_7660,17,25,Bowler
7661,Player_7661,2,36,All-Rounder
7662,Player_7662,8,32,All-Rounder
7663,Player_7663,7,35,Batsman
7664,Player_7664,15,28,Batsman
7665,Player_7665,5,26,Goalkeeper
7666,Player_7666,2,18,Bowler
7667,Player_7667,7,26,Bowler
7668,Player_7668,8,29,All-Rounder
7669,Player_7669,7,19,Goalkeeper
7670,Player_7670,7,28,Goalkeeper
7671,Player_7671,14,38,All-Rounder
7672,Player_7672,18,31,Batsman
7673,Player_7673,6,19,Goalkeeper
7674,Player_7674,4,32,Bowler
7675,Player_7675,10,38,Batsman
7676,Player_7676,18,38,Defender
7677,Player_7677,12,35,Goalkeeper
7678,Player_7678,16,31,All-Rounder
7679,Player_7679,7,38,Bowler
7680,Player_7680,6,29,Goalkeeper
7681,Player_7681,5,27,All-Rounder
7682,Player_7682,3,31,Bowler
7683,Player_7683,12,39,Goalkeeper
7684,Player_7684,15,32,Bowler
7685,Player_7685,10,22,Defender
7686,Player_7686,20,19,Bowler
7687,Player_7687,19,39,All-Rounder
7688,Player_7688,16,23,Goalkeeper
7689,Player_7689,11,29,All-Rounder
7690,Player_7690,8,19,Defender
7691,Player_7691,3,21,Batsman
7692,Player_7692,7,24,Bowler
7693,Player_7693,7,33,All-Rounder
7694,Player_7694,14,18,Goalkeeper
7695,Player_7695,2,18,Goalkeeper
7696,Player_7696,10,31,Batsman
7697,Player_7697,19,28,Goalkeeper
7698,Player_7698,9,29,Defender
7699,Player_7699,16,28,Batsman
7700,Player_7700,19,23,Defender
7701,Player_7701,18,29,Bowler
7702,Player_7702,9,38,Defender
7703,Player_7703,16,29,Bowler
7704,Player_7704,13,27,Defender
7705,Player_7705,10,25,Batsman
7706,Player_7706,20,37,Bowler
7707,Player_7707,14,36,Defender
7708,Player_7708,12,24,Defender
7709,Player_7709,19,31,Goalkeeper
7710,Player_7710,7,21,Defender
7711,Player_7711,15,18,Goalkeeper
7712,Player_7712,16,25,Defender
7713,Player_7713,8,22,All-Rounder
7714,Player_7714,10,25,Goalkeeper
7715,Player_7715,4,25,Batsman
7716,Player_7716,19,38,Batsman
7717,Player_7717,19,24,Bowler
7718,Player_7718,15,36,Batsman
7719,Player_7719,14,21,Bowler
7720,Player_7720,1,37,Batsman
7721,Player_7721,16,23,Goalkeeper
7722,Player_7722,10,29,All-Rounder
7723,Player_7723,19,35,Bowler
7724,Player_7724,3,29,All-Rounder
7725,Player_7725,5,35,Defender
7726,Player_7726,9,20,Defender
7727,Player_7727,18,27,All-Rounder
7728,Player_7728,11,24,Goalkeeper
7729,Player_7729,16,20,All-Rounder
7730,Player_7730,2,36,All-Rounder
7731,Player_7731,12,30,All-Rounder
7732,Player_7732,6,21,Bowler
7733,Player_7733,11,27,Bowler
7734,Player_7734,8,23,All-Rounder
7735,Player_7735,12,18,Goalkeeper
7736,Player_7736,2,23,Defender
7737,Player_7737,9,25,Defender
7738,Player_7738,15,32,Defender
7739,Player_7739,2,25,Batsman
7740,Player_7740,1,39,Goalkeeper
7741,Player_7741,10,23,Bowler
7742,Player_7742,2,36,Defender
7743,Player_7743,12,31,Bowler
7744,Player_7744,8,19,Bowler
7745,Player_7745,5,24,Bowler
7746,Player_7746,1,25,Bowler
7747,Player_7747,15,27,All-Rounder
7748,Player_7748,6,30,Bowler
7749,Player_7749,12,39,Batsman
7750,Player_7750,8,38,Bowler
7751,Player_7751,13,37,Defender
7752,Player_7752,19,18,Bowler
7753,Player_7753,1,26,Defender
7754,Player_7754,11,27,Bowler
7755,Player_7755,20,37,Goalkeeper
7756,Player_7756,1,19,All-Rounder
7757,Player_7757,8,37,Defender
7758,Player_7758,5,28,Batsman
7759,Player_7759,17,22,Bowler
7760,Player_7760,8,35,Defender
7761,Player_7761,10,24,All-Rounder
7762,Player_7762,2,20,Bowler
7763,Player_7763,9,33,All-Rounder
7764,Player_7764,3,32,Batsman
7765,Player_7765,18,25,Defender
7766,Player_7766,7,37,Batsman
7767,Player_7767,15,22,All-Rounder
7768,Player_7768,20,20,Goalkeeper
7769,Player_7769,18,22,Goalkeeper
7770,Player_7770,3,26,Defender
7771,Player_7771,14,33,Bowler
7772,Player_7772,2,31,Batsman
7773,Player_7773,14,35,Goalkeeper
7774,Player_7774,11,24,Goalkeeper
7775,Player_7775,16,32,Bowler
7776,Player_7776,8,25,Batsman
7777,Player_7777,7,20,All-Rounder
7778,Player_7778,11,28,Goalkeeper
7779,Player_7779,3,37,Defender
7780,Player_7780,17,35,Defender
7781,Player_7781,14,32,All-Rounder
7782,Player_7782,6,27,Bowler
7783,Player_7783,8,20,Bowler
7784,Player_7784,5,32,Goalkeeper
7785,Player_7785,8,23,Goalkeeper
7786,Player_7786,2,28,Goalkeeper
7787,Player_7787,15,28,All-Rounder
7788,Player_7788,12,36,All-Rounder
7789,Player_7789,17,20,Goalkeeper
7790,Player_7790,1,30,Bowler
7791,Player_7791,15,39,Batsman
7792,Player_7792,14,25,Goalkeeper
7793,Player_7793,20,38,Bowler
7794,Player_7794,16,28,Bowler
7795,Player_7795,9,28,Defender
7796,Player_7796,1,30,Batsman
7797,Player_7797,17,20,Goalkeeper
7798,Player_7798,13,23,Batsman
7799,Player_7799,5,27,Goalkeeper
7800,Player_7800,10,36,Batsman
7801,Player_7801,6,29,Batsman
7802,Player_7802,19,31,Bowler
7803,Player_7803,13,28,Batsman
7804,Player_7804,1,38,Batsman
7805,Player_7805,20,27,Goalkeeper
7806,Player_7806,15,20,Bowler
7807,Player_7807,14,30,Batsman
7808,Player_7808,8,35,Bowler
7809,Player_7809,10,30,Bowler
7810,Player_7810,9,31,All-Rounder
7811,Player_7811,17,31,Goalkeeper
7812,Player_7812,9,24,All-Rounder
7813,Player_7813,3,29,Bowler
7814,Player_7814,11,21,Batsman
7815,Player_7815,12,33,Goalkeeper
7816,Player_7816,10,36,Defender
7817,Player_7817,17,27,Goalkeeper
7818,Player_7818,17,33,All-Rounder
7819,Player_7819,11,22,Goalkeeper
7820,Player_7820,4,33,Batsman
7821,Player_7821,7,18,Goalkeeper
7822,Player_7822,14,22,Defender
7823,Player_7823,7,30,All-Rounder
7824,Player_7824,8,30,All-Rounder
7825,Player_7825,1,20,Bowler
7826,Player_7826,4,34,All-Rounder
7827,Player_7827,12,36,Defender
7828,Player_7828,3,22,Defender
7829,Player_7829,13,22,All-Rounder
7830,Player_7830,20,32,Goalkeeper
7831,Player_7831,6,27,Defender
7832,Player_7832,11,29,All-Rounder
7833,Player_7833,4,28,All-Rounder
7834,Player_7834,20,18,Goalkeeper
7835,Player_7835,16,38,All-Rounder
7836,Player_7836,7,20,Batsman
7837,Player_7837,11,21,Bowler
7838,Player_7838,1,36,Defender
7839,Player_7839,7,37,Goalkeeper
7840,Player_7840,12,20,Goalkeeper
7841,Player_7841,7,35,Bowler
7842,Player_7842,7,20,Batsman
7843,Player_7843,10,24,Bowler
7844,Player_7844,16,39,All-Rounder
7845,Player_7845,8,38,Goalkeeper
7846,Player_7846,9,18,All-Rounder
7847,Player_7847,9,36,Goalkeeper
7848,Player_7848,2,35,Goalkeeper
7849,Player_7849,13,19,All-Rounder
7850,Player_7850,13,29,Bowler
7851,Player_7851,4,34,Defender
7852,Player_7852,12,38,Defender
7853,Player_7853,17,38,Bowler
7854,Player_7854,2,20,Batsman
7855,Player_7855,13,29,Bowler
7856,Player_7856,18,29,Bowler
7857,Player_7857,15,23,Bowler
7858,Player_7858,8,27,Defender
7859,Player_7859,15,39,Goalkeeper
7860,Player_7860,1,23,Batsman
7861,Player_7861,20,31,Batsman
7862,Player_7862,10,19,Batsman
7863,Player_7863,12,28,All-Rounder
7864,Player_7864,5,32,Bowler
7865,Player_7865,9,25,Goalkeeper
7866,Player_7866,8,39,Goalkeeper
7867,Player_7867,16,30,All-Rounder
7868,Player_7868,14,36,Defender
7869,Player_7869,13,27,All-Rounder
7870,Player_7870,13,26,All-Rounder
7871,Player_7871,5,35,Bowler
7872,Player_7872,16,24,Defender
7873,Player_7873,11,20,All-Rounder
7874,Player_7874,5,29,Goalkeeper
7875,Player_7875,13,32,Bowler
7876,Player_7876,11,39,Defender
7877,Player_7877,19,38,Goalkeeper
7878,Player_7878,3,30,Batsman
7879,Player_7879,15,23,Bowler
7880,Player_7880,7,25,Goalkeeper
7881,Player_7881,7,31,All-Rounder
7882,Player_7882,6,20,All-Rounder
7883,Player_7883,3,33,Bowler
7884,Player_7884,13,35,Defender
7885,Player_7885,7,34,All-Rounder
7886,Player_7886,5,35,Goalkeeper
7887,Player_7887,18,27,Batsman
7888,Player_7888,8,34,Defender
7889,Player_7889,17,33,Bowler
7890,Player_7890,20,38,All-Rounder
7891,Player_7891,1,19,Defender
7892,Player_7892,14,37,Batsman
7893,Player_7893,17,21,Defender
7894,Player_7894,10,28,Defender
7895,Player_7895,12,24,Bowler
7896,Player_7896,16,34,Batsman
7897,Player_7897,14,36,Batsman
7898,Player_7898,16,23,Defender
7899,Player_7899,8,27,All-Rounder
7900,Player_7900,10,38,Defender
7901,Player_7901,17,21,Goalkeeper
7902,Player_7902,18,18,All-Rounder
7903,Player_7903,20,24,Bowler
7904,Player_7904,16,38,Batsman
7905,Player_7905,17,33,All-Rounder
7906,Player_7906,16,34,Bowler
7907,Player_7907,19,22,Defender
7908,Player_7908,8,39,Bowler
7909,Player_7909,6,27,Goalkeeper
7910,Player_7910,6,24,Bowler
7911,Player_7911,9,30,All-Rounder
7912,Player_7912,4,24,Batsman
7913,Player_7913,12,32,All-Rounder
7914,Player_7914,12,34,All-Rounder
7915,Player_7915,17,20,Batsman
7916,Player_7916,15,22,Goalkeeper
7917,Player_7917,9,27,All-Rounder
7918,Player_7918,7,22,Batsman
7919,Player_7919,10,24,Batsman
7920,Player_7920,16,24,All-Rounder
7921,Player_7921,12,39,Batsman
7922,Player_7922,7,31,Defender
7923,Player_7923,18,32,All-Rounder
7924,Player_7924,15,22,Goalkeeper
7925,Player_7925,6,22,Defender
7926,Player_7926,12,21,Goalkeeper
7927,Player_7927,11,37,All-Rounder
7928,Player_7928,20,38,Bowler
7929,Player_7929,3,26,Batsman
7930,Player_7930,2,29,Defender
7931,Player_7931,6,33,All-Rounder
7932,Player_7932,5,39,Batsman
7933,Player_7933,18,25,Bowler
7934,Player_7934,16,26,Goalkeeper
7935,Player_7935,8,29,All-Rounder
7936,Player_7936,20,37,All-Rounder
7937,Player_7937,11,24,Bowler
7938,Player_7938,10,38,Goalkeeper
7939,Player_7939,12,21,All-Rounder
7940,Player_7940,6,20,Batsman
7941,Player_7941,20,18,Bowler
7942,Player_7942,5,24,All-Rounder
7943,Player_7943,9,26,Goalkeeper
7944,Player_7944,16,19,Defender
7945,Player_7945,14,24,All-Rounder
7946,Player_7946,8,27,Goalkeeper
7947,Player_7947,20,19,Bowler
7948,Player_7948,19,30,Goalkeeper
7949,Player_7949,14,20,Goalkeeper
7950,Player_7950,7,30,Bowler
7951,Player_7951,5,27,Defender
7952,Player_7952,18,29,Batsman
7953,Player_7953,2,20,Defender
7954,Player_7954,11,37,Batsman
7955,Player_7955,8,23,Batsman
7956,Player_7956,1,20,Batsman
7957,Player_7957,12,19,All-Rounder
7958,Player_7958,2,39,Defender
7959,Player_7959,18,31,Goalkeeper
7960,Player_7960,7,32,All-Rounder
7961,Player_7961,17,35,Bowler
7962,Player_7962,14,36,Bowler
7963,Player_7963,7,39,Batsman
7964,Player_7964,3,27,All-Rounder
7965,Player_7965,6,37,All-Rounder
7966,Player_7966,20,34,Bowler
7967,Player_7967,2,34,Goalkeeper
7968,Player_7968,17,36,Defender
7969,Player_7969,12,21,Defender
7970,Player_7970,12,28,Batsman
7971,Player_7971,17,34,Batsman
7972,Player_7972,10,27,Batsman
7973,Player_7973,3,39,Bowler
7974,Player_7974,20,34,Bowler
7975,Player_7975,18,29,Defender
7976,Player_7976,13,27,Batsman
7977,Player_7977,12,27,All-Rounder
7978,Player_7978,17,23,Goalkeeper
7979,Player_7979,4,34,Bowler
7980,Player_7980,10,36,Batsman
7981,Player_7981,11,19,Batsman
7982,Player_7982,6,21,Bowler
7983,Player_7983,6,35,Defender
7984,Player_7984,9,38,Defender
7985,Player_7985,15,21,Defender
7986,Player_7986,2,23,Defender
7987,Player_7987,4,31,All-Rounder
7988,Player_7988,5,24,Batsman
7989,Player_7989,17,29,Defender
7990,Player_7990,8,19,Defender
7991,Player_7991,8,35,Goalkeeper
7992,Player_7992,12,30,Goalkeeper
7993,Player_7993,8,30,Batsman
7994,Player_7994,19,22,Bowler
7995,Player_7995,3,24,Defender
7996,Player_7996,18,29,All-Rounder
7997,Player_7997,19,31,Goalkeeper
7998,Player_7998,19,18,Defender
7999,Player_7999,15,27,Bowler
8000,Player_8000,6,26,All-Rounder
8001,Player_8001,16,27,Goalkeeper
8002,Player_8002,8,24,Bowler
8003,Player_8003,16,33,Bowler
8004,Player_8004,18,29,All-Rounder
8005,Player_8005,20,29,All-Rounder
8006,Player_8006,16,36,Goalkeeper
8007,Player_8007,11,30,All-Rounder
8008,Player_8008,7,38,Defender
8009,Player_8009,17,35,All-Rounder
8010,Player_8010,17,20,Bowler
8011,Player_8011,12,24,All-Rounder
8012,Player_8012,13,18,Goalkeeper
8013,Player_8013,10,20,Defender
8014,Player_8014,7,38,All-Rounder
8015,Player_8015,14,31,Defender
8016,Player_8016,1,21,All-Rounder
8017,Player_8017,17,36,Defender
8018,Player_8018,4,39,All-Rounder
8019,Player_8019,5,23,All-Rounder
8020,Player_8020,20,37,Batsman
8021,Player_8021,7,26,Bowler
8022,Player_8022,10,28,Goalkeeper
8023,Player_8023,17,39,Goalkeeper
8024,Player_8024,7,32,Batsman
8025,Player_8025,1,26,All-Rounder
8026,Player_8026,7,28,Bowler
8027,Player_8027,11,27,Defender
8028,Player_8028,9,19,Batsman
8029,Player_8029,12,39,Goalkeeper
8030,Player_8030,3,31,Goalkeeper
8031,Player_8031,4,21,Goalkeeper
8032,Player_8032,4,19,All-Rounder
8033,Player_8033,13,22,Defender
8034,Player_8034,19,31,Defender
8035,Player_8035,10,32,Defender
8036,Player_8036,5,36,All-Rounder
8037,Player_8037,7,23,Goalkeeper
8038,Player_8038,16,32,Goalkeeper
8039,Player_8039,1,31,All-Rounder
8040,Player_8040,12,25,Bowler
8041,Player_8041,2,37,All-Rounder
8042,Player_8042,7,29,All-Rounder
8043,Player_8043,11,21,Goalkeeper
8044,Player_8044,13,38,Defender
8045,Player_8045,2,23,Goalkeeper
8046,Player_8046,7,28,Bowler
8047,Player_8047,15,39,Batsman
8048,Player_8048,11,24,Batsman
8049,Player_8049,2,21,All-Rounder
8050,Player_8050,7,32,Batsman
8051,Player_8051,4,18,Defender
8052,Player_8052,11,26,Goalkeeper
8053,Player_8053,2,37,Bowler
8054,Player_8054,16,25,Bowler
8055,Player_8055,7,29,Bowler
8056,Player_8056,13,24,Goalkeeper
8057,Player_8057,5,35,Defender
8058,Player_8058,17,18,Bowler
8059,Player_8059,12,26,Batsman
8060,Player_8060,19,24,Defender
8061,Player_8061,7,31,Defender
8062,Player_8062,6,18,Defender
8063,Player_8063,8,30,Bowler
8064,Player_8064,13,37,Defender
8065,Player_8065,5,32,Bowler
8066,Player_8066,2,22,Batsman
8067,Player_8067,9,22,Batsman
8068,Player_8068,11,31,Batsman
8069,Player_8069,6,31,Batsman
8070,Player_8070,7,31,Defender
8071,Player_8071,7,22,Defender
8072,Player_8072,19,28,Bowler
8073,Player_8073,6,36,Batsman
8074,Player_8074,11,22,All-Rounder
8075,Player_8075,11,21,Batsman
8076,Player_8076,7,32,Goalkeeper
8077,Player_8077,2,38,All-Rounder
8078,Player_8078,19,24,Goalkeeper
8079,Player_8079,4,22,All-Rounder
8080,Player_8080,6,32,Bowler
8081,Player_8081,17,31,Defender
8082,Player_8082,5,20,Bowler
8083,Player_8083,7,22,All-Rounder
8084,Player_8084,9,29,Batsman
8085,Player_8085,1,37,Bowler
8086,Player_8086,1,31,All-Rounder
8087,Player_8087,19,22,Batsman
8088,Player_8088,6,21,Defender
8089,Player_8089,18,38,All-Rounder
8090,Player_8090,10,33,Goalkeeper
8091,Player_8091,11,24,Goalkeeper
8092,Player_8092,1,20,Goalkeeper
8093,Player_8093,1,39,Batsman
8094,Player_8094,13,21,Batsman
8095,Player_8095,5,37,Bowler
8096,Player_8096,20,39,Batsman
8097,Player_8097,1,23,All-Rounder
8098,Player_8098,20,20,Goalkeeper
8099,Player_8099,3,18,Defender
8100,Player_8100,18,20,Goalkeeper
8101,Player_8101,9,25,All-Rounder
8102,Player_8102,14,33,Defender
8103,Player_8103,17,39,Bowler
8104,Player_8104,14,24,Batsman
8105,Player_8105,4,35,All-Rounder
8106,Player_8106,5,26,Batsman
8107,Player_8107,17,20,Bowler
8108,Player_8108,2,35,Defender
8109,Player_8109,5,33,All-Rounder
8110,Player_8110,4,38,Defender
8111,Player_8111,4,18,All-Rounder
8112,Player_8112,6,38,Bowler
8113,Player_8113,20,37,Bowler
8114,Player_8114,13,33,Bowler
8115,Player_8115,5,29,Batsman
8116,Player_8116,7,23,Goalkeeper
8117,Player_8117,20,38,Defender
8118,Player_8118,1,26,All-Rounder
8119,Player_8119,14,38,Defender
8120,Player_8120,4,30,Goalkeeper
8121,Player_8121,17,29,Batsman
8122,Player_8122,14,30,Batsman
8123,Player_8123,16,35,Goalkeeper
8124,Player_8124,14,36,All-Rounder
8125,Player_8125,16,36,Goalkeeper
8126,Player_8126,20,36,Batsman
8127,Player_8127,8,23,Batsman
8128,Player_8128,3,33,Defender
8129,Player_8129,19,24,All-Rounder
8130,Player_8130,1,24,All-Rounder
8131,Player_8131,2,36,Batsman
8132,Player_8132,15,33,Goalkeeper
8133,Player_8133,10,34,Batsman
8134,Player_8134,18,39,Defender
8135,Player_8135,14,36,Goalkeeper
8136,Player_8136,17,33,Batsman
8137,Player_8137,13,33,All-Rounder
8138,Player_8138,1,36,Defender
8139,Player_8139,5,32,Batsman
8140,Player_8140,13,20,Batsman
8141,Player_8141,14,32,Bowler
8142,Player_8142,3,33,Goalkeeper
8143,Player_8143,15,37,Bowler
8144,Player_8144,19,22,All-Rounder
8145,Player_8145,17,36,Goalkeeper
8146,Player_8146,3,27,Defender
8147,Player_8147,16,30,Goalkeeper
8148,Player_8148,14,32,Batsman
8149,Player_8149,12,29,Batsman
8150,Player_8150,12,34,Batsman
8151,Player_8151,11,32,Goalkeeper
8152,Player_8152,17,21,Batsman
8153,Player_8153,8,32,Batsman
8154,Player_8154,17,34,Bowler
8155,Player_8155,20,28,Batsman
8156,Player_8156,11,32,Bowler
8157,Player_8157,2,37,All-Rounder
8158,Player_8158,10,38,Goalkeeper
8159,Player_8159,10,24,Bowler
8160,Player_8160,11,30,Goalkeeper
8161,Player_8161,6,39,Goalkeeper
8162,Player_8162,4,30,Defender
8163,Player_8163,12,37,Bowler
8164,Player_8164,11,37,Batsman
8165,Player_8165,13,19,Defender
8166,Player_8166,5,27,Bowler
8167,Player_8167,6,35,Bowler
8168,Player_8168,1,37,All-Rounder
8169,Player_8169,6,22,Batsman
8170,Player_8170,18,37,All-Rounder
8171,Player_8171,9,36,Goalkeeper
8172,Player_8172,15,19,Batsman
8173,Player_8173,8,21,All-Rounder
8174,Player_8174,19,33,All-Rounder
8175,Player_8175,16,38,Batsman
8176,Player_8176,6,33,Bowler
8177,Player_8177,6,34,Goalkeeper
8178,Player_8178,3,32,Defender
8179,Player_8179,10,30,Defender
8180,Player_8180,1,18,Defender
8181,Player_8181,14,39,Goalkeeper
8182,Player_8182,4,22,Batsman
8183,Player_8183,12,37,Batsman
8184,Player_8184,6,18,Batsman
8185,Player_8185,11,29,Defender
8186,Player_8186,12,32,Bowler
8187,Player_8187,10,21,All-Rounder
8188,Player_8188,18,36,Defender
8189,Player_8189,7,33,Goalkeeper
8190,Player_8190,7,35,Batsman
8191,Player_8191,11,34,All-Rounder
8192,Player_8192,4,28,Batsman
8193,Player_8193,20,37,Batsman
8194,Player_8194,1,30,Batsman
8195,Player_8195,13,39,Bowler
8196,Player_8196,18,26,All-Rounder
8197,Player_8197,9,34,Defender
8198,Player_8198,9,34,Bowler
8199,Player_8199,9,22,Goalkeeper
8200,Player_8200,10,39,Goalkeeper
8201,Player_8201,2,25,Defender
8202,Player_8202,6,20,All-Rounder
8203,Player_8203,15,23,Defender
8204,Player_8204,3,20,Bowler
8205,Player_8205,11,25,All-Rounder
8206,Player_8206,6,29,Goalkeeper
8207,Player_8207,3,21,All-Rounder
8208,Player_8208,11,19,All-Rounder
8209,Player_8209,15,27,All-Rounder
8210,Player_8210,13,32,Defender
8211,Player_8211,20,30,Batsman
8212,Player_8212,10,32,Bowler
8213,Player_8213,6,39,All-Rounder
8214,Player_8214,15,36,All-Rounder
8215,Player_8215,18,35,Defender
8216,Player_8216,18,30,Bowler
8217,Player_8217,7,37,Bowler
8218,Player_8218,15,37,Goalkeeper
8219,Player_8219,18,18,Bowler
8220,Player_8220,18,33,Bowler
8221,Player_8221,20,25,All-Rounder
8222,Player_8222,9,23,Batsman
8223,Player_8223,2,20,All-Rounder
8224,Player_8224,8,37,Defender
8225,Player_8225,20,33,Bowler
8226,Player_8226,2,19,Batsman
8227,Player_8227,11,19,All-Rounder
8228,Player_8228,7,32,Goalkeeper
8229,Player_8229,6,27,Defender
8230,Player_8230,10,18,Defender
8231,Player_8231,5,39,Defender
8232,Player_8232,11,37,All-Rounder
8233,Player_8233,1,32,Batsman
8234,Player_8234,2,18,Batsman
8235,Player_8235,1,39,Bowler
8236,Player_8236,19,33,Batsman
8237,Player_8237,2,35,Goalkeeper
8238,Player_8238,20,22,Defender
8239,Player_8239,4,38,All-Rounder
8240,Player_8240,12,22,Defender
8241,Player_8241,20,27,Defender
8242,Player_8242,18,29,Goalkeeper
8243,Player_8243,1,27,Defender
8244,Player_8244,1,19,Defender
8245,Player_8245,14,18,Goalkeeper
8246,Player_8246,4,33,Goalkeeper
8247,Player_8247,5,35,Batsman
8248,Player_8248,11,24,Defender
8249,Player_8249,13,21,Bowler
8250,Player_8250,16,27,Bowler
8251,Player_8251,13,27,Bowler
8252,Player_8252,2,28,Goalkeeper
8253,Player_8253,16,20,Defender
8254,Player_8254,6,31,Batsman
8255,Player_8255,14,30,Defender
8256,Player_8256,1,36,Bowler
8257,Player_8257,17,27,All-Rounder
8258,Player_8258,11,32,Bowler
8259,Player_8259,19,25,Goalkeeper
8260,Player_8260,3,34,Defender
8261,Player_8261,11,23,Goalkeeper
8262,Player_8262,5,24,Batsman
8263,Player_8263,17,31,Defender
8264,Player_8264,7,25,Defender
8265,Player_8265,10,29,Defender
8266,Player_8266,11,35,All-Rounder
8267,Player_8267,3,31,Defender
8268,Player_8268,20,18,All-Rounder
8269,Player_8269,10,21,Defender
8270,Player_8270,10,34,Bowler
8271,Player_8271,14,35,Batsman
8272,Player_8272,12,36,Defender
8273,Player_8273,15,21,Goalkeeper
8274,Player_8274,10,23,Bowler
8275,Player_8275,10,25,Goalkeeper
8276,Player_8276,19,32,Goalkeeper
8277,Player_8277,1,37,All-Rounder
8278,Player_8278,10,18,Batsman
8279,Player_8279,2,22,Goalkeeper
8280,Player_8280,17,33,Bowler
8281,Player_8281,7,38,Batsman
8282,Player_8282,7,23,Bowler
8283,Player_8283,20,38,Goalkeeper
8284,Player_8284,9,27,Batsman
8285,Player_8285,2,27,Defender
8286,Player_8286,14,22,Goalkeeper
8287,Player_8287,17,25,Goalkeeper
8288,Player_8288,1,18,All-Rounder
8289,Player_8289,9,22,Bowler
8290,Player_8290,20,18,Defender
8291,Player_8291,19,24,Batsman
8292,Player_8292,4,32,Goalkeeper
8293,Player_8293,8,31,Goalkeeper
8294,Player_8294,13,26,Defender
8295,Player_8295,4,25,Goalkeeper
8296,Player_8296,9,25,Bowler
8297,Player_8297,9,20,Batsman
8298,Player_8298,18,37,Defender
8299,Player_8299,12,21,Defender
8300,Player_8300,10,34,All-Rounder
8301,Player_8301,11,23,Batsman
8302,Player_8302,7,19,Defender
8303,Player_8303,9,26,Goalkeeper
8304,Player_8304,6,31,Batsman
8305,Player_8305,19,18,Bowler
8306,Player_8306,16,34,Defender
8307,Player_8307,15,28,Bowler
8308,Player_8308,7,23,Defender
8309,Player_8309,16,18,Goalkeeper
8310,Player_8310,5,36,All-Rounder
8311,Player_8311,16,33,Goalkeeper
8312,Player_8312,1,35,Bowler
8313,Player_8313,19,28,Batsman
8314,Player_8314,5,26,Bowler
8315,Player_8315,7,38,All-Rounder
8316,Player_8316,19,23,Defender
8317,Player_8317,5,19,Defender
8318,Player_8318,17,25,Bowler
8319,Player_8319,8,39,Batsman
8320,Player_8320,1,33,Defender
8321,Player_8321,2,25,Defender
8322,Player_8322,15,25,All-Rounder
8323,Player_8323,20,31,All-Rounder
8324,Player_8324,18,18,Batsman
8325,Player_8325,11,24,Defender
8326,Player_8326,10,19,Goalkeeper
8327,Player_8327,4,32,Bowler
8328,Player_8328,5,35,Defender
8329,Player_8329,4,21,Bowler
8330,Player_8330,13,35,Defender
8331,Player_8331,13,22,All-Rounder
8332,Player_8332,18,33,Batsman
8333,Player_8333,2,30,Goalkeeper
8334,Player_8334,16,26,All-Rounder
8335,Player_8335,1,22,Batsman
8336,Player_8336,19,25,All-Rounder
8337,Player_8337,9,35,Bowler
8338,Player_8338,3,20,Defender
8339,Player_8339,7,23,All-Rounder
8340,Player_8340,10,28,Batsman
8341,Player_8341,1,31,Defender
8342,Player_8342,10,36,Bowler
8343,Player_8343,9,24,Bowler
8344,Player_8344,15,27,Goalkeeper
8345,Player_8345,15,32,Defender
8346,Player_8346,3,23,Bowler
8347,Player_8347,5,37,All-Rounder
8348,Player_8348,9,23,Bowler
8349,Player_8349,9,33,Bowler
8350,Player_8350,7,26,Bowler
8351,Player_8351,12,36,Goalkeeper
8352,Player_8352,9,35,Batsman
8353,Player_8353,6,22,Bowler
8354,Player_8354,2,33,Batsman
8355,Player_8355,9,24,Defender
8356,Player_8356,17,36,Batsman
8357,Player_8357,1,22,Defender
8358,Player_8358,19,37,Goalkeeper
8359,Player_8359,6,28,Defender
8360,Player_8360,5,35,Defender
8361,Player_8361,2,24,All-Rounder
8362,Player_8362,9,35,Goalkeeper
8363,Player_8363,14,20,Bowler
8364,Player_8364,4,22,Goalkeeper
8365,Player_8365,4,30,All-Rounder
8366,Player_8366,15,33,Defender
8367,Player_8367,8,39,Goalkeeper
8368,Player_8368,4,29,All-Rounder
8369,Player_8369,16,24,Bowler
8370,Player_8370,4,39,Defender
8371,Player_8371,16,30,Goalkeeper
8372,Player_8372,12,18,Goalkeeper
8373,Player_8373,16,32,Defender
8374,Player_8374,19,38,Goalkeeper
8375,Player_8375,8,29,Defender
8376,Player_8376,6,34,All-Rounder
8377,Player_8377,10,37,Defender
8378,Player_8378,5,22,Bowler
8379,Player_8379,18,34,Defender
8380,Player_8380,10,32,Goalkeeper
8381,Player_8381,10,37,Defender
8382,Player_8382,7,36,Defender
8383,Player_8383,18,18,Defender
8384,Player_8384,1,21,Bowler
8385,Player_8385,7,20,Bowler
8386,Player_8386,1,25,Goalkeeper
8387,Player_8387,15,26,Goalkeeper
8388,Player_8388,4,29,Defender
8389,Player_8389,20,22,Batsman
8390,Player_8390,10,26,All-Rounder
8391,Player_8391,9,18,Defender
8392,Player_8392,2,28,All-Rounder
8393,Player_8393,14,24,Bowler
8394,Player_8394,16,39,Goalkeeper
8395,Player_8395,1,37,Batsman
8396,Player_8396,2,31,Goalkeeper
8397,Player_8397,7,20,Bowler
8398,Player_8398,10,28,Defender
8399,Player_8399,20,34,Bowler
8400,Player_8400,1,35,Batsman
8401,Player_8401,13,36,Defender
8402,Player_8402,1,35,Defender
8403,Player_8403,5,23,Batsman
8404,Player_8404,16,32,Goalkeeper
8405,Player_8405,15,24,Defender
8406,Player_8406,17,22,Goalkeeper
8407,Player_8407,16,22,All-Rounder
8408,Player_8408,13,24,Batsman
8409,Player_8409,11,39,All-Rounder
8410,Player_8410,17,29,Defender
8411,Player_8411,17,25,Batsman
8412,Player_8412,2,35,Defender
8413,Player_8413,13,35,Batsman
8414,Player_8414,14,34,Goalkeeper
8415,Player_8415,11,28,Bowler
8416,Player_8416,10,32,Bowler
8417,Player_8417,3,37,Batsman
8418,Player_8418,17,23,All-Rounder
8419,Player_8419,15,29,Batsman
8420,Player_8420,9,24,Goalkeeper
8421,Player_8421,10,25,All-Rounder
8422,Player_8422,8,21,Batsman
8423,Player_8423,13,20,Batsman
8424,Player_8424,18,20,Defender
8425,Player_8425,5,27,Goalkeeper
8426,Player_8426,6,32,Goalkeeper
8427,Player_8427,17,30,Bowler
8428,Player_8428,11,36,Defender
8429,Player_8429,20,25,All-Rounder
8430,Player_8430,16,35,Bowler
8431,Player_8431,9,22,Goalkeeper
8432,Player_8432,2,38,Batsman
8433,Player_8433,5,24,Defender
8434,Player_8434,1,22,Goalkeeper
8435,Player_8435,4,36,Goalkeeper
8436,Player_8436,4,34,Defender
8437,Player_8437,3,36,Goalkeeper
8438,Player_8438,9,21,Bowler
8439,Player_8439,12,39,Defender
8440,Player_8440,10,24,Goalkeeper
8441,Player_8441,2,39,Goalkeeper
8442,Player_8442,11,23,Defender
8443,Player_8443,10,31,Batsman
8444,Player_8444,6,39,All-Rounder
8445,Player_8445,18,36,Defender
8446,Player_8446,2,37,Batsman
8447,Player_8447,2,28,Goalkeeper
8448,Player_8448,10,39,Bowler
8449,Player_8449,16,24,Goalkeeper
8450,Player_8450,12,20,Goalkeeper
8451,Player_8451,1,37,Batsman
8452,Player_8452,8,39,Defender
8453,Player_8453,16,34,All-Rounder
8454,Player_8454,18,28,All-Rounder
8455,Player_8455,13,32,Defender
8456,Player_8456,15,24,Defender
8457,Player_8457,12,32,Bowler
8458,Player_8458,8,34,Defender
8459,Player_8459,10,28,Bowler
8460,Player_8460,14,29,Defender
8461,Player_8461,5,30,Bowler
8462,Player_8462,18,28,Defender
8463,Player_8463,19,28,Defender
8464,Player_8464,15,26,All-Rounder
8465,Player_8465,6,28,Goalkeeper
8466,Player_8466,11,21,Goalkeeper
8467,Player_8467,11,19,Bowler
8468,Player_8468,20,21,Batsman
8469,Player_8469,20,31,All-Rounder
8470,Player_8470,18,22,Defender
8471,Player_8471,18,34,All-Rounder
8472,Player_8472,10,29,Batsman
8473,Player_8473,2,23,All-Rounder
8474,Player_8474,9,29,Batsman
8475,Player_8475,14,32,Batsman
8476,Player_8476,19,36,Batsman
8477,Player_8477,10,27,Batsman
8478,Player_8478,4,19,Batsman
8479,Player_8479,6,29,Defender
8480,Player_8480,14,29,All-Rounder
8481,Player_8481,4,24,Goalkeeper
8482,Player_8482,15,18,Goalkeeper
8483,Player_8483,16,35,Defender
8484,Player_8484,7,20,Bowler
8485,Player_8485,17,37,Batsman
8486,Player_8486,19,22,All-Rounder
8487,Player_8487,19,37,Batsman
8488,Player_8488,17,32,Batsman
8489,Player_8489,6,27,Goalkeeper
8490,Player_8490,11,36,Batsman
8491,Player_8491,16,18,All-Rounder
8492,Player_8492,8,24,All-Rounder
8493,Player_8493,11,39,Goalkeeper
8494,Player_8494,7,35,Defender
8495,Player_8495,19,19,Goalkeeper
8496,Player_8496,10,36,Goalkeeper
8497,Player_8497,9,27,Batsman
8498,Player_8498,4,32,Bowler
8499,Player_8499,15,27,Defender
8500,Player_8500,13,27,Defender
8501,Player_8501,2,29,Defender
8502,Player_8502,2,25,Batsman
8503,Player_8503,16,31,Goalkeeper
8504,Player_8504,9,19,Batsman
8505,Player_8505,13,34,All-Rounder
8506,Player_8506,3,23,Bowler
8507,Player_8507,9,25,Bowler
8508,Player_8508,13,18,Batsman
8509,Player_8509,2,20,Goalkeeper
8510,Player_8510,8,32,Defender
8511,Player_8511,9,34,All-Rounder
8512,Player_8512,16,24,All-Rounder
8513,Player_8513,2,31,Bowler
8514,Player_8514,6,20,Goalkeeper
8515,Player_8515,8,35,Defender
8516,Player_8516,5,39,Bowler
8517,Player_8517,9,22,Goalkeeper
8518,Player_8518,1,37,Defender
8519,Player_8519,9,39,Batsman
8520,Player_8520,10,32,Goalkeeper
8521,Player_8521,4,23,All-Rounder
8522,Player_8522,3,20,Goalkeeper
8523,Player_8523,10,35,Goalkeeper
8524,Player_8524,15,37,Goalkeeper
8525,Player_8525,11,39,Defender
8526,Player_8526,14,20,Defender
8527,Player_8527,6,25,Batsman
8528,Player_8528,12,36,Batsman
8529,Player_8529,13,35,Defender
8530,Player_8530,17,32,Defender
8531,Player_8531,16,31,Bowler
8532,Player_8532,3,33,Goalkeeper
8533,Player_8533,2,20,Goalkeeper
8534,Player_8534,11,32,All-Rounder
8535,Player_8535,9,36,Defender
8536,Player_8536,3,25,Defender
8537,Player_8537,18,19,Batsman
8538,Player_8538,20,34,Batsman
8539,Player_8539,15,29,Goalkeeper
8540,Player_8540,14,36,Goalkeeper
8541,Player_8541,2,28,Defender
8542,Player_8542,17,35,Goalkeeper
8543,Player_8543,8,30,Defender
8544,Player_8544,10,31,All-Rounder
8545,Player_8545,18,29,All-Rounder
8546,Player_8546,19,32,Bowler
8547,Player_8547,8,38,Batsman
8548,Player_8548,8,25,Bowler
8549,Player_8549,3,19,All-Rounder
8550,Player_8550,3,25,Goalkeeper
8551,Player_8551,12,22,Batsman
8552,Player_8552,17,19,Batsman
8553,Player_8553,4,27,Bowler
8554,Player_8554,17,27,Batsman
8555,Player_8555,14,21,All-Rounder
8556,Player_8556,19,21,Goalkeeper
8557,Player_8557,9,25,Bowler
8558,Player_8558,12,23,Goalkeeper
8559,Player_8559,5,32,Bowler
8560,Player_8560,11,35,Defender
8561,Player_8561,20,38,Batsman
8562,Player_8562,3,39,Defender
8563,Player_8563,15,25,Batsman
8564,Player_8564,14,37,Defender
8565,Player_8565,11,24,Goalkeeper
8566,Player_8566,20,37,All-Rounder
8567,Player_8567,8,34,Bowler
8568,Player_8568,4,36,Batsman
8569,Player_8569,12,19,Bowler
8570,Player_8570,8,29,All-Rounder
8571,Player_8571,6,36,Defender
8572,Player_8572,15,22,Goalkeeper
8573,Player_8573,12,29,Bowler
8574,Player_8574,16,34,Defender
8575,Player_8575,16,22,Batsman
8576,Player_8576,20,19,Bowler
8577,Player_8577,20,21,Bowler
8578,Player_8578,4,23,Batsman
8579,Player_8579,11,26,All-Rounder
8580,Player_8580,13,39,Defender
8581,Player_8581,9,27,Bowler
8582,Player_8582,4,28,Defender
8583,Player_8583,12,19,Goalkeeper
8584,Player_8584,9,38,Defender
8585,Player_8585,13,26,Defender
8586,Player_8586,16,37,Batsman
8587,Player_8587,6,34,Defender
8588,Player_8588,10,26,All-Rounder
8589,Player_8589,13,25,Defender
8590,Player_8590,7,22,Goalkeeper
8591,Player_8591,19,22,Defender
8592,Player_8592,19,23,Batsman
8593,Player_8593,17,33,Goalkeeper
8594,Player_8594,13,18,Batsman
8595,Player_8595,13,26,All-Rounder
8596,Player_8596,2,38,All-Rounder
8597,Player_8597,10,24,Batsman
8598,Player_8598,13,28,All-Rounder
8599,Player_8599,9,32,Batsman
8600,Player_8600,1,22,Bowler
8601,Player_8601,14,36,Defender
8602,Player_8602,16,23,Bowler
8603,Player_8603,20,31,All-Rounder
8604,Player_8604,15,37,Batsman
8605,Player_8605,1,31,Batsman
8606,Player_8606,17,28,Batsman
8607,Player_8607,13,21,Batsman
8608,Player_8608,15,27,Defender
8609,Player_8609,16,19,Goalkeeper
8610,Player_8610,16,21,Bowler
8611,Player_8611,2,37,All-Rounder
8612,Player_8612,17,27,Batsman
8613,Player_8613,11,18,Bowler
8614,Player_8614,8,31,Goalkeeper
8615,Player_8615,20,35,Bowler
8616,Player_8616,3,29,All-Rounder
8617,Player_8617,12,36,Batsman
8618,Player_8618,20,29,All-Rounder
8619,Player_8619,16,22,Batsman
8620,Player_8620,14,21,Goalkeeper
8621,Player_8621,16,30,All-Rounder
8622,Player_8622,17,35,Bowler
8623,Player_8623,11,29,Goalkeeper
8624,Player_8624,17,33,All-Rounder
8625,Player_8625,19,23,Batsman
8626,Player_8626,1,24,Goalkeeper
8627,Player_8627,12,26,Batsman
8628,Player_8628,15,27,Defender
8629,Player_8629,18,22,Bowler
8630,Player_8630,14,38,Batsman
8631,Player_8631,1,21,All-Rounder
8632,Player_8632,13,28,Defender
8633,Player_8633,15,36,Goalkeeper
8634,Player_8634,7,24,All-Rounder
8635,Player_8635,15,30,Goalkeeper
8636,Player_8636,20,30,Defender
8637,Player_8637,10,38,All-Rounder
8638,Player_8638,14,35,Batsman
8639,Player_8639,6,26,All-Rounder
8640,Player_8640,14,30,Bowler
8641,Player_8641,12,30,Batsman
8642,Player_8642,11,22,Bowler
8643,Player_8643,20,29,All-Rounder
8644,Player_8644,19,18,All-Rounder
8645,Player_8645,2,35,Goalkeeper
8646,Player_8646,20,38,All-Rounder
8647,Player_8647,1,38,Batsman
8648,Player_8648,8,39,Bowler
8649,Player_8649,14,34,Defender
8650,Player_8650,9,27,Bowler
8651,Player_8651,2,26,Goalkeeper
8652,Player_8652,5,37,Defender
8653,Player_8653,8,25,Defender
8654,Player_8654,16,32,All-Rounder
8655,Player_8655,16,30,Goalkeeper
8656,Player_8656,13,38,Goalkeeper
8657,Player_8657,20,34,All-Rounder
8658,Player_8658,15,26,Batsman
8659,Player_8659,1,38,All-Rounder
8660,Player_8660,3,28,Goalkeeper
8661,Player_8661,6,21,Defender
8662,Player_8662,14,24,Batsman
8663,Player_8663,4,37,Goalkeeper
8664,Player_8664,18,39,Goalkeeper
8665,Player_8665,15,20,All-Rounder
8666,Player_8666,9,27,Bowler
8667,Player_8667,18,20,Goalkeeper
8668,Player_8668,3,18,Bowler
8669,Player_8669,10,31,Batsman
8670,Player_8670,17,30,Defender
8671,Player_8671,7,22,Bowler
8672,Player_8672,15,25,Bowler
8673,Player_8673,1,29,Bowler
8674,Player_8674,11,23,Bowler
8675,Player_8675,17,19,Bowler
8676,Player_8676,5,21,Batsman
8677,Player_8677,7,22,Goalkeeper
8678,Player_8678,19,28,Defender
8679,Player_8679,15,30,Goalkeeper
8680,Player_8680,3,25,Batsman
8681,Player_8681,15,38,Batsman
8682,Player_8682,5,22,Bowler
8683,Player_8683,12,23,Batsman
8684,Player_8684,20,32,Batsman
8685,Player_8685,5,33,Bowler
8686,Player_8686,3,28,Batsman
8687,Player_8687,9,24,Batsman
8688,Player_8688,9,23,Batsman
8689,Player_8689,7,29,All-Rounder
8690,Player_8690,2,21,Goalkeeper
8691,Player_8691,16,31,All-Rounder
8692,Player_8692,9,28,Goalkeeper
8693,Player_8693,13,29,Bowler
8694,Player_8694,19,19,Bowler
8695,Player_8695,20,28,Goalkeeper
8696,Player_8696,17,30,Goalkeeper
8697,Player_8697,6,28,Defender
8698,Player_8698,4,26,Goalkeeper
8699,Player_8699,1,38,Goalkeeper
8700,Player_8700,18,33,Bowler
8701,Player_8701,19,22,Bowler
8702,Player_8702,9,29,Batsman
8703,Player_8703,13,20,Batsman
8704,Player_8704,8,33,Bowler
8705,Player_8705,13,36,Batsman
8706,Player_8706,15,34,All-Rounder
8707,Player_8707,11,28,All-Rounder
8708,Player_8708,12,38,Batsman
8709,Player_8709,14,36,Batsman
8710,Player_8710,4,35,Goalkeeper
8711,Player_8711,1,26,Goalkeeper
8712,Player_8712,4,30,All-Rounder
8713,Player_8713,19,23,All-Rounder
8714,Player_8714,9,20,Goalkeeper
8715,Player_8715,10,29,Goalkeeper
8716,Player_8716,4,26,Goalkeeper
8717,Player_8717,20,26,Batsman
8718,Player_8718,9,32,Bowler
8719,Player_8719,13,18,All-Rounder
8720,Player_8720,12,35,Defender
8721,Player_8721,11,32,Goalkeeper
8722,Player_8722,12,25,Batsman
8723,Player_8723,18,28,All-Rounder
8724,Player_8724,12,34,Goalkeeper
8725,Player_8725,16,31,Batsman
8726,Player_8726,5,36,All-Rounder
8727,Player_8727,20,22,All-Rounder
8728,Player_8728,12,19,Defender
8729,Player_8729,11,32,Defender
8730,Player_8730,9,36,All-Rounder
8731,Player_8731,18,33,Batsman
8732,Player_8732,3,30,Goalkeeper
8733,Player_8733,20,24,Goalkeeper
8734,Player_8734,17,34,All-Rounder
8735,Player_8735,14,36,Goalkeeper
8736,Player_8736,1,24,Defender
8737,Player_8737,17,29,Goalkeeper
8738,Player_8738,8,30,Bowler
8739,Player_8739,5,30,Defender
8740,Player_8740,5,31,Defender
8741,Player_8741,9,32,All-Rounder
8742,Player_8742,3,19,All-Rounder
8743,Player_8743,19,23,Goalkeeper
8744,Player_8744,9,26,Goalkeeper
8745,Player_8745,18,32,All-Rounder
8746,Player_8746,16,37,Batsman
8747,Player_8747,1,33,Goalkeeper
8748,Player_8748,2,19,Batsman
8749,Player_8749,14,20,Defender
8750,Player_8750,14,37,Bowler
8751,Player_8751,1,38,Batsman
8752,Player_8752,16,25,Goalkeeper
8753,Player_8753,15,25,All-Rounder
8754,Player_8754,15,38,All-Rounder
8755,Player_8755,12,24,Bowler
8756,Player_8756,16,28,Bowler
8757,Player_8757,14,39,Defender
8758,Player_8758,15,30,Batsman
8759,Player_8759,15,25,Bowler
8760,Player_8760,19,26,Defender
8761,Player_8761,8,33,Defender
8762,Player_8762,2,22,Defender
8763,Player_8763,2,31,Goalkeeper
8764,Player_8764,10,18,Bowler
8765,Player_8765,3,36,All-Rounder
8766,Player_8766,17,34,Defender
8767,Player_8767,8,39,All-Rounder
8768,Player_8768,4,31,Goalkeeper
8769,Player_8769,14,30,Batsman
8770,Player_8770,10,25,Goalkeeper
8771,Player_8771,1,20,Goalkeeper
8772,Player_8772,4,18,Bowler
8773,Player_8773,1,36,Defender
8774,Player_8774,17,32,Goalkeeper
8775,Player_8775,17,38,Defender
8776,Player_8776,7,25,All-Rounder
8777,Player_8777,20,26,Batsman
8778,Player_8778,15,30,Batsman
8779,Player_8779,13,29,All-Rounder
8780,Player_8780,2,26,Bowler
8781,Player_8781,19,37,All-Rounder
8782,Player_8782,13,28,All-Rounder
8783,Player_8783,11,22,Bowler
8784,Player_8784,15,36,Bowler
8785,Player_8785,10,38,Goalkeeper
8786,Player_8786,9,35,Defender
8787,Player_8787,9,28,Batsman
8788,Player_8788,20,28,Bowler
8789,Player_8789,1,23,Bowler
8790,Player_8790,17,18,Goalkeeper
8791,Player_8791,12,39,Goalkeeper
8792,Player_8792,10,38,Defender
8793,Player_8793,5,26,Bowler
8794,Player_8794,18,24,Bowler
8795,Player_8795,15,23,Goalkeeper
8796,Player_8796,6,27,All-Rounder
8797,Player_8797,7,22,Defender
8798,Player_8798,17,18,Bowler
8799,Player_8799,6,32,Batsman
8800,Player_8800,8,22,Batsman
8801,Player_8801,12,37,Goalkeeper
8802,Player_8802,14,23,Batsman
8803,Player_8803,12,22,Goalkeeper
8804,Player_8804,10,34,All-Rounder
8805,Player_8805,20,35,Goalkeeper
8806,Player_8806,15,21,Bowler
8807,Player_8807,7,38,Batsman
8808,Player_8808,9,19,Bowler
8809,Player_8809,10,25,Batsman
8810,Player_8810,10,22,Batsman
8811,Player_8811,16,21,Goalkeeper
8812,Player_8812,7,39,Defender
8813,Player_8813,5,31,Batsman
8814,Player_8814,3,21,Batsman
8815,Player_8815,18,25,Defender
8816,Player_8816,11,20,Bowler
8817,Player_8817,15,31,Batsman
8818,Player_8818,20,35,Goalkeeper
8819,Player_8819,5,29,Defender
8820,Player_8820,12,32,Defender
8821,Player_8821,4,37,Batsman
8822,Player_8822,15,37,Bowler
8823,Player_8823,9,26,Bowler
8824,Player_8824,7,19,All-Rounder
8825,Player_8825,10,18,All-Rounder
8826,Player_8826,13,32,Goalkeeper
8827,Player_8827,8,32,Batsman
8828,Player_8828,12,25,Bowler
8829,Player_8829,19,20,All-Rounder
8830,Player_8830,1,19,Batsman
8831,Player_8831,16,21,Batsman
8832,Player_8832,17,35,Bowler
8833,Player_8833,18,29,Batsman
8834,Player_8834,11,35,Defender
8835,Player_8835,18,38,All-Rounder
8836,Player_8836,7,27,Goalkeeper
8837,Player_8837,18,38,All-Rounder
8838,Player_8838,8,25,Batsman
8839,Player_8839,6,35,Defender
8840,Player_8840,7,34,All-Rounder
8841,Player_8841,10,36,Bowler
8842,Player_8842,11,23,Defender
8843,Player_8843,13,31,All-Rounder
8844,Player_8844,9,22,Batsman
8845,Player_8845,7,25,Bowler
8846,Player_8846,9,25,Batsman
8847,Player_8847,13,35,Batsman
8848,Player_8848,3,26,Bowler
8849,Player_8849,3,31,Defender
8850,Player_8850,1,31,All-Rounder
8851,Player_8851,20,37,Defender
8852,Player_8852,2,31,Bowler
8853,Player_8853,3,34,All-Rounder
8854,Player_8854,15,19,Bowler
8855,Player_8855,6,31,Goalkeeper
8856,Player_8856,13,39,Goalkeeper
8857,Player_8857,1,38,Defender
8858,Player_8858,20,29,Bowler
8859,Player_8859,19,33,All-Rounder
8860,Player_8860,1,39,Defender
8861,Player_8861,2,23,Goalkeeper
8862,Player_8862,15,35,Goalkeeper
8863,Player_8863,14,24,Goalkeeper
8864,Player_8864,19,19,Defender
8865,Player_8865,11,30,All-Rounder
8866,Player_8866,15,25,Goalkeeper
8867,Player_8867,6,29,Defender
8868,Player_8868,20,18,Defender
8869,Player_8869,9,26,Batsman
8870,Player_8870,5,25,Batsman
8871,Player_8871,20,26,All-Rounder
8872,Player_8872,2,22,Goalkeeper
8873,Player_8873,6,30,Batsman
8874,Player_8874,18,31,All-Rounder
8875,Player_8875,19,21,Batsman
8876,Player_8876,9,34,Goalkeeper
8877,Player_8877,6,26,Defender
8878,Player_8878,14,37,Goalkeeper
8879,Player_8879,13,32,Batsman
8880,Player_8880,11,37,Goalkeeper
8881,Player_8881,12,21,Defender
8882,Player_8882,19,19,Bowler
8883,Player_8883,19,30,Defender
8884,Player_8884,19,21,Batsman
8885,Player_8885,13,35,Defender
8886,Player_8886,14,33,All-Rounder
8887,Player_8887,18,27,Goalkeeper
8888,Player_8888,12,19,Bowler
8889,Player_8889,4,31,Bowler
8890,Player_8890,10,19,Goalkeeper
8891,Player_8891,17,35,Goalkeeper
8892,Player_8892,4,18,All-Rounder
8893,Player_8893,12,30,Defender
8894,Player_8894,13,23,Bowler
8895,Player_8895,4,39,Batsman
8896,Player_8896,10,34,Goalkeeper
8897,Player_8897,3,34,Goalkeeper
8898,Player_8898,15,39,Bowler
8899,Player_8899,2,28,Goalkeeper
8900,Player_8900,17,23,Bowler
8901,Player_8901,6,37,Batsman
8902,Player_8902,8,20,Batsman
8903,Player_8903,3,31,Bowler
8904,Player_8904,18,23,Goalkeeper
8905,Player_8905,1,34,All-Rounder
8906,Player_8906,16,20,All-Rounder
8907,Player_8907,7,34,Defender
8908,Player_8908,3,36,All-Rounder
8909,Player_8909,4,35,Goalkeeper
8910,Player_8910,9,22,All-Rounder
8911,Player_8911,5,32,Defender
8912,Player_8912,19,20,Batsman
8913,Player_8913,15,25,Bowler
8914,Player_8914,8,24,All-Rounder
8915,Player_8915,6,35,Bowler
8916,Player_8916,18,27,Bowler
8917,Player_8917,19,27,Batsman
8918,Player_8918,15,36,Defender
8919,Player_8919,7,18,Goalkeeper
8920,Player_8920,10,19,Goalkeeper
8921,Player_8921,6,18,Goalkeeper
8922,Player_8922,14,26,Defender
8923,Player_8923,17,32,Defender
8924,Player_8924,9,35,Defender
8925,Player_8925,19,35,All-Rounder
8926,Player_8926,5,39,Bowler
8927,Player_8927,7,24,Defender
8928,Player_8928,19,31,Defender
8929,Player_8929,20,35,All-Rounder
8930,Player_8930,7,37,Bowler
8931,Player_8931,2,36,Goalkeeper
8932,Player_8932,16,22,Batsman
8933,Player_8933,13,26,Defender
8934,Player_8934,8,35,Defender
8935,Player_8935,6,30,Batsman
8936,Player_8936,6,22,Defender
8937,Player_8937,9,39,Defender
8938,Player_8938,4,37,Defender
8939,Player_8939,11,32,Batsman
8940,Player_8940,5,36,All-Rounder
8941,Player_8941,17,37,All-Rounder
8942,Player_8942,20,28,Batsman
8943,Player_8943,7,26,All-Rounder
8944,Player_8944,15,38,Goalkeeper
8945,Player_8945,15,39,Goalkeeper
8946,Player_8946,14,33,Batsman
8947,Player_8947,13,28,Bowler
8948,Player_8948,11,19,Defender
8949,Player_8949,13,25,Bowler
8950,Player_8950,9,38,Defender
8951,Player_8951,10,22,All-Rounder
8952,Player_8952,4,28,All-Rounder
8953,Player_8953,17,28,Goalkeeper
8954,Player_8954,14,26,Bowler
8955,Player_8955,18,28,Batsman
8956,Player_8956,11,22,Defender
8957,Player_8957,16,26,All-Rounder
8958,Player_8958,1,18,Defender
8959,Player_8959,7,27,Batsman
8960,Player_8960,10,25,Defender
8961,Player_8961,9,36,Goalkeeper
8962,Player_8962,3,33,Batsman
8963,Player_8963,14,30,Batsman
8964,Player_8964,15,22,Defender
8965,Player_8965,2,35,Defender
8966,Player_8966,14,26,All-Rounder
8967,Player_8967,16,21,Defender
8968,Player_8968,7,31,Batsman
8969,Player_8969,4,24,Defender
8970,Player_8970,18,29,All-Rounder
8971,Player_8971,5,24,Bowler
8972,Player_8972,6,28,Goalkeeper
8973,Player_8973,7,39,Batsman
8974,Player_8974,15,32,All-Rounder
8975,Player_8975,1,24,Goalkeeper
8976,Player_8976,4,37,Defender
8977,Player_8977,1,34,Defender
8978,Player_8978,11,22,Bowler
8979,Player_8979,18,25,Defender
8980,Player_8980,14,27,Goalkeeper
8981,Player_8981,11,23,All-Rounder
8982,Player_8982,10,38,Bowler
8983,Player_8983,17,19,Goalkeeper
8984,Player_8984,4,22,All-Rounder
8985,Player_8985,15,27,Goalkeeper
8986,Player_8986,16,20,Defender
8987,Player_8987,13,30,Goalkeeper
8988,Player_8988,9,33,Bowler
8989,Player_8989,11,32,Goalkeeper
8990,Player_8990,11,19,Batsman
8991,Player_8991,6,20,Defender
8992,Player_8992,1,37,Goalkeeper
8993,Player_8993,6,35,All-Rounder
8994,Player_8994,13,37,Defender
8995,Player_8995,5,37,All-Rounder
8996,Player_8996,15,32,Bowler
8997,Player_8997,18,39,Batsman
8998,Player_8998,20,22,Goalkeeper
8999,Player_8999,14,28,Defender
9000,Player_9000,15,20,Goalkeeper
9001,Player_9001,5,26,Goalkeeper
9002,Player_9002,4,24,Defender
9003,Player_9003,2,19,Batsman
9004,Player_9004,7,32,Batsman
9005,Player_9005,10,29,Bowler
9006,Player_9006,16,33,Defender
9007,Player_9007,10,33,Defender
9008,Player_9008,18,33,All-Rounder
9009,Player_9009,17,36,All-Rounder
9010,Player_9010,13,20,All-Rounder
9011,Player_9011,1,39,Batsman
9012,Player_9012,1,37,Bowler
9013,Player_9013,15,21,Bowler
9014,Player_9014,1,18,Goalkeeper
9015,Player_9015,6,39,Bowler
9016,Player_9016,13,25,All-Rounder
9017,Player_9017,1,32,Defender
9018,Player_9018,5,38,Goalkeeper
9019,Player_9019,9,39,Batsman
9020,Player_9020,17,22,Bowler
9021,Player_9021,16,37,Defender
9022,Player_9022,8,29,All-Rounder
9023,Player_9023,17,37,Batsman
9024,Player_9024,15,37,Batsman
9025,Player_9025,1,21,Bowler
9026,Player_9026,12,39,Defender
9027,Player_9027,5,32,All-Rounder
9028,Player_9028,6,23,All-Rounder
9029,Player_9029,1,22,All-Rounder
9030,Player_9030,1,28,All-Rounder
9031,Player_9031,10,31,Bowler
9032,Player_9032,10,28,Bowler
9033,Player_9033,3,26,Defender
9034,Player_9034,17,27,Goalkeeper
9035,Player_9035,19,23,Bowler
9036,Player_9036,11,28,All-Rounder
9037,Player_9037,18,26,Defender
9038,Player_9038,2,22,All-Rounder
9039,Player_9039,9,27,Bowler
9040,Player_9040,17,37,Defender
9041,Player_9041,14,31,All-Rounder
9042,Player_9042,4,23,Goalkeeper
9043,Player_9043,17,21,Batsman
9044,Player_9044,17,38,Batsman
9045,Player_9045,12,27,All-Rounder
9046,Player_9046,20,39,Batsman
9047,Player_9047,18,28,Goalkeeper
9048,Player_9048,3,33,Goalkeeper
9049,Player_9049,11,24,All-Rounder
9050,Player_9050,18,35,Goalkeeper
9051,Player_9051,4,24,Batsman
9052,Player_9052,17,38,All-Rounder
9053,Player_9053,18,32,Batsman
9054,Player_9054,5,36,Goalkeeper
9055,Player_9055,14,35,Goalkeeper
9056,Player_9056,10,32,Defender
9057,Player_9057,15,35,Bowler
9058,Player_9058,1,20,Bowler
9059,Player_9059,16,18,All-Rounder
9060,Player_9060,11,18,Batsman
9061,Player_9061,20,24,Bowler
9062,Player_9062,6,27,All-Rounder
9063,Player_9063,16,29,Goalkeeper
9064,Player_9064,2,25,Bowler
9065,Player_9065,1,39,Batsman
9066,Player_9066,9,34,Defender
9067,Player_9067,12,31,Defender
9068,Player_9068,17,34,Bowler
9069,Player_9069,15,38,Defender
9070,Player_9070,19,23,All-Rounder
9071,Player_9071,10,37,Batsman
9072,Player_9072,12,34,Goalkeeper
9073,Player_9073,14,37,Batsman
9074,Player_9074,9,25,Goalkeeper
9075,Player_9075,13,30,Defender
9076,Player_9076,3,33,All-Rounder
9077,Player_9077,14,29,Goalkeeper
9078,Player_9078,10,34,Defender
9079,Player_9079,16,35,Goalkeeper
9080,Player_9080,7,25,Bowler
9081,Player_9081,4,35,Batsman
9082,Player_9082,20,28,All-Rounder
9083,Player_9083,11,30,Defender
9084,Player_9084,16,29,All-Rounder
9085,Player_9085,20,32,Batsman
9086,Player_9086,4,20,Goalkeeper
9087,Player_9087,17,20,Goalkeeper
9088,Player_9088,13,23,All-Rounder
9089,Player_9089,11,20,Goalkeeper
9090,Player_9090,3,26,Goalkeeper
9091,Player_9091,9,28,Goalkeeper
9092,Player_9092,6,25,Bowler
9093,Player_9093,11,21,Defender
9094,Player_9094,16,39,Defender
9095,Player_9095,19,37,Batsman
9096,Player_9096,5,32,Goalkeeper
9097,Player_9097,14,22,All-Rounder
9098,Player_9098,17,24,Goalkeeper
9099,Player_9099,3,25,Batsman
9100,Player_9100,4,24,Goalkeeper
9101,Player_9101,16,25,Bowler
9102,Player_9102,16,21,Batsman
9103,Player_9103,4,18,Defender
9104,Player_9104,19,39,Defender
9105,Player_9105,17,22,Bowler
9106,Player_9106,13,28,Defender
9107,Player_9107,1,21,Bowler
9108,Player_9108,12,19,Defender
9109,Player_9109,4,34,Defender
9110,Player_9110,11,29,Goalkeeper
9111,Player_9111,5,19,Batsman
9112,Player_9112,2,26,Defender
9113,Player_9113,17,23,Batsman
9114,Player_9114,8,23,Batsman
9115,Player_9115,6,35,Defender
9116,Player_9116,9,39,Batsman
9117,Player_9117,13,20,Bowler
9118,Player_9118,11,32,All-Rounder
9119,Player_9119,16,24,Bowler
9120,Player_9120,16,30,Defender
9121,Player_9121,2,27,Bowler
9122,Player_9122,10,21,All-Rounder
9123,Player_9123,12,33,Bowler
9124,Player_9124,8,26,Batsman
9125,Player_9125,11,38,Defender
9126,Player_9126,10,27,Batsman
9127,Player_9127,13,36,Batsman
9128,Player_9128,17,34,Defender
9129,Player_9129,7,18,Defender
9130,Player_9130,3,30,Goalkeeper
9131,Player_9131,20,21,All-Rounder
9132,Player_9132,13,32,Batsman
9133,Player_9133,19,27,Batsman
9134,Player_9134,7,37,Defender
9135,Player_9135,9,26,Defender
9136,Player_9136,19,25,Bowler
9137,Player_9137,13,37,Batsman
9138,Player_9138,8,23,Batsman
9139,Player_9139,18,27,Defender
9140,Player_9140,2,37,Batsman
9141,Player_9141,18,34,All-Rounder
9142,Player_9142,18,22,Goalkeeper
9143,Player_9143,11,31,Defender
9144,Player_9144,1,34,Defender
9145,Player_9145,14,28,Batsman
9146,Player_9146,16,21,Goalkeeper
9147,Player_9147,11,34,Goalkeeper
9148,Player_9148,1,19,Defender
9149,Player_9149,7,38,Defender
9150,Player_9150,16,39,Defender
9151,Player_9151,14,18,All-Rounder
9152,Player_9152,15,35,Batsman
9153,Player_9153,14,24,All-Rounder
9154,Player_9154,11,39,Defender
9155,Player_9155,16,23,Goalkeeper
9156,Player_9156,19,23,Batsman
9157,Player_9157,17,31,Batsman
9158,Player_9158,6,29,Defender
9159,Player_9159,11,31,Defender
9160,Player_9160,17,31,Defender
9161,Player_9161,9,29,Defender
9162,Player_9162,18,26,Defender
9163,Player_9163,17,26,Defender
9164,Player_9164,12,19,Batsman
9165,Player_9165,5,35,All-Rounder
9166,Player_9166,11,22,Goalkeeper
9167,Player_9167,4,29,Defender
9168,Player_9168,4,31,Goalkeeper
9169,Player_9169,3,30,Batsman
9170,Player_9170,17,20,Goalkeeper
9171,Player_9171,7,32,Batsman
9172,Player_9172,4,32,Bowler
9173,Player_9173,13,20,All-Rounder
9174,Player_9174,12,37,Bowler
9175,Player_9175,1,36,Batsman
9176,Player_9176,19,32,Bowler
9177,Player_9177,20,36,Batsman
9178,Player_9178,18,25,Bowler
9179,Player_9179,11,30,Batsman
9180,Player_9180,20,27,All-Rounder
9181,Player_9181,3,19,All-Rounder
9182,Player_9182,17,28,All-Rounder
9183,Player_9183,12,39,Batsman
9184,Player_9184,10,36,Goalkeeper
9185,Player_9185,8,26,Bowler
9186,Player_9186,15,26,Bowler
9187,Player_9187,5,23,Bowler
9188,Player_9188,4,27,Bowler
9189,Player_9189,20,39,All-Rounder
9190,Player_9190,19,25,Goalkeeper
9191,Player_9191,4,32,Bowler
9192,Player_9192,15,23,Goalkeeper
9193,Player_9193,17,24,Batsman
9194,Player_9194,12,37,Batsman
9195,Player_9195,3,34,Bowler
9196,Player_9196,10,21,Defender
9197,Player_9197,15,25,All-Rounder
9198,Player_9198,10,30,Bowler
9199,Player_9199,18,31,All-Rounder
9200,Player_9200,1,35,Bowler
9201,Player_9201,3,34,All-Rounder
9202,Player_9202,12,35,Defender
9203,Player_9203,1,31,Defender
9204,Player_9204,3,28,Batsman
9205,Player_9205,3,27,Bowler
9206,Player_9206,5,30,Defender
9207,Player_9207,19,37,Defender
9208,Player_9208,1,33,Bowler
9209,Player_9209,4,31,Bowler
9210,Player_9210,4,20,Batsman
9211,Player_9211,17,35,Defender
9212,Player_9212,14,23,All-Rounder
9213,Player_9213,18,37,Bowler
9214,Player_9214,1,20,Bowler
9215,Player_9215,16,36,Bowler
9216,Player_9216,3,20,Bowler
9217,Player_9217,9,29,Defender
9218,Player_9218,4,25,All-Rounder
9219,Player_9219,5,22,Batsman
9220,Player_9220,11,34,Goalkeeper
9221,Player_9221,9,27,Defender
9222,Player_9222,3,38,Defender
9223,Player_9223,6,34,Goalkeeper
9224,Player_9224,11,26,Goalkeeper
9225,Player_9225,9,30,Bowler
9226,Player_9226,15,27,All-Rounder
9227,Player_9227,3,25,Defender
9228,Player_9228,1,24,Defender
9229,Player_9229,20,19,Batsman
9230,Player_9230,19,19,Goalkeeper
9231,Player_9231,14,21,Goalkeeper
9232,Player_9232,17,26,Defender
9233,Player_9233,14,31,Goalkeeper
9234,Player_9234,17,28,Bowler
9235,Player_9235,14,38,Batsman
9236,Player_9236,12,24,Defender
9237,Player_9237,16,36,Batsman
9238,Player_9238,1,21,Bowler
9239,Player_9239,13,19,Batsman
9240,Player_9240,6,39,Goalkeeper
9241,Player_9241,17,38,Defender
9242,Player_9242,12,36,Batsman
9243,Player_9243,19,38,All-Rounder
9244,Player_9244,6,35,Defender
9245,Player_9245,7,38,Batsman
9246,Player_9246,1,24,Defender
9247,Player_9247,1,28,Batsman
9248,Player_9248,5,27,Batsman
9249,Player_9249,6,28,Goalkeeper
9250,Player_9250,16,26,Batsman
9251,Player_9251,16,20,All-Rounder
9252,Player_9252,14,22,Goalkeeper
9253,Player_9253,1,18,All-Rounder
9254,Player_9254,13,18,All-Rounder
9255,Player_9255,20,37,Bowler
9256,Player_9256,10,22,All-Rounder
9257,Player_9257,10,36,Batsman
9258,Player_9258,9,23,Defender
9259,Player_9259,13,20,Goalkeeper
9260,Player_9260,3,38,Goalkeeper
9261,Player_9261,18,30,Goalkeeper
9262,Player_9262,20,34,Defender
9263,Player_9263,2,20,All-Rounder
9264,Player_9264,17,20,Bowler
9265,Player_9265,19,38,Batsman
9266,Player_9266,13,30,Goalkeeper
9267,Player_9267,13,19,Batsman
9268,Player_9268,1,20,All-Rounder
9269,Player_9269,2,37,Bowler
9270,Player_9270,1,33,Goalkeeper
9271,Player_9271,5,38,All-Rounder
9272,Player_9272,3,29,Bowler
9273,Player_9273,7,26,Goalkeeper
9274,Player_9274,13,33,All-Rounder
9275,Player_9275,18,21,Batsman
9276,Player_9276,7,37,Defender
9277,Player_9277,1,35,Goalkeeper
9278,Player_9278,5,18,Bowler
9279,Player_9279,17,24,Bowler
9280,Player_9280,8,37,Defender
9281,Player_9281,15,29,Defender
9282,Player_9282,20,25,All-Rounder
9283,Player_9283,4,25,Defender
9284,Player_9284,2,39,Goalkeeper
9285,Player_9285,5,26,Defender
9286,Player_9286,1,31,Goalkeeper
9287,Player_9287,5,37,Batsman
9288,Player_9288,6,22,Defender
9289,Player_9289,2,37,Batsman
9290,Player_9290,1,38,Bowler
9291,Player_9291,4,19,Defender
9292,Player_9292,7,38,Bowler
9293,Player_9293,1,27,Batsman
9294,Player_9294,1,26,Bowler
9295,Player_9295,8,24,Batsman
9296,Player_9296,20,39,All-Rounder
9297,Player_9297,16,35,Batsman
9298,Player_9298,13,29,All-Rounder
9299,Player_9299,18,28,Bowler
9300,Player_9300,20,27,Batsman
9301,Player_9301,10,30,All-Rounder
9302,Player_9302,12,26,Batsman
9303,Player_9303,1,33,Goalkeeper
9304,Player_9304,10,38,Goalkeeper
9305,Player_9305,9,39,Bowler
9306,Player_9306,3,34,Goalkeeper
9307,Player_9307,19,22,Defender
9308,Player_9308,9,23,All-Rounder
9309,Player_9309,10,27,Defender
9310,Player_9310,19,28,Goalkeeper
9311,Player_9311,16,19,Bowler
9312,Player_9312,18,24,Defender
9313,Player_9313,14,31,Bowler
9314,Player_9314,3,21,Batsman
9315,Player_9315,2,22,Defender
9316,Player_9316,1,36,Batsman
9317,Player_9317,18,38,Defender
9318,Player_9318,9,37,All-Rounder
9319,Player_9319,13,27,Bowler
9320,Player_9320,2,23,Batsman
9321,Player_9321,7,19,Goalkeeper
9322,Player_9322,16,20,Defender
9323,Player_9323,19,32,Batsman
9324,Player_9324,15,27,Defender
9325,Player_9325,11,34,Defender
9326,Player_9326,1,24,Defender
9327,Player_9327,7,19,Batsman
9328,Player_9328,20,24,Batsman
9329,Player_9329,8,32,Defender
9330,Player_9330,10,20,Goalkeeper
9331,Player_9331,5,22,Bowler
9332,Player_9332,9,39,Defender
9333,Player_9333,1,25,Goalkeeper
9334,Player_9334,2,21,Bowler
9335,Player_9335,19,35,Defender
9336,Player_9336,14,36,Bowler
9337,Player_9337,20,25,Defender
9338,Player_9338,10,23,Batsman
9339,Player_9339,9,22,Defender
9340,Player_9340,10,22,Defender
9341,Player_9341,6,34,Defender
9342,Player_9342,17,23,Defender
9343,Player_9343,6,30,Goalkeeper
9344,Player_9344,4,26,All-Rounder
9345,Player_9345,20,29,Goalkeeper
9346,Player_9346,3,27,Goalkeeper
9347,Player_9347,19,18,Batsman
9348,Player_9348,18,28,Defender
9349,Player_9349,4,23,Goalkeeper
9350,Player_9350,8,20,Bowler
9351,Player_9351,17,23,Defender
9352,Player_9352,5,26,Batsman
9353,Player_9353,13,39,Batsman
9354,Player_9354,1,25,Bowler
9355,Player_9355,13,32,Batsman
9356,Player_9356,4,39,Defender
9357,Player_9357,14,23,All-Rounder
9358,Player_9358,3,28,All-Rounder
9359,Player_9359,5,27,Goalkeeper
9360,Player_9360,7,28,Batsman
9361,Player_9361,1,21,Defender
9362,Player_9362,12,30,Bowler
9363,Player_9363,11,25,Bowler
9364,Player_9364,8,37,Defender
9365,Player_9365,6,32,Defender
9366,Player_9366,2,24,Bowler
9367,Player_9367,19,18,Batsman
9368,Player_9368,20,26,Goalkeeper
9369,Player_9369,20,25,Goalkeeper
9370,Player_9370,14,19,Goalkeeper
9371,Player_9371,1,31,Defender
9372,Player_9372,10,29,Bowler
9373,Player_9373,16,34,Bowler
9374,Player_9374,4,36,Bowler
9375,Player_9375,11,23,Bowler
9376,Player_9376,16,38,Bowler
9377,Player_9377,20,22,All-Rounder
9378,Player_9378,1,23,Defender
9379,Player_9379,16,20,Defender
9380,Player_9380,19,33,All-Rounder
9381,Player_9381,9,35,Goalkeeper
9382,Player_9382,9,31,Batsman
9383,Player_9383,9,32,Defender
9384,Player_9384,17,21,Defender
9385,Player_9385,12,28,All-Rounder
9386,Player_9386,13,22,Defender
9387,Player_9387,8,26,Defender
9388,Player_9388,16,22,Goalkeeper
9389,Player_9389,18,24,All-Rounder
9390,Player_9390,1,35,Defender
9391,Player_9391,1,35,Bowler
9392,Player_9392,12,37,All-Rounder
9393,Player_9393,6,19,Goalkeeper
9394,Player_9394,9,30,Batsman
9395,Player_9395,5,30,Defender
9396,Player_9396,16,34,Bowler
9397,Player_9397,18,39,Bowler
9398,Player_9398,17,34,Batsman
9399,Player_9399,18,23,All-Rounder
9400,Player_9400,1,31,Goalkeeper
9401,Player_9401,19,38,Defender
9402,Player_9402,8,31,Defender
9403,Player_9403,3,29,Defender
9404,Player_9404,5,22,Bowler
9405,Player_9405,8,22,All-Rounder
9406,Player_9406,19,21,Batsman
9407,Player_9407,18,30,All-Rounder
9408,Player_9408,18,21,Goalkeeper
9409,Player_9409,1,35,Goalkeeper
9410,Player_9410,15,33,Batsman
9411,Player_9411,18,35,Bowler
9412,Player_9412,7,19,Batsman
9413,Player_9413,16,21,Goalkeeper
9414,Player_9414,16,37,Bowler
9415,Player_9415,15,34,All-Rounder
9416,Player_9416,6,37,Goalkeeper
9417,Player_9417,9,23,Bowler
9418,Player_9418,7,35,Bowler
9419,Player_9419,14,37,Defender
9420,Player_9420,11,24,All-Rounder
9421,Player_9421,16,30,Bowler
9422,Player_9422,6,26,Batsman
9423,Player_9423,16,19,All-Rounder
9424,Player_9424,20,25,All-Rounder
9425,Player_9425,16,31,Goalkeeper
9426,Player_9426,12,39,All-Rounder
9427,Player_9427,17,35,All-Rounder
9428,Player_9428,5,18,Defender
9429,Player_9429,13,26,All-Rounder
9430,Player_9430,8,26,Bowler
9431,Player_9431,5,19,Batsman
9432,Player_9432,12,33,Defender
9433,Player_9433,9,21,Defender
9434,Player_9434,3,30,Defender
9435,Player_9435,3,34,Defender
9436,Player_9436,1,28,Goalkeeper
9437,Player_9437,18,19,Defender
9438,Player_9438,12,21,Goalkeeper
9439,Player_9439,9,29,Goalkeeper
9440,Player_9440,9,19,All-Rounder
9441,Player_9441,18,18,Batsman
9442,Player_9442,18,23,All-Rounder
9443,Player_9443,7,33,Goalkeeper
9444,Player_9444,4,19,All-Rounder
9445,Player_9445,13,31,Bowler
9446,Player_9446,17,37,Defender
9447,Player_9447,2,29,Defender
9448,Player_9448,14,36,Goalkeeper
9449,Player_9449,3,20,All-Rounder
9450,Player_9450,5,36,Bowler
9451,Player_9451,14,28,Bowler
9452,Player_9452,3,21,Bowler
9453,Player_9453,7,34,Goalkeeper
9454,Player_9454,18,34,All-Rounder
9455,Player_9455,13,24,Bowler
9456,Player_9456,10,22,Bowler
9457,Player_9457,13,36,All-Rounder
9458,Player_9458,16,38,All-Rounder
9459,Player_9459,9,36,Defender
9460,Player_9460,2,26,Batsman
9461,Player_9461,5,34,Batsman
9462,Player_9462,17,26,Bowler
9463,Player_9463,4,31,All-Rounder
9464,Player_9464,17,22,Defender
9465,Player_9465,9,39,Goalkeeper
9466,Player_9466,20,19,Batsman
9467,Player_9467,2,32,Batsman
9468,Player_9468,18,33,All-Rounder
9469,Player_9469,11,36,Goalkeeper
9470,Player_9470,13,18,Batsman
9471,Player_9471,8,29,Defender
9472,Player_9472,1,36,Batsman
9473,Player_9473,17,37,All-Rounder
9474,Player_9474,12,32,All-Rounder
9475,Player_9475,4,22,Goalkeeper
9476,Player_9476,13,18,Batsman
9477,Player_9477,9,28,Goalkeeper
9478,Player_9478,7,26,Batsman
9479,Player_9479,5,24,Bowler
9480,Player_9480,5,19,Batsman
9481,Player_9481,17,34,All-Rounder
9482,Player_9482,9,33,All-Rounder
9483,Player_9483,6,33,Bowler
9484,Player_9484,19,31,Batsman
9485,Player_9485,16,19,Batsman
9486,Player_9486,2,36,All-Rounder
9487,Player_9487,10,20,Bowler
9488,Player_9488,16,25,All-Rounder
9489,Player_9489,5,38,Bowler
9490,Player_9490,15,36,All-Rounder
9491,Player_9491,13,33,Defender
9492,Player_9492,13,39,Batsman
9493,Player_9493,13,21,Goalkeeper
9494,Player_9494,15,25,Defender
9495,Player_9495,14,18,All-Rounder
9496,Player_9496,8,21,Bowler
9497,Player_9497,11,24,Goalkeeper
9498,Player_9498,18,18,Bowler
9499,Player_9499,4,35,Bowler
9500,Player_9500,10,21,Batsman
9501,Player_9501,1,37,All-Rounder
9502,Player_9502,5,31,Batsman
9503,Player_9503,13,25,Bowler
9504,Player_9504,1,35,Batsman
9505,Player_9505,8,24,Defender
9506,Player_9506,3,20,Bowler
9507,Player_9507,3,38,Bowler
9508,Player_9508,7,31,Defender
9509,Player_9509,4,29,Bowler
9510,Player_9510,3,32,Goalkeeper
9511,Player_9511,15,25,Goalkeeper
9512,Player_9512,8,22,All-Rounder
9513,Player_9513,3,34,All-Rounder
9514,Player_9514,7,27,Batsman
9515,Player_9515,18,28,Batsman
9516,Player_9516,11,33,Defender
9517,Player_9517,11,33,Defender
9518,Player_9518,17,21,Bowler
9519,Player_9519,6,22,All-Rounder
9520,Player_9520,8,27,All-Rounder
9521,Player_9521,1,31,All-Rounder
9522,Player_9522,10,26,All-Rounder
9523,Player_9523,19,35,Batsman
9524,Player_9524,3,37,Goalkeeper
9525,Player_9525,4,23,Defender
9526,Player_9526,11,28,Defender
9527,Player_9527,15,38,All-Rounder
9528,Player_9528,1,34,All-Rounder
9529,Player_9529,9,26,Batsman
9530,Player_9530,11,20,Batsman
9531,Player_9531,19,33,Defender
9532,Player_9532,13,37,All-Rounder
9533,Player_9533,16,21,All-Rounder
9534,Player_9534,4,39,Defender
9535,Player_9535,1,32,Batsman
9536,Player_9536,20,19,Defender
9537,Player_9537,13,37,Batsman
9538,Player_9538,1,34,Batsman
9539,Player_9539,5,36,Batsman
9540,Player_9540,5,37,All-Rounder
9541,Player_9541,14,33,Defender
9542,Player_9542,14,36,Batsman
9543,Player_9543,8,38,Goalkeeper
9544,Player_9544,4,34,Batsman
9545,Player_9545,7,21,Batsman
9546,Player_9546,20,35,Batsman
9547,Player_9547,19,21,Bowler
9548,Player_9548,15,38,Goalkeeper
9549,Player_9549,4,20,All-Rounder
9550,Player_9550,19,39,Defender
9551,Player_9551,9,35,Defender
9552,Player_9552,13,38,Defender
9553,Player_9553,14,37,All-Rounder
9554,Player_9554,14,22,Batsman
9555,Player_9555,10,26,Goalkeeper
9556,Player_9556,16,39,Defender
9557,Player_9557,5,32,Bowler
9558,Player_9558,6,26,Bowler
9559,Player_9559,2,31,Goalkeeper
9560,Player_9560,13,38,Defender
9561,Player_9561,13,19,Batsman
9562,Player_9562,19,35,Defender
9563,Player_9563,18,30,Batsman
9564,Player_9564,19,38,Defender
9565,Player_9565,1,33,Bowler
9566,Player_9566,8,23,All-Rounder
9567,Player_9567,16,33,Goalkeeper
9568,Player_9568,2,21,Batsman
9569,Player_9569,8,27,All-Rounder
9570,Player_9570,6,36,Batsman
9571,Player_9571,16,28,Goalkeeper
9572,Player_9572,11,22,All-Rounder
9573,Player_9573,17,35,All-Rounder
9574,Player_9574,19,20,Goalkeeper
9575,Player_9575,11,25,Goalkeeper
9576,Player_9576,8,28,Batsman
9577,Player_9577,4,38,All-Rounder
9578,Player_9578,11,36,Goalkeeper
9579,Player_9579,8,38,Batsman
9580,Player_9580,9,20,Defender
9581,Player_9581,2,29,Goalkeeper
9582,Player_9582,16,32,All-Rounder
9583,Player_9583,6,33,Defender
9584,Player_9584,19,22,Goalkeeper
9585,Player_9585,8,36,Bowler
9586,Player_9586,14,23,All-Rounder
9587,Player_9587,16,29,All-Rounder
9588,Player_9588,12,36,Batsman
9589,Player_9589,5,26,Bowler
9590,Player_9590,19,35,Goalkeeper
9591,Player_9591,18,20,Bowler
9592,Player_9592,9,31,Goalkeeper
9593,Player_9593,2,38,Batsman
9594,Player_9594,20,22,Defender
9595,Player_9595,12,22,Bowler
9596,Player_9596,2,21,All-Rounder
9597,Player_9597,10,39,Goalkeeper
9598,Player_9598,1,33,Bowler
9599,Player_9599,4,30,Goalkeeper
9600,Player_9600,12,25,Bowler
9601,Player_9601,9,38,All-Rounder
9602,Player_9602,4,33,Goalkeeper
9603,Player_9603,9,19,Goalkeeper
9604,Player_9604,6,25,Defender
9605,Player_9605,1,20,Batsman
9606,Player_9606,10,26,Bowler
9607,Player_9607,14,28,All-Rounder
9608,Player_9608,18,38,Defender
9609,Player_9609,6,37,Defender
9610,Player_9610,18,18,Batsman
9611,Player_9611,20,18,All-Rounder
9612,Player_9612,16,39,Bowler
9613,Player_9613,15,25,Goalkeeper
9614,Player_9614,16,33,Batsman
9615,Player_9615,8,27,Goalkeeper
9616,Player_9616,13,19,Defender
9617,Player_9617,11,33,Goalkeeper
9618,Player_9618,7,21,Bowler
9619,Player_9619,17,36,Bowler
9620,Player_9620,18,26,Goalkeeper
9621,Player_9621,19,20,Goalkeeper
9622,Player_9622,13,28,Batsman
9623,Player_9623,15,25,Bowler
9624,Player_9624,1,24,Goalkeeper
9625,Player_9625,16,18,All-Rounder
9626,Player_9626,5,25,Batsman
9627,Player_9627,3,34,Batsman
9628,Player_9628,10,28,Batsman
9629,Player_9629,19,24,Batsman
9630,Player_9630,5,26,Goalkeeper
9631,Player_9631,7,31,Defender
9632,Player_9632,14,22,All-Rounder
9633,Player_9633,3,35,Defender
9634,Player_9634,13,30,Defender
9635,Player_9635,13,22,Goalkeeper
9636,Player_9636,10,25,Batsman
9637,Player_9637,2,32,Batsman
9638,Player_9638,6,39,Goalkeeper
9639,Player_9639,8,21,Goalkeeper
9640,Player_9640,4,18,Bowler
9641,Player_9641,12,23,Batsman
9642,Player_9642,15,36,All-Rounder
9643,Player_9643,8,29,Bowler
9644,Player_9644,7,24,Defender
9645,Player_9645,14,30,Batsman
9646,Player_9646,19,24,Goalkeeper
9647,Player_9647,14,26,Goalkeeper
9648,Player_9648,13,18,Goalkeeper
9649,Player_9649,1,38,Batsman
9650,Player_9650,19,30,All-Rounder
9651,Player_9651,1,36,Goalkeeper
9652,Player_9652,4,38,Batsman
9653,Player_9653,10,18,Defender
9654,Player_9654,3,37,Bowler
9655,Player_9655,20,38,Batsman
9656,Player_9656,9,36,Batsman
9657,Player_9657,3,35,Goalkeeper
9658,Player_9658,6,22,Bowler
9659,Player_9659,6,20,Bowler
9660,Player_9660,12,19,Goalkeeper
9661,Player_9661,1,39,All-Rounder
9662,Player_9662,16,27,Batsman
9663,Player_9663,5,23,Goalkeeper
9664,Player_9664,9,36,All-Rounder
9665,Player_9665,10,34,Goalkeeper
9666,Player_9666,13,36,Defender
9667,Player_9667,15,30,All-Rounder
9668,Player_9668,12,34,All-Rounder
9669,Player_9669,5,35,Bowler
9670,Player_9670,5,28,Batsman
9671,Player_9671,18,37,Goalkeeper
9672,Player_9672,12,37,Goalkeeper
9673,Player_9673,3,30,Batsman
9674,Player_9674,7,28,Batsman
9675,Player_9675,17,37,Bowler
9676,Player_9676,19,36,Batsman
9677,Player_9677,18,27,Defender
9678,Player_9678,1,20,Bowler
9679,Player_9679,5,38,All-Rounder
9680,Player_9680,2,23,Batsman
9681,Player_9681,1,24,All-Rounder
9682,Player_9682,7,38,Bowler
9683,Player_9683,11,37,Defender
9684,Player_9684,11,22,Defender
9685,Player_9685,18,39,Batsman
9686,Player_9686,17,26,Defender
9687,Player_9687,2,39,Goalkeeper
9688,Player_9688,7,27,Bowler
9689,Player_9689,7,31,Defender
9690,Player_9690,10,28,Bowler
9691,Player_9691,3,34,Bowler
9692,Player_9692,12,28,Goalkeeper
9693,Player_9693,3,24,Batsman
9694,Player_9694,11,28,Bowler
9695,Player_9695,12,30,Goalkeeper
9696,Player_9696,4,36,Defender
9697,Player_9697,16,23,All-Rounder
9698,Player_9698,20,19,Batsman
9699,Player_9699,18,31,All-Rounder
9700,Player_9700,4,33,Goalkeeper
9701,Player_9701,6,24,Bowler
9702,Player_9702,15,18,Goalkeeper
9703,Player_9703,1,19,Batsman
9704,Player_9704,3,26,Batsman
9705,Player_9705,5,35,Defender
9706,Player_9706,17,38,Goalkeeper
9707,Player_9707,14,37,Batsman
9708,Player_9708,9,35,Goalkeeper
9709,Player_9709,3,35,Defender
9710,Player_9710,13,27,Defender
9711,Player_9711,3,25,Goalkeeper
9712,Player_9712,11,38,Batsman
9713,Player_9713,2,25,Bowler
9714,Player_9714,15,19,Bowler
9715,Player_9715,13,35,Defender
9716,Player_9716,19,28,Batsman
9717,Player_9717,16,28,Defender
9718,Player_9718,18,36,Defender
9719,Player_9719,7,28,Defender
9720,Player_9720,13,27,Defender
9721,Player_9721,4,25,Goalkeeper
9722,Player_9722,9,32,Goalkeeper
9723,Player_9723,10,25,Batsman
9724,Player_9724,9,36,Batsman
9725,Player_9725,7,18,All-Rounder
9726,Player_9726,15,37,Bowler
9727,Player_9727,8,20,Goalkeeper
9728,Player_9728,19,38,Batsman
9729,Player_9729,11,29,Defender
9730,Player_9730,5,33,Goalkeeper
9731,Player_9731,2,39,Bowler
9732,Player_9732,10,33,Goalkeeper
9733,Player_9733,16,34,Bowler
9734,Player_9734,13,33,All-Rounder
9735,Player_9735,8,26,Batsman
9736,Player_9736,9,39,Bowler
9737,Player_9737,11,36,All-Rounder
9738,Player_9738,11,18,Goalkeeper
9739,Player_9739,16,35,Batsman
9740,Player_9740,10,23,Bowler
9741,Player_9741,12,23,Bowler
9742,Player_9742,6,29,Batsman
9743,Player_9743,12,20,Goalkeeper
9744,Player_9744,10,28,Goalkeeper
9745,Player_9745,18,23,Defender
9746,Player_9746,18,31,Goalkeeper
9747,Player_9747,4,35,Batsman
9748,Player_9748,9,33,All-Rounder
9749,Player_9749,7,30,Batsman
9750,Player_9750,18,18,Bowler
9751,Player_9751,8,23,Defender
9752,Player_9752,11,31,Defender
9753,Player_9753,7,34,All-Rounder
9754,Player_9754,9,30,Bowler
9755,Player_9755,8,30,Goalkeeper
9756,Player_9756,3,26,Goalkeeper
9757,Player_9757,17,23,Goalkeeper
9758,Player_9758,2,23,Batsman
9759,Player_9759,15,22,Goalkeeper
9760,Player_9760,14,38,Bowler
9761,Player_9761,18,31,Defender
9762,Player_9762,16,31,Batsman
9763,Player_9763,20,21,Goalkeeper
9764,Player_9764,4,19,Bowler
9765,Player_9765,20,19,All-Rounder
9766,Player_9766,6,34,Bowler
9767,Player_9767,6,27,Defender
9768,Player_9768,11,31,Bowler
9769,Player_9769,17,36,Bowler
9770,Player_9770,3,34,Batsman
9771,Player_9771,13,39,Defender
9772,Player_9772,3,28,Goalkeeper
9773,Player_9773,16,24,Defender
9774,Player_9774,15,26,All-Rounder
9775,Player_9775,11,31,Defender
9776,Player_9776,18,21,Batsman
9777,Player_9777,15,31,Goalkeeper
9778,Player_9778,5,37,Defender
9779,Player_9779,16,37,Goalkeeper
9780,Player_9780,16,34,Batsman
9781,Player_9781,17,36,Bowler
9782,Player_9782,9,34,All-Rounder
9783,Player_9783,3,31,Defender
9784,Player_9784,20,30,Goalkeeper
9785,Player_9785,13,31,Defender
9786,Player_9786,3,33,Batsman
9787,Player_9787,7,38,Bowler
9788,Player_9788,6,32,Batsman
9789,Player_9789,9,36,Goalkeeper
9790,Player_9790,12,39,Defender
9791,Player_9791,15,28,Goalkeeper
9792,Player_9792,20,29,Batsman
9793,Player_9793,3,28,Defender
9794,Player_9794,10,22,Goalkeeper
9795,Player_9795,1,25,Defender
9796,Player_9796,19,23,All-Rounder
9797,Player_9797,19,33,Batsman
9798,Player_9798,13,29,Batsman
9799,Player_9799,12,23,All-Rounder
9800,Player_9800,1,30,Bowler
9801,Player_9801,19,24,Goalkeeper
9802,Player_9802,16,25,Bowler
9803,Player_9803,15,29,Defender
9804,Player_9804,16,19,Goalkeeper
9805,Player_9805,11,26,Goalkeeper
9806,Player_9806,6,30,Goalkeeper
9807,Player_9807,11,34,All-Rounder
9808,Player_9808,3,30,Batsman
9809,Player_9809,15,33,All-Rounder
9810,Player_9810,1,18,All-Rounder
9811,Player_9811,7,24,All-Rounder
9812,Player_9812,1,30,Bowler
9813,Player_9813,17,31,All-Rounder
9814,Player_9814,9,38,Batsman
9815,Player_9815,13,34,Goalkeeper
9816,Player_9816,11,33,Bowler
9817,Player_9817,20,32,All-Rounder
9818,Player_9818,6,34,All-Rounder
9819,Player_9819,1,19,Goalkeeper
9820,Player_9820,7,29,Goalkeeper
9821,Player_9821,12,20,Bowler
9822,Player_9822,20,26,Batsman
9823,Player_9823,19,23,Bowler
9824,Player_9824,17,23,Goalkeeper
9825,Player_9825,4,24,Batsman
9826,Player_9826,3,25,All-Rounder
9827,Player_9827,1,20,All-Rounder
9828,Player_9828,18,32,Defender
9829,Player_9829,15,39,Goalkeeper
9830,Player_9830,8,23,Defender
9831,Player_9831,1,28,Bowler
9832,Player_9832,20,20,Bowler
9833,Player_9833,14,33,Batsman
9834,Player_9834,4,23,Goalkeeper
9835,Player_9835,5,28,Batsman
9836,Player_9836,13,25,Batsman
9837,Player_9837,15,27,Bowler
9838,Player_9838,6,27,Bowler
9839,Player_9839,1,20,Goalkeeper
9840,Player_9840,19,31,Bowler
9841,Player_9841,13,36,Goalkeeper
9842,Player_9842,6,38,Defender
9843,Player_9843,15,38,All-Rounder
9844,Player_9844,16,26,Defender
9845,Player_9845,16,30,Bowler
9846,Player_9846,10,26,All-Rounder
9847,Player_9847,9,38,All-Rounder
9848,Player_9848,9,29,Batsman
9849,Player_9849,17,31,All-Rounder
9850,Player_9850,17,22,Goalkeeper
9851,Player_9851,17,23,Bowler
9852,Player_9852,12,30,Bowler
9853,Player_9853,13,30,Batsman
9854,Player_9854,12,23,Batsman
9855,Player_9855,14,31,Bowler
9856,Player_9856,10,28,Batsman
9857,Player_9857,19,30,All-Rounder
9858,Player_9858,2,29,All-Rounder
9859,Player_9859,4,33,Goalkeeper
9860,Player_9860,19,23,Batsman
9861,Player_9861,7,26,Bowler
9862,Player_9862,15,34,Defender
9863,Player_9863,15,37,Bowler
9864,Player_9864,6,33,Defender
9865,Player_9865,3,29,Defender
9866,Player_9866,6,35,Goalkeeper
9867,Player_9867,16,26,Defender
9868,Player_9868,2,20,All-Rounder
9869,Player_9869,7,27,All-Rounder
9870,Player_9870,11,28,Goalkeeper
9871,Player_9871,7,19,Bowler
9872,Player_9872,4,25,Bowler
9873,Player_9873,20,37,Bowler
9874,Player_9874,7,28,Bowler
9875,Player_9875,4,35,All-Rounder
9876,Player_9876,12,37,All-Rounder
9877,Player_9877,5,24,Goalkeeper
9878,Player_9878,19,31,Goalkeeper
9879,Player_9879,5,24,Goalkeeper
9880,Player_9880,19,18,Bowler
9881,Player_9881,3,29,Bowler
9882,Player_9882,11,18,All-Rounder
9883,Player_9883,7,20,All-Rounder
9884,Player_9884,17,19,Batsman
9885,Player_9885,9,20,Batsman
9886,Player_9886,9,21,Bowler
9887,Player_9887,10,31,All-Rounder
9888,Player_9888,13,35,Bowler
9889,Player_9889,15,22,Defender
9890,Player_9890,5,32,Batsman
9891,Player_9891,3,33,Goalkeeper
9892,Player_9892,8,25,Bowler
9893,Player_9893,20,38,Defender
9894,Player_9894,10,25,Goalkeeper
9895,Player_9895,13,24,Defender
9896,Player_9896,3,23,All-Rounder
9897,Player_9897,8,24,All-Rounder
9898,Player_9898,9,36,All-Rounder
9899,Player_9899,12,39,Goalkeeper
9900,Player_9900,11,39,Goalkeeper
9901,Player_9901,2,18,All-Rounder
9902,Player_9902,18,30,Goalkeeper
9903,Player_9903,9,24,All-Rounder
9904,Player_9904,2,18,Bowler
9905,Player_9905,2,27,All-Rounder
9906,Player_9906,3,30,Batsman
9907,Player_9907,16,21,Bowler
9908,Player_9908,19,24,All-Rounder
9909,Player_9909,4,23,Batsman
9910,Player_9910,18,23,All-Rounder
9911,Player_9911,20,38,Bowler
9912,Player_9912,18,28,All-Rounder
9913,Player_9913,10,26,Goalkeeper
9914,Player_9914,11,39,All-Rounder
9915,Player_9915,17,24,Bowler
9916,Player_9916,20,26,Defender
9917,Player_9917,16,23,All-Rounder
9918,Player_9918,20,36,Goalkeeper
9919,Player_9919,13,31,Bowler
9920,Player_9920,2,18,Batsman
9921,Player_9921,2,33,Defender
9922,Player_9922,14,26,All-Rounder
9923,Player_9923,4,32,Bowler
9924,Player_9924,17,36,Goalkeeper
9925,Player_9925,13,27,Goalkeeper
9926,Player_9926,4,33,Bowler
9927,Player_9927,3,20,Goalkeeper
9928,Player_9928,12,36,Defender
9929,Player_9929,8,30,Batsman
9930,Player_9930,2,31,Goalkeeper
9931,Player_9931,6,24,Goalkeeper
9932,Player_9932,10,19,Batsman
9933,Player_9933,12,31,Defender
9934,Player_9934,10,34,Defender
9935,Player_9935,10,30,Defender
9936,Player_9936,3,19,Goalkeeper
9937,Player_9937,20,22,Goalkeeper
9938,Player_9938,10,21,Defender
9939,Player_9939,9,20,Goalkeeper
9940,Player_9940,20,31,All-Rounder
9941,Player_9941,19,28,Goalkeeper
9942,Player_9942,14,25,Defender
9943,Player_9943,2,26,Bowler
9944,Player_9944,5,33,Defender
9945,Player_9945,20,20,Bowler
9946,Player_9946,8,27,Goalkeeper
9947,Player_9947,7,18,Goalkeeper
9948,Player_9948,6,26,Bowler
9949,Player_9949,11,33,Defender
9950,Player_9950,12,26,Batsman
9951,Player_9951,18,29,Batsman
9952,Player_9952,19,18,Defender
9953,Player_9953,10,33,Goalkeeper
9954,Player_9954,14,25,Bowler
9955,Player_9955,3,31,Bowler
9956,Player_9956,18,31,Defender
9957,Player_9957,15,27,Defender
9958,Player_9958,6,18,All-Rounder
9959,Player_9959,10,23,Bowler
9960,Player_9960,12,26,All-Rounder
9961,Player_9961,7,36,Goalkeeper
9962,Player_9962,17,39,Bowler
9963,Player_9963,1,33,Defender
9964,Player_9964,18,36,Defender
9965,Player_9965,15,28,Goalkeeper
9966,Player_9966,19,38,Batsman
9967,Player_9967,1,28,All-Rounder
9968,Player_9968,5,31,Defender
9969,Player_9969,15,24,Bowler
9970,Player_9970,3,29,Bowler
9971,Player_9971,1,37,Bowler
9972,Player_9972,8,37,Goalkeeper
9973,Player_9973,12,22,Batsman
9974,Player_9974,19,18,All-Rounder
9975,Player_9975,12,28,Bowler
9976,Player_9976,13,32,Bowler
9977,Player_9977,1,27,Defender
9978,Player_9978,19,32,Batsman
9979,Player_9979,6,30,Defender
9980,Player_9980,8,32,Goalkeeper
9981,Player_9981,4,19,Goalkeeper
9982,Player_9982,5,39,All-Rounder
9983,Player_9983,7,30,Goalkeeper
9984,Player_9984,4,29,All-Rounder
9985,Player_9985,20,21,Defender
9986,Player_9986,4,29,Bowler
9987,Player_9987,15,32,Bowler
9988,Player_9988,5,30,Batsman
9989,Player_9989,9,19,Goalkeeper
9990,Player_9990,2,37,Batsman
9991,Player_9991,7,33,Batsman
9992,Player_9992,17,31,Bowler
9993,Player_9993,16,38,Goalkeeper
9994,Player_9994,17,19,Bowler
9995,Player_9995,20,34,Batsman
9996,Player_9996,2,33,Goalkeeper
9997,Player_9997,11,21,Bowler
9998,Player_9998,2,28,All-Rounder
9999,Player_9999,1,30,All-Rounder
10000,Player_10000,2,23,Defender
10001,Player_10001,9,34,Defender
10002,Player_10002,2,18,Goalkeeper
10003,Player_10003,15,26,Defender
10004,Player_10004,10,38,Goalkeeper
10005,Player_10005,15,35,Batsman
10006,Player_10006,10,28,All-Rounder
10007,Player_10007,17,31,Goalkeeper
10008,Player_10008,9,19,Batsman
10009,Player_10009,18,37,All-Rounder
10010,Player_10010,4,28,Bowler
10011,Player_10011,9,19,Batsman
10012,Player_10012,16,21,Bowler
10013,Player_10013,4,30,Defender
10014,Player_10014,16,23,Goalkeeper
10015,Player_10015,19,24,All-Rounder
10016,Player_10016,1,39,Defender
10017,Player_10017,6,37,Batsman
10018,Player_10018,10,20,Defender
10019,Player_10019,16,21,Bowler
10020,Player_10020,4,38,Bowler
10021,Player_10021,13,37,Goalkeeper
10022,Player_10022,16,20,Defender
10023,Player_10023,20,18,All-Rounder
10024,Player_10024,6,36,Bowler
10025,Player_10025,11,38,Batsman
10026,Player_10026,3,30,Defender
10027,Player_10027,20,31,All-Rounder
10028,Player_10028,10,39,All-Rounder
10029,Player_10029,1,33,All-Rounder
10030,Player_10030,20,21,All-Rounder
10031,Player_10031,11,34,Bowler
10032,Player_10032,12,27,Goalkeeper
10033,Player_10033,14,24,Defender
10034,Player_10034,8,30,Bowler
10035,Player_10035,11,30,Goalkeeper
10036,Player_10036,4,39,All-Rounder
10037,Player_10037,7,31,Batsman
10038,Player_10038,10,23,All-Rounder
10039,Player_10039,19,33,Goalkeeper
10040,Player_10040,4,26,Goalkeeper
10041,Player_10041,2,37,Batsman
10042,Player_10042,18,33,Bowler
10043,Player_10043,14,38,Batsman
10044,Player_10044,16,38,All-Rounder
10045,Player_10045,11,29,Defender
10046,Player_10046,10,33,Bowler
10047,Player_10047,17,22,Defender
10048,Player_10048,14,28,Defender
10049,Player_10049,4,18,Bowler
10050,Player_10050,19,27,All-Rounder
10051,Player_10051,2,28,Goalkeeper
10052,Player_10052,7,32,All-Rounder
10053,Player_10053,9,20,Goalkeeper
10054,Player_10054,19,32,Goalkeeper
10055,Player_10055,16,28,Bowler
10056,Player_10056,16,26,Bowler
10057,Player_10057,18,19,Batsman
10058,Player_10058,11,29,Defender
10059,Player_10059,7,37,Defender
10060,Player_10060,9,33,Defender
10061,Player_10061,4,33,Defender
10062,Player_10062,13,38,Batsman
10063,Player_10063,4,18,Goalkeeper
10064,Player_10064,19,33,Batsman
10065,Player_10065,2,23,Bowler
10066,Player_10066,9,31,All-Rounder
10067,Player_10067,12,28,Goalkeeper
10068,Player_10068,2,18,Goalkeeper
10069,Player_10069,6,37,Batsman
10070,Player_10070,5,34,Bowler
10071,Player_10071,5,36,Bowler
10072,Player_10072,20,19,Goalkeeper
10073,Player_10073,5,31,Batsman
10074,Player_10074,4,25,Defender
10075,Player_10075,9,39,Goalkeeper
10076,Player_10076,10,23,Defender
10077,Player_10077,16,26,All-Rounder
10078,Player_10078,10,22,Bowler
10079,Player_10079,10,22,Goalkeeper
10080,Player_10080,19,35,All-Rounder
10081,Player_10081,10,39,Defender
10082,Player_10082,6,31,Goalkeeper
10083,Player_10083,17,29,All-Rounder
10084,Player_10084,5,29,Goalkeeper
10085,Player_10085,6,39,All-Rounder
10086,Player_10086,15,23,All-Rounder
10087,Player_10087,19,21,Defender
10088,Player_10088,18,32,Bowler
10089,Player_10089,4,32,Batsman
10090,Player_10090,8,34,All-Rounder
10091,Player_10091,16,20,Bowler
10092,Player_10092,19,27,Batsman
10093,Player_10093,20,38,Defender
10094,Player_10094,3,39,Goalkeeper
10095,Player_10095,10,25,Bowler
10096,Player_10096,2,26,Goalkeeper
10097,Player_10097,4,20,Goalkeeper
10098,Player_10098,6,18,Batsman
10099,Player_10099,11,28,Bowler
10100,Player_10100,14,30,All-Rounder
10101,Player_10101,16,29,Batsman
10102,Player_10102,19,38,Bowler
10103,Player_10103,2,24,All-Rounder
10104,Player_10104,17,19,Goalkeeper
10105,Player_10105,9,18,Defender
10106,Player_10106,17,37,Defender
10107,Player_10107,15,20,Batsman
10108,Player_10108,7,21,All-Rounder
10109,Player_10109,19,34,All-Rounder
10110,Player_10110,3,35,Defender
10111,Player_10111,1,34,All-Rounder
10112,Player_10112,4,36,Bowler
10113,Player_10113,18,21,Bowler
10114,Player_10114,8,34,Defender
10115,Player_10115,19,39,Goalkeeper
10116,Player_10116,6,19,Goalkeeper
10117,Player_10117,1,27,Goalkeeper
10118,Player_10118,8,29,Defender
10119,Player_10119,1,30,Batsman
10120,Player_10120,19,28,All-Rounder
10121,Player_10121,11,38,Bowler
10122,Player_10122,15,25,Bowler
10123,Player_10123,11,37,Batsman
10124,Player_10124,19,22,All-Rounder
10125,Player_10125,10,19,Goalkeeper
10126,Player_10126,12,29,Bowler
10127,Player_10127,1,19,Goalkeeper
10128,Player_10128,7,23,Goalkeeper
10129,Player_10129,17,39,Defender
10130,Player_10130,10,36,Defender
10131,Player_10131,6,29,All-Rounder
10132,Player_10132,17,30,Bowler
10133,Player_10133,18,34,Defender
10134,Player_10134,5,29,All-Rounder
10135,Player_10135,18,20,Batsman
10136,Player_10136,17,25,Goalkeeper
10137,Player_10137,16,33,Bowler
10138,Player_10138,8,21,Bowler
10139,Player_10139,13,30,All-Rounder
10140,Player_10140,16,25,Defender
10141,Player_10141,11,18,Goalkeeper
10142,Player_10142,6,20,Goalkeeper
10143,Player_10143,3,18,Bowler
10144,Player_10144,1,32,Bowler
10145,Player_10145,18,35,Goalkeeper
10146,Player_10146,5,37,Batsman
10147,Player_10147,13,20,All-Rounder
10148,Player_10148,10,32,Batsman
10149,Player_10149,5,39,Defender
10150,Player_10150,14,22,Batsman
10151,Player_10151,17,38,Batsman
10152,Player_10152,1,27,Defender
10153,Player_10153,2,24,All-Rounder
10154,Player_10154,7,25,Goalkeeper
10155,Player_10155,10,20,Batsman
10156,Player_10156,20,35,All-Rounder
10157,Player_10157,7,34,Defender
10158,Player_10158,16,33,All-Rounder
10159,Player_10159,5,39,Batsman
10160,Player_10160,12,30,Goalkeeper
10161,Player_10161,17,21,Defender
10162,Player_10162,16,20,Defender
10163,Player_10163,20,28,Batsman
10164,Player_10164,16,19,All-Rounder
10165,Player_10165,19,35,Goalkeeper
10166,Player_10166,15,21,Defender
10167,Player_10167,12,34,Batsman
10168,Player_10168,10,23,Batsman
10169,Player_10169,2,27,Bowler
10170,Player_10170,7,28,Bowler
10171,Player_10171,13,22,All-Rounder
10172,Player_10172,3,35,Batsman
10173,Player_10173,15,27,All-Rounder
10174,Player_10174,1,26,All-Rounder
10175,Player_10175,3,33,Goalkeeper
10176,Player_10176,10,27,Bowler
10177,Player_10177,15,27,All-Rounder
10178,Player_10178,6,21,Goalkeeper
10179,Player_10179,20,38,Goalkeeper
10180,Player_10180,15,31,Bowler
10181,Player_10181,7,25,Bowler
10182,Player_10182,5,18,Batsman
10183,Player_10183,4,33,All-Rounder
10184,Player_10184,18,34,Goalkeeper
10185,Player_10185,3,27,Batsman
10186,Player_10186,17,23,All-Rounder
10187,Player_10187,18,24,All-Rounder
10188,Player_10188,18,35,Batsman
10189,Player_10189,2,19,Goalkeeper
10190,Player_10190,13,38,Batsman
10191,Player_10191,15,26,All-Rounder
10192,Player_10192,5,22,Batsman
10193,Player_10193,3,25,Batsman
10194,Player_10194,5,22,All-Rounder
10195,Player_10195,5,32,Bowler
10196,Player_10196,5,25,Goalkeeper
10197,Player_10197,3,22,All-Rounder
10198,Player_10198,3,22,Bowler
10199,Player_10199,20,37,Batsman
10200,Player_10200,18,34,Bowler
10201,Player_10201,20,26,All-Rounder
10202,Player_10202,4,19,All-Rounder
10203,Player_10203,1,18,Batsman
10204,Player_10204,16,39,All-Rounder
10205,Player_10205,8,38,Defender
10206,Player_10206,17,28,Bowler
10207,Player_10207,8,32,Defender
10208,Player_10208,7,18,Defender
10209,Player_10209,8,24,Bowler
10210,Player_10210,12,36,All-Rounder
10211,Player_10211,16,32,Bowler
10212,Player_10212,12,23,Batsman
10213,Player_10213,19,37,Defender
10214,Player_10214,10,27,Defender
10215,Player_10215,7,29,All-Rounder
10216,Player_10216,12,30,Bowler
10217,Player_10217,20,32,Goalkeeper
10218,Player_10218,5,36,All-Rounder
10219,Player_10219,16,34,All-Rounder
10220,Player_10220,9,30,All-Rounder
10221,Player_10221,7,19,Bowler
10222,Player_10222,20,35,All-Rounder
10223,Player_10223,14,28,Batsman
10224,Player_10224,11,22,Batsman
10225,Player_10225,7,21,Defender
10226,Player_10226,10,19,Defender
10227,Player_10227,9,33,Bowler
10228,Player_10228,4,24,Goalkeeper
10229,Player_10229,16,25,Defender
10230,Player_10230,10,25,Defender
10231,Player_10231,19,19,Defender
10232,Player_10232,17,32,Defender
10233,Player_10233,9,22,All-Rounder
10234,Player_10234,13,36,Defender
10235,Player_10235,1,27,Bowler
10236,Player_10236,2,26,All-Rounder
10237,Player_10237,13,39,All-Rounder
10238,Player_10238,9,37,Bowler
10239,Player_10239,7,25,Goalkeeper
10240,Player_10240,16,22,Defender
10241,Player_10241,19,36,Batsman
10242,Player_10242,7,30,Goalkeeper
10243,Player_10243,6,31,Defender
10244,Player_10244,18,25,Batsman
10245,Player_10245,19,33,All-Rounder
10246,Player_10246,11,39,All-Rounder
10247,Player_10247,12,22,All-Rounder
10248,Player_10248,10,18,Defender
10249,Player_10249,13,36,Bowler
10250,Player_10250,12,36,All-Rounder
10251,Player_10251,10,34,All-Rounder
10252,Player_10252,20,38,All-Rounder
10253,Player_10253,18,27,Defender
10254,Player_10254,4,22,Batsman
10255,Player_10255,5,39,Goalkeeper
10256,Player_10256,5,24,All-Rounder
10257,Player_10257,12,33,Goalkeeper
10258,Player_10258,3,20,Bowler
10259,Player_10259,8,29,Bowler
10260,Player_10260,2,31,Bowler
10261,Player_10261,18,37,All-Rounder
10262,Player_10262,9,18,Goalkeeper
10263,Player_10263,13,24,Batsman
10264,Player_10264,7,35,Defender
10265,Player_10265,10,39,Goalkeeper
10266,Player_10266,9,21,Defender
10267,Player_10267,15,33,Goalkeeper
10268,Player_10268,5,28,All-Rounder
10269,Player_10269,12,35,Batsman
10270,Player_10270,1,33,All-Rounder
10271,Player_10271,12,24,Bowler
10272,Player_10272,6,38,Batsman
10273,Player_10273,19,20,Goalkeeper
10274,Player_10274,19,22,All-Rounder
10275,Player_10275,16,35,Defender
10276,Player_10276,19,34,All-Rounder
10277,Player_10277,3,18,All-Rounder
10278,Player_10278,10,33,Goalkeeper
10279,Player_10279,18,32,Goalkeeper
10280,Player_10280,13,30,Bowler
10281,Player_10281,18,24,Batsman
10282,Player_10282,3,20,All-Rounder
10283,Player_10283,3,30,Defender
10284,Player_10284,12,33,Goalkeeper
10285,Player_10285,20,18,Goalkeeper
10286,Player_10286,7,18,Bowler
10287,Player_10287,8,33,Batsman
10288,Player_10288,9,19,Bowler
10289,Player_10289,14,35,Goalkeeper
10290,Player_10290,5,38,Defender
10291,Player_10291,19,35,Bowler
10292,Player_10292,16,22,All-Rounder
10293,Player_10293,12,22,Goalkeeper
10294,Player_10294,4,25,Goalkeeper
10295,Player_10295,8,26,Bowler
10296,Player_10296,7,31,Defender
10297,Player_10297,15,30,Bowler
10298,Player_10298,6,35,Defender
10299,Player_10299,5,21,Goalkeeper
10300,Player_10300,14,35,Bowler
10301,Player_10301,13,39,Batsman
10302,Player_10302,10,37,Bowler
10303,Player_10303,18,32,Bowler
10304,Player_10304,4,24,Batsman
10305,Player_10305,8,30,Batsman
10306,Player_10306,11,19,All-Rounder
10307,Player_10307,17,26,Batsman
10308,Player_10308,18,22,Defender
10309,Player_10309,11,18,All-Rounder
10310,Player_10310,16,36,Defender
10311,Player_10311,12,37,All-Rounder
10312,Player_10312,13,36,All-Rounder
10313,Player_10313,16,39,Defender
10314,Player_10314,1,30,Goalkeeper
10315,Player_10315,16,23,Goalkeeper
10316,Player_10316,15,27,Bowler
10317,Player_10317,6,28,Goalkeeper
10318,Player_10318,12,33,Bowler
10319,Player_10319,8,18,Goalkeeper
10320,Player_10320,7,36,Bowler
10321,Player_10321,2,22,Bowler
10322,Player_10322,12,23,Batsman
10323,Player_10323,14,23,Bowler
10324,Player_10324,16,22,Defender
10325,Player_10325,11,23,Defender
10326,Player_10326,20,30,Bowler
10327,Player_10327,9,18,Defender
10328,Player_10328,10,18,Goalkeeper
10329,Player_10329,17,31,Defender
10330,Player_10330,12,25,Batsman
10331,Player_10331,6,26,Defender
10332,Player_10332,19,27,Goalkeeper
10333,Player_10333,11,23,Goalkeeper
10334,Player_10334,9,26,Bowler
10335,Player_10335,6,35,All-Rounder
10336,Player_10336,16,32,Goalkeeper
10337,Player_10337,20,21,Bowler
10338,Player_10338,16,19,Bowler
10339,Player_10339,6,23,Defender
10340,Player_10340,5,34,Defender
10341,Player_10341,4,24,Bowler
10342,Player_10342,2,37,Batsman
10343,Player_10343,6,32,Bowler
10344,Player_10344,9,38,Defender
10345,Player_10345,17,19,Goalkeeper
10346,Player_10346,14,38,Batsman
10347,Player_10347,7,29,All-Rounder
10348,Player_10348,19,27,Goalkeeper
10349,Player_10349,1,34,Defender
10350,Player_10350,20,35,Goalkeeper
10351,Player_10351,15,33,Goalkeeper
10352,Player_10352,18,27,Defender
10353,Player_10353,3,25,Goalkeeper
10354,Player_10354,18,38,Bowler
10355,Player_10355,2,39,Batsman
10356,Player_10356,10,30,Defender
10357,Player_10357,11,33,Batsman
10358,Player_10358,3,25,Bowler
10359,Player_10359,7,29,Defender
10360,Player_10360,8,34,Bowler
10361,Player_10361,19,33,All-Rounder
10362,Player_10362,18,26,All-Rounder
10363,Player_10363,13,36,All-Rounder
10364,Player_10364,13,34,Batsman
10365,Player_10365,19,25,All-Rounder
10366,Player_10366,12,29,All-Rounder
10367,Player_10367,17,26,Bowler
10368,Player_10368,12,23,Goalkeeper
10369,Player_10369,13,27,Goalkeeper
10370,Player_10370,12,26,All-Rounder
10371,Player_10371,19,21,Goalkeeper
10372,Player_10372,14,28,All-Rounder
10373,Player_10373,7,38,All-Rounder
10374,Player_10374,13,39,Batsman
10375,Player_10375,6,23,Defender
10376,Player_10376,19,35,Goalkeeper
10377,Player_10377,19,21,All-Rounder
10378,Player_10378,4,29,Goalkeeper
10379,Player_10379,19,26,Batsman
10380,Player_10380,9,32,Batsman
10381,Player_10381,16,26,All-Rounder
10382,Player_10382,4,23,Goalkeeper
10383,Player_10383,6,28,Goalkeeper
10384,Player_10384,8,24,Goalkeeper
10385,Player_10385,16,31,Batsman
10386,Player_10386,5,33,Bowler
10387,Player_10387,10,32,Bowler
10388,Player_10388,13,37,Goalkeeper
10389,Player_10389,14,26,Goalkeeper
10390,Player_10390,7,36,Defender
10391,Player_10391,20,29,All-Rounder
10392,Player_10392,6,28,Batsman
10393,Player_10393,7,25,Defender
10394,Player_10394,5,20,Goalkeeper
10395,Player_10395,18,36,Bowler
10396,Player_10396,12,20,Bowler
10397,Player_10397,6,20,Defender
10398,Player_10398,1,23,Bowler
10399,Player_10399,4,28,Bowler
10400,Player_10400,19,37,All-Rounder
10401,Player_10401,12,31,Goalkeeper
10402,Player_10402,15,19,Defender
10403,Player_10403,3,29,Batsman
10404,Player_10404,20,33,Batsman
10405,Player_10405,8,20,Goalkeeper
10406,Player_10406,11,38,Batsman
10407,Player_10407,16,33,Bowler
10408,Player_10408,9,27,All-Rounder
10409,Player_10409,3,37,Defender
10410,Player_10410,5,22,Defender
10411,Player_10411,20,30,Bowler
10412,Player_10412,14,29,Goalkeeper
10413,Player_10413,15,18,All-Rounder
10414,Player_10414,6,37,Batsman
10415,Player_10415,4,28,Defender
10416,Player_10416,8,36,Defender
10417,Player_10417,19,32,Goalkeeper
10418,Player_10418,5,35,All-Rounder
10419,Player_10419,13,33,Batsman
10420,Player_10420,16,24,Defender
10421,Player_10421,1,27,Defender
10422,Player_10422,13,33,Batsman
10423,Player_10423,11,34,All-Rounder
10424,Player_10424,8,24,All-Rounder
10425,Player_10425,8,28,All-Rounder
10426,Player_10426,14,34,Defender
10427,Player_10427,13,22,Bowler
10428,Player_10428,3,18,Defender
10429,Player_10429,4,20,Goalkeeper
10430,Player_10430,20,33,Goalkeeper
10431,Player_10431,15,32,Defender
10432,Player_10432,15,21,Defender
10433,Player_10433,13,29,Batsman
10434,Player_10434,9,18,All-Rounder
10435,Player_10435,10,34,Batsman
10436,Player_10436,12,32,Goalkeeper
10437,Player_10437,14,37,Goalkeeper
10438,Player_10438,1,37,Bowler
10439,Player_10439,14,27,All-Rounder
10440,Player_10440,14,28,All-Rounder
10441,Player_10441,8,35,Goalkeeper
10442,Player_10442,16,19,Batsman
10443,Player_10443,14,23,Defender
10444,Player_10444,1,33,All-Rounder
10445,Player_10445,16,24,Defender
10446,Player_10446,18,36,Goalkeeper
10447,Player_10447,7,29,Bowler
10448,Player_10448,15,35,Goalkeeper
10449,Player_10449,17,27,Defender
10450,Player_10450,19,24,Goalkeeper
10451,Player_10451,13,21,All-Rounder
10452,Player_10452,9,34,Defender
10453,Player_10453,15,34,Defender
10454,Player_10454,3,21,Bowler
10455,Player_10455,1,38,All-Rounder
10456,Player_10456,16,22,Batsman
10457,Player_10457,8,18,Bowler
10458,Player_10458,13,36,All-Rounder
10459,Player_10459,8,39,Batsman
10460,Player_10460,17,28,Defender
10461,Player_10461,14,18,Bowler
10462,Player_10462,7,25,Defender
10463,Player_10463,15,21,Defender
10464,Player_10464,16,39,Defender
10465,Player_10465,19,32,All-Rounder
10466,Player_10466,6,34,Batsman
10467,Player_10467,1,35,All-Rounder
10468,Player_10468,12,20,Defender
10469,Player_10469,18,35,Bowler
10470,Player_10470,16,24,Defender
10471,Player_10471,12,34,Batsman
10472,Player_10472,20,35,All-Rounder
10473,Player_10473,13,37,Batsman
10474,Player_10474,8,25,All-Rounder
10475,Player_10475,1,28,Batsman
10476,Player_10476,7,20,Batsman
10477,Player_10477,15,24,All-Rounder
10478,Player_10478,13,32,All-Rounder
10479,Player_10479,13,27,All-Rounder
10480,Player_10480,9,29,Goalkeeper
10481,Player_10481,15,29,Batsman
10482,Player_10482,4,36,Goalkeeper
10483,Player_10483,13,36,Goalkeeper
10484,Player_10484,12,32,Defender
10485,Player_10485,5,38,Goalkeeper
10486,Player_10486,7,38,Goalkeeper
10487,Player_10487,8,22,All-Rounder
10488,Player_10488,5,30,All-Rounder
10489,Player_10489,9,26,Bowler
10490,Player_10490,14,39,Batsman
10491,Player_10491,12,27,Goalkeeper
10492,Player_10492,4,25,Goalkeeper
10493,Player_10493,20,26,Batsman
10494,Player_10494,8,23,All-Rounder
10495,Player_10495,17,35,All-Rounder
10496,Player_10496,8,27,Batsman
10497,Player_10497,1,32,Batsman
10498,Player_10498,20,30,All-Rounder
10499,Player_10499,2,28,Batsman
10500,Player_10500,4,19,All-Rounder
10501,Player_10501,1,25,Batsman
10502,Player_10502,7,35,All-Rounder
10503,Player_10503,1,20,Bowler
10504,Player_10504,9,20,All-Rounder
10505,Player_10505,3,38,All-Rounder
10506,Player_10506,12,24,Goalkeeper
10507,Player_10507,19,35,All-Rounder
10508,Player_10508,15,38,Batsman
10509,Player_10509,16,38,Defender
10510,Player_10510,10,26,Batsman
10511,Player_10511,6,35,Goalkeeper
10512,Player_10512,17,18,Batsman
10513,Player_10513,17,21,Bowler
10514,Player_10514,19,21,Defender
10515,Player_10515,18,34,Defender
10516,Player_10516,11,19,Goalkeeper
10517,Player_10517,7,32,Defender
10518,Player_10518,10,30,All-Rounder
10519,Player_10519,7,26,Goalkeeper
10520,Player_10520,5,24,Bowler
10521,Player_10521,12,29,Defender
10522,Player_10522,16,29,Defender
10523,Player_10523,18,31,Goalkeeper
10524,Player_10524,3,32,Defender
10525,Player_10525,20,18,Defender
10526,Player_10526,15,26,Bowler
10527,Player_10527,5,33,Bowler
10528,Player_10528,13,26,Goalkeeper
10529,Player_10529,19,33,Defender
10530,Player_10530,12,19,Batsman
10531,Player_10531,5,27,Goalkeeper
10532,Player_10532,6,35,Bowler
10533,Player_10533,7,30,Batsman
10534,Player_10534,10,19,Defender
10535,Player_10535,16,30,Goalkeeper
10536,Player_10536,8,20,Goalkeeper
10537,Player_10537,9,32,Bowler
10538,Player_10538,4,20,All-Rounder
10539,Player_10539,8,27,All-Rounder
10540,Player_10540,7,23,All-Rounder
10541,Player_10541,15,39,Goalkeeper
10542,Player_10542,3,31,Bowler
10543,Player_10543,17,26,Bowler
10544,Player_10544,11,35,All-Rounder
10545,Player_10545,9,25,Batsman
10546,Player_10546,5,23,All-Rounder
10547,Player_10547,10,32,Goalkeeper
10548,Player_10548,15,31,Batsman
10549,Player_10549,14,32,Bowler
10550,Player_10550,4,37,Defender
10551,Player_10551,20,23,Batsman
10552,Player_10552,2,39,Bowler
10553,Player_10553,12,29,Batsman
10554,Player_10554,1,27,All-Rounder
10555,Player_10555,20,36,Batsman
10556,Player_10556,5,25,Batsman
10557,Player_10557,6,22,Batsman
10558,Player_10558,11,27,Goalkeeper
10559,Player_10559,8,28,Goalkeeper
10560,Player_10560,7,37,All-Rounder
10561,Player_10561,4,31,Defender
10562,Player_10562,6,31,Goalkeeper
10563,Player_10563,16,19,Defender
10564,Player_10564,20,34,Goalkeeper
10565,Player_10565,15,32,Bowler
10566,Player_10566,14,20,Bowler
10567,Player_10567,12,20,Batsman
10568,Player_10568,12,20,Defender
10569,Player_10569,16,20,Batsman
10570,Player_10570,15,35,Batsman
10571,Player_10571,13,23,Goalkeeper
10572,Player_10572,11,31,Goalkeeper
10573,Player_10573,17,20,Batsman
10574,Player_10574,15,18,Goalkeeper
10575,Player_10575,14,27,Bowler
10576,Player_10576,10,30,Bowler
10577,Player_10577,12,26,Defender
10578,Player_10578,16,39,Bowler
10579,Player_10579,15,39,Batsman
10580,Player_10580,10,19,All-Rounder
10581,Player_10581,4,27,Goalkeeper
10582,Player_10582,9,29,Batsman
10583,Player_10583,20,36,Goalkeeper
10584,Player_10584,9,20,Defender
10585,Player_10585,20,36,Batsman
10586,Player_10586,11,18,Batsman
10587,Player_10587,11,32,Batsman
10588,Player_10588,7,30,Defender
10589,Player_10589,10,24,Batsman
10590,Player_10590,4,19,Goalkeeper
10591,Player_10591,5,39,All-Rounder
10592,Player_10592,5,37,Batsman
10593,Player_10593,11,28,Defender
10594,Player_10594,9,33,Defender
10595,Player_10595,16,31,Batsman
10596,Player_10596,9,32,Defender
10597,Player_10597,4,37,Bowler
10598,Player_10598,2,36,Defender
10599,Player_10599,14,24,All-Rounder
10600,Player_10600,3,26,Bowler
10601,Player_10601,18,21,Goalkeeper
10602,Player_10602,6,23,Bowler
10603,Player_10603,11,27,All-Rounder
10604,Player_10604,18,20,Bowler
10605,Player_10605,12,38,Batsman
10606,Player_10606,5,18,Defender
10607,Player_10607,9,23,Batsman
10608,Player_10608,20,22,Batsman
10609,Player_10609,18,32,Batsman
10610,Player_10610,19,28,Bowler
10611,Player_10611,3,37,Goalkeeper
10612,Player_10612,9,30,Defender
10613,Player_10613,4,23,Bowler
10614,Player_10614,17,22,Batsman
10615,Player_10615,17,19,All-Rounder
10616,Player_10616,2,34,All-Rounder
10617,Player_10617,9,29,Batsman
10618,Player_10618,9,29,Goalkeeper
10619,Player_10619,5,39,Defender
10620,Player_10620,15,31,Bowler
10621,Player_10621,15,24,Goalkeeper
10622,Player_10622,3,39,All-Rounder
10623,Player_10623,19,31,Batsman
10624,Player_10624,3,24,Bowler
10625,Player_10625,6,26,Goalkeeper
10626,Player_10626,4,31,Goalkeeper
10627,Player_10627,13,38,Goalkeeper
10628,Player_10628,13,34,Bowler
10629,Player_10629,11,34,Defender
10630,Player_10630,5,38,Bowler
10631,Player_10631,1,30,Batsman
10632,Player_10632,9,35,Bowler
10633,Player_10633,17,36,Goalkeeper
10634,Player_10634,1,34,Defender
10635,Player_10635,3,23,Defender
10636,Player_10636,15,29,Batsman
10637,Player_10637,10,23,Batsman
10638,Player_10638,8,20,All-Rounder
10639,Player_10639,12,32,All-Rounder
10640,Player_10640,15,20,All-Rounder
10641,Player_10641,9,32,Bowler
10642,Player_10642,10,18,Defender
10643,Player_10643,20,38,Batsman
10644,Player_10644,9,20,All-Rounder
10645,Player_10645,15,22,Batsman
10646,Player_10646,1,31,All-Rounder
10647,Player_10647,2,21,Bowler
10648,Player_10648,19,39,Bowler
10649,Player_10649,14,26,Goalkeeper
10650,Player_10650,8,35,Batsman
10651,Player_10651,6,27,Goalkeeper
10652,Player_10652,12,25,Bowler
10653,Player_10653,15,30,Bowler
10654,Player_10654,14,19,Batsman
10655,Player_10655,1,37,Goalkeeper
10656,Player_10656,11,37,Goalkeeper
10657,Player_10657,3,24,Goalkeeper
10658,Player_10658,19,28,Batsman
10659,Player_10659,18,22,Batsman
10660,Player_10660,20,35,Batsman
10661,Player_10661,2,25,Defender
10662,Player_10662,7,27,Bowler
10663,Player_10663,8,19,Defender
10664,Player_10664,19,20,Defender
10665,Player_10665,15,22,Bowler
10666,Player_10666,10,33,All-Rounder
10667,Player_10667,1,27,All-Rounder
10668,Player_10668,6,28,All-Rounder
10669,Player_10669,13,36,Batsman
10670,Player_10670,14,33,Batsman
10671,Player_10671,3,29,Goalkeeper
10672,Player_10672,11,19,Goalkeeper
10673,Player_10673,3,28,Defender
10674,Player_10674,19,39,Goalkeeper
10675,Player_10675,10,18,Batsman
10676,Player_10676,15,22,Defender
10677,Player_10677,11,38,Goalkeeper
10678,Player_10678,15,31,Goalkeeper
10679,Player_10679,13,35,All-Rounder
10680,Player_10680,5,24,Batsman
10681,Player_10681,4,22,Defender
10682,Player_10682,13,25,Bowler
10683,Player_10683,9,38,Goalkeeper
10684,Player_10684,17,32,Batsman
10685,Player_10685,2,22,Defender
10686,Player_10686,5,30,Batsman
10687,Player_10687,16,36,Batsman
10688,Player_10688,7,19,Defender
10689,Player_10689,1,22,All-Rounder
10690,Player_10690,12,22,All-Rounder
10691,Player_10691,11,23,Goalkeeper
10692,Player_10692,12,33,All-Rounder
10693,Player_10693,19,19,Goalkeeper
10694,Player_10694,12,22,Goalkeeper
10695,Player_10695,12,32,Defender
10696,Player_10696,14,18,Batsman
10697,Player_10697,2,36,Bowler
10698,Player_10698,2,20,Bowler
10699,Player_10699,4,36,All-Rounder
10700,Player_10700,20,32,Defender
10701,Player_10701,16,20,Bowler
10702,Player_10702,10,25,Batsman
10703,Player_10703,13,32,Goalkeeper
10704,Player_10704,2,18,Goalkeeper
10705,Player_10705,3,23,Defender
10706,Player_10706,19,39,All-Rounder
10707,Player_10707,6,34,Batsman
10708,Player_10708,19,33,All-Rounder
10709,Player_10709,20,30,All-Rounder
10710,Player_10710,19,18,Defender
10711,Player_10711,8,20,Goalkeeper
10712,Player_10712,14,23,All-Rounder
10713,Player_10713,10,37,All-Rounder
10714,Player_10714,3,38,Batsman
10715,Player_10715,6,20,Goalkeeper
10716,Player_10716,15,32,All-Rounder
10717,Player_10717,18,32,Bowler
10718,Player_10718,14,28,Bowler
10719,Player_10719,19,39,Goalkeeper
10720,Player_10720,10,23,Goalkeeper
10721,Player_10721,15,23,Defender
10722,Player_10722,4,26,All-Rounder
10723,Player_10723,2,31,Bowler
10724,Player_10724,3,28,Bowler
10725,Player_10725,7,23,Goalkeeper
10726,Player_10726,16,35,Goalkeeper
10727,Player_10727,10,37,Batsman
10728,Player_10728,19,32,Batsman
10729,Player_10729,17,39,Goalkeeper
10730,Player_10730,19,26,Batsman
10731,Player_10731,5,28,Goalkeeper
10732,Player_10732,20,19,Goalkeeper
10733,Player_10733,13,23,Defender
10734,Player_10734,13,31,Batsman
10735,Player_10735,11,31,All-Rounder
10736,Player_10736,11,30,All-Rounder
10737,Player_10737,16,22,Defender
10738,Player_10738,15,26,All-Rounder
10739,Player_10739,17,28,All-Rounder
10740,Player_10740,18,24,Defender
10741,Player_10741,19,19,Bowler
10742,Player_10742,4,29,Defender
10743,Player_10743,5,22,Defender
10744,Player_10744,7,19,Batsman
10745,Player_10745,2,31,All-Rounder
10746,Player_10746,1,24,All-Rounder
10747,Player_10747,12,22,Bowler
10748,Player_10748,10,21,Defender
10749,Player_10749,8,27,Goalkeeper
10750,Player_10750,1,33,Bowler
10751,Player_10751,12,23,Bowler
10752,Player_10752,2,38,All-Rounder
10753,Player_10753,10,23,All-Rounder
10754,Player_10754,17,26,All-Rounder
10755,Player_10755,3,18,All-Rounder
10756,Player_10756,7,33,Bowler
10757,Player_10757,12,34,Defender
10758,Player_10758,8,30,All-Rounder
10759,Player_10759,20,23,Batsman
10760,Player_10760,12,19,Bowler
10761,Player_10761,3,25,Goalkeeper
10762,Player_10762,17,39,Goalkeeper
10763,Player_10763,9,21,Defender
10764,Player_10764,10,26,Bowler
10765,Player_10765,6,24,Bowler
10766,Player_10766,1,38,Bowler
10767,Player_10767,12,18,Batsman
10768,Player_10768,5,31,Batsman
10769,Player_10769,13,19,All-Rounder
10770,Player_10770,15,25,Goalkeeper
10771,Player_10771,11,28,Batsman
10772,Player_10772,8,22,Goalkeeper
10773,Player_10773,5,35,Bowler
10774,Player_10774,2,29,Batsman
10775,Player_10775,12,38,Goalkeeper
10776,Player_10776,2,37,Batsman
10777,Player_10777,16,36,Bowler
10778,Player_10778,3,22,Bowler
10779,Player_10779,10,24,Bowler
10780,Player_10780,19,19,All-Rounder
10781,Player_10781,8,34,Goalkeeper
10782,Player_10782,7,30,All-Rounder
10783,Player_10783,1,28,Defender
10784,Player_10784,12,22,Defender
10785,Player_10785,5,30,Batsman
10786,Player_10786,16,30,Batsman
10787,Player_10787,4,25,Batsman
10788,Player_10788,17,28,All-Rounder
10789,Player_10789,2,25,Bowler
10790,Player_10790,12,27,Batsman
10791,Player_10791,1,28,Batsman
10792,Player_10792,12,18,Defender
10793,Player_10793,12,24,Bowler
10794,Player_10794,12,25,All-Rounder
10795,Player_10795,19,23,Bowler
10796,Player_10796,17,31,Defender
10797,Player_10797,20,37,All-Rounder
10798,Player_10798,11,24,Goalkeeper
10799,Player_10799,13,20,Batsman
10800,Player_10800,8,19,All-Rounder
10801,Player_10801,10,39,Defender
10802,Player_10802,8,35,Bowler
10803,Player_10803,20,39,All-Rounder
10804,Player_10804,8,20,Defender
10805,Player_10805,9,31,All-Rounder
10806,Player_10806,7,35,Batsman
10807,Player_10807,14,30,Bowler
10808,Player_10808,2,25,Bowler
10809,Player_10809,11,21,All-Rounder
10810,Player_10810,8,32,Defender
10811,Player_10811,13,29,Batsman
10812,Player_10812,15,31,Batsman
10813,Player_10813,3,37,All-Rounder
10814,Player_10814,14,24,Goalkeeper
10815,Player_10815,15,29,All-Rounder
10816,Player_10816,2,26,Batsman
10817,Player_10817,19,27,Bowler
10818,Player_10818,12,25,All-Rounder
10819,Player_10819,20,37,All-Rounder
10820,Player_10820,4,19,Bowler
10821,Player_10821,3,33,All-Rounder
10822,Player_10822,5,38,Defender
10823,Player_10823,3,35,Bowler
10824,Player_10824,15,37,Bowler
10825,Player_10825,19,39,Bowler
10826,Player_10826,2,27,Batsman
10827,Player_10827,12,23,All-Rounder
10828,Player_10828,5,23,Goalkeeper
10829,Player_10829,17,39,All-Rounder
10830,Player_10830,14,37,All-Rounder
10831,Player_10831,10,30,Batsman
10832,Player_10832,3,36,Defender
10833,Player_10833,4,34,Defender
10834,Player_10834,6,19,Batsman
10835,Player_10835,16,35,Batsman
10836,Player_10836,7,24,Batsman
10837,Player_10837,15,31,All-Rounder
10838,Player_10838,20,39,Batsman
10839,Player_10839,11,32,Goalkeeper
10840,Player_10840,1,25,Bowler
10841,Player_10841,5,26,Defender
10842,Player_10842,13,38,Goalkeeper
10843,Player_10843,14,28,Defender
10844,Player_10844,9,20,All-Rounder
10845,Player_10845,17,37,All-Rounder
10846,Player_10846,15,31,Batsman
10847,Player_10847,7,25,Defender
10848,Player_10848,12,20,All-Rounder
10849,Player_10849,6,35,All-Rounder
10850,Player_10850,16,31,Defender
10851,Player_10851,5,37,All-Rounder
10852,Player_10852,9,25,Batsman
10853,Player_10853,14,34,All-Rounder
10854,Player_10854,8,25,Goalkeeper
10855,Player_10855,14,22,Goalkeeper
10856,Player_10856,12,29,Batsman
10857,Player_10857,10,19,Goalkeeper
10858,Player_10858,20,34,All-Rounder
10859,Player_10859,20,30,Goalkeeper
10860,Player_10860,13,39,Goalkeeper
10861,Player_10861,19,31,All-Rounder
10862,Player_10862,15,26,Defender
10863,Player_10863,8,26,Batsman
10864,Player_10864,10,26,Defender
10865,Player_10865,3,37,Defender
10866,Player_10866,3,23,Goalkeeper
10867,Player_10867,5,29,Bowler
10868,Player_10868,16,27,Defender
10869,Player_10869,17,39,All-Rounder
10870,Player_10870,6,22,All-Rounder
10871,Player_10871,20,35,All-Rounder
10872,Player_10872,20,24,Bowler
10873,Player_10873,16,30,Bowler
10874,Player_10874,2,18,Batsman
10875,Player_10875,20,23,Bowler
10876,Player_10876,15,38,Batsman
10877,Player_10877,18,38,All-Rounder
10878,Player_10878,1,25,Bowler
10879,Player_10879,19,26,Goalkeeper
10880,Player_10880,12,24,Goalkeeper
10881,Player_10881,8,27,Goalkeeper
10882,Player_10882,6,25,Bowler
10883,Player_10883,12,19,Bowler
10884,Player_10884,7,35,Bowler
10885,Player_10885,18,32,Goalkeeper
10886,Player_10886,14,23,All-Rounder
10887,Player_10887,8,31,Defender
10888,Player_10888,20,39,All-Rounder
10889,Player_10889,14,35,Bowler
10890,Player_10890,5,20,Defender
10891,Player_10891,9,18,Defender
10892,Player_10892,8,18,All-Rounder
10893,Player_10893,2,31,Goalkeeper
10894,Player_10894,16,18,Batsman
10895,Player_10895,13,18,Goalkeeper
10896,Player_10896,7,21,Goalkeeper
10897,Player_10897,16,29,Defender
10898,Player_10898,7,32,Bowler
10899,Player_10899,14,21,Bowler
10900,Player_10900,14,27,Defender
10901,Player_10901,12,28,Goalkeeper
10902,Player_10902,1,23,All-Rounder
10903,Player_10903,1,27,Batsman
10904,Player_10904,12,29,Goalkeeper
10905,Player_10905,20,20,Goalkeeper
10906,Player_10906,15,32,Batsman
10907,Player_10907,4,33,All-Rounder
10908,Player_10908,7,27,Batsman
10909,Player_10909,16,39,Defender
10910,Player_10910,3,28,Batsman
10911,Player_10911,7,33,Batsman
10912,Player_10912,6,34,Goalkeeper
10913,Player_10913,16,31,Goalkeeper
10914,Player_10914,8,33,Bowler
10915,Player_10915,6,31,Batsman
10916,Player_10916,10,23,Defender
10917,Player_10917,16,27,Bowler
10918,Player_10918,11,34,Batsman
10919,Player_10919,13,27,Goalkeeper
10920,Player_10920,6,38,Defender
10921,Player_10921,1,27,All-Rounder
10922,Player_10922,19,31,Bowler
10923,Player_10923,12,37,Goalkeeper
10924,Player_10924,6,34,All-Rounder
10925,Player_10925,18,26,Batsman
10926,Player_10926,13,32,Defender
10927,Player_10927,7,24,Goalkeeper
10928,Player_10928,13,19,Goalkeeper
10929,Player_10929,8,21,Defender
10930,Player_10930,17,37,Goalkeeper
10931,Player_10931,9,35,Goalkeeper
10932,Player_10932,20,28,Batsman
10933,Player_10933,13,22,Bowler
10934,Player_10934,2,25,All-Rounder
10935,Player_10935,4,39,Defender
10936,Player_10936,2,37,All-Rounder
10937,Player_10937,4,22,Defender
10938,Player_10938,18,19,Defender
10939,Player_10939,5,22,Goalkeeper
10940,Player_10940,19,20,Batsman
10941,Player_10941,10,29,Defender
10942,Player_10942,18,36,All-Rounder
10943,Player_10943,10,24,Bowler
10944,Player_10944,5,36,All-Rounder
10945,Player_10945,17,21,Batsman
10946,Player_10946,13,31,Bowler
10947,Player_10947,17,36,Goalkeeper
10948,Player_10948,9,35,All-Rounder
10949,Player_10949,12,24,All-Rounder
10950,Player_10950,14,32,Defender
10951,Player_10951,14,38,Defender
10952,Player_10952,8,18,Bowler
10953,Player_10953,5,29,Goalkeeper
10954,Player_10954,19,36,Defender
10955,Player_10955,14,23,All-Rounder
10956,Player_10956,9,30,Bowler
10957,Player_10957,7,23,Defender
10958,Player_10958,8,30,Defender
10959,Player_10959,14,32,Batsman
10960,Player_10960,14,33,Bowler
10961,Player_10961,11,25,Bowler
10962,Player_10962,14,30,Goalkeeper
10963,Player_10963,8,30,Defender
10964,Player_10964,3,37,Bowler
10965,Player_10965,18,37,Goalkeeper
10966,Player_10966,3,29,Defender
10967,Player_10967,13,36,All-Rounder
10968,Player_10968,12,34,Batsman
10969,Player_10969,15,20,Goalkeeper
10970,Player_10970,18,32,Batsman
10971,Player_10971,5,34,All-Rounder
10972,Player_10972,7,23,Bowler
10973,Player_10973,11,36,Defender
10974,Player_10974,11,29,Bowler
10975,Player_10975,15,21,Batsman
10976,Player_10976,10,38,Bowler
10977,Player_10977,15,29,Bowler
10978,Player_10978,13,39,Goalkeeper
10979,Player_10979,14,19,Goalkeeper
10980,Player_10980,17,24,All-Rounder
10981,Player_10981,13,33,Goalkeeper
10982,Player_10982,10,29,Goalkeeper
10983,Player_10983,1,33,Goalkeeper
10984,Player_10984,1,31,Goalkeeper
10985,Player_10985,15,18,All-Rounder
10986,Player_10986,16,39,Goalkeeper
10987,Player_10987,12,26,Goalkeeper
10988,Player_10988,6,24,Batsman
10989,Player_10989,6,22,Goalkeeper
10990,Player_10990,12,27,All-Rounder
10991,Player_10991,15,27,All-Rounder
10992,Player_10992,4,35,Bowler
10993,Player_10993,4,24,Goalkeeper
10994,Player_10994,2,35,Defender
10995,Player_10995,12,30,Bowler
10996,Player_10996,7,28,All-Rounder
10997,Player_10997,20,27,Bowler
10998,Player_10998,9,39,Defender
10999,Player_10999,9,26,Batsman
11000,Player_11000,8,32,Defender
11001,Player_11001,14,31,Bowler
11002,Player_11002,1,20,Goalkeeper
11003,Player_11003,12,31,Batsman
11004,Player_11004,2,38,Defender
11005,Player_11005,13,33,Goalkeeper
11006,Player_11006,4,20,Defender
11007,Player_11007,20,25,All-Rounder
11008,Player_11008,18,19,Goalkeeper
11009,Player_11009,19,19,All-Rounder
11010,Player_11010,16,35,Batsman
11011,Player_11011,14,24,Batsman
11012,Player_11012,8,34,Batsman
11013,Player_11013,12,23,Batsman
11014,Player_11014,9,27,All-Rounder
11015,Player_11015,6,24,All-Rounder
11016,Player_11016,18,21,Bowler
11017,Player_11017,2,28,Bowler
11018,Player_11018,8,33,All-Rounder
11019,Player_11019,14,34,Batsman
11020,Player_11020,6,23,Bowler
11021,Player_11021,10,37,Goalkeeper
11022,Player_11022,8,36,All-Rounder
11023,Player_11023,17,37,Goalkeeper
11024,Player_11024,12,39,Batsman
11025,Player_11025,17,38,All-Rounder
11026,Player_11026,13,35,Bowler
11027,Player_11027,19,32,Bowler
11028,Player_11028,12,19,Goalkeeper
11029,Player_11029,16,36,All-Rounder
11030,Player_11030,5,23,Batsman
11031,Player_11031,16,29,Defender
11032,Player_11032,6,18,Defender
11033,Player_11033,11,28,Batsman
11034,Player_11034,17,36,Bowler
11035,Player_11035,14,39,Defender
11036,Player_11036,6,21,Batsman
11037,Player_11037,11,38,Goalkeeper
11038,Player_11038,12,36,Bowler
11039,Player_11039,13,38,Batsman
11040,Player_11040,4,23,Goalkeeper
11041,Player_11041,7,25,All-Rounder
11042,Player_11042,2,39,Defender
11043,Player_11043,6,26,Defender
11044,Player_11044,6,27,Defender
11045,Player_11045,18,27,Batsman
11046,Player_11046,20,27,All-Rounder
11047,Player_11047,8,21,Batsman
11048,Player_11048,8,35,Batsman
11049,Player_11049,8,29,All-Rounder
11050,Player_11050,8,28,Goalkeeper
11051,Player_11051,1,33,Bowler
11052,Player_11052,2,36,Defender
11053,Player_11053,12,28,All-Rounder
11054,Player_11054,15,21,Goalkeeper
11055,Player_11055,4,29,All-Rounder
11056,Player_11056,3,34,Bowler
11057,Player_11057,14,30,All-Rounder
11058,Player_11058,8,21,All-Rounder
11059,Player_11059,13,23,Goalkeeper
11060,Player_11060,19,24,Defender
11061,Player_11061,5,25,Defender
11062,Player_11062,13,19,Goalkeeper
11063,Player_11063,20,26,Goalkeeper
11064,Player_11064,1,27,Batsman
11065,Player_11065,16,36,Batsman
11066,Player_11066,2,18,Bowler
11067,Player_11067,7,33,Batsman
11068,Player_11068,6,35,Batsman
11069,Player_11069,5,25,All-Rounder
11070,Player_11070,4,27,All-Rounder
11071,Player_11071,2,39,Goalkeeper
11072,Player_11072,10,28,Defender
11073,Player_11073,5,34,Bowler
11074,Player_11074,18,24,Batsman
11075,Player_11075,10,20,All-Rounder
11076,Player_11076,15,24,Defender
11077,Player_11077,9,23,Batsman
11078,Player_11078,11,20,Defender
11079,Player_11079,17,25,All-Rounder
11080,Player_11080,9,18,Goalkeeper
11081,Player_11081,16,22,Batsman
11082,Player_11082,6,36,Batsman
11083,Player_11083,11,30,Bowler
11084,Player_11084,17,28,Batsman
11085,Player_11085,4,39,All-Rounder
11086,Player_11086,15,28,Defender
11087,Player_11087,1,19,Defender
11088,Player_11088,20,26,Goalkeeper
11089,Player_11089,1,19,Goalkeeper
11090,Player_11090,9,38,All-Rounder
11091,Player_11091,12,36,Defender
11092,Player_11092,4,29,Goalkeeper
11093,Player_11093,13,26,Goalkeeper
11094,Player_11094,7,26,Bowler
11095,Player_11095,8,27,Bowler
11096,Player_11096,13,22,All-Rounder
11097,Player_11097,11,26,All-Rounder
11098,Player_11098,9,35,All-Rounder
11099,Player_11099,16,27,All-Rounder
11100,Player_11100,10,34,Defender
11101,Player_11101,11,27,Batsman
11102,Player_11102,12,31,All-Rounder
11103,Player_11103,14,21,Bowler
11104,Player_11104,19,27,Batsman
11105,Player_11105,12,39,Batsman
11106,Player_11106,18,35,Defender
11107,Player_11107,17,22,Goalkeeper
11108,Player_11108,3,26,Batsman
11109,Player_11109,1,23,Defender
11110,Player_11110,19,33,Defender
11111,Player_11111,4,39,Defender
11112,Player_11112,16,33,All-Rounder
11113,Player_11113,12,28,Goalkeeper
11114,Player_11114,13,38,All-Rounder
11115,Player_11115,17,32,Bowler
11116,Player_11116,8,36,Goalkeeper
11117,Player_11117,13,20,All-Rounder
11118,Player_11118,20,33,Goalkeeper
11119,Player_11119,5,38,Bowler
11120,Player_11120,18,37,All-Rounder
11121,Player_11121,15,22,Goalkeeper
11122,Player_11122,12,26,Bowler
11123,Player_11123,17,22,Defender
11124,Player_11124,15,21,Goalkeeper
11125,Player_11125,2,30,Bowler
11126,Player_11126,6,37,Defender
11127,Player_11127,17,34,Bowler
11128,Player_11128,16,37,Batsman
11129,Player_11129,17,29,Bowler
11130,Player_11130,20,37,All-Rounder
11131,Player_11131,9,37,All-Rounder
11132,Player_11132,5,24,All-Rounder
11133,Player_11133,1,18,All-Rounder
11134,Player_11134,6,33,Batsman
11135,Player_11135,14,24,Batsman
11136,Player_11136,17,19,Batsman
11137,Player_11137,19,29,Defender
11138,Player_11138,1,28,Goalkeeper
11139,Player_11139,1,25,All-Rounder
11140,Player_11140,13,18,Goalkeeper
11141,Player_11141,14,20,All-Rounder
11142,Player_11142,6,25,All-Rounder
11143,Player_11143,6,25,All-Rounder
11144,Player_11144,1,28,Batsman
11145,Player_11145,14,38,Defender
11146,Player_11146,3,22,All-Rounder
11147,Player_11147,10,25,All-Rounder
11148,Player_11148,19,38,All-Rounder
11149,Player_11149,19,26,Bowler
11150,Player_11150,19,34,All-Rounder
11151,Player_11151,4,22,Batsman
11152,Player_11152,20,36,Batsman
11153,Player_11153,19,36,Goalkeeper
11154,Player_11154,10,19,Batsman
11155,Player_11155,2,36,Goalkeeper
11156,Player_11156,4,32,Defender
11157,Player_11157,6,25,Bowler
11158,Player_11158,7,25,Batsman
11159,Player_11159,16,18,All-Rounder
11160,Player_11160,7,31,Defender
11161,Player_11161,18,28,All-Rounder
11162,Player_11162,20,24,Goalkeeper
11163,Player_11163,19,35,Goalkeeper
11164,Player_11164,9,32,Bowler
11165,Player_11165,20,27,Defender
11166,Player_11166,10,21,Goalkeeper
11167,Player_11167,13,38,All-Rounder
11168,Player_11168,18,18,Batsman
11169,Player_11169,16,31,Batsman
11170,Player_11170,17,37,Defender
11171,Player_11171,13,37,Defender
11172,Player_11172,12,26,Goalkeeper
11173,Player_11173,10,30,Batsman
11174,Player_11174,1,34,Bowler
11175,Player_11175,8,37,Bowler
11176,Player_11176,18,21,Bowler
11177,Player_11177,2,22,Bowler
11178,Player_11178,16,35,Goalkeeper
11179,Player_11179,12,34,All-Rounder
11180,Player_11180,9,38,Bowler
11181,Player_11181,3,24,Goalkeeper
11182,Player_11182,4,27,Bowler
11183,Player_11183,2,26,Bowler
11184,Player_11184,8,30,All-Rounder
11185,Player_11185,10,35,Bowler
11186,Player_11186,16,29,Goalkeeper
11187,Player_11187,11,25,Goalkeeper
11188,Player_11188,18,35,Batsman
11189,Player_11189,14,22,Defender
11190,Player_11190,8,24,Bowler
11191,Player_11191,15,32,Bowler
11192,Player_11192,17,20,Goalkeeper
11193,Player_11193,18,35,Bowler
11194,Player_11194,6,23,Goalkeeper
11195,Player_11195,14,23,Batsman
11196,Player_11196,3,37,Bowler
11197,Player_11197,7,18,Batsman
11198,Player_11198,15,38,Batsman
11199,Player_11199,16,34,Defender
11200,Player_11200,16,28,Goalkeeper
11201,Player_11201,8,19,Batsman
11202,Player_11202,7,26,Goalkeeper
11203,Player_11203,6,36,Defender
11204,Player_11204,2,23,Goalkeeper
11205,Player_11205,13,24,Defender
11206,Player_11206,12,21,Bowler
11207,Player_11207,15,20,Defender
11208,Player_11208,9,19,Defender
11209,Player_11209,2,27,Defender
11210,Player_11210,17,27,All-Rounder
11211,Player_11211,5,34,Batsman
11212,Player_11212,11,33,Goalkeeper
11213,Player_11213,19,18,Goalkeeper
11214,Player_11214,7,29,All-Rounder
11215,Player_11215,2,37,Bowler
11216,Player_11216,16,37,Batsman
11217,Player_11217,12,27,Batsman
11218,Player_11218,15,18,Batsman
11219,Player_11219,1,33,Batsman
11220,Player_11220,13,28,All-Rounder
11221,Player_11221,6,21,Goalkeeper
11222,Player_11222,13,20,Bowler
11223,Player_11223,18,30,Bowler
11224,Player_11224,3,38,Bowler
11225,Player_11225,1,32,All-Rounder
11226,Player_11226,15,27,All-Rounder
11227,Player_11227,13,23,Defender
11228,Player_11228,5,28,All-Rounder
11229,Player_11229,13,18,Batsman
11230,Player_11230,5,37,Goalkeeper
11231,Player_11231,19,21,Bowler
11232,Player_11232,18,27,All-Rounder
11233,Player_11233,10,39,Goalkeeper
11234,Player_11234,8,32,Batsman
11235,Player_11235,15,18,All-Rounder
11236,Player_11236,20,38,All-Rounder
11237,Player_11237,4,32,Goalkeeper
11238,Player_11238,2,20,Batsman
11239,Player_11239,6,18,All-Rounder
11240,Player_11240,3,23,Goalkeeper
11241,Player_11241,7,36,Batsman
11242,Player_11242,10,21,All-Rounder
11243,Player_11243,6,29,All-Rounder
11244,Player_11244,16,19,Bowler
11245,Player_11245,2,34,Defender
11246,Player_11246,17,23,Batsman
11247,Player_11247,13,29,Goalkeeper
11248,Player_11248,1,32,Bowler
11249,Player_11249,6,34,All-Rounder
11250,Player_11250,5,18,Goalkeeper
11251,Player_11251,13,31,Bowler
11252,Player_11252,18,19,Bowler
11253,Player_11253,12,21,Defender
11254,Player_11254,7,37,Bowler
11255,Player_11255,15,19,Batsman
11256,Player_11256,3,39,Defender
11257,Player_11257,16,31,Defender
11258,Player_11258,1,35,All-Rounder
11259,Player_11259,16,25,All-Rounder
11260,Player_11260,12,37,Batsman
11261,Player_11261,19,18,Goalkeeper
11262,Player_11262,8,33,Batsman
11263,Player_11263,12,24,Defender
11264,Player_11264,15,23,All-Rounder
11265,Player_11265,2,39,Batsman
11266,Player_11266,17,36,All-Rounder
11267,Player_11267,7,27,Batsman
11268,Player_11268,13,23,Batsman
11269,Player_11269,1,27,Bowler
11270,Player_11270,6,36,Batsman
11271,Player_11271,13,20,All-Rounder
11272,Player_11272,11,37,Batsman
11273,Player_11273,10,20,Goalkeeper
11274,Player_11274,16,37,Bowler
11275,Player_11275,20,23,Batsman
11276,Player_11276,17,34,Goalkeeper
11277,Player_11277,17,35,All-Rounder
11278,Player_11278,4,27,Goalkeeper
11279,Player_11279,5,23,Bowler
11280,Player_11280,14,30,All-Rounder
11281,Player_11281,20,23,Batsman
11282,Player_11282,10,29,Batsman
11283,Player_11283,14,31,Goalkeeper
11284,Player_11284,1,34,Batsman
11285,Player_11285,11,39,All-Rounder
11286,Player_11286,18,25,All-Rounder
11287,Player_11287,16,22,Batsman
11288,Player_11288,18,21,Goalkeeper
11289,Player_11289,8,23,Batsman
11290,Player_11290,10,28,Defender
11291,Player_11291,10,22,Batsman
11292,Player_11292,5,39,Bowler
11293,Player_11293,10,31,Batsman
11294,Player_11294,18,27,Defender
11295,Player_11295,6,28,Bowler
11296,Player_11296,3,20,Goalkeeper
11297,Player_11297,8,25,Bowler
11298,Player_11298,9,38,All-Rounder
11299,Player_11299,5,22,Defender
11300,Player_11300,2,37,All-Rounder
11301,Player_11301,2,38,All-Rounder
11302,Player_11302,7,27,Bowler
11303,Player_11303,17,25,Bowler
11304,Player_11304,10,38,All-Rounder
11305,Player_11305,12,26,Goalkeeper
11306,Player_11306,2,32,Batsman
11307,Player_11307,10,18,Batsman
11308,Player_11308,20,22,Defender
11309,Player_11309,1,32,Bowler
11310,Player_11310,4,21,Batsman
11311,Player_11311,13,36,Goalkeeper
11312,Player_11312,12,27,Defender
11313,Player_11313,11,19,Bowler
11314,Player_11314,10,22,Batsman
11315,Player_11315,15,35,All-Rounder
11316,Player_11316,5,23,Goalkeeper
11317,Player_11317,17,27,Goalkeeper
11318,Player_11318,5,32,Bowler
11319,Player_11319,2,26,Goalkeeper
11320,Player_11320,9,30,Bowler
11321,Player_11321,6,35,Goalkeeper
11322,Player_11322,18,24,Batsman
11323,Player_11323,14,19,Bowler
11324,Player_11324,19,33,Goalkeeper
11325,Player_11325,14,19,Batsman
11326,Player_11326,8,21,Batsman
11327,Player_11327,17,19,Batsman
11328,Player_11328,3,34,Bowler
11329,Player_11329,10,23,Bowler
11330,Player_11330,17,27,Goalkeeper
11331,Player_11331,11,31,All-Rounder
11332,Player_11332,8,32,All-Rounder
11333,Player_11333,1,38,Defender
11334,Player_11334,13,29,All-Rounder
11335,Player_11335,4,36,All-Rounder
11336,Player_11336,7,28,Goalkeeper
11337,Player_11337,14,18,Bowler
11338,Player_11338,5,25,All-Rounder
11339,Player_11339,11,39,Defender
11340,Player_11340,17,23,Goalkeeper
11341,Player_11341,5,29,Batsman
11342,Player_11342,20,37,Batsman
11343,Player_11343,3,33,Defender
11344,Player_11344,5,35,Bowler
11345,Player_11345,15,29,Batsman
11346,Player_11346,19,37,Bowler
11347,Player_11347,16,19,All-Rounder
11348,Player_11348,8,24,All-Rounder
11349,Player_11349,13,26,All-Rounder
11350,Player_11350,16,35,Batsman
11351,Player_11351,3,26,Batsman
11352,Player_11352,1,25,Bowler
11353,Player_11353,9,18,Bowler
11354,Player_11354,9,22,Defender
11355,Player_11355,17,33,All-Rounder
11356,Player_11356,2,31,Goalkeeper
11357,Player_11357,9,30,Goalkeeper
11358,Player_11358,19,28,All-Rounder
11359,Player_11359,13,37,Defender
11360,Player_11360,5,30,Bowler
11361,Player_11361,9,32,Batsman
11362,Player_11362,13,33,Defender
11363,Player_11363,1,30,Defender
11364,Player_11364,15,25,All-Rounder
11365,Player_11365,4,35,Bowler
11366,Player_11366,4,36,Goalkeeper
11367,Player_11367,20,32,Goalkeeper
11368,Player_11368,10,27,Goalkeeper
11369,Player_11369,6,21,Defender
11370,Player_11370,12,23,Batsman
11371,Player_11371,20,25,Bowler
11372,Player_11372,16,24,Batsman
11373,Player_11373,3,29,Goalkeeper
11374,Player_11374,14,35,Batsman
11375,Player_11375,1,35,Defender
11376,Player_11376,10,36,All-Rounder
11377,Player_11377,15,21,Batsman
11378,Player_11378,7,18,Batsman
11379,Player_11379,4,22,Batsman
11380,Player_11380,14,24,Goalkeeper
11381,Player_11381,16,28,Batsman
11382,Player_11382,14,38,Bowler
11383,Player_11383,3,38,Defender
11384,Player_11384,17,28,Bowler
11385,Player_11385,14,27,Bowler
11386,Player_11386,18,24,Goalkeeper
11387,Player_11387,3,33,Batsman
11388,Player_11388,19,18,Defender
11389,Player_11389,3,18,Defender
11390,Player_11390,12,29,Defender
11391,Player_11391,5,33,Batsman
11392,Player_11392,10,22,Defender
11393,Player_11393,9,31,Defender
11394,Player_11394,1,35,All-Rounder
11395,Player_11395,13,26,All-Rounder
11396,Player_11396,3,19,Defender
11397,Player_11397,19,29,Bowler
11398,Player_11398,11,27,Batsman
11399,Player_11399,16,19,Bowler
11400,Player_11400,6,32,Bowler
11401,Player_11401,3,21,Batsman
11402,Player_11402,19,36,Batsman
11403,Player_11403,6,39,Goalkeeper
11404,Player_11404,8,21,Goalkeeper
11405,Player_11405,13,26,Goalkeeper
11406,Player_11406,12,30,Defender
11407,Player_11407,10,27,Defender
11408,Player_11408,3,31,Defender
11409,Player_11409,4,20,Goalkeeper
11410,Player_11410,1,20,Batsman
11411,Player_11411,13,37,Defender
11412,Player_11412,4,33,Batsman
11413,Player_11413,11,26,Goalkeeper
11414,Player_11414,19,31,Batsman
11415,Player_11415,11,39,Defender
11416,Player_11416,12,33,Batsman
11417,Player_11417,11,26,Goalkeeper
11418,Player_11418,6,22,Defender
11419,Player_11419,12,30,Defender
11420,Player_11420,9,32,Goalkeeper
11421,Player_11421,10,21,Bowler
11422,Player_11422,3,31,All-Rounder
11423,Player_11423,3,37,Goalkeeper
11424,Player_11424,20,37,Batsman
11425,Player_11425,16,24,Bowler
11426,Player_11426,3,21,Goalkeeper
11427,Player_11427,10,34,All-Rounder
11428,Player_11428,11,26,Defender
11429,Player_11429,8,21,All-Rounder
11430,Player_11430,6,20,All-Rounder
11431,Player_11431,20,36,Goalkeeper
11432,Player_11432,11,26,Defender
11433,Player_11433,12,25,Defender
11434,Player_11434,16,24,All-Rounder
11435,Player_11435,18,24,Goalkeeper
11436,Player_11436,13,21,Defender
11437,Player_11437,3,36,Defender
11438,Player_11438,15,29,Batsman
11439,Player_11439,14,37,All-Rounder
11440,Player_11440,18,23,Bowler
11441,Player_11441,14,29,All-Rounder
11442,Player_11442,5,37,Goalkeeper
11443,Player_11443,14,21,Defender
11444,Player_11444,8,19,Defender
11445,Player_11445,15,32,Batsman
11446,Player_11446,15,23,Defender
11447,Player_11447,19,35,Defender
11448,Player_11448,20,38,Bowler
11449,Player_11449,6,39,All-Rounder
11450,Player_11450,19,22,Defender
11451,Player_11451,8,21,Goalkeeper
11452,Player_11452,6,28,Bowler
11453,Player_11453,20,28,Bowler
11454,Player_11454,15,26,Batsman
11455,Player_11455,3,20,Goalkeeper
11456,Player_11456,10,28,Bowler
11457,Player_11457,15,19,All-Rounder
11458,Player_11458,16,26,Goalkeeper
11459,Player_11459,17,27,All-Rounder
11460,Player_11460,19,28,Batsman
11461,Player_11461,11,20,Batsman
11462,Player_11462,16,34,Defender
11463,Player_11463,5,28,All-Rounder
11464,Player_11464,5,34,All-Rounder
11465,Player_11465,14,36,Batsman
11466,Player_11466,18,21,All-Rounder
11467,Player_11467,8,19,Goalkeeper
11468,Player_11468,5,31,Defender
11469,Player_11469,7,32,Defender
11470,Player_11470,16,20,Goalkeeper
11471,Player_11471,14,37,Bowler
11472,Player_11472,5,39,All-Rounder
11473,Player_11473,9,30,Bowler
11474,Player_11474,4,39,Bowler
11475,Player_11475,4,30,All-Rounder
11476,Player_11476,16,35,Batsman
11477,Player_11477,17,39,All-Rounder
11478,Player_11478,15,37,Batsman
11479,Player_11479,4,38,Goalkeeper
11480,Player_11480,6,24,Batsman
11481,Player_11481,16,33,Bowler
11482,Player_11482,4,33,Bowler
11483,Player_11483,6,39,Bowler
11484,Player_11484,5,23,Batsman
11485,Player_11485,16,23,Bowler
11486,Player_11486,16,21,Defender
11487,Player_11487,10,20,All-Rounder
11488,Player_11488,9,18,Bowler
11489,Player_11489,4,20,Batsman
11490,Player_11490,14,36,Bowler
11491,Player_11491,4,26,Batsman
11492,Player_11492,12,31,All-Rounder
11493,Player_11493,10,36,Batsman
11494,Player_11494,4,36,All-Rounder
11495,Player_11495,18,30,Bowler
11496,Player_11496,13,39,Defender
11497,Player_11497,13,33,Bowler
11498,Player_11498,14,25,All-Rounder
11499,Player_11499,18,33,Goalkeeper
11500,Player_11500,1,26,Goalkeeper
11501,Player_11501,16,26,Goalkeeper
11502,Player_11502,15,20,Bowler
11503,Player_11503,5,24,Batsman
11504,Player_11504,6,37,Defender
11505,Player_11505,6,35,Defender
11506,Player_11506,3,19,Bowler
11507,Player_11507,16,18,All-Rounder
11508,Player_11508,12,29,Bowler
11509,Player_11509,4,33,Goalkeeper
11510,Player_11510,1,29,All-Rounder
11511,Player_11511,4,38,Defender
11512,Player_11512,1,27,Bowler
11513,Player_11513,8,26,Batsman
11514,Player_11514,5,38,Batsman
11515,Player_11515,2,35,Defender
11516,Player_11516,12,21,All-Rounder
11517,Player_11517,17,25,Goalkeeper
11518,Player_11518,7,38,Batsman
11519,Player_11519,11,21,Batsman
11520,Player_11520,4,33,Bowler
11521,Player_11521,5,38,Defender
11522,Player_11522,6,38,Batsman
11523,Player_11523,11,25,Bowler
11524,Player_11524,1,24,All-Rounder
11525,Player_11525,10,30,Batsman
11526,Player_11526,20,25,Defender
11527,Player_11527,11,39,Bowler
11528,Player_11528,17,24,All-Rounder
11529,Player_11529,8,22,Bowler
11530,Player_11530,13,35,Goalkeeper
11531,Player_11531,20,36,Defender
11532,Player_11532,18,27,Defender
11533,Player_11533,16,28,Batsman
11534,Player_11534,2,25,Bowler
11535,Player_11535,5,23,All-Rounder
11536,Player_11536,18,28,Batsman
11537,Player_11537,3,33,Defender
11538,Player_11538,17,21,Bowler
11539,Player_11539,16,19,All-Rounder
11540,Player_11540,6,30,Defender
11541,Player_11541,19,24,All-Rounder
11542,Player_11542,7,34,Bowler
11543,Player_11543,18,30,All-Rounder
11544,Player_11544,14,27,Batsman
11545,Player_11545,6,30,Batsman
11546,Player_11546,8,27,Bowler
11547,Player_11547,15,24,Defender
11548,Player_11548,15,27,Goalkeeper
11549,Player_11549,15,33,Goalkeeper
11550,Player_11550,16,20,Goalkeeper
11551,Player_11551,1,21,Defender
11552,Player_11552,11,21,Batsman
11553,Player_11553,5,21,Batsman
11554,Player_11554,5,33,Batsman
11555,Player_11555,6,26,Bowler
11556,Player_11556,2,23,Batsman
11557,Player_11557,6,27,Batsman
11558,Player_11558,14,21,Batsman
11559,Player_11559,11,29,Goalkeeper
11560,Player_11560,4,27,All-Rounder
11561,Player_11561,9,29,Batsman
11562,Player_11562,3,36,All-Rounder
11563,Player_11563,16,36,Batsman
11564,Player_11564,11,39,Goalkeeper
11565,Player_11565,4,18,Goalkeeper
11566,Player_11566,1,21,All-Rounder
11567,Player_11567,16,30,Goalkeeper
11568,Player_11568,19,25,Bowler
11569,Player_11569,16,39,Defender
11570,Player_11570,11,31,Defender
11571,Player_11571,8,33,Batsman
11572,Player_11572,1,19,Goalkeeper
11573,Player_11573,9,25,Defender
11574,Player_11574,12,30,All-Rounder
11575,Player_11575,8,18,All-Rounder
11576,Player_11576,17,29,All-Rounder
11577,Player_11577,10,34,Batsman
11578,Player_11578,7,24,Defender
11579,Player_11579,19,33,Defender
11580,Player_11580,6,31,Defender
11581,Player_11581,19,27,All-Rounder
11582,Player_11582,18,20,All-Rounder
11583,Player_11583,15,29,Batsman
11584,Player_11584,2,25,Bowler
11585,Player_11585,14,33,Defender
11586,Player_11586,10,18,Batsman
11587,Player_11587,16,34,All-Rounder
11588,Player_11588,7,23,Bowler
11589,Player_11589,8,18,Goalkeeper
11590,Player_11590,10,32,Bowler
11591,Player_11591,15,30,Batsman
11592,Player_11592,8,23,Bowler
11593,Player_11593,13,38,All-Rounder
11594,Player_11594,12,30,Bowler
11595,Player_11595,8,39,All-Rounder
11596,Player_11596,15,21,Bowler
11597,Player_11597,12,18,Batsman
11598,Player_11598,11,27,Goalkeeper
11599,Player_11599,19,21,Defender
11600,Player_11600,14,30,Bowler
11601,Player_11601,18,21,Goalkeeper
11602,Player_11602,13,33,Bowler
11603,Player_11603,4,26,Goalkeeper
11604,Player_11604,17,21,All-Rounder
11605,Player_11605,19,37,Goalkeeper
11606,Player_11606,9,25,Defender
11607,Player_11607,7,21,Goalkeeper
11608,Player_11608,1,26,Defender
11609,Player_11609,7,28,Defender
11610,Player_11610,7,22,Goalkeeper
11611,Player_11611,20,26,Defender
11612,Player_11612,7,25,Defender
11613,Player_11613,8,21,All-Rounder
11614,Player_11614,16,37,Batsman
11615,Player_11615,3,18,All-Rounder
11616,Player_11616,13,37,Batsman
11617,Player_11617,10,30,Batsman
11618,Player_11618,18,22,All-Rounder
11619,Player_11619,7,39,Defender
11620,Player_11620,5,37,All-Rounder
11621,Player_11621,7,38,Defender
11622,Player_11622,17,27,All-Rounder
11623,Player_11623,4,33,All-Rounder
11624,Player_11624,16,25,Bowler
11625,Player_11625,19,29,Goalkeeper
11626,Player_11626,10,20,All-Rounder
11627,Player_11627,3,21,Goalkeeper
11628,Player_11628,3,34,Defender
11629,Player_11629,17,38,Bowler
11630,Player_11630,10,37,Bowler
11631,Player_11631,17,39,Batsman
11632,Player_11632,17,39,Goalkeeper
11633,Player_11633,4,30,Bowler
11634,Player_11634,6,23,Defender
11635,Player_11635,12,20,Batsman
11636,Player_11636,20,31,Bowler
11637,Player_11637,17,24,Defender
11638,Player_11638,17,20,Goalkeeper
11639,Player_11639,10,23,Defender
11640,Player_11640,7,30,Defender
11641,Player_11641,16,31,Defender
11642,Player_11642,13,32,All-Rounder
11643,Player_11643,3,33,Bowler
11644,Player_11644,2,18,Defender
11645,Player_11645,16,32,Batsman
11646,Player_11646,6,24,All-Rounder
11647,Player_11647,6,26,Defender
11648,Player_11648,13,32,Defender
11649,Player_11649,7,31,Bowler
11650,Player_11650,5,36,All-Rounder
11651,Player_11651,7,35,Defender
11652,Player_11652,2,26,Defender
11653,Player_11653,17,18,Goalkeeper
11654,Player_11654,13,29,Batsman
11655,Player_11655,16,27,Batsman
11656,Player_11656,20,24,Bowler
11657,Player_11657,2,31,All-Rounder
11658,Player_11658,5,18,Defender
11659,Player_11659,18,32,All-Rounder
11660,Player_11660,7,39,Bowler
11661,Player_11661,11,18,Goalkeeper
11662,Player_11662,11,30,Bowler
11663,Player_11663,17,37,Batsman
11664,Player_11664,16,19,Goalkeeper
11665,Player_11665,13,20,Defender
11666,Player_11666,5,21,Bowler
11667,Player_11667,20,33,All-Rounder
11668,Player_11668,16,39,All-Rounder
11669,Player_11669,16,29,Batsman
11670,Player_11670,16,21,Batsman
11671,Player_11671,14,39,Batsman
11672,Player_11672,6,29,Batsman
11673,Player_11673,2,24,Defender
11674,Player_11674,14,37,Goalkeeper
11675,Player_11675,16,39,Batsman
11676,Player_11676,20,20,Bowler
11677,Player_11677,13,22,Defender
11678,Player_11678,15,29,Goalkeeper
11679,Player_11679,12,29,Defender
11680,Player_11680,9,37,All-Rounder
11681,Player_11681,18,39,Defender
11682,Player_11682,14,24,Defender
11683,Player_11683,20,39,All-Rounder
11684,Player_11684,4,29,All-Rounder
11685,Player_11685,8,19,All-Rounder
11686,Player_11686,8,31,Defender
11687,Player_11687,16,33,All-Rounder
11688,Player_11688,10,24,Batsman
11689,Player_11689,17,21,Bowler
11690,Player_11690,1,37,Bowler
11691,Player_11691,18,22,All-Rounder
11692,Player_11692,10,31,Goalkeeper
11693,Player_11693,4,26,Defender
11694,Player_11694,1,22,Bowler
11695,Player_11695,4,19,Batsman
11696,Player_11696,4,22,Goalkeeper
11697,Player_11697,4,20,Goalkeeper
11698,Player_11698,17,27,Batsman
11699,Player_11699,9,25,Defender
11700,Player_11700,19,27,Defender
11701,Player_11701,13,19,All-Rounder
11702,Player_11702,4,31,Batsman
11703,Player_11703,5,21,Batsman
11704,Player_11704,13,38,Batsman
11705,Player_11705,16,29,All-Rounder
11706,Player_11706,5,37,Bowler
11707,Player_11707,8,31,Defender
11708,Player_11708,16,33,All-Rounder
11709,Player_11709,1,22,All-Rounder
11710,Player_11710,6,33,All-Rounder
11711,Player_11711,11,21,Batsman
11712,Player_11712,16,20,All-Rounder
11713,Player_11713,5,18,Bowler
11714,Player_11714,16,21,Goalkeeper
11715,Player_11715,7,26,All-Rounder
11716,Player_11716,19,18,Bowler
11717,Player_11717,1,33,Batsman
11718,Player_11718,9,20,Goalkeeper
11719,Player_11719,18,23,Defender
11720,Player_11720,13,30,Defender
11721,Player_11721,15,34,Batsman
11722,Player_11722,3,32,Batsman
11723,Player_11723,10,38,Defender
11724,Player_11724,9,29,Batsman
11725,Player_11725,13,25,Defender
11726,Player_11726,16,33,Batsman
11727,Player_11727,3,20,Defender
11728,Player_11728,15,21,Bowler
11729,Player_11729,17,24,Batsman
11730,Player_11730,14,32,Defender
11731,Player_11731,7,28,Batsman
11732,Player_11732,20,33,Defender
11733,Player_11733,16,39,Defender
11734,Player_11734,8,31,Goalkeeper
11735,Player_11735,4,30,Batsman
11736,Player_11736,20,26,Bowler
11737,Player_11737,15,35,All-Rounder
11738,Player_11738,5,20,All-Rounder
11739,Player_11739,13,37,Batsman
11740,Player_11740,6,39,Defender
11741,Player_11741,5,22,Defender
11742,Player_11742,17,39,Bowler
11743,Player_11743,7,19,Batsman
11744,Player_11744,6,39,All-Rounder
11745,Player_11745,2,38,Bowler
11746,Player_11746,11,34,Batsman
11747,Player_11747,7,33,Batsman
11748,Player_11748,8,37,Batsman
11749,Player_11749,5,30,Goalkeeper
11750,Player_11750,18,37,Bowler
11751,Player_11751,16,28,Batsman
11752,Player_11752,14,25,Bowler
11753,Player_11753,12,38,All-Rounder
11754,Player_11754,17,22,Batsman
11755,Player_11755,5,19,Defender
11756,Player_11756,14,21,Batsman
11757,Player_11757,6,20,Batsman
11758,Player_11758,15,19,Bowler
11759,Player_11759,7,20,Bowler
11760,Player_11760,14,33,Goalkeeper
11761,Player_11761,18,37,Batsman
11762,Player_11762,1,26,All-Rounder
11763,Player_11763,6,23,Bowler
11764,Player_11764,3,32,Goalkeeper
11765,Player_11765,5,22,Defender
11766,Player_11766,12,26,Defender
11767,Player_11767,11,23,Goalkeeper
11768,Player_11768,13,20,Defender
11769,Player_11769,16,30,Batsman
11770,Player_11770,18,39,Bowler
11771,Player_11771,17,32,All-Rounder
11772,Player_11772,17,28,Defender
11773,Player_11773,11,33,Batsman
11774,Player_11774,20,32,Bowler
11775,Player_11775,10,23,Batsman
11776,Player_11776,16,31,Batsman
11777,Player_11777,2,28,Bowler
11778,Player_11778,17,37,Defender
11779,Player_11779,20,27,Defender
11780,Player_11780,10,33,Batsman
11781,Player_11781,13,29,Goalkeeper
11782,Player_11782,12,24,Defender
11783,Player_11783,15,24,Batsman
11784,Player_11784,7,35,All-Rounder
11785,Player_11785,13,32,All-Rounder
11786,Player_11786,12,23,Goalkeeper
11787,Player_11787,12,36,Batsman
11788,Player_11788,2,25,All-Rounder
11789,Player_11789,5,37,Defender
11790,Player_11790,2,32,Batsman
11791,Player_11791,20,21,Goalkeeper
11792,Player_11792,13,35,Goalkeeper
11793,Player_11793,3,30,Defender
11794,Player_11794,11,39,All-Rounder
11795,Player_11795,16,39,All-Rounder
11796,Player_11796,1,18,Goalkeeper
11797,Player_11797,19,25,Bowler
11798,Player_11798,11,36,Goalkeeper
11799,Player_11799,9,34,Goalkeeper
11800,Player_11800,14,27,Batsman
11801,Player_11801,9,18,Defender
11802,Player_11802,7,18,Batsman
11803,Player_11803,16,38,Goalkeeper
11804,Player_11804,3,22,Batsman
11805,Player_11805,19,18,All-Rounder
11806,Player_11806,4,38,Goalkeeper
11807,Player_11807,7,38,All-Rounder
11808,Player_11808,12,37,All-Rounder
11809,Player_11809,18,30,Defender
11810,Player_11810,5,26,All-Rounder
11811,Player_11811,10,33,Batsman
11812,Player_11812,12,25,Batsman
11813,Player_11813,8,31,Bowler
11814,Player_11814,19,34,Defender
11815,Player_11815,15,21,Bowler
11816,Player_11816,1,24,All-Rounder
11817,Player_11817,3,34,Goalkeeper
11818,Player_11818,18,33,Batsman
11819,Player_11819,18,31,Goalkeeper
11820,Player_11820,2,33,Bowler
11821,Player_11821,5,19,Bowler
11822,Player_11822,1,32,Batsman
11823,Player_11823,10,28,Bowler
11824,Player_11824,20,30,Goalkeeper
11825,Player_11825,10,21,Bowler
11826,Player_11826,5,18,Goalkeeper
11827,Player_11827,18,32,All-Rounder
11828,Player_11828,15,29,Defender
11829,Player_11829,20,38,Batsman
11830,Player_11830,8,26,Bowler
11831,Player_11831,17,24,Batsman
11832,Player_11832,12,20,Bowler
11833,Player_11833,12,33,All-Rounder
11834,Player_11834,1,21,Goalkeeper
11835,Player_11835,4,31,Batsman
11836,Player_11836,8,39,All-Rounder
11837,Player_11837,1,30,All-Rounder
11838,Player_11838,15,37,Defender
11839,Player_11839,18,36,All-Rounder
11840,Player_11840,1,19,Defender
11841,Player_11841,11,27,All-Rounder
11842,Player_11842,2,36,Goalkeeper
11843,Player_11843,1,32,All-Rounder
11844,Player_11844,12,24,Goalkeeper
11845,Player_11845,16,32,Bowler
11846,Player_11846,10,34,All-Rounder
11847,Player_11847,18,33,All-Rounder
11848,Player_11848,15,34,Bowler
11849,Player_11849,17,33,Defender
11850,Player_11850,10,35,Goalkeeper
11851,Player_11851,3,34,Bowler
11852,Player_11852,16,21,Bowler
11853,Player_11853,6,19,Batsman
11854,Player_11854,3,34,Bowler
11855,Player_11855,9,34,Defender
11856,Player_11856,11,19,Defender
11857,Player_11857,13,39,Defender
11858,Player_11858,18,19,Goalkeeper
11859,Player_11859,4,32,Goalkeeper
11860,Player_11860,8,33,All-Rounder
11861,Player_11861,13,28,Bowler
11862,Player_11862,10,19,Defender
11863,Player_11863,2,25,Bowler
11864,Player_11864,8,38,All-Rounder
11865,Player_11865,6,29,All-Rounder
11866,Player_11866,16,31,Defender
11867,Player_11867,18,31,Bowler
11868,Player_11868,17,29,All-Rounder
11869,Player_11869,6,19,Batsman
11870,Player_11870,13,31,Goalkeeper
11871,Player_11871,14,29,Bowler
11872,Player_11872,10,26,Defender
11873,Player_11873,11,25,All-Rounder
11874,Player_11874,13,37,All-Rounder
11875,Player_11875,12,33,All-Rounder
11876,Player_11876,9,27,Goalkeeper
11877,Player_11877,4,24,Bowler
11878,Player_11878,7,32,All-Rounder
11879,Player_11879,2,26,Goalkeeper
11880,Player_11880,7,21,Batsman
11881,Player_11881,9,23,Bowler
11882,Player_11882,5,29,Defender
11883,Player_11883,15,32,Bowler
11884,Player_11884,18,36,All-Rounder
11885,Player_11885,4,39,Defender
11886,Player_11886,19,19,Bowler
11887,Player_11887,20,36,Defender
11888,Player_11888,7,37,Bowler
11889,Player_11889,8,37,Batsman
11890,Player_11890,17,19,Batsman
11891,Player_11891,13,32,Batsman
11892,Player_11892,11,29,Bowler
11893,Player_11893,1,18,Defender
11894,Player_11894,2,31,Batsman
11895,Player_11895,17,21,Goalkeeper
11896,Player_11896,5,39,Goalkeeper
11897,Player_11897,6,28,Batsman
11898,Player_11898,7,24,Batsman
11899,Player_11899,15,30,All-Rounder
11900,Player_11900,19,31,Goalkeeper
11901,Player_11901,16,24,Goalkeeper
11902,Player_11902,13,39,Batsman
11903,Player_11903,5,28,All-Rounder
11904,Player_11904,3,37,Defender
11905,Player_11905,3,37,All-Rounder
11906,Player_11906,19,28,All-Rounder
11907,Player_11907,14,38,Goalkeeper
11908,Player_11908,16,26,Batsman
11909,Player_11909,17,21,Batsman
11910,Player_11910,4,19,Batsman
11911,Player_11911,13,19,All-Rounder
11912,Player_11912,8,26,All-Rounder
11913,Player_11913,19,36,Bowler
11914,Player_11914,5,32,Defender
11915,Player_11915,2,38,Bowler
11916,Player_11916,15,38,Defender
11917,Player_11917,2,35,Bowler
11918,Player_11918,11,33,Bowler
11919,Player_11919,13,19,Bowler
11920,Player_11920,10,29,Bowler
11921,Player_11921,3,18,All-Rounder
11922,Player_11922,5,19,Defender
11923,Player_11923,3,31,Bowler
11924,Player_11924,6,24,Bowler
11925,Player_11925,13,34,Batsman
11926,Player_11926,10,32,All-Rounder
11927,Player_11927,19,34,Goalkeeper
11928,Player_11928,8,26,Batsman
11929,Player_11929,18,30,Goalkeeper
11930,Player_11930,3,19,Bowler
11931,Player_11931,17,32,Defender
11932,Player_11932,8,37,Goalkeeper
11933,Player_11933,10,28,Goalkeeper
11934,Player_11934,2,36,Goalkeeper
11935,Player_11935,12,31,Defender
11936,Player_11936,6,21,Batsman
11937,Player_11937,2,28,All-Rounder
11938,Player_11938,3,33,Defender
11939,Player_11939,17,19,Batsman
11940,Player_11940,7,19,Bowler
11941,Player_11941,5,26,Batsman
11942,Player_11942,1,39,Goalkeeper
11943,Player_11943,8,38,Batsman
11944,Player_11944,12,38,Batsman
11945,Player_11945,14,21,Bowler
11946,Player_11946,16,25,Bowler
11947,Player_11947,10,35,Batsman
11948,Player_11948,15,32,Defender
11949,Player_11949,15,19,Bowler
11950,Player_11950,10,39,Goalkeeper
11951,Player_11951,7,28,Defender
11952,Player_11952,3,34,Batsman
11953,Player_11953,2,24,Goalkeeper
11954,Player_11954,6,25,Goalkeeper
11955,Player_11955,9,27,Defender
11956,Player_11956,10,20,Batsman
11957,Player_11957,4,30,Goalkeeper
11958,Player_11958,3,34,Bowler
11959,Player_11959,9,30,Bowler
11960,Player_11960,17,36,Defender
11961,Player_11961,14,39,Bowler
11962,Player_11962,10,26,All-Rounder
11963,Player_11963,13,38,Batsman
11964,Player_11964,12,33,Goalkeeper
11965,Player_11965,1,22,Goalkeeper
11966,Player_11966,19,26,Defender
11967,Player_11967,19,26,Defender
11968,Player_11968,6,23,Goalkeeper
11969,Player_11969,13,38,Bowler
11970,Player_11970,19,27,Defender
11971,Player_11971,13,35,All-Rounder
11972,Player_11972,4,28,Defender
11973,Player_11973,2,32,Bowler
11974,Player_11974,15,24,Batsman
11975,Player_11975,12,31,All-Rounder
11976,Player_11976,7,25,Defender
11977,Player_11977,20,36,Batsman
11978,Player_11978,18,32,Batsman
11979,Player_11979,13,36,Goalkeeper
11980,Player_11980,17,35,Bowler
11981,Player_11981,4,34,Goalkeeper
11982,Player_11982,14,20,Bowler
11983,Player_11983,20,20,Batsman
11984,Player_11984,13,24,Defender
11985,Player_11985,3,27,Bowler
11986,Player_11986,18,34,Bowler
11987,Player_11987,14,32,Batsman
11988,Player_11988,15,25,All-Rounder
11989,Player_11989,3,34,Batsman
11990,Player_11990,1,20,Batsman
11991,Player_11991,17,21,Bowler
11992,Player_11992,3,25,Batsman
11993,Player_11993,14,30,Goalkeeper
11994,Player_11994,3,18,Batsman
11995,Player_11995,13,35,Defender
11996,Player_11996,15,28,Batsman
11997,Player_11997,18,38,Batsman
11998,Player_11998,14,23,Defender
11999,Player_11999,3,33,All-Rounder
12000,Player_12000,19,38,All-Rounder
12001,Player_12001,8,36,All-Rounder
12002,Player_12002,4,34,Goalkeeper
12003,Player_12003,4,35,Defender
12004,Player_12004,19,28,Goalkeeper
12005,Player_12005,11,31,Goalkeeper
12006,Player_12006,1,29,Goalkeeper
12007,Player_12007,8,37,Defender
12008,Player_12008,15,24,Bowler
12009,Player_12009,1,34,Bowler
12010,Player_12010,7,22,All-Rounder
12011,Player_12011,20,39,Goalkeeper
12012,Player_12012,20,31,All-Rounder
12013,Player_12013,11,30,Goalkeeper
12014,Player_12014,14,29,All-Rounder
12015,Player_12015,16,31,Batsman
12016,Player_12016,14,26,Defender
12017,Player_12017,12,21,Goalkeeper
12018,Player_12018,17,39,Goalkeeper
12019,Player_12019,14,36,Goalkeeper
12020,Player_12020,10,18,Defender
12021,Player_12021,14,30,Batsman
12022,Player_12022,18,23,Bowler
12023,Player_12023,9,18,Defender
12024,Player_12024,17,39,Batsman
12025,Player_12025,6,34,All-Rounder
12026,Player_12026,8,20,Goalkeeper
12027,Player_12027,13,34,Goalkeeper
12028,Player_12028,18,19,Bowler
12029,Player_12029,5,39,All-Rounder
12030,Player_12030,6,24,Batsman
12031,Player_12031,19,18,All-Rounder
12032,Player_12032,4,38,All-Rounder
12033,Player_12033,7,39,Bowler
12034,Player_12034,4,32,Batsman
12035,Player_12035,11,21,Bowler
12036,Player_12036,12,23,Batsman
12037,Player_12037,14,38,Defender
12038,Player_12038,13,30,Defender
12039,Player_12039,10,30,Goalkeeper
12040,Player_12040,18,37,Bowler
12041,Player_12041,16,18,Defender
12042,Player_12042,5,19,All-Rounder
12043,Player_12043,8,23,All-Rounder
12044,Player_12044,14,28,Defender
12045,Player_12045,5,35,Bowler
12046,Player_12046,8,30,Goalkeeper
12047,Player_12047,6,38,All-Rounder
12048,Player_12048,16,29,Goalkeeper
12049,Player_12049,4,37,All-Rounder
12050,Player_12050,12,24,Batsman
12051,Player_12051,11,37,Defender
12052,Player_12052,3,24,Bowler
12053,Player_12053,12,24,All-Rounder
12054,Player_12054,5,19,Defender
12055,Player_12055,6,28,Goalkeeper
12056,Player_12056,19,18,Bowler
12057,Player_12057,18,38,Bowler
12058,Player_12058,16,30,Defender
12059,Player_12059,11,29,Defender
12060,Player_12060,5,30,Defender
12061,Player_12061,9,24,Batsman
12062,Player_12062,3,29,Batsman
12063,Player_12063,8,34,Bowler
12064,Player_12064,6,25,Defender
12065,Player_12065,4,20,Batsman
12066,Player_12066,12,24,Bowler
12067,Player_12067,12,36,All-Rounder
12068,Player_12068,16,37,Defender
12069,Player_12069,10,25,Batsman
12070,Player_12070,14,31,Bowler
12071,Player_12071,13,31,Defender
12072,Player_12072,9,19,Bowler
12073,Player_12073,7,23,All-Rounder
12074,Player_12074,12,33,Bowler
12075,Player_12075,5,26,Bowler
12076,Player_12076,18,38,All-Rounder
12077,Player_12077,4,32,Goalkeeper
12078,Player_12078,2,36,Defender
12079,Player_12079,3,32,All-Rounder
12080,Player_12080,12,39,All-Rounder
12081,Player_12081,3,29,Defender
12082,Player_12082,4,26,Bowler
12083,Player_12083,6,33,Batsman
12084,Player_12084,12,23,Defender
12085,Player_12085,19,37,All-Rounder
12086,Player_12086,10,32,Bowler
12087,Player_12087,1,30,Goalkeeper
12088,Player_12088,17,38,Bowler
12089,Player_12089,16,27,Batsman
12090,Player_12090,9,31,Bowler
12091,Player_12091,9,20,Batsman
12092,Player_12092,9,29,Goalkeeper
12093,Player_12093,12,18,Goalkeeper
12094,Player_12094,9,38,Bowler
12095,Player_12095,15,33,Defender
12096,Player_12096,2,27,Defender
12097,Player_12097,11,26,Defender
12098,Player_12098,11,35,Goalkeeper
12099,Player_12099,8,18,Batsman
12100,Player_12100,6,27,All-Rounder
12101,Player_12101,20,24,Bowler
12102,Player_12102,7,27,Batsman
12103,Player_12103,3,29,All-Rounder
12104,Player_12104,8,28,Goalkeeper
12105,Player_12105,18,26,All-Rounder
12106,Player_12106,17,22,Goalkeeper
12107,Player_12107,11,21,Goalkeeper
12108,Player_12108,2,37,Batsman
12109,Player_12109,19,30,Defender
12110,Player_12110,7,25,Defender
12111,Player_12111,18,33,Batsman
12112,Player_12112,8,18,Bowler
12113,Player_12113,14,34,Goalkeeper
12114,Player_12114,7,32,Bowler
12115,Player_12115,4,32,Goalkeeper
12116,Player_12116,17,35,Goalkeeper
12117,Player_12117,5,23,Defender
12118,Player_12118,12,19,Defender
12119,Player_12119,9,22,Goalkeeper
12120,Player_12120,20,36,Defender
12121,Player_12121,13,24,Defender
12122,Player_12122,18,26,All-Rounder
12123,Player_12123,20,19,All-Rounder
12124,Player_12124,9,24,Goalkeeper
12125,Player_12125,4,31,Defender
12126,Player_12126,8,32,All-Rounder
12127,Player_12127,1,29,Bowler
12128,Player_12128,17,37,Goalkeeper
12129,Player_12129,9,21,Goalkeeper
12130,Player_12130,20,30,Bowler
12131,Player_12131,13,26,Goalkeeper
12132,Player_12132,2,29,Defender
12133,Player_12133,13,27,All-Rounder
12134,Player_12134,9,26,Batsman
12135,Player_12135,20,38,All-Rounder
12136,Player_12136,6,24,Bowler
12137,Player_12137,1,29,Batsman
12138,Player_12138,5,33,Defender
12139,Player_12139,3,32,Defender
12140,Player_12140,4,24,All-Rounder
12141,Player_12141,1,25,Goalkeeper
12142,Player_12142,14,24,Goalkeeper
12143,Player_12143,9,28,Bowler
12144,Player_12144,4,21,Goalkeeper
12145,Player_12145,18,35,Defender
12146,Player_12146,14,36,Batsman
12147,Player_12147,4,24,All-Rounder
12148,Player_12148,10,30,All-Rounder
12149,Player_12149,3,26,All-Rounder
12150,Player_12150,7,35,Goalkeeper
12151,Player_12151,10,24,Batsman
12152,Player_12152,13,37,Goalkeeper
12153,Player_12153,4,33,Goalkeeper
12154,Player_12154,18,22,Defender
12155,Player_12155,11,24,Defender
12156,Player_12156,4,23,Goalkeeper
12157,Player_12157,14,19,Bowler
12158,Player_12158,18,24,Bowler
12159,Player_12159,8,38,Bowler
12160,Player_12160,10,26,Goalkeeper
12161,Player_12161,5,30,Batsman
12162,Player_12162,7,34,Bowler
12163,Player_12163,12,34,Defender
12164,Player_12164,3,32,All-Rounder
12165,Player_12165,4,35,All-Rounder
12166,Player_12166,10,32,Goalkeeper
12167,Player_12167,4,28,All-Rounder
12168,Player_12168,15,29,Goalkeeper
12169,Player_12169,10,34,All-Rounder
12170,Player_12170,16,29,Batsman
12171,Player_12171,15,24,Batsman
12172,Player_12172,19,24,Batsman
12173,Player_12173,20,38,Batsman
12174,Player_12174,19,27,Bowler
12175,Player_12175,18,33,Defender
12176,Player_12176,12,28,Batsman
12177,Player_12177,16,33,Bowler
12178,Player_12178,1,19,Goalkeeper
12179,Player_12179,16,19,All-Rounder
12180,Player_12180,2,35,All-Rounder
12181,Player_12181,15,22,Bowler
12182,Player_12182,7,31,All-Rounder
12183,Player_12183,1,25,Batsman
12184,Player_12184,5,23,All-Rounder
12185,Player_12185,10,26,Batsman
12186,Player_12186,4,23,Batsman
12187,Player_12187,14,38,All-Rounder
12188,Player_12188,13,34,Bowler
12189,Player_12189,1,25,Goalkeeper
12190,Player_12190,16,20,Bowler
12191,Player_12191,9,29,Defender
12192,Player_12192,16,30,Defender
12193,Player_12193,19,35,Batsman
12194,Player_12194,15,28,Batsman
12195,Player_12195,14,19,Bowler
12196,Player_12196,20,31,Bowler
12197,Player_12197,10,18,Batsman
12198,Player_12198,12,32,Goalkeeper
12199,Player_12199,1,35,Goalkeeper
12200,Player_12200,17,39,Defender
12201,Player_12201,9,35,Goalkeeper
12202,Player_12202,19,34,All-Rounder
12203,Player_12203,18,18,Batsman
12204,Player_12204,7,31,Bowler
12205,Player_12205,9,37,Batsman
12206,Player_12206,12,39,All-Rounder
12207,Player_12207,7,33,Goalkeeper
12208,Player_12208,14,21,Batsman
12209,Player_12209,15,39,All-Rounder
12210,Player_12210,15,23,Goalkeeper
12211,Player_12211,6,33,Defender
12212,Player_12212,14,37,Defender
12213,Player_12213,2,23,Defender
12214,Player_12214,8,32,All-Rounder
12215,Player_12215,13,18,All-Rounder
12216,Player_12216,6,24,Bowler
12217,Player_12217,5,28,Bowler
12218,Player_12218,5,18,Defender
12219,Player_12219,1,25,Batsman
12220,Player_12220,9,31,Goalkeeper
12221,Player_12221,6,22,Bowler
12222,Player_12222,20,30,Goalkeeper
12223,Player_12223,7,32,Batsman
12224,Player_12224,9,26,Defender
12225,Player_12225,5,25,Goalkeeper
12226,Player_12226,14,36,Defender
12227,Player_12227,5,34,Goalkeeper
12228,Player_12228,8,36,Batsman
12229,Player_12229,7,35,Bowler
12230,Player_12230,13,35,All-Rounder
12231,Player_12231,13,21,Defender
12232,Player_12232,8,19,Bowler
12233,Player_12233,11,22,Goalkeeper
12234,Player_12234,18,34,Bowler
12235,Player_12235,19,39,All-Rounder
12236,Player_12236,6,24,Defender
12237,Player_12237,2,33,Defender
12238,Player_12238,13,18,Bowler
12239,Player_12239,11,29,Batsman
12240,Player_12240,1,36,Goalkeeper
12241,Player_12241,2,26,Bowler
12242,Player_12242,17,33,Batsman
12243,Player_12243,8,24,Defender
12244,Player_12244,2,32,Goalkeeper
12245,Player_12245,6,29,Defender
12246,Player_12246,5,21,All-Rounder
12247,Player_12247,16,23,Batsman
12248,Player_12248,8,23,All-Rounder
12249,Player_12249,19,32,All-Rounder
12250,Player_12250,16,20,All-Rounder
12251,Player_12251,13,19,Batsman
12252,Player_12252,20,22,Goalkeeper
12253,Player_12253,7,25,Defender
12254,Player_12254,16,36,Goalkeeper
12255,Player_12255,16,38,Goalkeeper
12256,Player_12256,12,33,Goalkeeper
12257,Player_12257,14,36,Defender
12258,Player_12258,18,33,Defender
12259,Player_12259,18,23,Batsman
12260,Player_12260,16,39,Bowler
12261,Player_12261,20,18,Defender
12262,Player_12262,16,35,Defender
12263,Player_12263,13,39,Bowler
12264,Player_12264,9,25,Defender
12265,Player_12265,9,22,Goalkeeper
12266,Player_12266,13,29,Defender
12267,Player_12267,4,35,Batsman
12268,Player_12268,9,22,Defender
12269,Player_12269,15,39,Bowler
12270,Player_12270,14,30,Goalkeeper
12271,Player_12271,19,38,Bowler
12272,Player_12272,12,39,Defender
12273,Player_12273,6,29,Defender
12274,Player_12274,3,33,Batsman
12275,Player_12275,20,31,Goalkeeper
12276,Player_12276,16,28,Defender
12277,Player_12277,20,26,Batsman
12278,Player_12278,17,27,Batsman
12279,Player_12279,16,33,Bowler
12280,Player_12280,6,36,Goalkeeper
12281,Player_12281,8,27,All-Rounder
12282,Player_12282,19,38,Batsman
12283,Player_12283,2,21,All-Rounder
12284,Player_12284,14,38,Bowler
12285,Player_12285,12,25,Batsman
12286,Player_12286,17,28,Goalkeeper
12287,Player_12287,15,23,All-Rounder
12288,Player_12288,18,21,Goalkeeper
12289,Player_12289,16,38,All-Rounder
12290,Player_12290,13,22,Bowler
12291,Player_12291,17,35,Batsman
12292,Player_12292,8,39,Batsman
12293,Player_12293,1,20,Bowler
12294,Player_12294,3,24,Defender
12295,Player_12295,16,39,All-Rounder
12296,Player_12296,2,29,All-Rounder
12297,Player_12297,15,20,Defender
12298,Player_12298,1,34,Bowler
12299,Player_12299,9,20,Goalkeeper
12300,Player_12300,16,28,Goalkeeper
12301,Player_12301,4,23,Bowler
12302,Player_12302,12,28,Goalkeeper
12303,Player_12303,1,21,Bowler
12304,Player_12304,1,34,All-Rounder
12305,Player_12305,7,39,All-Rounder
12306,Player_12306,18,18,Defender
12307,Player_12307,15,29,Bowler
12308,Player_12308,13,20,Goalkeeper
12309,Player_12309,16,33,Bowler
12310,Player_12310,7,20,Batsman
12311,Player_12311,16,31,Defender
12312,Player_12312,13,34,Batsman
12313,Player_12313,14,36,Defender
12314,Player_12314,17,24,Defender
12315,Player_12315,12,28,Defender
12316,Player_12316,20,33,Batsman
12317,Player_12317,13,36,Defender
12318,Player_12318,20,22,Bowler
12319,Player_12319,15,18,Bowler
12320,Player_12320,4,27,Batsman
12321,Player_12321,2,35,All-Rounder
12322,Player_12322,18,27,All-Rounder
12323,Player_12323,2,18,Batsman
12324,Player_12324,15,30,Defender
12325,Player_12325,19,21,Defender
12326,Player_12326,15,29,Defender
12327,Player_12327,20,33,Batsman
12328,Player_12328,10,36,Defender
12329,Player_12329,20,29,Bowler
12330,Player_12330,11,23,Defender
12331,Player_12331,10,33,Batsman
12332,Player_12332,5,29,Defender
12333,Player_12333,9,27,Bowler
12334,Player_12334,20,22,Batsman
12335,Player_12335,19,36,All-Rounder
12336,Player_12336,13,29,Batsman
12337,Player_12337,18,25,Goalkeeper
12338,Player_12338,17,21,All-Rounder
12339,Player_12339,6,24,All-Rounder
12340,Player_12340,10,22,Batsman
12341,Player_12341,2,28,Goalkeeper
12342,Player_12342,6,34,All-Rounder
12343,Player_12343,13,38,Defender
12344,Player_12344,18,20,Goalkeeper
12345,Player_12345,7,19,Goalkeeper
12346,Player_12346,2,36,Batsman
12347,Player_12347,14,19,Batsman
12348,Player_12348,5,31,Batsman
12349,Player_12349,18,18,Goalkeeper
12350,Player_12350,11,33,Bowler
12351,Player_12351,10,32,Batsman
12352,Player_12352,11,35,Bowler
12353,Player_12353,2,19,All-Rounder
12354,Player_12354,15,28,Defender
12355,Player_12355,7,38,Defender
12356,Player_12356,9,34,Bowler
12357,Player_12357,5,30,Goalkeeper
12358,Player_12358,7,29,Defender
12359,Player_12359,20,19,Bowler
12360,Player_12360,2,39,Batsman
12361,Player_12361,3,38,Bowler
12362,Player_12362,2,35,All-Rounder
12363,Player_12363,19,27,Bowler
12364,Player_12364,4,29,Batsman
12365,Player_12365,20,34,Bowler
12366,Player_12366,7,39,Batsman
12367,Player_12367,7,31,Batsman
12368,Player_12368,17,39,All-Rounder
12369,Player_12369,19,36,All-Rounder
12370,Player_12370,16,30,Defender
12371,Player_12371,3,20,Batsman
12372,Player_12372,15,25,Batsman
12373,Player_12373,14,22,Batsman
12374,Player_12374,15,39,Defender
12375,Player_12375,14,29,Goalkeeper
12376,Player_12376,7,18,All-Rounder
12377,Player_12377,3,38,All-Rounder
12378,Player_12378,17,33,Batsman
12379,Player_12379,10,29,Defender
12380,Player_12380,15,34,Batsman
12381,Player_12381,6,26,All-Rounder
12382,Player_12382,17,30,Defender
12383,Player_12383,17,21,Bowler
12384,Player_12384,14,21,All-Rounder
12385,Player_12385,18,32,Bowler
12386,Player_12386,5,27,Goalkeeper
12387,Player_12387,8,23,Bowler
12388,Player_12388,7,20,Defender
12389,Player_12389,4,32,Bowler
12390,Player_12390,18,23,Goalkeeper
12391,Player_12391,5,28,All-Rounder
12392,Player_12392,16,19,Goalkeeper
12393,Player_12393,14,19,Defender
12394,Player_12394,19,18,Bowler
12395,Player_12395,14,28,Bowler
12396,Player_12396,9,22,Defender
12397,Player_12397,6,23,Batsman
12398,Player_12398,17,20,Defender
12399,Player_12399,19,37,Defender
12400,Player_12400,12,22,Goalkeeper
12401,Player_12401,4,37,Goalkeeper
12402,Player_12402,16,26,Defender
12403,Player_12403,11,36,All-Rounder
12404,Player_12404,4,22,Bowler
12405,Player_12405,17,29,Defender
12406,Player_12406,8,29,Batsman
12407,Player_12407,14,33,Bowler
12408,Player_12408,2,24,All-Rounder
12409,Player_12409,11,31,Defender
12410,Player_12410,11,39,All-Rounder
12411,Player_12411,6,26,Bowler
12412,Player_12412,14,32,Batsman
12413,Player_12413,10,28,Bowler
12414,Player_12414,8,21,Bowler
12415,Player_12415,7,28,Defender
12416,Player_12416,8,26,Bowler
12417,Player_12417,8,23,Defender
12418,Player_12418,2,34,Defender
12419,Player_12419,16,26,All-Rounder
12420,Player_12420,9,23,Batsman
12421,Player_12421,13,23,Defender
12422,Player_12422,12,21,Goalkeeper
12423,Player_12423,17,37,All-Rounder
12424,Player_12424,2,28,Defender
12425,Player_12425,13,20,Defender
12426,Player_12426,1,35,All-Rounder
12427,Player_12427,19,33,Bowler
12428,Player_12428,11,38,Defender
12429,Player_12429,5,33,Batsman
12430,Player_12430,1,29,Defender
12431,Player_12431,20,31,All-Rounder
12432,Player_12432,13,26,Goalkeeper
12433,Player_12433,8,24,All-Rounder
12434,Player_12434,6,31,All-Rounder
12435,Player_12435,17,37,Batsman
12436,Player_12436,12,37,Bowler
12437,Player_12437,1,27,Batsman
12438,Player_12438,3,28,Batsman
12439,Player_12439,14,24,Defender
12440,Player_12440,8,36,Goalkeeper
12441,Player_12441,11,36,All-Rounder
12442,Player_12442,14,38,Batsman
12443,Player_12443,8,28,Batsman
12444,Player_12444,3,23,Bowler
12445,Player_12445,7,25,Bowler
12446,Player_12446,19,18,Goalkeeper
12447,Player_12447,4,25,All-Rounder
12448,Player_12448,16,22,Batsman
12449,Player_12449,13,27,Defender
12450,Player_12450,20,19,Bowler
12451,Player_12451,19,21,Batsman
12452,Player_12452,5,39,Defender
12453,Player_12453,5,19,Batsman
12454,Player_12454,20,32,Goalkeeper
12455,Player_12455,4,37,Goalkeeper
12456,Player_12456,2,27,Defender
12457,Player_12457,13,38,Bowler
12458,Player_12458,16,19,Goalkeeper
12459,Player_12459,2,23,Bowler
12460,Player_12460,19,39,Defender
12461,Player_12461,17,31,Defender
12462,Player_12462,5,22,Batsman
12463,Player_12463,18,19,Defender
12464,Player_12464,18,31,Batsman
12465,Player_12465,8,30,Bowler
12466,Player_12466,15,19,Batsman
12467,Player_12467,13,26,Bowler
12468,Player_12468,13,20,Goalkeeper
12469,Player_12469,16,32,Bowler
12470,Player_12470,20,20,All-Rounder
12471,Player_12471,13,29,Batsman
12472,Player_12472,20,23,Goalkeeper
12473,Player_12473,2,36,Bowler
12474,Player_12474,3,34,Defender
12475,Player_12475,15,23,Batsman
12476,Player_12476,19,36,Bowler
12477,Player_12477,13,34,Goalkeeper
12478,Player_12478,5,33,Defender
12479,Player_12479,6,38,Batsman
12480,Player_12480,14,25,Goalkeeper
12481,Player_12481,4,36,Defender
12482,Player_12482,19,25,All-Rounder
12483,Player_12483,7,37,Defender
12484,Player_12484,4,32,Batsman
12485,Player_12485,2,25,All-Rounder
12486,Player_12486,7,20,Bowler
12487,Player_12487,3,33,All-Rounder
12488,Player_12488,15,20,All-Rounder
12489,Player_12489,1,18,All-Rounder
12490,Player_12490,2,25,Defender
12491,Player_12491,10,26,All-Rounder
12492,Player_12492,16,39,All-Rounder
12493,Player_12493,15,29,Bowler
12494,Player_12494,15,35,All-Rounder
12495,Player_12495,14,34,Defender
12496,Player_12496,14,25,Goalkeeper
12497,Player_12497,6,37,Goalkeeper
12498,Player_12498,14,28,Defender
12499,Player_12499,17,24,Defender
12500,Player_12500,18,31,All-Rounder
12501,Player_12501,20,27,Defender
12502,Player_12502,19,32,All-Rounder
12503,Player_12503,17,29,Batsman
12504,Player_12504,16,37,Bowler
12505,Player_12505,8,34,Bowler
12506,Player_12506,7,25,Bowler
12507,Player_12507,20,31,Batsman
12508,Player_12508,12,32,Bowler
12509,Player_12509,9,28,All-Rounder
12510,Player_12510,14,29,Goalkeeper
12511,Player_12511,20,37,Bowler
12512,Player_12512,1,33,Bowler
12513,Player_12513,10,37,All-Rounder
12514,Player_12514,17,35,All-Rounder
12515,Player_12515,17,27,Bowler
12516,Player_12516,17,36,Defender
12517,Player_12517,4,35,Batsman
12518,Player_12518,17,18,Goalkeeper
12519,Player_12519,18,39,Goalkeeper
12520,Player_12520,20,21,Batsman
12521,Player_12521,2,24,Bowler
12522,Player_12522,8,18,Bowler
12523,Player_12523,13,25,Bowler
12524,Player_12524,20,34,Bowler
12525,Player_12525,15,25,Bowler
12526,Player_12526,20,22,Goalkeeper
12527,Player_12527,9,18,Bowler
12528,Player_12528,3,32,All-Rounder
12529,Player_12529,3,21,Defender
12530,Player_12530,2,24,Bowler
12531,Player_12531,1,31,All-Rounder
12532,Player_12532,14,29,Goalkeeper
12533,Player_12533,17,38,All-Rounder
12534,Player_12534,13,20,Batsman
12535,Player_12535,19,37,Batsman
12536,Player_12536,15,35,All-Rounder
12537,Player_12537,14,25,Bowler
12538,Player_12538,2,19,Bowler
12539,Player_12539,7,23,Bowler
12540,Player_12540,17,24,All-Rounder
12541,Player_12541,18,24,Batsman
12542,Player_12542,6,30,Batsman
12543,Player_12543,8,18,Goalkeeper
12544,Player_12544,2,25,Batsman
12545,Player_12545,1,30,Batsman
12546,Player_12546,16,37,Defender
12547,Player_12547,7,36,Batsman
12548,Player_12548,11,34,All-Rounder
12549,Player_12549,15,30,Bowler
12550,Player_12550,13,33,All-Rounder
12551,Player_12551,2,32,Bowler
12552,Player_12552,14,28,Bowler
12553,Player_12553,6,29,Goalkeeper
12554,Player_12554,9,39,Batsman
12555,Player_12555,7,20,Goalkeeper
12556,Player_12556,18,26,Bowler
12557,Player_12557,9,31,Defender
12558,Player_12558,4,24,Defender
12559,Player_12559,9,28,Goalkeeper
12560,Player_12560,4,27,Goalkeeper
12561,Player_12561,12,20,Batsman
12562,Player_12562,4,36,Goalkeeper
12563,Player_12563,20,19,Goalkeeper
12564,Player_12564,14,34,All-Rounder
12565,Player_12565,7,19,Goalkeeper
12566,Player_12566,13,38,Goalkeeper
12567,Player_12567,8,33,All-Rounder
12568,Player_12568,5,34,Bowler
12569,Player_12569,12,27,Bowler
12570,Player_12570,13,21,All-Rounder
12571,Player_12571,20,28,Batsman
12572,Player_12572,14,34,Goalkeeper
12573,Player_12573,18,29,Batsman
12574,Player_12574,20,38,Defender
12575,Player_12575,4,27,Batsman
12576,Player_12576,18,33,Goalkeeper
12577,Player_12577,7,21,Bowler
12578,Player_12578,15,20,Goalkeeper
12579,Player_12579,6,26,Goalkeeper
12580,Player_12580,16,23,Goalkeeper
12581,Player_12581,20,29,Batsman
12582,Player_12582,8,18,Bowler
12583,Player_12583,16,31,Bowler
12584,Player_12584,16,27,Batsman
12585,Player_12585,3,35,Batsman
12586,Player_12586,17,30,Batsman
12587,Player_12587,9,26,Defender
12588,Player_12588,3,36,Defender
12589,Player_12589,20,21,Goalkeeper
12590,Player_12590,7,20,Defender
12591,Player_12591,18,23,Batsman
12592,Player_12592,12,26,Batsman
12593,Player_12593,19,27,Batsman
12594,Player_12594,16,26,Bowler
12595,Player_12595,17,34,Bowler
12596,Player_12596,20,27,Defender
12597,Player_12597,15,23,All-Rounder
12598,Player_12598,1,33,All-Rounder
12599,Player_12599,2,34,Batsman
12600,Player_12600,8,28,Bowler
12601,Player_12601,2,37,Goalkeeper
12602,Player_12602,19,24,Defender
12603,Player_12603,9,21,Bowler
12604,Player_12604,9,27,Batsman
12605,Player_12605,13,38,Batsman
12606,Player_12606,6,31,All-Rounder
12607,Player_12607,15,34,Batsman
12608,Player_12608,19,31,Batsman
12609,Player_12609,15,37,Goalkeeper
12610,Player_12610,18,30,Defender
12611,Player_12611,7,19,Goalkeeper
12612,Player_12612,11,26,All-Rounder
12613,Player_12613,8,20,Bowler
12614,Player_12614,6,21,All-Rounder
12615,Player_12615,8,29,Batsman
12616,Player_12616,2,32,Defender
12617,Player_12617,19,37,Batsman
12618,Player_12618,16,25,Defender
12619,Player_12619,7,35,Defender
12620,Player_12620,10,22,Defender
12621,Player_12621,12,19,Bowler
12622,Player_12622,17,39,All-Rounder
12623,Player_12623,7,26,Bowler
12624,Player_12624,8,31,Bowler
12625,Player_12625,7,18,Bowler
12626,Player_12626,4,37,Goalkeeper
12627,Player_12627,3,21,Goalkeeper
12628,Player_12628,19,34,Goalkeeper
12629,Player_12629,15,27,Bowler
12630,Player_12630,4,19,Batsman
12631,Player_12631,9,23,Goalkeeper
12632,Player_12632,13,36,Goalkeeper
12633,Player_12633,18,26,Bowler
12634,Player_12634,16,36,All-Rounder
12635,Player_12635,1,36,Batsman
12636,Player_12636,4,26,Defender
12637,Player_12637,18,20,Defender
12638,Player_12638,8,23,Batsman
12639,Player_12639,20,23,Bowler
12640,Player_12640,16,34,All-Rounder
12641,Player_12641,11,30,All-Rounder
12642,Player_12642,20,30,Defender
12643,Player_12643,19,24,All-Rounder
12644,Player_12644,19,26,Defender
12645,Player_12645,18,35,Goalkeeper
12646,Player_12646,19,18,Bowler
12647,Player_12647,11,39,All-Rounder
12648,Player_12648,3,39,Bowler
12649,Player_12649,8,37,Goalkeeper
12650,Player_12650,20,30,Batsman
12651,Player_12651,19,25,Batsman
12652,Player_12652,10,38,Batsman
12653,Player_12653,16,26,Defender
12654,Player_12654,5,18,Defender
12655,Player_12655,20,26,Batsman
12656,Player_12656,9,37,Goalkeeper
12657,Player_12657,8,28,Defender
12658,Player_12658,11,37,Batsman
12659,Player_12659,16,21,Bowler
12660,Player_12660,7,33,Batsman
12661,Player_12661,15,31,Batsman
12662,Player_12662,20,37,Bowler
12663,Player_12663,17,39,Defender
12664,Player_12664,6,38,Bowler
12665,Player_12665,15,35,Defender
12666,Player_12666,8,39,Goalkeeper
12667,Player_12667,7,39,Defender
12668,Player_12668,2,26,All-Rounder
12669,Player_12669,13,18,Defender
12670,Player_12670,6,20,All-Rounder
12671,Player_12671,5,37,Defender
12672,Player_12672,20,18,Bowler
12673,Player_12673,1,20,Defender
12674,Player_12674,18,31,Batsman
12675,Player_12675,15,31,Defender
12676,Player_12676,10,39,Bowler
12677,Player_12677,3,30,Bowler
12678,Player_12678,5,18,Defender
12679,Player_12679,13,32,Defender
12680,Player_12680,8,37,Defender
12681,Player_12681,2,24,Goalkeeper
12682,Player_12682,9,33,All-Rounder
12683,Player_12683,17,37,Defender
12684,Player_12684,18,38,Defender
12685,Player_12685,13,18,All-Rounder
12686,Player_12686,1,32,Batsman
12687,Player_12687,12,37,Goalkeeper
12688,Player_12688,20,32,Goalkeeper
12689,Player_12689,20,36,Batsman
12690,Player_12690,5,23,All-Rounder
12691,Player_12691,8,23,All-Rounder
12692,Player_12692,15,18,Bowler
12693,Player_12693,3,33,All-Rounder
12694,Player_12694,6,35,Goalkeeper
12695,Player_12695,13,30,Bowler
12696,Player_12696,12,29,Defender
12697,Player_12697,19,35,Defender
12698,Player_12698,18,27,Defender
12699,Player_12699,1,31,Bowler
12700,Player_12700,7,37,Goalkeeper
12701,Player_12701,12,28,All-Rounder
12702,Player_12702,10,35,Bowler
12703,Player_12703,12,29,Goalkeeper
12704,Player_12704,11,34,All-Rounder
12705,Player_12705,4,20,Batsman
12706,Player_12706,19,38,Goalkeeper
12707,Player_12707,6,18,Batsman
12708,Player_12708,9,18,Defender
12709,Player_12709,20,23,Defender
12710,Player_12710,10,36,Goalkeeper
12711,Player_12711,5,21,Batsman
12712,Player_12712,13,39,Bowler
12713,Player_12713,9,30,All-Rounder
12714,Player_12714,2,29,Defender
12715,Player_12715,18,25,Defender
12716,Player_12716,1,37,Defender
12717,Player_12717,12,24,Defender
12718,Player_12718,10,38,Goalkeeper
12719,Player_12719,2,24,Goalkeeper
12720,Player_12720,9,24,Batsman
12721,Player_12721,2,31,Bowler
12722,Player_12722,14,35,Batsman
12723,Player_12723,11,36,Bowler
12724,Player_12724,11,37,Goalkeeper
12725,Player_12725,17,36,Defender
12726,Player_12726,4,35,Batsman
12727,Player_12727,13,23,Bowler
12728,Player_12728,7,33,All-Rounder
12729,Player_12729,16,20,Bowler
12730,Player_12730,1,38,Batsman
12731,Player_12731,13,19,Goalkeeper
12732,Player_12732,1,32,Defender
12733,Player_12733,11,37,All-Rounder
12734,Player_12734,6,28,Batsman
12735,Player_12735,20,36,Goalkeeper
12736,Player_12736,3,35,Bowler
12737,Player_12737,12,39,Goalkeeper
12738,Player_12738,5,28,Goalkeeper
12739,Player_12739,9,20,Defender
12740,Player_12740,12,21,Batsman
12741,Player_12741,10,23,Goalkeeper
12742,Player_12742,19,29,Bowler
12743,Player_12743,5,38,Bowler
12744,Player_12744,5,21,Defender
12745,Player_12745,9,29,Goalkeeper
12746,Player_12746,20,21,Bowler
12747,Player_12747,17,19,Bowler
12748,Player_12748,10,29,Defender
12749,Player_12749,1,30,Goalkeeper
12750,Player_12750,16,33,Defender
12751,Player_12751,15,21,Goalkeeper
12752,Player_12752,17,25,Bowler
12753,Player_12753,20,22,Batsman
12754,Player_12754,13,31,Bowler
12755,Player_12755,1,32,Batsman
12756,Player_12756,8,28,Goalkeeper
12757,Player_12757,5,27,Goalkeeper
12758,Player_12758,6,27,All-Rounder
12759,Player_12759,20,23,Goalkeeper
12760,Player_12760,14,33,Goalkeeper
12761,Player_12761,11,38,All-Rounder
12762,Player_12762,6,21,Batsman
12763,Player_12763,11,26,Goalkeeper
12764,Player_12764,13,27,Defender
12765,Player_12765,12,22,Goalkeeper
12766,Player_12766,2,27,Goalkeeper
12767,Player_12767,3,33,Bowler
12768,Player_12768,4,28,Goalkeeper
12769,Player_12769,17,23,Goalkeeper
12770,Player_12770,6,24,Defender
12771,Player_12771,7,29,All-Rounder
12772,Player_12772,15,30,All-Rounder
12773,Player_12773,11,34,All-Rounder
12774,Player_12774,3,26,Bowler
12775,Player_12775,6,25,Goalkeeper
12776,Player_12776,2,33,Batsman
12777,Player_12777,14,38,Batsman
12778,Player_12778,9,20,Defender
12779,Player_12779,18,22,Bowler
12780,Player_12780,19,38,Bowler
12781,Player_12781,12,30,Goalkeeper
12782,Player_12782,13,35,Batsman
12783,Player_12783,12,38,Bowler
12784,Player_12784,12,33,Defender
12785,Player_12785,18,31,Batsman
12786,Player_12786,9,28,Bowler
12787,Player_12787,17,35,Goalkeeper
12788,Player_12788,16,25,Goalkeeper
12789,Player_12789,17,29,Goalkeeper
12790,Player_12790,8,36,Goalkeeper
12791,Player_12791,11,37,Batsman
12792,Player_12792,2,19,Batsman
12793,Player_12793,8,26,Bowler
12794,Player_12794,12,39,Defender
12795,Player_12795,1,26,All-Rounder
12796,Player_12796,13,31,All-Rounder
12797,Player_12797,17,32,Goalkeeper
12798,Player_12798,14,28,Bowler
12799,Player_12799,14,30,All-Rounder
12800,Player_12800,16,22,All-Rounder
12801,Player_12801,17,23,All-Rounder
12802,Player_12802,6,22,All-Rounder
12803,Player_12803,7,18,All-Rounder
12804,Player_12804,1,35,Bowler
12805,Player_12805,15,25,All-Rounder
12806,Player_12806,20,34,All-Rounder
12807,Player_12807,18,28,Bowler
12808,Player_12808,13,28,Batsman
12809,Player_12809,2,20,Batsman
12810,Player_12810,19,25,Batsman
12811,Player_12811,15,25,All-Rounder
12812,Player_12812,12,38,Bowler
12813,Player_12813,15,38,Batsman
12814,Player_12814,18,20,Goalkeeper
12815,Player_12815,14,39,Goalkeeper
12816,Player_12816,6,27,Bowler
12817,Player_12817,12,36,All-Rounder
12818,Player_12818,20,31,Batsman
12819,Player_12819,6,35,All-Rounder
12820,Player_12820,9,20,Batsman
12821,Player_12821,4,37,Defender
12822,Player_12822,17,31,Defender
12823,Player_12823,2,28,All-Rounder
12824,Player_12824,16,27,Goalkeeper
12825,Player_12825,14,31,All-Rounder
12826,Player_12826,8,18,Batsman
12827,Player_12827,14,33,All-Rounder
12828,Player_12828,2,23,All-Rounder
12829,Player_12829,16,35,Batsman
12830,Player_12830,4,33,Goalkeeper
12831,Player_12831,1,36,Defender
12832,Player_12832,20,33,Batsman
12833,Player_12833,14,22,All-Rounder
12834,Player_12834,8,29,Bowler
12835,Player_12835,3,23,All-Rounder
12836,Player_12836,5,19,All-Rounder
12837,Player_12837,6,33,Bowler
12838,Player_12838,8,38,All-Rounder
12839,Player_12839,6,28,Bowler
12840,Player_12840,6,29,All-Rounder
12841,Player_12841,4,28,Goalkeeper
12842,Player_12842,7,37,Defender
12843,Player_12843,19,36,Goalkeeper
12844,Player_12844,7,25,Batsman
12845,Player_12845,3,35,Batsman
12846,Player_12846,8,22,All-Rounder
12847,Player_12847,1,29,Batsman
12848,Player_12848,1,27,Batsman
12849,Player_12849,14,32,All-Rounder
12850,Player_12850,6,22,All-Rounder
12851,Player_12851,10,34,Defender
12852,Player_12852,14,21,Bowler
12853,Player_12853,4,29,All-Rounder
12854,Player_12854,6,35,Defender
12855,Player_12855,16,25,Goalkeeper
12856,Player_12856,1,37,Batsman
12857,Player_12857,6,34,Bowler
12858,Player_12858,9,25,Goalkeeper
12859,Player_12859,15,30,All-Rounder
12860,Player_12860,12,20,Goalkeeper
12861,Player_12861,3,20,Defender
12862,Player_12862,11,24,All-Rounder
12863,Player_12863,15,35,All-Rounder
12864,Player_12864,3,38,Bowler
12865,Player_12865,14,24,Defender
12866,Player_12866,2,39,Batsman
12867,Player_12867,4,19,Goalkeeper
12868,Player_12868,19,24,Bowler
12869,Player_12869,12,19,Bowler
12870,Player_12870,2,24,All-Rounder
12871,Player_12871,17,31,Goalkeeper
12872,Player_12872,3,32,Bowler
12873,Player_12873,10,33,All-Rounder
12874,Player_12874,16,25,All-Rounder
12875,Player_12875,9,33,Defender
12876,Player_12876,11,38,All-Rounder
12877,Player_12877,15,24,Batsman
12878,Player_12878,3,28,Defender
12879,Player_12879,16,21,Defender
12880,Player_12880,12,35,Batsman
12881,Player_12881,5,30,Batsman
12882,Player_12882,7,34,Bowler
12883,Player_12883,9,29,Bowler
12884,Player_12884,18,35,Batsman
12885,Player_12885,8,27,Bowler
12886,Player_12886,12,24,Batsman
12887,Player_12887,20,29,Batsman
12888,Player_12888,2,29,All-Rounder
12889,Player_12889,10,30,Bowler
12890,Player_12890,19,18,Defender
12891,Player_12891,9,24,Defender
12892,Player_12892,8,33,Bowler
12893,Player_12893,1,33,Bowler
12894,Player_12894,6,38,Bowler
12895,Player_12895,12,33,Bowler
12896,Player_12896,19,33,All-Rounder
12897,Player_12897,17,31,Batsman
12898,Player_12898,2,28,Bowler
12899,Player_12899,11,36,Bowler
12900,Player_12900,18,28,Batsman
12901,Player_12901,11,19,Batsman
12902,Player_12902,18,24,Batsman
12903,Player_12903,8,26,Goalkeeper
12904,Player_12904,15,26,Defender
12905,Player_12905,9,31,Bowler
12906,Player_12906,15,27,All-Rounder
12907,Player_12907,7,33,All-Rounder
12908,Player_12908,20,35,Batsman
12909,Player_12909,13,18,All-Rounder
12910,Player_12910,13,19,Defender
12911,Player_12911,1,37,Bowler
12912,Player_12912,20,21,All-Rounder
12913,Player_12913,4,19,Defender
12914,Player_12914,4,21,Defender
12915,Player_12915,4,23,Goalkeeper
12916,Player_12916,13,39,Goalkeeper
12917,Player_12917,2,21,All-Rounder
12918,Player_12918,15,35,Defender
12919,Player_12919,4,22,Batsman
12920,Player_12920,6,28,Goalkeeper
12921,Player_12921,3,30,Defender
12922,Player_12922,7,20,Goalkeeper
12923,Player_12923,6,36,Bowler
12924,Player_12924,3,37,Defender
12925,Player_12925,4,28,Defender
12926,Player_12926,10,28,Bowler
12927,Player_12927,9,38,Goalkeeper
12928,Player_12928,6,19,Bowler
12929,Player_12929,20,39,All-Rounder
12930,Player_12930,11,32,Batsman
12931,Player_12931,7,39,Goalkeeper
12932,Player_12932,18,25,Defender
12933,Player_12933,4,19,All-Rounder
12934,Player_12934,5,25,Goalkeeper
12935,Player_12935,4,37,Batsman
12936,Player_12936,4,32,Defender
12937,Player_12937,13,33,Bowler
12938,Player_12938,16,30,Batsman
12939,Player_12939,14,34,Goalkeeper
12940,Player_12940,11,31,Defender
12941,Player_12941,2,31,Goalkeeper
12942,Player_12942,14,18,Batsman
12943,Player_12943,7,18,Defender
12944,Player_12944,11,20,Batsman
12945,Player_12945,4,39,Goalkeeper
12946,Player_12946,7,32,Defender
12947,Player_12947,16,22,Defender
12948,Player_12948,6,22,Defender
12949,Player_12949,6,21,Goalkeeper
12950,Player_12950,2,31,All-Rounder
12951,Player_12951,8,37,Goalkeeper
12952,Player_12952,7,24,Bowler
12953,Player_12953,14,39,All-Rounder
12954,Player_12954,9,32,Goalkeeper
12955,Player_12955,15,28,Bowler
12956,Player_12956,18,31,Batsman
12957,Player_12957,12,23,Bowler
12958,Player_12958,19,27,Defender
12959,Player_12959,13,24,All-Rounder
12960,Player_12960,7,27,Goalkeeper
12961,Player_12961,10,31,Goalkeeper
12962,Player_12962,10,22,Defender
12963,Player_12963,2,39,All-Rounder
12964,Player_12964,14,18,All-Rounder
12965,Player_12965,13,36,Defender
12966,Player_12966,6,25,All-Rounder
12967,Player_12967,9,36,Defender
12968,Player_12968,13,34,Bowler
12969,Player_12969,9,36,Defender
12970,Player_12970,13,33,Goalkeeper
12971,Player_12971,5,21,Batsman
12972,Player_12972,14,25,Bowler
12973,Player_12973,5,21,Goalkeeper
12974,Player_12974,9,30,Bowler
12975,Player_12975,8,24,Goalkeeper
12976,Player_12976,7,18,All-Rounder
12977,Player_12977,8,26,Defender
12978,Player_12978,3,21,Goalkeeper
12979,Player_12979,15,31,Goalkeeper
12980,Player_12980,8,26,All-Rounder
12981,Player_12981,1,20,Batsman
12982,Player_12982,7,32,Batsman
12983,Player_12983,19,22,Defender
12984,Player_12984,2,18,All-Rounder
12985,Player_12985,14,28,Bowler
12986,Player_12986,18,36,Goalkeeper
12987,Player_12987,15,22,Defender
12988,Player_12988,14,39,Batsman
12989,Player_12989,19,34,Bowler
12990,Player_12990,19,36,All-Rounder
12991,Player_12991,17,34,Goalkeeper
12992,Player_12992,19,22,Goalkeeper
12993,Player_12993,16,37,Batsman
12994,Player_12994,20,26,Batsman
12995,Player_12995,19,39,Defender
12996,Player_12996,1,23,Goalkeeper
12997,Player_12997,19,38,Goalkeeper
12998,Player_12998,7,30,Goalkeeper
12999,Player_12999,11,38,Goalkeeper
13000,Player_13000,5,28,Bowler
13001,Player_13001,17,18,All-Rounder
13002,Player_13002,11,34,Bowler
13003,Player_13003,8,23,All-Rounder
13004,Player_13004,10,20,Bowler
13005,Player_13005,12,33,Defender
13006,Player_13006,10,30,All-Rounder
13007,Player_13007,13,29,Goalkeeper
13008,Player_13008,18,28,All-Rounder
13009,Player_13009,10,19,Goalkeeper
13010,Player_13010,19,36,Defender
13011,Player_13011,20,25,All-Rounder
13012,Player_13012,17,30,Batsman
13013,Player_13013,20,31,Goalkeeper
13014,Player_13014,16,32,All-Rounder
13015,Player_13015,5,34,Bowler
13016,Player_13016,3,32,All-Rounder
13017,Player_13017,15,38,Goalkeeper
13018,Player_13018,2,27,Batsman
13019,Player_13019,13,18,Batsman
13020,Player_13020,8,29,Bowler
13021,Player_13021,17,26,Defender
13022,Player_13022,4,22,Batsman
13023,Player_13023,19,39,Defender
13024,Player_13024,9,32,Goalkeeper
13025,Player_13025,15,20,All-Rounder
13026,Player_13026,9,36,Defender
13027,Player_13027,9,24,Goalkeeper
13028,Player_13028,14,24,Goalkeeper
13029,Player_13029,16,24,Goalkeeper
13030,Player_13030,17,19,Bowler
13031,Player_13031,13,19,Bowler
13032,Player_13032,9,29,Defender
13033,Player_13033,15,22,Goalkeeper
13034,Player_13034,7,21,Defender
13035,Player_13035,1,24,Batsman
13036,Player_13036,1,33,Defender
13037,Player_13037,5,20,All-Rounder
13038,Player_13038,9,38,Goalkeeper
13039,Player_13039,12,19,Defender
13040,Player_13040,6,34,Bowler
13041,Player_13041,13,26,All-Rounder
13042,Player_13042,8,37,Defender
13043,Player_13043,15,25,Defender
13044,Player_13044,6,29,Defender
13045,Player_13045,6,24,Bowler
13046,Player_13046,4,31,Defender
13047,Player_13047,11,33,Batsman
13048,Player_13048,18,18,Batsman
13049,Player_13049,3,27,Batsman
13050,Player_13050,3,28,Defender
13051,Player_13051,12,24,All-Rounder
13052,Player_13052,6,35,Bowler
13053,Player_13053,6,36,Batsman
13054,Player_13054,8,31,Batsman
13055,Player_13055,15,34,All-Rounder
13056,Player_13056,18,36,Batsman
13057,Player_13057,20,39,Bowler
13058,Player_13058,16,30,All-Rounder
13059,Player_13059,6,20,Goalkeeper
13060,Player_13060,17,19,Bowler
13061,Player_13061,9,26,Bowler
13062,Player_13062,19,24,Defender
13063,Player_13063,18,31,Goalkeeper
13064,Player_13064,5,22,Goalkeeper
13065,Player_13065,6,37,All-Rounder
13066,Player_13066,12,32,Batsman
13067,Player_13067,11,37,Goalkeeper
13068,Player_13068,16,18,All-Rounder
13069,Player_13069,20,37,Goalkeeper
13070,Player_13070,17,24,Bowler
13071,Player_13071,20,22,Goalkeeper
13072,Player_13072,9,21,Batsman
13073,Player_13073,1,28,All-Rounder
13074,Player_13074,3,36,Batsman
13075,Player_13075,9,23,Defender
13076,Player_13076,19,37,Batsman
13077,Player_13077,13,35,Batsman
13078,Player_13078,14,22,All-Rounder
13079,Player_13079,20,37,Bowler
13080,Player_13080,19,32,Goalkeeper
13081,Player_13081,7,38,Goalkeeper
13082,Player_13082,4,37,All-Rounder
13083,Player_13083,12,23,All-Rounder
13084,Player_13084,14,21,Bowler
13085,Player_13085,2,34,Bowler
13086,Player_13086,1,32,Defender
13087,Player_13087,18,35,Goalkeeper
13088,Player_13088,20,23,Goalkeeper
13089,Player_13089,8,37,Defender
13090,Player_13090,3,39,All-Rounder
13091,Player_13091,6,36,Goalkeeper
13092,Player_13092,13,29,Batsman
13093,Player_13093,9,26,All-Rounder
13094,Player_13094,9,25,All-Rounder
13095,Player_13095,20,32,Bowler
13096,Player_13096,9,18,Defender
13097,Player_13097,15,19,All-Rounder
13098,Player_13098,13,20,Bowler
13099,Player_13099,16,36,Batsman
13100,Player_13100,2,27,Batsman
13101,Player_13101,14,31,Goalkeeper
13102,Player_13102,6,36,Defender
13103,Player_13103,2,28,Defender
13104,Player_13104,8,38,Bowler
13105,Player_13105,4,23,Goalkeeper
13106,Player_13106,14,36,Defender
13107,Player_13107,11,31,Goalkeeper
13108,Player_13108,14,25,Bowler
13109,Player_13109,12,19,Goalkeeper
13110,Player_13110,16,39,All-Rounder
13111,Player_13111,6,35,All-Rounder
13112,Player_13112,20,39,All-Rounder
13113,Player_13113,1,21,All-Rounder
13114,Player_13114,12,20,Batsman
13115,Player_13115,7,19,Batsman
13116,Player_13116,8,21,Defender
13117,Player_13117,9,35,Batsman
13118,Player_13118,2,28,Goalkeeper
13119,Player_13119,17,26,Goalkeeper
13120,Player_13120,20,25,Batsman
13121,Player_13121,13,38,Goalkeeper
13122,Player_13122,5,25,Defender
13123,Player_13123,10,22,Bowler
13124,Player_13124,12,30,Batsman
13125,Player_13125,17,24,All-Rounder
13126,Player_13126,6,38,Goalkeeper
13127,Player_13127,3,22,Goalkeeper
13128,Player_13128,15,30,Bowler
13129,Player_13129,7,37,Defender
13130,Player_13130,6,33,Goalkeeper
13131,Player_13131,4,31,All-Rounder
13132,Player_13132,19,22,Bowler
13133,Player_13133,5,36,Goalkeeper
13134,Player_13134,3,21,All-Rounder
13135,Player_13135,9,39,Goalkeeper
13136,Player_13136,6,28,All-Rounder
13137,Player_13137,13,19,Bowler
13138,Player_13138,20,30,Defender
13139,Player_13139,4,33,Batsman
13140,Player_13140,2,26,Batsman
13141,Player_13141,4,33,Defender
13142,Player_13142,8,24,Goalkeeper
13143,Player_13143,13,33,Bowler
13144,Player_13144,10,30,All-Rounder
13145,Player_13145,18,22,Bowler
13146,Player_13146,9,32,Defender
13147,Player_13147,1,24,Goalkeeper
13148,Player_13148,13,35,Goalkeeper
13149,Player_13149,18,37,Defender
13150,Player_13150,15,19,Bowler
13151,Player_13151,2,25,Batsman
13152,Player_13152,11,27,Bowler
13153,Player_13153,14,27,Goalkeeper
13154,Player_13154,15,28,Goalkeeper
13155,Player_13155,14,38,Defender
13156,Player_13156,16,38,Bowler
13157,Player_13157,15,25,Batsman
13158,Player_13158,19,33,Bowler
13159,Player_13159,9,33,Goalkeeper
13160,Player_13160,5,34,Bowler
13161,Player_13161,5,23,Goalkeeper
13162,Player_13162,11,35,Goalkeeper
13163,Player_13163,20,34,All-Rounder
13164,Player_13164,4,29,Batsman
13165,Player_13165,20,32,Defender
13166,Player_13166,18,24,Batsman
13167,Player_13167,3,31,Bowler
13168,Player_13168,4,21,All-Rounder
13169,Player_13169,14,34,Goalkeeper
13170,Player_13170,7,28,Batsman
13171,Player_13171,8,23,Goalkeeper
13172,Player_13172,16,27,Goalkeeper
13173,Player_13173,20,32,All-Rounder
13174,Player_13174,15,23,Batsman
13175,Player_13175,7,33,All-Rounder
13176,Player_13176,17,29,Goalkeeper
13177,Player_13177,12,36,Batsman
13178,Player_13178,18,33,Goalkeeper
13179,Player_13179,14,31,Goalkeeper
13180,Player_13180,15,23,Batsman
13181,Player_13181,15,26,Defender
13182,Player_13182,5,39,All-Rounder
13183,Player_13183,16,18,Bowler
13184,Player_13184,5,39,Goalkeeper
13185,Player_13185,2,25,All-Rounder
13186,Player_13186,20,24,All-Rounder
13187,Player_13187,9,31,Batsman
13188,Player_13188,9,25,Batsman
13189,Player_13189,4,28,Batsman
13190,Player_13190,15,26,All-Rounder
13191,Player_13191,11,36,Batsman
13192,Player_13192,1,24,Bowler
13193,Player_13193,18,23,All-Rounder
13194,Player_13194,1,35,Batsman
13195,Player_13195,8,22,Goalkeeper
13196,Player_13196,16,36,All-Rounder
13197,Player_13197,18,28,Defender
13198,Player_13198,9,22,Defender
13199,Player_13199,12,26,All-Rounder
13200,Player_13200,19,25,All-Rounder
13201,Player_13201,18,28,Defender
13202,Player_13202,5,39,Goalkeeper
13203,Player_13203,2,23,Goalkeeper
13204,Player_13204,7,32,Goalkeeper
13205,Player_13205,10,23,Bowler
13206,Player_13206,15,39,Bowler
13207,Player_13207,7,28,Goalkeeper
13208,Player_13208,5,32,Defender
13209,Player_13209,15,29,Bowler
13210,Player_13210,20,26,Batsman
13211,Player_13211,20,27,Bowler
13212,Player_13212,15,32,Defender
13213,Player_13213,10,34,Defender
13214,Player_13214,14,33,All-Rounder
13215,Player_13215,10,39,Defender
13216,Player_13216,17,25,Goalkeeper
13217,Player_13217,14,34,Defender
13218,Player_13218,2,28,Bowler
13219,Player_13219,16,28,Bowler
13220,Player_13220,13,23,Bowler
13221,Player_13221,9,39,Defender
13222,Player_13222,7,19,Goalkeeper
13223,Player_13223,16,18,Goalkeeper
13224,Player_13224,10,37,All-Rounder
13225,Player_13225,9,23,Batsman
13226,Player_13226,7,22,Goalkeeper
13227,Player_13227,16,39,Bowler
13228,Player_13228,9,39,All-Rounder
13229,Player_13229,17,26,Goalkeeper
13230,Player_13230,20,22,Goalkeeper
13231,Player_13231,7,35,Batsman
13232,Player_13232,11,36,Batsman
13233,Player_13233,8,32,Batsman
13234,Player_13234,7,32,Goalkeeper
13235,Player_13235,19,26,Goalkeeper
13236,Player_13236,20,31,Bowler
13237,Player_13237,12,22,Defender
13238,Player_13238,7,34,Batsman
13239,Player_13239,8,32,Bowler
13240,Player_13240,7,37,Bowler
13241,Player_13241,6,34,All-Rounder
13242,Player_13242,9,26,Bowler
13243,Player_13243,13,30,Batsman
13244,Player_13244,7,39,Defender
13245,Player_13245,8,30,Bowler
13246,Player_13246,17,22,Goalkeeper
13247,Player_13247,17,31,Goalkeeper
13248,Player_13248,16,24,Bowler
13249,Player_13249,2,22,Batsman
13250,Player_13250,8,29,Defender
13251,Player_13251,17,20,Defender
13252,Player_13252,13,26,Batsman
13253,Player_13253,18,27,Goalkeeper
13254,Player_13254,10,18,Goalkeeper
13255,Player_13255,2,31,All-Rounder
13256,Player_13256,2,18,Bowler
13257,Player_13257,14,27,Bowler
13258,Player_13258,16,28,Goalkeeper
13259,Player_13259,7,37,Bowler
13260,Player_13260,12,19,Batsman
13261,Player_13261,14,19,Defender
13262,Player_13262,4,28,All-Rounder
13263,Player_13263,4,25,Batsman
13264,Player_13264,18,20,Batsman
13265,Player_13265,3,26,Batsman
13266,Player_13266,1,33,Bowler
13267,Player_13267,17,33,Defender
13268,Player_13268,7,27,All-Rounder
13269,Player_13269,16,23,Goalkeeper
13270,Player_13270,5,37,Batsman
13271,Player_13271,19,37,Batsman
13272,Player_13272,7,37,Batsman
13273,Player_13273,14,28,Goalkeeper
13274,Player_13274,2,25,Bowler
13275,Player_13275,3,37,Bowler
13276,Player_13276,17,18,Defender
13277,Player_13277,16,23,Bowler
13278,Player_13278,8,25,Bowler
13279,Player_13279,18,31,All-Rounder
13280,Player_13280,15,20,All-Rounder
13281,Player_13281,7,19,Bowler
13282,Player_13282,9,39,All-Rounder
13283,Player_13283,6,18,Defender
13284,Player_13284,18,28,Bowler
13285,Player_13285,18,38,All-Rounder
13286,Player_13286,14,23,Goalkeeper
13287,Player_13287,14,25,All-Rounder
13288,Player_13288,14,24,All-Rounder
13289,Player_13289,4,23,Goalkeeper
13290,Player_13290,4,35,Defender
13291,Player_13291,15,29,Goalkeeper
13292,Player_13292,15,25,Defender
13293,Player_13293,18,38,Goalkeeper
13294,Player_13294,14,36,Defender
13295,Player_13295,1,22,Defender
13296,Player_13296,10,36,Batsman
13297,Player_13297,20,26,Batsman
13298,Player_13298,10,29,All-Rounder
13299,Player_13299,10,32,Goalkeeper
13300,Player_13300,2,30,Defender
13301,Player_13301,8,30,Batsman
13302,Player_13302,1,38,All-Rounder
13303,Player_13303,1,38,All-Rounder
13304,Player_13304,4,22,All-Rounder
13305,Player_13305,7,19,Batsman
13306,Player_13306,9,36,Bowler
13307,Player_13307,16,25,All-Rounder
13308,Player_13308,5,31,Bowler
13309,Player_13309,2,23,Bowler
13310,Player_13310,11,24,Bowler
13311,Player_13311,18,31,All-Rounder
13312,Player_13312,19,23,Defender
13313,Player_13313,13,33,Bowler
13314,Player_13314,11,21,Batsman
13315,Player_13315,20,24,Batsman
13316,Player_13316,19,33,Bowler
13317,Player_13317,17,21,Bowler
13318,Player_13318,5,24,Bowler
13319,Player_13319,13,38,Batsman
13320,Player_13320,20,19,Goalkeeper
13321,Player_13321,1,25,Defender
13322,Player_13322,10,27,Goalkeeper
13323,Player_13323,8,19,Batsman
13324,Player_13324,8,23,Batsman
13325,Player_13325,19,21,All-Rounder
13326,Player_13326,6,38,Goalkeeper
13327,Player_13327,12,18,Bowler
13328,Player_13328,7,23,Bowler
13329,Player_13329,16,29,Batsman
13330,Player_13330,9,31,All-Rounder
13331,Player_13331,10,32,Goalkeeper
13332,Player_13332,10,35,All-Rounder
13333,Player_13333,10,34,Defender
13334,Player_13334,20,26,All-Rounder
13335,Player_13335,16,32,Defender
13336,Player_13336,1,35,Goalkeeper
13337,Player_13337,17,38,Bowler
13338,Player_13338,14,35,Defender
13339,Player_13339,19,22,Bowler
13340,Player_13340,17,33,All-Rounder
13341,Player_13341,14,26,All-Rounder
13342,Player_13342,8,39,Goalkeeper
13343,Player_13343,9,20,Bowler
13344,Player_13344,8,29,Goalkeeper
13345,Player_13345,13,31,Defender
13346,Player_13346,17,18,All-Rounder
13347,Player_13347,19,26,All-Rounder
13348,Player_13348,7,26,All-Rounder
13349,Player_13349,17,37,All-Rounder
13350,Player_13350,1,30,All-Rounder
13351,Player_13351,5,25,Defender
13352,Player_13352,6,28,Defender
13353,Player_13353,2,31,Goalkeeper
13354,Player_13354,16,33,Batsman
13355,Player_13355,5,28,All-Rounder
13356,Player_13356,5,36,All-Rounder
13357,Player_13357,12,39,Batsman
13358,Player_13358,3,27,Goalkeeper
13359,Player_13359,16,25,Defender
13360,Player_13360,6,28,All-Rounder
13361,Player_13361,15,25,Goalkeeper
13362,Player_13362,15,37,Batsman
13363,Player_13363,16,27,Defender
13364,Player_13364,20,34,Defender
13365,Player_13365,13,28,Goalkeeper
13366,Player_13366,12,29,Bowler
13367,Player_13367,10,27,Bowler
13368,Player_13368,14,37,Bowler
13369,Player_13369,2,34,Batsman
13370,Player_13370,3,20,Bowler
13371,Player_13371,9,24,Goalkeeper
13372,Player_13372,11,20,Defender
13373,Player_13373,11,34,Goalkeeper
13374,Player_13374,10,25,Goalkeeper
13375,Player_13375,14,38,All-Rounder
13376,Player_13376,9,39,Batsman
13377,Player_13377,20,36,Defender
13378,Player_13378,10,31,All-Rounder
13379,Player_13379,9,22,Batsman
13380,Player_13380,5,36,Defender
13381,Player_13381,8,30,All-Rounder
13382,Player_13382,11,35,Bowler
13383,Player_13383,1,28,Goalkeeper
13384,Player_13384,10,29,Bowler
13385,Player_13385,1,25,Defender
13386,Player_13386,7,29,All-Rounder
13387,Player_13387,14,18,All-Rounder
13388,Player_13388,5,35,All-Rounder
13389,Player_13389,17,19,Goalkeeper
13390,Player_13390,6,29,All-Rounder
13391,Player_13391,16,36,Batsman
13392,Player_13392,11,24,Batsman
13393,Player_13393,10,24,Batsman
13394,Player_13394,15,18,Bowler
13395,Player_13395,7,35,Defender
13396,Player_13396,2,25,Bowler
13397,Player_13397,12,27,Bowler
13398,Player_13398,19,18,Goalkeeper
13399,Player_13399,12,32,Bowler
13400,Player_13400,16,32,Goalkeeper
13401,Player_13401,6,21,Batsman
13402,Player_13402,3,27,Batsman
13403,Player_13403,2,25,Bowler
13404,Player_13404,20,31,Bowler
13405,Player_13405,5,30,Batsman
13406,Player_13406,11,38,All-Rounder
13407,Player_13407,3,34,Batsman
13408,Player_13408,3,24,All-Rounder
13409,Player_13409,5,23,Batsman
13410,Player_13410,11,26,Defender
13411,Player_13411,3,37,Goalkeeper
13412,Player_13412,13,37,Goalkeeper
13413,Player_13413,8,25,Defender
13414,Player_13414,20,31,All-Rounder
13415,Player_13415,10,37,Bowler
13416,Player_13416,2,20,Bowler
13417,Player_13417,4,30,Goalkeeper
13418,Player_13418,18,38,Bowler
13419,Player_13419,19,26,All-Rounder
13420,Player_13420,4,38,Bowler
13421,Player_13421,20,26,Batsman
13422,Player_13422,9,39,Defender
13423,Player_13423,16,39,Goalkeeper
13424,Player_13424,6,28,Bowler
13425,Player_13425,4,23,All-Rounder
13426,Player_13426,9,29,Bowler
13427,Player_13427,13,21,Defender
13428,Player_13428,9,21,Batsman
13429,Player_13429,6,39,Goalkeeper
13430,Player_13430,19,34,Goalkeeper
13431,Player_13431,14,24,All-Rounder
13432,Player_13432,15,23,Batsman
13433,Player_13433,3,37,Bowler
13434,Player_13434,5,25,Bowler
13435,Player_13435,18,24,All-Rounder
13436,Player_13436,14,25,Batsman
13437,Player_13437,16,26,All-Rounder
13438,Player_13438,14,18,Defender
13439,Player_13439,9,20,Defender
13440,Player_13440,15,35,Bowler
13441,Player_13441,7,36,Defender
13442,Player_13442,14,28,All-Rounder
13443,Player_13443,6,33,Goalkeeper
13444,Player_13444,15,35,Defender
13445,Player_13445,20,23,All-Rounder
13446,Player_13446,8,19,Goalkeeper
13447,Player_13447,2,21,Goalkeeper
13448,Player_13448,8,22,Defender
13449,Player_13449,1,38,Batsman
13450,Player_13450,17,31,Defender
13451,Player_13451,19,18,Defender
13452,Player_13452,5,39,Batsman
13453,Player_13453,20,31,Defender
13454,Player_13454,16,38,All-Rounder
13455,Player_13455,7,30,Batsman
13456,Player_13456,7,39,All-Rounder
13457,Player_13457,18,33,Goalkeeper
13458,Player_13458,18,21,Batsman
13459,Player_13459,2,23,Goalkeeper
13460,Player_13460,15,26,Bowler
13461,Player_13461,14,18,Bowler
13462,Player_13462,18,39,All-Rounder
13463,Player_13463,9,34,Goalkeeper
13464,Player_13464,14,21,Goalkeeper
13465,Player_13465,5,23,Batsman
13466,Player_13466,11,33,Bowler
13467,Player_13467,8,24,All-Rounder
13468,Player_13468,5,22,All-Rounder
13469,Player_13469,11,26,Batsman
13470,Player_13470,5,36,Batsman
13471,Player_13471,17,18,All-Rounder
13472,Player_13472,4,25,Batsman
13473,Player_13473,15,37,Goalkeeper
13474,Player_13474,19,21,All-Rounder
13475,Player_13475,2,34,Defender
13476,Player_13476,17,18,Bowler
13477,Player_13477,12,19,Bowler
13478,Player_13478,17,38,Defender
13479,Player_13479,10,31,Defender
13480,Player_13480,18,39,Goalkeeper
13481,Player_13481,19,19,All-Rounder
13482,Player_13482,18,18,Batsman
13483,Player_13483,13,30,Bowler
13484,Player_13484,14,25,Defender
13485,Player_13485,16,39,All-Rounder
13486,Player_13486,18,26,Batsman
13487,Player_13487,18,37,Bowler
13488,Player_13488,16,38,All-Rounder
13489,Player_13489,17,19,Bowler
13490,Player_13490,7,34,Goalkeeper
13491,Player_13491,12,23,Bowler
13492,Player_13492,2,20,Goalkeeper
13493,Player_13493,10,37,Goalkeeper
13494,Player_13494,5,34,Goalkeeper
13495,Player_13495,3,23,Batsman
13496,Player_13496,19,25,Batsman
13497,Player_13497,13,31,Goalkeeper
13498,Player_13498,12,27,All-Rounder
13499,Player_13499,3,37,Goalkeeper
13500,Player_13500,6,27,All-Rounder
13501,Player_13501,14,32,Bowler
13502,Player_13502,4,25,Batsman
13503,Player_13503,13,28,All-Rounder
13504,Player_13504,19,33,All-Rounder
13505,Player_13505,18,20,All-Rounder
13506,Player_13506,3,32,Defender
13507,Player_13507,20,30,Batsman
13508,Player_13508,6,28,Defender
13509,Player_13509,16,31,Bowler
13510,Player_13510,20,24,All-Rounder
13511,Player_13511,3,36,Batsman
13512,Player_13512,12,32,Batsman
13513,Player_13513,19,23,Batsman
13514,Player_13514,19,37,All-Rounder
13515,Player_13515,4,39,Goalkeeper
13516,Player_13516,1,24,Goalkeeper
13517,Player_13517,2,31,Goalkeeper
13518,Player_13518,13,39,Defender
13519,Player_13519,13,21,All-Rounder
13520,Player_13520,2,26,Bowler
13521,Player_13521,19,24,Defender
13522,Player_13522,16,32,Batsman
13523,Player_13523,12,20,Goalkeeper
13524,Player_13524,1,22,Batsman
13525,Player_13525,9,34,Defender
13526,Player_13526,17,18,Goalkeeper
13527,Player_13527,10,18,All-Rounder
13528,Player_13528,18,33,Goalkeeper
13529,Player_13529,19,31,Goalkeeper
13530,Player_13530,7,28,Goalkeeper
13531,Player_13531,19,31,Defender
13532,Player_13532,15,25,Goalkeeper
13533,Player_13533,9,36,Defender
13534,Player_13534,10,19,Batsman
13535,Player_13535,20,27,All-Rounder
13536,Player_13536,20,22,Goalkeeper
13537,Player_13537,4,32,Defender
13538,Player_13538,6,18,Goalkeeper
13539,Player_13539,4,19,Goalkeeper
13540,Player_13540,5,36,Goalkeeper
13541,Player_13541,9,39,Bowler
13542,Player_13542,12,34,All-Rounder
13543,Player_13543,8,32,All-Rounder
13544,Player_13544,5,35,Defender
13545,Player_13545,11,38,Batsman
13546,Player_13546,11,25,Batsman
13547,Player_13547,13,38,Batsman
13548,Player_13548,14,31,Goalkeeper
13549,Player_13549,8,25,Defender
13550,Player_13550,18,39,Goalkeeper
13551,Player_13551,19,25,Bowler
13552,Player_13552,12,36,Defender
13553,Player_13553,12,30,Defender
13554,Player_13554,18,22,Defender
13555,Player_13555,10,27,Bowler
13556,Player_13556,7,24,Defender
13557,Player_13557,18,26,Bowler
13558,Player_13558,12,31,Batsman
13559,Player_13559,14,23,Defender
13560,Player_13560,15,27,Goalkeeper
13561,Player_13561,16,18,All-Rounder
13562,Player_13562,2,28,Bowler
13563,Player_13563,18,25,Batsman
13564,Player_13564,12,23,Batsman
13565,Player_13565,16,34,All-Rounder
13566,Player_13566,13,21,Defender
13567,Player_13567,20,23,Goalkeeper
13568,Player_13568,17,32,All-Rounder
13569,Player_13569,18,27,Defender
13570,Player_13570,3,34,Defender
13571,Player_13571,10,27,Bowler
13572,Player_13572,1,22,Goalkeeper
13573,Player_13573,6,36,Goalkeeper
13574,Player_13574,3,24,Bowler
13575,Player_13575,19,36,Defender
13576,Player_13576,4,27,Defender
13577,Player_13577,20,36,Goalkeeper
13578,Player_13578,3,28,Goalkeeper
13579,Player_13579,8,20,Goalkeeper
13580,Player_13580,8,28,Goalkeeper
13581,Player_13581,7,23,Defender
13582,Player_13582,2,23,Goalkeeper
13583,Player_13583,6,32,Defender
13584,Player_13584,16,20,Bowler
13585,Player_13585,10,39,Batsman
13586,Player_13586,4,28,Bowler
13587,Player_13587,13,25,Bowler
13588,Player_13588,10,25,All-Rounder
13589,Player_13589,14,33,Bowler
13590,Player_13590,9,20,All-Rounder
13591,Player_13591,11,25,All-Rounder
13592,Player_13592,18,25,All-Rounder
13593,Player_13593,11,30,Bowler
13594,Player_13594,17,18,Batsman
13595,Player_13595,2,27,All-Rounder
13596,Player_13596,3,22,Goalkeeper
13597,Player_13597,11,22,Goalkeeper
13598,Player_13598,18,34,Defender
13599,Player_13599,3,39,Goalkeeper
13600,Player_13600,15,31,Goalkeeper
13601,Player_13601,11,23,All-Rounder
13602,Player_13602,11,31,Bowler
13603,Player_13603,20,29,Goalkeeper
13604,Player_13604,11,37,Bowler
13605,Player_13605,19,39,Batsman
13606,Player_13606,1,39,Goalkeeper
13607,Player_13607,5,18,Batsman
13608,Player_13608,10,22,Batsman
13609,Player_13609,10,35,Defender
13610,Player_13610,14,31,Bowler
13611,Player_13611,2,24,Bowler
13612,Player_13612,4,32,Defender
13613,Player_13613,2,26,All-Rounder
13614,Player_13614,18,32,Defender
13615,Player_13615,13,33,Defender
13616,Player_13616,19,26,Defender
13617,Player_13617,5,24,Batsman
13618,Player_13618,20,24,Bowler
13619,Player_13619,2,34,All-Rounder
13620,Player_13620,11,28,Goalkeeper
13621,Player_13621,18,23,Goalkeeper
13622,Player_13622,6,31,Goalkeeper
13623,Player_13623,10,32,All-Rounder
13624,Player_13624,17,38,Goalkeeper
13625,Player_13625,11,25,All-Rounder
13626,Player_13626,19,21,Goalkeeper
13627,Player_13627,17,18,Goalkeeper
13628,Player_13628,4,23,All-Rounder
13629,Player_13629,14,18,Bowler
13630,Player_13630,20,38,All-Rounder
13631,Player_13631,4,22,All-Rounder
13632,Player_13632,14,36,Defender
13633,Player_13633,4,22,Batsman
13634,Player_13634,6,39,Batsman
13635,Player_13635,9,22,Bowler
13636,Player_13636,12,34,Bowler
13637,Player_13637,8,29,Bowler
13638,Player_13638,4,24,Batsman
13639,Player_13639,5,32,Bowler
13640,Player_13640,6,36,Bowler
13641,Player_13641,5,38,All-Rounder
13642,Player_13642,19,30,All-Rounder
13643,Player_13643,8,29,Batsman
13644,Player_13644,9,36,All-Rounder
13645,Player_13645,15,30,Bowler
13646,Player_13646,4,23,All-Rounder
13647,Player_13647,9,18,Defender
13648,Player_13648,7,23,All-Rounder
13649,Player_13649,8,30,Batsman
13650,Player_13650,15,30,Bowler
13651,Player_13651,19,30,Bowler
13652,Player_13652,15,37,Batsman
13653,Player_13653,5,21,All-Rounder
13654,Player_13654,19,22,Bowler
13655,Player_13655,7,30,Bowler
13656,Player_13656,6,26,Defender
13657,Player_13657,19,34,Batsman
13658,Player_13658,17,20,All-Rounder
13659,Player_13659,10,37,All-Rounder
13660,Player_13660,19,35,Bowler
13661,Player_13661,11,32,Goalkeeper
13662,Player_13662,15,18,Defender
13663,Player_13663,10,26,Defender
13664,Player_13664,11,23,Defender
13665,Player_13665,3,35,Bowler
13666,Player_13666,3,18,Batsman
13667,Player_13667,18,39,Batsman
13668,Player_13668,11,24,Defender
13669,Player_13669,20,27,Goalkeeper
13670,Player_13670,18,23,Goalkeeper
13671,Player_13671,15,24,All-Rounder
13672,Player_13672,7,23,Goalkeeper
13673,Player_13673,10,25,Defender
13674,Player_13674,20,19,All-Rounder
13675,Player_13675,10,26,Defender
13676,Player_13676,13,26,Batsman
13677,Player_13677,15,24,Defender
13678,Player_13678,18,26,All-Rounder
13679,Player_13679,4,34,Defender
13680,Player_13680,20,20,Bowler
13681,Player_13681,17,33,All-Rounder
13682,Player_13682,3,33,Goalkeeper
13683,Player_13683,2,19,Batsman
13684,Player_13684,4,28,Goalkeeper
13685,Player_13685,1,33,Defender
13686,Player_13686,15,32,Goalkeeper
13687,Player_13687,1,18,All-Rounder
13688,Player_13688,6,38,Bowler
13689,Player_13689,7,34,Goalkeeper
13690,Player_13690,19,20,Defender
13691,Player_13691,12,39,Goalkeeper
13692,Player_13692,1,39,Goalkeeper
13693,Player_13693,7,36,All-Rounder
13694,Player_13694,19,37,Defender
13695,Player_13695,13,24,Defender
13696,Player_13696,12,39,Bowler
13697,Player_13697,12,28,All-Rounder
13698,Player_13698,13,35,All-Rounder
13699,Player_13699,14,31,Batsman
13700,Player_13700,12,33,Bowler
13701,Player_13701,20,23,Bowler
13702,Player_13702,12,19,Defender
13703,Player_13703,6,28,Defender
13704,Player_13704,10,28,Bowler
13705,Player_13705,20,27,All-Rounder
13706,Player_13706,9,21,Batsman
13707,Player_13707,2,34,Defender
13708,Player_13708,7,27,Batsman
13709,Player_13709,9,26,Bowler
13710,Player_13710,12,30,All-Rounder
13711,Player_13711,5,28,Batsman
13712,Player_13712,1,27,Goalkeeper
13713,Player_13713,15,22,Bowler
13714,Player_13714,8,20,All-Rounder
13715,Player_13715,1,21,Bowler
13716,Player_13716,18,20,Bowler
13717,Player_13717,13,27,Batsman
13718,Player_13718,1,30,Batsman
13719,Player_13719,5,22,Goalkeeper
13720,Player_13720,18,30,Defender
13721,Player_13721,16,18,Goalkeeper
13722,Player_13722,10,28,All-Rounder
13723,Player_13723,4,20,All-Rounder
13724,Player_13724,1,34,Bowler
13725,Player_13725,8,36,Batsman
13726,Player_13726,5,30,Bowler
13727,Player_13727,2,33,Defender
13728,Player_13728,17,35,Bowler
13729,Player_13729,7,37,All-Rounder
13730,Player_13730,17,36,All-Rounder
13731,Player_13731,6,23,Goalkeeper
13732,Player_13732,15,24,Bowler
13733,Player_13733,5,32,Batsman
13734,Player_13734,15,22,Defender
13735,Player_13735,18,33,Defender
13736,Player_13736,18,23,Batsman
13737,Player_13737,6,20,Defender
13738,Player_13738,2,29,Batsman
13739,Player_13739,17,21,Batsman
13740,Player_13740,4,39,Goalkeeper
13741,Player_13741,12,20,Bowler
13742,Player_13742,19,33,All-Rounder
13743,Player_13743,2,33,All-Rounder
13744,Player_13744,2,36,Bowler
13745,Player_13745,14,32,Defender
13746,Player_13746,15,26,Batsman
13747,Player_13747,20,37,All-Rounder
13748,Player_13748,2,19,Goalkeeper
13749,Player_13749,4,23,Defender
13750,Player_13750,19,31,Goalkeeper
13751,Player_13751,9,26,All-Rounder
13752,Player_13752,7,27,Bowler
13753,Player_13753,13,35,Bowler
13754,Player_13754,12,32,Goalkeeper
13755,Player_13755,3,21,Defender
13756,Player_13756,13,22,All-Rounder
13757,Player_13757,15,38,Batsman
13758,Player_13758,14,23,Bowler
13759,Player_13759,9,32,Goalkeeper
13760,Player_13760,13,37,All-Rounder
13761,Player_13761,4,19,Defender
13762,Player_13762,8,33,Batsman
13763,Player_13763,3,22,Batsman
13764,Player_13764,2,21,Bowler
13765,Player_13765,19,18,Batsman
13766,Player_13766,8,25,All-Rounder
13767,Player_13767,17,38,Bowler
13768,Player_13768,13,27,Bowler
13769,Player_13769,7,32,Bowler
13770,Player_13770,9,19,All-Rounder
13771,Player_13771,12,36,Goalkeeper
13772,Player_13772,14,29,Batsman
13773,Player_13773,14,27,Batsman
13774,Player_13774,15,29,Goalkeeper
13775,Player_13775,3,38,Bowler
13776,Player_13776,15,37,Defender
13777,Player_13777,19,26,All-Rounder
13778,Player_13778,20,25,Bowler
13779,Player_13779,14,19,Bowler
13780,Player_13780,8,38,Bowler
13781,Player_13781,5,24,Batsman
13782,Player_13782,19,21,Batsman
13783,Player_13783,4,36,Defender
13784,Player_13784,14,25,All-Rounder
13785,Player_13785,16,30,Bowler
13786,Player_13786,20,38,Batsman
13787,Player_13787,6,20,Goalkeeper
13788,Player_13788,6,22,Batsman
13789,Player_13789,3,37,Bowler
13790,Player_13790,15,25,Bowler
13791,Player_13791,3,19,Batsman
13792,Player_13792,11,27,Goalkeeper
13793,Player_13793,3,39,Goalkeeper
13794,Player_13794,10,33,Bowler
13795,Player_13795,18,21,Batsman
13796,Player_13796,1,31,All-Rounder
13797,Player_13797,16,20,All-Rounder
13798,Player_13798,16,27,Bowler
13799,Player_13799,10,30,Goalkeeper
13800,Player_13800,1,22,All-Rounder
13801,Player_13801,4,39,Batsman
13802,Player_13802,3,34,Defender
13803,Player_13803,5,34,Defender
13804,Player_13804,12,28,Goalkeeper
13805,Player_13805,12,36,Defender
13806,Player_13806,13,35,Batsman
13807,Player_13807,12,34,Bowler
13808,Player_13808,16,28,Bowler
13809,Player_13809,13,32,Batsman
13810,Player_13810,5,25,Bowler
13811,Player_13811,4,29,Batsman
13812,Player_13812,15,34,Batsman
13813,Player_13813,12,22,Defender
13814,Player_13814,19,21,Defender
13815,Player_13815,19,28,Goalkeeper
13816,Player_13816,11,25,Defender
13817,Player_13817,6,33,Bowler
13818,Player_13818,9,33,Defender
13819,Player_13819,1,20,Batsman
13820,Player_13820,12,29,Defender
13821,Player_13821,14,30,Bowler
13822,Player_13822,6,18,Goalkeeper
13823,Player_13823,1,21,All-Rounder
13824,Player_13824,2,38,Batsman
13825,Player_13825,11,23,Bowler
13826,Player_13826,3,22,Bowler
13827,Player_13827,10,22,All-Rounder
13828,Player_13828,6,38,Goalkeeper
13829,Player_13829,6,27,Batsman
13830,Player_13830,20,36,Goalkeeper
13831,Player_13831,2,35,All-Rounder
13832,Player_13832,10,19,Batsman
13833,Player_13833,6,33,Defender
13834,Player_13834,17,32,Goalkeeper
13835,Player_13835,14,22,Defender
13836,Player_13836,5,38,Batsman
13837,Player_13837,17,39,All-Rounder
13838,Player_13838,2,26,Defender
13839,Player_13839,9,22,Defender
13840,Player_13840,12,22,Bowler
13841,Player_13841,19,26,Batsman
13842,Player_13842,7,26,All-Rounder
13843,Player_13843,9,19,Bowler
13844,Player_13844,16,24,Goalkeeper
13845,Player_13845,20,18,All-Rounder
13846,Player_13846,11,37,Bowler
13847,Player_13847,12,19,Goalkeeper
13848,Player_13848,15,29,All-Rounder
13849,Player_13849,18,23,Bowler
13850,Player_13850,19,37,All-Rounder
13851,Player_13851,16,36,Defender
13852,Player_13852,15,33,Bowler
13853,Player_13853,5,21,Defender
13854,Player_13854,11,35,Bowler
13855,Player_13855,15,22,Defender
13856,Player_13856,18,39,Batsman
13857,Player_13857,13,35,Defender
13858,Player_13858,4,23,Batsman
13859,Player_13859,17,31,All-Rounder
13860,Player_13860,4,37,Goalkeeper
13861,Player_13861,16,34,Goalkeeper
13862,Player_13862,15,35,Goalkeeper
13863,Player_13863,14,38,Batsman
13864,Player_13864,12,27,Goalkeeper
13865,Player_13865,3,36,Goalkeeper
13866,Player_13866,10,35,Defender
13867,Player_13867,8,21,Goalkeeper
13868,Player_13868,6,37,Batsman
13869,Player_13869,14,32,Defender
13870,Player_13870,17,23,Batsman
13871,Player_13871,19,23,Bowler
13872,Player_13872,16,20,Goalkeeper
13873,Player_13873,15,26,Batsman
13874,Player_13874,15,28,Batsman
13875,Player_13875,1,22,Defender
13876,Player_13876,12,31,Bowler
13877,Player_13877,10,19,Bowler
13878,Player_13878,14,39,Goalkeeper
13879,Player_13879,10,36,All-Rounder
13880,Player_13880,10,25,All-Rounder
13881,Player_13881,20,30,Defender
13882,Player_13882,11,36,Goalkeeper
13883,Player_13883,16,22,Defender
13884,Player_13884,9,32,Goalkeeper
13885,Player_13885,15,21,Bowler
13886,Player_13886,14,21,All-Rounder
13887,Player_13887,19,35,Batsman
13888,Player_13888,9,36,All-Rounder
13889,Player_13889,4,37,Goalkeeper
13890,Player_13890,7,39,All-Rounder
13891,Player_13891,8,26,Batsman
13892,Player_13892,8,32,Bowler
13893,Player_13893,19,29,Bowler
13894,Player_13894,15,21,Goalkeeper
13895,Player_13895,16,20,All-Rounder
13896,Player_13896,9,22,Goalkeeper
13897,Player_13897,12,34,All-Rounder
13898,Player_13898,16,22,Defender
13899,Player_13899,4,21,Goalkeeper
13900,Player_13900,5,38,All-Rounder
13901,Player_13901,8,24,Defender
13902,Player_13902,1,24,Goalkeeper
13903,Player_13903,6,24,Bowler
13904,Player_13904,15,34,Defender
13905,Player_13905,4,32,Goalkeeper
13906,Player_13906,11,24,Batsman
13907,Player_13907,5,32,Bowler
13908,Player_13908,18,37,Defender
13909,Player_13909,15,21,All-Rounder
13910,Player_13910,18,19,Batsman
13911,Player_13911,20,39,All-Rounder
13912,Player_13912,13,30,Batsman
13913,Player_13913,5,29,Goalkeeper
13914,Player_13914,1,27,Goalkeeper
13915,Player_13915,18,36,All-Rounder
13916,Player_13916,14,32,All-Rounder
13917,Player_13917,5,34,All-Rounder
13918,Player_13918,6,38,Defender
13919,Player_13919,16,23,Bowler
13920,Player_13920,12,22,All-Rounder
13921,Player_13921,20,38,Goalkeeper
13922,Player_13922,18,30,Goalkeeper
13923,Player_13923,2,31,All-Rounder
13924,Player_13924,13,31,All-Rounder
13925,Player_13925,17,32,Goalkeeper
13926,Player_13926,17,33,Defender
13927,Player_13927,16,27,Batsman
13928,Player_13928,18,18,Goalkeeper
13929,Player_13929,8,28,Batsman
13930,Player_13930,3,24,All-Rounder
13931,Player_13931,17,34,Bowler
13932,Player_13932,18,21,All-Rounder
13933,Player_13933,6,24,All-Rounder
13934,Player_13934,8,20,All-Rounder
13935,Player_13935,13,37,Goalkeeper
13936,Player_13936,8,31,Goalkeeper
13937,Player_13937,19,35,Bowler
13938,Player_13938,6,35,Batsman
13939,Player_13939,15,18,Batsman
13940,Player_13940,10,23,Batsman
13941,Player_13941,17,26,All-Rounder
13942,Player_13942,1,19,Bowler
13943,Player_13943,7,25,All-Rounder
13944,Player_13944,13,37,Bowler
13945,Player_13945,3,21,Defender
13946,Player_13946,19,38,Goalkeeper
13947,Player_13947,15,27,All-Rounder
13948,Player_13948,5,18,Defender
13949,Player_13949,11,28,Batsman
13950,Player_13950,18,26,Defender
13951,Player_13951,3,36,Goalkeeper
13952,Player_13952,6,28,Goalkeeper
13953,Player_13953,3,21,Goalkeeper
13954,Player_13954,5,22,Defender
13955,Player_13955,9,38,Batsman
13956,Player_13956,19,34,All-Rounder
13957,Player_13957,13,35,Batsman
13958,Player_13958,6,22,Bowler
13959,Player_13959,11,35,Bowler
13960,Player_13960,14,34,All-Rounder
13961,Player_13961,6,20,Goalkeeper
13962,Player_13962,6,28,All-Rounder
13963,Player_13963,17,34,Defender
13964,Player_13964,11,25,Goalkeeper
13965,Player_13965,15,25,All-Rounder
13966,Player_13966,9,19,All-Rounder
13967,Player_13967,17,24,Defender
13968,Player_13968,7,38,Defender
13969,Player_13969,7,37,Batsman
13970,Player_13970,1,38,Bowler
13971,Player_13971,8,23,All-Rounder
13972,Player_13972,5,37,Batsman
13973,Player_13973,19,35,Goalkeeper
13974,Player_13974,8,24,Goalkeeper
13975,Player_13975,17,35,Bowler
13976,Player_13976,19,29,Goalkeeper
13977,Player_13977,12,24,Bowler
13978,Player_13978,15,24,Goalkeeper
13979,Player_13979,4,18,Goalkeeper
13980,Player_13980,12,27,All-Rounder
13981,Player_13981,13,27,Defender
13982,Player_13982,14,29,All-Rounder
13983,Player_13983,5,20,Batsman
13984,Player_13984,16,20,Defender
13985,Player_13985,7,30,All-Rounder
13986,Player_13986,15,30,Defender
13987,Player_13987,13,23,Defender
13988,Player_13988,16,20,Defender
13989,Player_13989,12,32,Goalkeeper
13990,Player_13990,7,26,Defender
13991,Player_13991,16,38,Goalkeeper
13992,Player_13992,13,23,Defender
13993,Player_13993,3,23,Goalkeeper
13994,Player_13994,15,25,Defender
13995,Player_13995,3,28,Batsman
13996,Player_13996,7,36,All-Rounder
13997,Player_13997,18,33,Defender
13998,Player_13998,14,26,Batsman
13999,Player_13999,18,28,All-Rounder
14000,Player_14000,19,33,Bowler
14001,Player_14001,14,23,Defender
14002,Player_14002,20,34,Bowler
14003,Player_14003,6,33,All-Rounder
14004,Player_14004,8,37,All-Rounder
14005,Player_14005,7,38,Defender
14006,Player_14006,20,35,Batsman
14007,Player_14007,18,18,Defender
14008,Player_14008,18,35,Batsman
14009,Player_14009,15,25,Defender
14010,Player_14010,20,39,Batsman
14011,Player_14011,19,27,Goalkeeper
14012,Player_14012,2,19,Batsman
14013,Player_14013,8,26,Batsman
14014,Player_14014,11,21,All-Rounder
14015,Player_14015,18,28,Bowler
14016,Player_14016,13,27,Defender
14017,Player_14017,9,31,All-Rounder
14018,Player_14018,9,24,Bowler
14019,Player_14019,17,36,All-Rounder
14020,Player_14020,7,23,All-Rounder
14021,Player_14021,9,33,Defender
14022,Player_14022,1,36,Goalkeeper
14023,Player_14023,2,36,All-Rounder
14024,Player_14024,4,30,Defender
14025,Player_14025,14,29,Batsman
14026,Player_14026,4,39,Bowler
14027,Player_14027,2,32,Defender
14028,Player_14028,8,25,Goalkeeper
14029,Player_14029,18,21,Defender
14030,Player_14030,19,37,Defender
14031,Player_14031,14,25,Batsman
14032,Player_14032,20,38,Bowler
14033,Player_14033,10,33,Bowler
14034,Player_14034,17,33,Goalkeeper
14035,Player_14035,8,19,Bowler
14036,Player_14036,14,39,Batsman
14037,Player_14037,8,34,Goalkeeper
14038,Player_14038,5,22,Batsman
14039,Player_14039,16,22,Batsman
14040,Player_14040,8,29,Defender
14041,Player_14041,10,24,Defender
14042,Player_14042,8,22,Defender
14043,Player_14043,9,21,All-Rounder
14044,Player_14044,18,34,Batsman
14045,Player_14045,3,23,Bowler
14046,Player_14046,17,31,Goalkeeper
14047,Player_14047,20,26,All-Rounder
14048,Player_14048,15,21,Defender
14049,Player_14049,17,28,All-Rounder
14050,Player_14050,8,37,All-Rounder
14051,Player_14051,2,38,Batsman
14052,Player_14052,17,33,Batsman
14053,Player_14053,18,33,Bowler
14054,Player_14054,5,33,Goalkeeper
14055,Player_14055,9,23,Goalkeeper
14056,Player_14056,9,32,Defender
14057,Player_14057,2,20,Bowler
14058,Player_14058,2,26,Goalkeeper
14059,Player_14059,19,18,All-Rounder
14060,Player_14060,3,28,All-Rounder
14061,Player_14061,17,39,Goalkeeper
14062,Player_14062,14,23,All-Rounder
14063,Player_14063,14,22,All-Rounder
14064,Player_14064,14,35,Defender
14065,Player_14065,6,38,All-Rounder
14066,Player_14066,3,29,Goalkeeper
14067,Player_14067,1,24,Batsman
14068,Player_14068,16,19,All-Rounder
14069,Player_14069,4,24,Goalkeeper
14070,Player_14070,1,26,All-Rounder
14071,Player_14071,17,37,Bowler
14072,Player_14072,18,25,Defender
14073,Player_14073,8,26,Batsman
14074,Player_14074,2,27,All-Rounder
14075,Player_14075,18,29,Goalkeeper
14076,Player_14076,16,19,Batsman
14077,Player_14077,10,27,All-Rounder
14078,Player_14078,8,20,Bowler
14079,Player_14079,12,18,Goalkeeper
14080,Player_14080,16,34,Defender
14081,Player_14081,12,39,All-Rounder
14082,Player_14082,11,18,Goalkeeper
14083,Player_14083,20,22,All-Rounder
14084,Player_14084,19,31,Defender
14085,Player_14085,1,23,Bowler
14086,Player_14086,3,26,Defender
14087,Player_14087,12,39,Defender
14088,Player_14088,9,31,Defender
14089,Player_14089,5,21,Batsman
14090,Player_14090,1,18,Goalkeeper
14091,Player_14091,10,23,All-Rounder
14092,Player_14092,17,24,Bowler
14093,Player_14093,4,38,All-Rounder
14094,Player_14094,15,23,Batsman
14095,Player_14095,19,18,Bowler
14096,Player_14096,8,25,Batsman
14097,Player_14097,15,29,All-Rounder
14098,Player_14098,7,28,Bowler
14099,Player_14099,15,19,All-Rounder
14100,Player_14100,8,19,Goalkeeper
14101,Player_14101,10,19,Batsman
14102,Player_14102,18,25,Goalkeeper
14103,Player_14103,4,38,Goalkeeper
14104,Player_14104,15,24,All-Rounder
14105,Player_14105,11,33,All-Rounder
14106,Player_14106,3,39,Defender
14107,Player_14107,15,26,Defender
14108,Player_14108,3,33,Bowler
14109,Player_14109,15,19,All-Rounder
14110,Player_14110,6,20,Batsman
14111,Player_14111,1,19,All-Rounder
14112,Player_14112,14,39,All-Rounder
14113,Player_14113,16,36,Goalkeeper
14114,Player_14114,1,34,Goalkeeper
14115,Player_14115,17,37,Defender
14116,Player_14116,8,38,Bowler
14117,Player_14117,18,29,Bowler
14118,Player_14118,16,28,All-Rounder
14119,Player_14119,6,37,Batsman
14120,Player_14120,10,39,Goalkeeper
14121,Player_14121,10,36,Batsman
14122,Player_14122,5,23,Goalkeeper
14123,Player_14123,12,27,All-Rounder
14124,Player_14124,20,31,Bowler
14125,Player_14125,17,18,All-Rounder
14126,Player_14126,14,32,Goalkeeper
14127,Player_14127,14,23,Bowler
14128,Player_14128,3,30,Batsman
14129,Player_14129,12,31,Batsman
14130,Player_14130,20,30,Defender
14131,Player_14131,18,33,Batsman
14132,Player_14132,12,18,Defender
14133,Player_14133,2,31,Bowler
14134,Player_14134,2,30,All-Rounder
14135,Player_14135,17,27,All-Rounder
14136,Player_14136,10,27,Bowler
14137,Player_14137,18,21,Bowler
14138,Player_14138,19,31,Goalkeeper
14139,Player_14139,1,29,Batsman
14140,Player_14140,4,39,Batsman
14141,Player_14141,4,23,Batsman
14142,Player_14142,2,32,Defender
14143,Player_14143,19,22,Batsman
14144,Player_14144,12,27,Goalkeeper
14145,Player_14145,10,26,All-Rounder
14146,Player_14146,13,27,All-Rounder
14147,Player_14147,20,29,Defender
14148,Player_14148,15,39,Goalkeeper
14149,Player_14149,3,21,Bowler
14150,Player_14150,20,21,All-Rounder
14151,Player_14151,13,30,Goalkeeper
14152,Player_14152,8,31,Bowler
14153,Player_14153,7,29,Defender
14154,Player_14154,8,30,Batsman
14155,Player_14155,18,37,Goalkeeper
14156,Player_14156,9,30,All-Rounder
14157,Player_14157,6,39,Defender
14158,Player_14158,4,19,Goalkeeper
14159,Player_14159,15,38,Defender
14160,Player_14160,5,36,Bowler
14161,Player_14161,5,26,Goalkeeper
14162,Player_14162,7,27,Batsman
14163,Player_14163,9,34,Bowler
14164,Player_14164,7,27,Batsman
14165,Player_14165,9,37,Defender
14166,Player_14166,20,30,Batsman
14167,Player_14167,10,37,Bowler
14168,Player_14168,4,18,Bowler
14169,Player_14169,6,19,Bowler
14170,Player_14170,14,34,Defender
14171,Player_14171,9,30,All-Rounder
14172,Player_14172,1,34,Defender
14173,Player_14173,17,30,Bowler
14174,Player_14174,13,34,Defender
14175,Player_14175,7,36,Goalkeeper
14176,Player_14176,9,31,Goalkeeper
14177,Player_14177,11,37,All-Rounder
14178,Player_14178,3,27,Defender
14179,Player_14179,12,19,Defender
14180,Player_14180,3,31,Goalkeeper
14181,Player_14181,15,34,Bowler
14182,Player_14182,10,22,Batsman
14183,Player_14183,1,39,Bowler
14184,Player_14184,14,35,All-Rounder
14185,Player_14185,20,20,Batsman
14186,Player_14186,6,33,Bowler
14187,Player_14187,2,36,Defender
14188,Player_14188,8,35,Defender
14189,Player_14189,1,37,Goalkeeper
14190,Player_14190,4,22,Defender
14191,Player_14191,4,25,Defender
14192,Player_14192,5,23,All-Rounder
14193,Player_14193,20,32,Batsman
14194,Player_14194,9,20,Bowler
14195,Player_14195,13,26,Bowler
14196,Player_14196,18,28,All-Rounder
14197,Player_14197,17,37,Batsman
14198,Player_14198,1,31,Defender
14199,Player_14199,15,26,All-Rounder
14200,Player_14200,2,27,Defender
14201,Player_14201,16,32,Bowler
14202,Player_14202,20,35,All-Rounder
14203,Player_14203,5,38,All-Rounder
14204,Player_14204,19,36,All-Rounder
14205,Player_14205,5,24,Bowler
14206,Player_14206,2,36,Bowler
14207,Player_14207,7,22,Goalkeeper
14208,Player_14208,3,38,Bowler
14209,Player_14209,17,35,Bowler
14210,Player_14210,3,18,Defender
14211,Player_14211,13,29,Bowler
14212,Player_14212,7,23,Batsman
14213,Player_14213,3,30,Defender
14214,Player_14214,15,34,Goalkeeper
14215,Player_14215,18,26,Batsman
14216,Player_14216,10,38,Goalkeeper
14217,Player_14217,7,18,All-Rounder
14218,Player_14218,9,29,All-Rounder
14219,Player_14219,5,18,All-Rounder
14220,Player_14220,20,21,Bowler
14221,Player_14221,8,24,Bowler
14222,Player_14222,14,37,Defender
14223,Player_14223,4,22,Batsman
14224,Player_14224,20,37,Batsman
14225,Player_14225,14,22,All-Rounder
14226,Player_14226,12,24,All-Rounder
14227,Player_14227,2,34,Bowler
14228,Player_14228,13,29,Goalkeeper
14229,Player_14229,1,32,Batsman
14230,Player_14230,20,20,Batsman
14231,Player_14231,7,34,Goalkeeper
14232,Player_14232,9,31,Batsman
14233,Player_14233,17,32,Batsman
14234,Player_14234,13,32,Bowler
14235,Player_14235,10,32,Batsman
14236,Player_14236,16,36,All-Rounder
14237,Player_14237,6,28,All-Rounder
14238,Player_14238,16,35,Defender
14239,Player_14239,11,38,Bowler
14240,Player_14240,20,27,Bowler
14241,Player_14241,3,38,All-Rounder
14242,Player_14242,9,26,Bowler
14243,Player_14243,15,20,Bowler
14244,Player_14244,13,18,Defender
14245,Player_14245,10,38,Goalkeeper
14246,Player_14246,20,28,Batsman
14247,Player_14247,13,33,Defender
14248,Player_14248,17,20,Goalkeeper
14249,Player_14249,7,38,Batsman
14250,Player_14250,6,26,All-Rounder
14251,Player_14251,13,28,Goalkeeper
14252,Player_14252,17,34,Batsman
14253,Player_14253,15,18,Defender
14254,Player_14254,4,26,Batsman
14255,Player_14255,15,20,Bowler
14256,Player_14256,14,27,Batsman
14257,Player_14257,11,22,All-Rounder
14258,Player_14258,4,28,Defender
14259,Player_14259,3,22,Goalkeeper
14260,Player_14260,2,29,Batsman
14261,Player_14261,20,31,Defender
14262,Player_14262,10,29,All-Rounder
14263,Player_14263,13,36,Goalkeeper
14264,Player_14264,20,26,Batsman
14265,Player_14265,18,24,All-Rounder
14266,Player_14266,16,33,Bowler
14267,Player_14267,11,24,Defender
14268,Player_14268,10,31,Defender
14269,Player_14269,9,25,Batsman
14270,Player_14270,12,38,All-Rounder
14271,Player_14271,19,35,Goalkeeper
14272,Player_14272,1,20,Goalkeeper
14273,Player_14273,18,19,Goalkeeper
14274,Player_14274,14,22,Goalkeeper
14275,Player_14275,1,25,Batsman
14276,Player_14276,17,36,Batsman
14277,Player_14277,11,39,Defender
14278,Player_14278,20,26,All-Rounder
14279,Player_14279,15,19,Bowler
14280,Player_14280,4,32,Batsman
14281,Player_14281,15,25,Goalkeeper
14282,Player_14282,14,27,Bowler
14283,Player_14283,1,24,Defender
14284,Player_14284,9,36,Goalkeeper
14285,Player_14285,7,18,All-Rounder
14286,Player_14286,11,39,Bowler
14287,Player_14287,2,19,Defender
14288,Player_14288,2,20,Batsman
14289,Player_14289,6,31,All-Rounder
14290,Player_14290,19,32,Goalkeeper
14291,Player_14291,20,38,Bowler
14292,Player_14292,14,31,Defender
14293,Player_14293,3,25,Bowler
14294,Player_14294,7,35,All-Rounder
14295,Player_14295,7,39,Batsman
14296,Player_14296,4,34,Batsman
14297,Player_14297,5,24,All-Rounder
14298,Player_14298,17,37,Goalkeeper
14299,Player_14299,4,18,Bowler
14300,Player_14300,13,26,Goalkeeper
14301,Player_14301,16,26,Defender
14302,Player_14302,16,28,Goalkeeper
14303,Player_14303,2,36,All-Rounder
14304,Player_14304,18,23,Batsman
14305,Player_14305,1,24,All-Rounder
14306,Player_14306,18,32,All-Rounder
14307,Player_14307,8,37,Bowler
14308,Player_14308,11,23,All-Rounder
14309,Player_14309,15,26,Defender
14310,Player_14310,16,32,Bowler
14311,Player_14311,17,39,Bowler
14312,Player_14312,17,23,Goalkeeper
14313,Player_14313,12,24,All-Rounder
14314,Player_14314,10,34,Goalkeeper
14315,Player_14315,20,23,Goalkeeper
14316,Player_14316,6,26,Bowler
14317,Player_14317,8,20,Goalkeeper
14318,Player_14318,13,31,Goalkeeper
14319,Player_14319,2,23,Bowler
14320,Player_14320,19,21,Bowler
14321,Player_14321,10,33,Batsman
14322,Player_14322,4,33,All-Rounder
14323,Player_14323,12,26,Batsman
14324,Player_14324,18,21,Bowler
14325,Player_14325,7,25,Defender
14326,Player_14326,20,25,Goalkeeper
14327,Player_14327,4,23,Goalkeeper
14328,Player_14328,7,25,Bowler
14329,Player_14329,10,23,Goalkeeper
14330,Player_14330,15,31,Batsman
14331,Player_14331,12,31,Goalkeeper
14332,Player_14332,1,35,Defender
14333,Player_14333,20,30,All-Rounder
14334,Player_14334,18,32,Batsman
14335,Player_14335,16,20,All-Rounder
14336,Player_14336,5,23,All-Rounder
14337,Player_14337,19,37,Defender
14338,Player_14338,4,34,Defender
14339,Player_14339,6,37,Defender
14340,Player_14340,17,33,Defender
14341,Player_14341,7,23,Batsman
14342,Player_14342,7,25,Defender
14343,Player_14343,9,30,Batsman
14344,Player_14344,13,30,Goalkeeper
14345,Player_14345,20,37,All-Rounder
14346,Player_14346,14,34,Goalkeeper
14347,Player_14347,16,38,Goalkeeper
14348,Player_14348,9,39,Bowler
14349,Player_14349,15,20,Goalkeeper
14350,Player_14350,5,30,Goalkeeper
14351,Player_14351,18,24,Bowler
14352,Player_14352,20,37,Goalkeeper
14353,Player_14353,8,22,Bowler
14354,Player_14354,15,28,Batsman
14355,Player_14355,9,35,All-Rounder
14356,Player_14356,19,21,Defender
14357,Player_14357,6,37,Goalkeeper
14358,Player_14358,4,39,Batsman
14359,Player_14359,11,24,All-Rounder
14360,Player_14360,10,21,Batsman
14361,Player_14361,3,27,Bowler
14362,Player_14362,1,18,Batsman
14363,Player_14363,12,34,Goalkeeper
14364,Player_14364,15,22,Goalkeeper
14365,Player_14365,15,34,Defender
14366,Player_14366,14,20,Defender
14367,Player_14367,7,26,Goalkeeper
14368,Player_14368,17,20,Batsman
14369,Player_14369,19,20,Goalkeeper
14370,Player_14370,7,26,Batsman
14371,Player_14371,3,22,Goalkeeper
14372,Player_14372,3,27,All-Rounder
14373,Player_14373,18,32,Batsman
14374,Player_14374,20,29,Bowler
14375,Player_14375,14,23,Bowler
14376,Player_14376,3,24,Defender
14377,Player_14377,7,24,All-Rounder
14378,Player_14378,7,21,Bowler
14379,Player_14379,5,30,Goalkeeper
14380,Player_14380,3,32,Bowler
14381,Player_14381,18,35,Goalkeeper
14382,Player_14382,15,35,All-Rounder
14383,Player_14383,20,24,Defender
14384,Player_14384,14,27,Bowler
14385,Player_14385,4,33,Defender
14386,Player_14386,8,25,All-Rounder
14387,Player_14387,13,36,Batsman
14388,Player_14388,8,28,All-Rounder
14389,Player_14389,15,38,All-Rounder
14390,Player_14390,17,23,All-Rounder
14391,Player_14391,5,27,Batsman
14392,Player_14392,20,36,Batsman
14393,Player_14393,4,31,All-Rounder
14394,Player_14394,11,37,Batsman
14395,Player_14395,18,23,Goalkeeper
14396,Player_14396,10,21,All-Rounder
14397,Player_14397,17,37,Bowler
14398,Player_14398,15,32,Goalkeeper
14399,Player_14399,6,22,All-Rounder
14400,Player_14400,16,33,Bowler
14401,Player_14401,15,24,Bowler
14402,Player_14402,8,19,Defender
14403,Player_14403,9,30,Defender
14404,Player_14404,11,19,Bowler
14405,Player_14405,2,26,All-Rounder
14406,Player_14406,13,37,All-Rounder
14407,Player_14407,4,22,All-Rounder
14408,Player_14408,9,20,All-Rounder
14409,Player_14409,5,19,Bowler
14410,Player_14410,19,31,Batsman
14411,Player_14411,3,25,Batsman
14412,Player_14412,3,37,All-Rounder
14413,Player_14413,6,29,Defender
14414,Player_14414,10,34,Bowler
14415,Player_14415,5,33,Batsman
14416,Player_14416,3,23,Bowler
14417,Player_14417,7,23,Defender
14418,Player_14418,18,35,Bowler
14419,Player_14419,8,19,Defender
14420,Player_14420,1,25,Defender
14421,Player_14421,4,31,Goalkeeper
14422,Player_14422,7,19,Defender
14423,Player_14423,14,34,Goalkeeper
14424,Player_14424,13,33,Defender
14425,Player_14425,10,35,Defender
14426,Player_14426,18,38,Bowler
14427,Player_14427,1,23,Goalkeeper
14428,Player_14428,4,34,Batsman
14429,Player_14429,16,35,Batsman
14430,Player_14430,16,31,Bowler
14431,Player_14431,18,27,Batsman
14432,Player_14432,8,21,Batsman
14433,Player_14433,10,35,Defender
14434,Player_14434,16,28,All-Rounder
14435,Player_14435,11,39,All-Rounder
14436,Player_14436,6,33,Batsman
14437,Player_14437,1,21,Bowler
14438,Player_14438,12,36,Bowler
14439,Player_14439,6,23,Goalkeeper
14440,Player_14440,13,25,Bowler
14441,Player_14441,17,35,Bowler
14442,Player_14442,1,36,Defender
14443,Player_14443,8,35,Defender
14444,Player_14444,8,33,Batsman
14445,Player_14445,11,24,Bowler
14446,Player_14446,14,34,All-Rounder
14447,Player_14447,10,20,Bowler
14448,Player_14448,15,39,Bowler
14449,Player_14449,7,32,Batsman
14450,Player_14450,7,21,All-Rounder
14451,Player_14451,10,33,Batsman
14452,Player_14452,4,31,Bowler
14453,Player_14453,18,34,All-Rounder
14454,Player_14454,10,26,Bowler
14455,Player_14455,19,24,Batsman
14456,Player_14456,14,31,Batsman
14457,Player_14457,13,29,Defender
14458,Player_14458,15,34,All-Rounder
14459,Player_14459,16,26,Defender
14460,Player_14460,2,29,All-Rounder
14461,Player_14461,4,29,Goalkeeper
14462,Player_14462,18,25,All-Rounder
14463,Player_14463,17,27,Bowler
14464,Player_14464,10,29,All-Rounder
14465,Player_14465,9,22,Defender
14466,Player_14466,15,37,Batsman
14467,Player_14467,12,18,Batsman
14468,Player_14468,9,26,All-Rounder
14469,Player_14469,14,32,Goalkeeper
14470,Player_14470,13,19,Batsman
14471,Player_14471,6,21,Batsman
14472,Player_14472,19,21,Batsman
14473,Player_14473,4,20,Goalkeeper
14474,Player_14474,20,33,Defender
14475,Player_14475,17,25,All-Rounder
14476,Player_14476,19,24,Goalkeeper
14477,Player_14477,3,29,All-Rounder
14478,Player_14478,14,29,Bowler
14479,Player_14479,17,21,All-Rounder
14480,Player_14480,13,32,Batsman
14481,Player_14481,9,23,Goalkeeper
14482,Player_14482,1,20,Goalkeeper
14483,Player_14483,17,24,Defender
14484,Player_14484,16,39,Bowler
14485,Player_14485,18,38,Defender
14486,Player_14486,2,23,Defender
14487,Player_14487,14,18,Bowler
14488,Player_14488,17,25,Batsman
14489,Player_14489,3,18,Goalkeeper
14490,Player_14490,2,33,All-Rounder
14491,Player_14491,8,20,Bowler
14492,Player_14492,2,19,Defender
14493,Player_14493,2,23,All-Rounder
14494,Player_14494,9,25,Bowler
14495,Player_14495,20,24,Bowler
14496,Player_14496,6,24,Batsman
14497,Player_14497,12,38,Batsman
14498,Player_14498,9,36,Goalkeeper
14499,Player_14499,7,35,Goalkeeper
14500,Player_14500,12,20,All-Rounder
14501,Player_14501,5,28,Goalkeeper
14502,Player_14502,16,28,Bowler
14503,Player_14503,5,20,Bowler
14504,Player_14504,12,18,Bowler
14505,Player_14505,20,39,Bowler
14506,Player_14506,9,27,Batsman
14507,Player_14507,7,19,Bowler
14508,Player_14508,19,34,Bowler
14509,Player_14509,20,26,Bowler
14510,Player_14510,11,35,Defender
14511,Player_14511,12,37,All-Rounder
14512,Player_14512,3,26,All-Rounder
14513,Player_14513,17,28,Bowler
14514,Player_14514,7,34,Bowler
14515,Player_14515,10,31,All-Rounder
14516,Player_14516,15,35,Goalkeeper
14517,Player_14517,2,35,Defender
14518,Player_14518,13,29,Defender
14519,Player_14519,4,35,Goalkeeper
14520,Player_14520,18,25,Bowler
14521,Player_14521,1,25,All-Rounder
14522,Player_14522,2,25,Defender
14523,Player_14523,2,37,Goalkeeper
14524,Player_14524,4,32,Goalkeeper
14525,Player_14525,3,25,Batsman
14526,Player_14526,17,31,Goalkeeper
14527,Player_14527,14,30,Batsman
14528,Player_14528,2,25,Batsman
14529,Player_14529,16,34,Defender
14530,Player_14530,11,36,Bowler
14531,Player_14531,13,23,Bowler
14532,Player_14532,1,34,Goalkeeper
14533,Player_14533,2,21,All-Rounder
14534,Player_14534,2,24,All-Rounder
14535,Player_14535,5,34,Batsman
14536,Player_14536,4,39,Goalkeeper
14537,Player_14537,12,39,Goalkeeper
14538,Player_14538,3,35,Bowler
14539,Player_14539,20,23,All-Rounder
14540,Player_14540,10,27,Defender
14541,Player_14541,20,35,Goalkeeper
14542,Player_14542,18,24,Goalkeeper
14543,Player_14543,10,31,Bowler
14544,Player_14544,1,39,Defender
14545,Player_14545,6,31,Defender
14546,Player_14546,11,27,Defender
14547,Player_14547,2,39,Defender
14548,Player_14548,7,26,All-Rounder
14549,Player_14549,20,27,Batsman
14550,Player_14550,18,19,Defender
14551,Player_14551,19,20,Batsman
14552,Player_14552,4,33,Batsman
14553,Player_14553,13,27,Bowler
14554,Player_14554,18,28,Defender
14555,Player_14555,20,27,All-Rounder
14556,Player_14556,13,29,Bowler
14557,Player_14557,19,31,Bowler
14558,Player_14558,17,26,Batsman
14559,Player_14559,1,30,Goalkeeper
14560,Player_14560,6,23,All-Rounder
14561,Player_14561,19,28,Defender
14562,Player_14562,20,18,Defender
14563,Player_14563,1,32,All-Rounder
14564,Player_14564,8,24,Defender
14565,Player_14565,17,28,Goalkeeper
14566,Player_14566,15,34,Goalkeeper
14567,Player_14567,18,22,Defender
14568,Player_14568,7,26,Bowler
14569,Player_14569,16,33,Defender
14570,Player_14570,7,28,Defender
14571,Player_14571,17,34,All-Rounder
14572,Player_14572,4,23,Goalkeeper
14573,Player_14573,12,32,Bowler
14574,Player_14574,13,20,All-Rounder
14575,Player_14575,4,26,All-Rounder
14576,Player_14576,1,29,Bowler
14577,Player_14577,1,36,Bowler
14578,Player_14578,7,35,All-Rounder
14579,Player_14579,9,33,Defender
14580,Player_14580,1,25,Bowler
14581,Player_14581,16,36,Batsman
14582,Player_14582,18,22,Bowler
14583,Player_14583,15,29,All-Rounder
14584,Player_14584,6,23,Batsman
14585,Player_14585,2,29,All-Rounder
14586,Player_14586,9,32,Goalkeeper
14587,Player_14587,4,27,Goalkeeper
14588,Player_14588,13,34,Defender
14589,Player_14589,11,24,Bowler
14590,Player_14590,13,24,All-Rounder
14591,Player_14591,11,38,Batsman
14592,Player_14592,19,28,Bowler
14593,Player_14593,8,19,Defender
14594,Player_14594,7,38,All-Rounder
14595,Player_14595,16,19,All-Rounder
14596,Player_14596,3,31,Goalkeeper
14597,Player_14597,17,35,Defender
14598,Player_14598,18,33,All-Rounder
14599,Player_14599,15,28,Goalkeeper
14600,Player_14600,17,26,Goalkeeper
14601,Player_14601,11,24,Batsman
14602,Player_14602,5,21,Defender
14603,Player_14603,16,33,Defender
14604,Player_14604,15,31,All-Rounder
14605,Player_14605,10,28,Batsman
14606,Player_14606,14,25,Bowler
14607,Player_14607,2,28,All-Rounder
14608,Player_14608,16,37,Goalkeeper
14609,Player_14609,19,34,Bowler
14610,Player_14610,8,36,Bowler
14611,Player_14611,15,27,All-Rounder
14612,Player_14612,10,29,Batsman
14613,Player_14613,5,18,Defender
14614,Player_14614,20,19,Batsman
14615,Player_14615,16,35,All-Rounder
14616,Player_14616,12,24,Defender
14617,Player_14617,13,33,Bowler
14618,Player_14618,9,30,Goalkeeper
14619,Player_14619,17,21,Batsman
14620,Player_14620,20,27,Defender
14621,Player_14621,12,26,Batsman
14622,Player_14622,5,35,Defender
14623,Player_14623,12,26,Goalkeeper
14624,Player_14624,1,39,All-Rounder
14625,Player_14625,20,27,All-Rounder
14626,Player_14626,16,25,Defender
14627,Player_14627,12,28,Defender
14628,Player_14628,9,30,All-Rounder
14629,Player_14629,13,30,Bowler
14630,Player_14630,17,33,Bowler
14631,Player_14631,17,30,Bowler
14632,Player_14632,4,29,Goalkeeper
14633,Player_14633,14,32,Defender
14634,Player_14634,19,33,Batsman
14635,Player_14635,7,25,Batsman
14636,Player_14636,3,23,Defender
14637,Player_14637,1,25,All-Rounder
14638,Player_14638,12,19,Defender
14639,Player_14639,15,35,Bowler
14640,Player_14640,11,28,Bowler
14641,Player_14641,10,34,Batsman
14642,Player_14642,2,27,Defender
14643,Player_14643,4,19,Batsman
14644,Player_14644,17,36,All-Rounder
14645,Player_14645,17,37,Goalkeeper
14646,Player_14646,8,37,Goalkeeper
14647,Player_14647,14,37,All-Rounder
14648,Player_14648,4,19,Bowler
14649,Player_14649,6,23,Bowler
14650,Player_14650,19,34,Bowler
14651,Player_14651,4,29,Batsman
14652,Player_14652,3,22,Batsman
14653,Player_14653,20,19,Goalkeeper
14654,Player_14654,6,26,Bowler
14655,Player_14655,7,19,Bowler
14656,Player_14656,14,39,All-Rounder
14657,Player_14657,12,37,Goalkeeper
14658,Player_14658,16,31,Batsman
14659,Player_14659,20,39,Goalkeeper
14660,Player_14660,8,32,Bowler
14661,Player_14661,2,19,Bowler
14662,Player_14662,13,35,Batsman
14663,Player_14663,8,29,Batsman
14664,Player_14664,20,24,Goalkeeper
14665,Player_14665,16,33,Defender
14666,Player_14666,4,36,Bowler
14667,Player_14667,16,20,Bowler
14668,Player_14668,20,32,Defender
14669,Player_14669,6,32,Goalkeeper
14670,Player_14670,4,24,All-Rounder
14671,Player_14671,16,25,All-Rounder
14672,Player_14672,13,24,Bowler
14673,Player_14673,5,20,All-Rounder
14674,Player_14674,15,36,Goalkeeper
14675,Player_14675,8,36,All-Rounder
14676,Player_14676,7,35,Batsman
14677,Player_14677,14,24,Goalkeeper
14678,Player_14678,7,36,Defender
14679,Player_14679,7,22,Bowler
14680,Player_14680,18,30,Goalkeeper
14681,Player_14681,10,19,All-Rounder
14682,Player_14682,18,35,Goalkeeper
14683,Player_14683,14,21,Defender
14684,Player_14684,10,21,Goalkeeper
14685,Player_14685,7,25,Defender
14686,Player_14686,7,28,Defender
14687,Player_14687,7,18,Goalkeeper
14688,Player_14688,5,26,Bowler
14689,Player_14689,1,23,Bowler
14690,Player_14690,14,21,All-Rounder
14691,Player_14691,18,23,Goalkeeper
14692,Player_14692,13,30,Goalkeeper
14693,Player_14693,8,39,Batsman
14694,Player_14694,8,26,Bowler
14695,Player_14695,10,31,Defender
14696,Player_14696,17,29,Batsman
14697,Player_14697,6,21,Goalkeeper
14698,Player_14698,15,25,Batsman
14699,Player_14699,15,34,Bowler
14700,Player_14700,16,39,Goalkeeper
14701,Player_14701,8,22,Bowler
14702,Player_14702,19,20,Batsman
14703,Player_14703,20,21,All-Rounder
14704,Player_14704,15,25,Defender
14705,Player_14705,3,33,Defender
14706,Player_14706,6,28,All-Rounder
14707,Player_14707,8,19,All-Rounder
14708,Player_14708,16,25,All-Rounder
14709,Player_14709,15,24,Bowler
14710,Player_14710,13,18,Goalkeeper
14711,Player_14711,20,19,All-Rounder
14712,Player_14712,15,30,Bowler
14713,Player_14713,18,28,Batsman
14714,Player_14714,13,20,Batsman
14715,Player_14715,8,19,All-Rounder
14716,Player_14716,14,33,Batsman
14717,Player_14717,11,18,All-Rounder
14718,Player_14718,6,24,Batsman
14719,Player_14719,1,20,Batsman
14720,Player_14720,2,39,Goalkeeper
14721,Player_14721,13,33,Goalkeeper
14722,Player_14722,1,23,Batsman
14723,Player_14723,4,31,Goalkeeper
14724,Player_14724,2,28,All-Rounder
14725,Player_14725,20,39,Defender
14726,Player_14726,16,38,All-Rounder
14727,Player_14727,3,36,Goalkeeper
14728,Player_14728,17,39,Bowler
14729,Player_14729,5,18,Batsman
14730,Player_14730,8,38,Goalkeeper
14731,Player_14731,12,30,Goalkeeper
14732,Player_14732,12,37,Goalkeeper
14733,Player_14733,1,26,All-Rounder
14734,Player_14734,1,28,Batsman
14735,Player_14735,15,18,Defender
14736,Player_14736,17,30,Goalkeeper
14737,Player_14737,2,37,Bowler
14738,Player_14738,17,18,Batsman
14739,Player_14739,20,20,Defender
14740,Player_14740,9,37,Bowler
14741,Player_14741,12,34,Defender
14742,Player_14742,4,22,Defender
14743,Player_14743,13,23,Batsman
14744,Player_14744,4,34,All-Rounder
14745,Player_14745,7,27,Bowler
14746,Player_14746,14,28,Goalkeeper
14747,Player_14747,9,30,Defender
14748,Player_14748,1,27,Bowler
14749,Player_14749,1,31,Batsman
14750,Player_14750,20,30,Bowler
14751,Player_14751,4,21,Goalkeeper
14752,Player_14752,1,37,Goalkeeper
14753,Player_14753,10,34,Batsman
14754,Player_14754,2,35,Bowler
14755,Player_14755,15,28,All-Rounder
14756,Player_14756,3,27,All-Rounder
14757,Player_14757,9,38,Defender
14758,Player_14758,17,35,Defender
14759,Player_14759,13,36,Bowler
14760,Player_14760,3,26,Defender
14761,Player_14761,4,22,Goalkeeper
14762,Player_14762,4,18,Batsman
14763,Player_14763,11,22,Defender
14764,Player_14764,7,20,All-Rounder
14765,Player_14765,11,18,Goalkeeper
14766,Player_14766,11,36,All-Rounder
14767,Player_14767,10,23,Defender
14768,Player_14768,5,27,Defender
14769,Player_14769,13,22,Goalkeeper
14770,Player_14770,12,29,All-Rounder
14771,Player_14771,10,29,Batsman
14772,Player_14772,7,34,Batsman
14773,Player_14773,19,19,Goalkeeper
14774,Player_14774,19,38,Defender
14775,Player_14775,19,31,Goalkeeper
14776,Player_14776,12,29,All-Rounder
14777,Player_14777,20,30,Batsman
14778,Player_14778,15,22,Defender
14779,Player_14779,5,22,All-Rounder
14780,Player_14780,14,34,Batsman
14781,Player_14781,12,22,Batsman
14782,Player_14782,11,36,Bowler
14783,Player_14783,5,21,Defender
14784,Player_14784,16,24,Goalkeeper
14785,Player_14785,18,34,Bowler
14786,Player_14786,12,28,Batsman
14787,Player_14787,5,23,Defender
14788,Player_14788,16,30,Defender
14789,Player_14789,12,29,Bowler
14790,Player_14790,2,22,All-Rounder
14791,Player_14791,6,27,All-Rounder
14792,Player_14792,4,28,Goalkeeper
14793,Player_14793,13,26,Defender
14794,Player_14794,10,30,Bowler
14795,Player_14795,17,20,Batsman
14796,Player_14796,14,34,All-Rounder
14797,Player_14797,15,35,Bowler
14798,Player_14798,8,22,Goalkeeper
14799,Player_14799,18,33,Goalkeeper
14800,Player_14800,3,33,Defender
14801,Player_14801,17,28,Goalkeeper
14802,Player_14802,7,39,Goalkeeper
14803,Player_14803,13,21,All-Rounder
14804,Player_14804,16,26,All-Rounder
14805,Player_14805,5,32,Goalkeeper
14806,Player_14806,4,29,Defender
14807,Player_14807,10,33,All-Rounder
14808,Player_14808,13,21,All-Rounder
14809,Player_14809,10,20,Goalkeeper
14810,Player_14810,14,38,Defender
14811,Player_14811,12,21,Goalkeeper
14812,Player_14812,1,19,Batsman
14813,Player_14813,20,36,Batsman
14814,Player_14814,20,24,Defender
14815,Player_14815,7,19,Batsman
14816,Player_14816,9,18,Defender
14817,Player_14817,8,35,Batsman
14818,Player_14818,13,25,Bowler
14819,Player_14819,14,25,All-Rounder
14820,Player_14820,12,27,Goalkeeper
14821,Player_14821,8,35,Defender
14822,Player_14822,18,39,Batsman
14823,Player_14823,16,28,Bowler
14824,Player_14824,11,18,Batsman
14825,Player_14825,16,24,Bowler
14826,Player_14826,14,25,Goalkeeper
14827,Player_14827,3,31,All-Rounder
14828,Player_14828,2,36,All-Rounder
14829,Player_14829,3,25,Bowler
14830,Player_14830,4,36,Batsman
14831,Player_14831,5,39,All-Rounder
14832,Player_14832,10,21,Batsman
14833,Player_14833,20,27,Defender
14834,Player_14834,2,39,Batsman
14835,Player_14835,12,27,Defender
14836,Player_14836,5,21,Defender
14837,Player_14837,5,25,All-Rounder
14838,Player_14838,1,24,Defender
14839,Player_14839,4,32,Batsman
14840,Player_14840,12,25,Goalkeeper
14841,Player_14841,12,27,Batsman
14842,Player_14842,16,24,Bowler
14843,Player_14843,17,36,Bowler
14844,Player_14844,10,20,Batsman
14845,Player_14845,17,26,Bowler
14846,Player_14846,17,33,Goalkeeper
14847,Player_14847,18,31,Bowler
14848,Player_14848,2,24,All-Rounder
14849,Player_14849,4,29,Goalkeeper
14850,Player_14850,19,18,All-Rounder
14851,Player_14851,11,33,All-Rounder
14852,Player_14852,17,20,Goalkeeper
14853,Player_14853,12,18,All-Rounder
14854,Player_14854,2,23,Bowler
14855,Player_14855,6,19,Batsman
14856,Player_14856,9,24,Goalkeeper
14857,Player_14857,5,25,Batsman
14858,Player_14858,20,30,Goalkeeper
14859,Player_14859,9,33,Goalkeeper
14860,Player_14860,8,39,All-Rounder
14861,Player_14861,20,38,Batsman
14862,Player_14862,8,27,Bowler
14863,Player_14863,6,21,Batsman
14864,Player_14864,3,38,Goalkeeper
14865,Player_14865,5,30,Bowler
14866,Player_14866,9,34,All-Rounder
14867,Player_14867,7,25,Bowler
14868,Player_14868,4,25,Bowler
14869,Player_14869,7,24,Batsman
14870,Player_14870,5,18,Goalkeeper
14871,Player_14871,11,32,Goalkeeper
14872,Player_14872,15,32,Goalkeeper
14873,Player_14873,2,36,Defender
14874,Player_14874,13,21,All-Rounder
14875,Player_14875,16,23,Batsman
14876,Player_14876,7,27,Goalkeeper
14877,Player_14877,8,29,Bowler
14878,Player_14878,6,21,Defender
14879,Player_14879,7,23,All-Rounder
14880,Player_14880,18,31,Goalkeeper
14881,Player_14881,20,30,Defender
14882,Player_14882,7,39,All-Rounder
14883,Player_14883,3,38,Bowler
14884,Player_14884,5,20,Defender
14885,Player_14885,1,38,Batsman
14886,Player_14886,15,32,All-Rounder
14887,Player_14887,3,20,Defender
14888,Player_14888,8,22,Defender
14889,Player_14889,9,30,All-Rounder
14890,Player_14890,15,32,Defender
14891,Player_14891,10,34,Defender
14892,Player_14892,2,23,All-Rounder
14893,Player_14893,20,35,Bowler
14894,Player_14894,5,20,Batsman
14895,Player_14895,19,26,All-Rounder
14896,Player_14896,13,25,Goalkeeper
14897,Player_14897,11,37,Defender
14898,Player_14898,1,28,Batsman
14899,Player_14899,15,28,Batsman
14900,Player_14900,18,25,All-Rounder
14901,Player_14901,16,39,Goalkeeper
14902,Player_14902,9,18,Goalkeeper
14903,Player_14903,1,19,Bowler
14904,Player_14904,11,37,Goalkeeper
14905,Player_14905,9,21,All-Rounder
14906,Player_14906,11,19,Batsman
14907,Player_14907,13,19,Batsman
14908,Player_14908,2,30,Goalkeeper
14909,Player_14909,14,39,Defender
14910,Player_14910,6,38,Bowler
14911,Player_14911,8,37,Goalkeeper
14912,Player_14912,18,23,All-Rounder
14913,Player_14913,16,21,Bowler
14914,Player_14914,12,32,Goalkeeper
14915,Player_14915,11,20,Bowler
14916,Player_14916,6,21,Defender
14917,Player_14917,3,34,All-Rounder
14918,Player_14918,14,23,Goalkeeper
14919,Player_14919,2,19,Batsman
14920,Player_14920,11,37,All-Rounder
14921,Player_14921,3,30,Defender
14922,Player_14922,18,32,Defender
14923,Player_14923,1,22,Batsman
14924,Player_14924,1,36,All-Rounder
14925,Player_14925,12,23,Goalkeeper
14926,Player_14926,15,34,Batsman
14927,Player_14927,5,18,Goalkeeper
14928,Player_14928,6,19,Bowler
14929,Player_14929,16,18,Goalkeeper
14930,Player_14930,12,25,Bowler
14931,Player_14931,12,21,Goalkeeper
14932,Player_14932,3,35,Bowler
14933,Player_14933,2,26,All-Rounder
14934,Player_14934,7,32,Defender
14935,Player_14935,2,33,All-Rounder
14936,Player_14936,7,38,Batsman
14937,Player_14937,11,20,All-Rounder
14938,Player_14938,11,18,All-Rounder
14939,Player_14939,14,30,Defender
14940,Player_14940,3,31,All-Rounder
14941,Player_14941,14,23,Batsman
14942,Player_14942,11,22,All-Rounder
14943,Player_14943,4,22,All-Rounder
14944,Player_14944,17,21,All-Rounder
14945,Player_14945,16,38,All-Rounder
14946,Player_14946,3,29,Defender
14947,Player_14947,10,31,Defender
14948,Player_14948,15,31,Batsman
14949,Player_14949,8,28,Batsman
14950,Player_14950,18,39,Batsman
14951,Player_14951,3,27,All-Rounder
14952,Player_14952,7,27,Goalkeeper
14953,Player_14953,10,26,All-Rounder
14954,Player_14954,20,19,Goalkeeper
14955,Player_14955,9,31,Batsman
14956,Player_14956,14,24,All-Rounder
14957,Player_14957,14,34,Batsman
14958,Player_14958,11,37,Defender
14959,Player_14959,1,25,Batsman
14960,Player_14960,4,37,All-Rounder
14961,Player_14961,6,21,Defender
14962,Player_14962,5,22,Defender
14963,Player_14963,3,30,Goalkeeper
14964,Player_14964,2,24,Bowler
14965,Player_14965,3,23,Defender
14966,Player_14966,9,34,Bowler
14967,Player_14967,19,23,Batsman
14968,Player_14968,19,36,Batsman
14969,Player_14969,17,20,Defender
14970,Player_14970,18,26,Goalkeeper
14971,Player_14971,11,38,Batsman
14972,Player_14972,12,32,Bowler
14973,Player_14973,3,25,Defender
14974,Player_14974,18,32,Defender
14975,Player_14975,6,18,Goalkeeper
14976,Player_14976,7,25,Defender
14977,Player_14977,1,21,All-Rounder
14978,Player_14978,6,39,Bowler
14979,Player_14979,18,27,All-Rounder
14980,Player_14980,13,33,All-Rounder
14981,Player_14981,19,35,Bowler
14982,Player_14982,7,21,Defender
14983,Player_14983,19,25,Defender
14984,Player_14984,9,21,All-Rounder
14985,Player_14985,3,27,Bowler
14986,Player_14986,12,37,Batsman
14987,Player_14987,20,21,Bowler
14988,Player_14988,18,33,All-Rounder
14989,Player_14989,8,29,Bowler
14990,Player_14990,9,27,Bowler
14991,Player_14991,13,28,Batsman
14992,Player_14992,8,19,Goalkeeper
14993,Player_14993,10,33,Goalkeeper
14994,Player_14994,17,36,Batsman
14995,Player_14995,7,29,Bowler
14996,Player_14996,17,21,All-Rounder
14997,Player_14997,18,34,Batsman
14998,Player_14998,2,29,Goalkeeper
14999,Player_14999,3,33,Goalkeeper
15000,Player_15000,19,20,Batsman
15001,Player_15001,1,19,Bowler
15002,Player_15002,10,24,Defender
15003,Player_15003,14,23,All-Rounder
15004,Player_15004,13,18,Defender
15005,Player_15005,9,32,All-Rounder
15006,Player_15006,6,29,Defender
15007,Player_15007,6,30,Defender
15008,Player_15008,19,25,All-Rounder
15009,Player_15009,10,26,All-Rounder
15010,Player_15010,3,18,Goalkeeper
15011,Player_15011,18,22,Bowler
15012,Player_15012,19,24,Bowler
15013,Player_15013,5,35,Goalkeeper
15014,Player_15014,11,39,Defender
15015,Player_15015,10,25,All-Rounder
15016,Player_15016,17,27,Batsman
15017,Player_15017,4,25,Defender
15018,Player_15018,18,29,Bowler
15019,Player_15019,18,33,All-Rounder
15020,Player_15020,1,29,Goalkeeper
15021,Player_15021,14,39,Defender
15022,Player_15022,8,39,Batsman
15023,Player_15023,2,20,Defender
15024,Player_15024,19,35,Goalkeeper
15025,Player_15025,15,22,Batsman
15026,Player_15026,2,31,Defender
15027,Player_15027,4,37,Goalkeeper
15028,Player_15028,1,38,Defender
15029,Player_15029,19,33,All-Rounder
15030,Player_15030,10,39,Defender
15031,Player_15031,1,23,Goalkeeper
15032,Player_15032,20,33,Bowler
15033,Player_15033,15,37,Goalkeeper
15034,Player_15034,4,31,Defender
15035,Player_15035,7,37,All-Rounder
15036,Player_15036,7,22,Bowler
15037,Player_15037,18,31,Goalkeeper
15038,Player_15038,13,28,Bowler
15039,Player_15039,10,38,All-Rounder
15040,Player_15040,8,26,Batsman
15041,Player_15041,10,37,Bowler
15042,Player_15042,14,24,Goalkeeper
15043,Player_15043,14,22,All-Rounder
15044,Player_15044,20,32,Goalkeeper
15045,Player_15045,11,30,All-Rounder
15046,Player_15046,6,29,Goalkeeper
15047,Player_15047,1,32,All-Rounder
15048,Player_15048,19,36,Defender
15049,Player_15049,7,36,Goalkeeper
15050,Player_15050,18,27,All-Rounder
15051,Player_15051,3,34,Batsman
15052,Player_15052,20,33,All-Rounder
15053,Player_15053,11,22,Batsman
15054,Player_15054,5,21,Bowler
15055,Player_15055,19,39,All-Rounder
15056,Player_15056,2,27,Bowler
15057,Player_15057,4,38,Bowler
15058,Player_15058,10,23,Defender
15059,Player_15059,2,28,All-Rounder
15060,Player_15060,8,28,Defender
15061,Player_15061,1,33,Defender
15062,Player_15062,6,31,Bowler
15063,Player_15063,11,36,Goalkeeper
15064,Player_15064,10,39,Bowler
15065,Player_15065,13,21,Bowler
15066,Player_15066,1,22,Batsman
15067,Player_15067,2,39,Goalkeeper
15068,Player_15068,3,36,Bowler
15069,Player_15069,9,34,Goalkeeper
15070,Player_15070,5,35,Batsman
15071,Player_15071,10,25,Goalkeeper
15072,Player_15072,10,21,All-Rounder
15073,Player_15073,12,35,Batsman
15074,Player_15074,18,28,Goalkeeper
15075,Player_15075,1,31,Defender
15076,Player_15076,3,30,Goalkeeper
15077,Player_15077,5,33,Batsman
15078,Player_15078,17,29,Defender
15079,Player_15079,8,26,Goalkeeper
15080,Player_15080,17,24,Goalkeeper
15081,Player_15081,9,27,Batsman
15082,Player_15082,6,34,Defender
15083,Player_15083,17,35,Defender
15084,Player_15084,8,24,Goalkeeper
15085,Player_15085,7,20,All-Rounder
15086,Player_15086,7,32,Batsman
15087,Player_15087,15,33,Batsman
15088,Player_15088,7,38,Bowler
15089,Player_15089,8,34,Defender
15090,Player_15090,9,30,Defender
15091,Player_15091,15,20,Bowler
15092,Player_15092,2,37,Goalkeeper
15093,Player_15093,7,37,Goalkeeper
15094,Player_15094,15,22,Batsman
15095,Player_15095,18,26,Goalkeeper
15096,Player_15096,18,35,All-Rounder
15097,Player_15097,10,28,All-Rounder
15098,Player_15098,18,28,All-Rounder
15099,Player_15099,1,33,Bowler
15100,Player_15100,7,25,All-Rounder
15101,Player_15101,3,19,Bowler
15102,Player_15102,14,38,Batsman
15103,Player_15103,12,27,Batsman
15104,Player_15104,14,23,All-Rounder
15105,Player_15105,4,21,Bowler
15106,Player_15106,13,38,All-Rounder
15107,Player_15107,16,22,Goalkeeper
15108,Player_15108,16,28,Bowler
15109,Player_15109,5,29,Bowler
15110,Player_15110,20,33,Bowler
15111,Player_15111,6,37,Bowler
15112,Player_15112,6,38,Goalkeeper
15113,Player_15113,18,31,All-Rounder
15114,Player_15114,6,31,Batsman
15115,Player_15115,7,37,Defender
15116,Player_15116,16,37,Defender
15117,Player_15117,9,32,Bowler
15118,Player_15118,13,25,Bowler
15119,Player_15119,12,22,Batsman
15120,Player_15120,19,26,Defender
15121,Player_15121,1,38,Bowler
15122,Player_15122,8,33,Goalkeeper
15123,Player_15123,4,20,Defender
15124,Player_15124,19,29,Goalkeeper
15125,Player_15125,5,24,Batsman
15126,Player_15126,17,34,Batsman
15127,Player_15127,3,32,Defender
15128,Player_15128,19,32,All-Rounder
15129,Player_15129,1,29,Defender
15130,Player_15130,1,38,Goalkeeper
15131,Player_15131,20,19,All-Rounder
15132,Player_15132,9,25,Goalkeeper
15133,Player_15133,5,39,Goalkeeper
15134,Player_15134,7,22,Goalkeeper
15135,Player_15135,6,20,Bowler
15136,Player_15136,17,18,All-Rounder
15137,Player_15137,17,33,Bowler
15138,Player_15138,13,27,Bowler
15139,Player_15139,12,27,Goalkeeper
15140,Player_15140,4,28,Batsman
15141,Player_15141,8,29,Defender
15142,Player_15142,5,25,Batsman
15143,Player_15143,5,22,Goalkeeper
15144,Player_15144,13,26,Defender
15145,Player_15145,11,28,Defender
15146,Player_15146,8,32,Goalkeeper
15147,Player_15147,8,34,Bowler
15148,Player_15148,1,28,Defender
15149,Player_15149,13,30,Defender
15150,Player_15150,5,34,Defender
15151,Player_15151,8,24,Defender
15152,Player_15152,17,26,All-Rounder
15153,Player_15153,13,35,Bowler
15154,Player_15154,9,35,All-Rounder
15155,Player_15155,2,27,All-Rounder
15156,Player_15156,19,29,Goalkeeper
15157,Player_15157,20,35,Bowler
15158,Player_15158,17,38,Batsman
15159,Player_15159,7,26,Bowler
15160,Player_15160,3,26,Batsman
15161,Player_15161,19,27,Defender
15162,Player_15162,19,18,Batsman
15163,Player_15163,9,28,Batsman
15164,Player_15164,10,31,Batsman
15165,Player_15165,14,27,Defender
15166,Player_15166,18,31,Defender
15167,Player_15167,15,36,All-Rounder
15168,Player_15168,1,27,Batsman
15169,Player_15169,6,34,Bowler
15170,Player_15170,15,19,Goalkeeper
15171,Player_15171,6,39,All-Rounder
15172,Player_15172,18,31,Batsman
15173,Player_15173,1,35,All-Rounder
15174,Player_15174,3,19,Batsman
15175,Player_15175,17,37,Batsman
15176,Player_15176,16,36,All-Rounder
15177,Player_15177,8,25,Batsman
15178,Player_15178,17,23,Batsman
15179,Player_15179,8,37,Goalkeeper
15180,Player_15180,17,24,Bowler
15181,Player_15181,9,30,Defender
15182,Player_15182,12,19,Goalkeeper
15183,Player_15183,19,39,Defender
15184,Player_15184,4,24,Defender
15185,Player_15185,11,18,Bowler
15186,Player_15186,4,23,Goalkeeper
15187,Player_15187,14,33,Batsman
15188,Player_15188,14,25,Bowler
15189,Player_15189,6,30,Batsman
15190,Player_15190,17,35,Batsman
15191,Player_15191,2,31,Batsman
15192,Player_15192,8,35,Batsman
15193,Player_15193,4,21,Goalkeeper
15194,Player_15194,10,32,Defender
15195,Player_15195,7,22,Defender
15196,Player_15196,4,38,Goalkeeper
15197,Player_15197,16,31,Defender
15198,Player_15198,14,33,Bowler
15199,Player_15199,16,32,Batsman
15200,Player_15200,9,28,Batsman
15201,Player_15201,4,19,Batsman
15202,Player_15202,6,35,All-Rounder
15203,Player_15203,1,21,Bowler
15204,Player_15204,7,32,All-Rounder
15205,Player_15205,1,29,Goalkeeper
15206,Player_15206,19,20,All-Rounder
15207,Player_15207,8,21,Defender
15208,Player_15208,3,38,Defender
15209,Player_15209,1,33,Bowler
15210,Player_15210,1,23,All-Rounder
15211,Player_15211,7,19,All-Rounder
15212,Player_15212,13,39,Batsman
15213,Player_15213,1,26,Bowler
15214,Player_15214,16,29,Batsman
15215,Player_15215,14,29,Bowler
15216,Player_15216,4,31,Bowler
15217,Player_15217,12,34,All-Rounder
15218,Player_15218,12,26,Batsman
15219,Player_15219,17,29,Goalkeeper
15220,Player_15220,15,27,Batsman
15221,Player_15221,10,28,Goalkeeper
15222,Player_15222,3,19,Defender
15223,Player_15223,20,33,Bowler
15224,Player_15224,20,18,Batsman
15225,Player_15225,12,39,Bowler
15226,Player_15226,1,18,Batsman
15227,Player_15227,1,39,Defender
15228,Player_15228,10,19,Batsman
15229,Player_15229,18,29,Defender
15230,Player_15230,15,37,Bowler
15231,Player_15231,2,35,All-Rounder
15232,Player_15232,17,29,Goalkeeper
15233,Player_15233,8,18,Bowler
15234,Player_15234,9,28,All-Rounder
15235,Player_15235,20,19,Bowler
15236,Player_15236,11,29,Bowler
15237,Player_15237,6,19,Batsman
15238,Player_15238,14,34,Defender
15239,Player_15239,1,23,Defender
15240,Player_15240,7,33,Batsman
15241,Player_15241,9,36,Batsman
15242,Player_15242,11,23,Bowler
15243,Player_15243,16,24,Defender
15244,Player_15244,19,36,Bowler
15245,Player_15245,2,37,All-Rounder
15246,Player_15246,15,34,All-Rounder
15247,Player_15247,3,23,Batsman
15248,Player_15248,4,32,Defender
15249,Player_15249,20,39,All-Rounder
15250,Player_15250,7,26,Defender
15251,Player_15251,12,19,Defender
15252,Player_15252,4,22,Goalkeeper
15253,Player_15253,10,38,All-Rounder
15254,Player_15254,6,22,All-Rounder
15255,Player_15255,14,29,Bowler
15256,Player_15256,3,27,Bowler
15257,Player_15257,17,21,Defender
15258,Player_15258,11,29,Batsman
15259,Player_15259,10,32,Bowler
15260,Player_15260,10,27,Bowler
15261,Player_15261,10,35,Defender
15262,Player_15262,3,22,All-Rounder
15263,Player_15263,15,30,Bowler
15264,Player_15264,17,21,Batsman
15265,Player_15265,18,26,Defender
15266,Player_15266,19,35,All-Rounder
15267,Player_15267,19,20,Goalkeeper
15268,Player_15268,12,28,Batsman
15269,Player_15269,5,21,All-Rounder
15270,Player_15270,16,26,Defender
15271,Player_15271,15,29,Goalkeeper
15272,Player_15272,15,27,Batsman
15273,Player_15273,6,27,Bowler
15274,Player_15274,12,26,Bowler
15275,Player_15275,2,27,Batsman
15276,Player_15276,20,26,Bowler
15277,Player_15277,9,18,Defender
15278,Player_15278,4,39,Batsman
15279,Player_15279,5,33,Batsman
15280,Player_15280,8,31,Bowler
15281,Player_15281,10,30,Batsman
15282,Player_15282,7,23,Goalkeeper
15283,Player_15283,14,31,Batsman
15284,Player_15284,5,25,Bowler
15285,Player_15285,16,35,Bowler
15286,Player_15286,15,37,Bowler
15287,Player_15287,5,18,Bowler
15288,Player_15288,3,29,Defender
15289,Player_15289,10,28,Bowler
15290,Player_15290,5,30,Goalkeeper
15291,Player_15291,15,21,Batsman
15292,Player_15292,18,23,All-Rounder
15293,Player_15293,8,39,All-Rounder
15294,Player_15294,2,30,Defender
15295,Player_15295,8,39,All-Rounder
15296,Player_15296,8,30,Bowler
15297,Player_15297,4,23,All-Rounder
15298,Player_15298,19,39,Goalkeeper
15299,Player_15299,18,21,Bowler
15300,Player_15300,1,38,All-Rounder
15301,Player_15301,20,20,Bowler
15302,Player_15302,15,32,Defender
15303,Player_15303,18,28,Goalkeeper
15304,Player_15304,12,19,Batsman
15305,Player_15305,1,34,Bowler
15306,Player_15306,7,19,Goalkeeper
15307,Player_15307,19,38,Defender
15308,Player_15308,1,18,Defender
15309,Player_15309,7,22,Goalkeeper
15310,Player_15310,2,37,All-Rounder
15311,Player_15311,7,34,Goalkeeper
15312,Player_15312,19,18,All-Rounder
15313,Player_15313,13,24,All-Rounder
15314,Player_15314,5,20,Goalkeeper
15315,Player_15315,19,33,Defender
15316,Player_15316,1,33,Batsman
15317,Player_15317,1,29,Batsman
15318,Player_15318,18,26,Goalkeeper
15319,Player_15319,1,31,Bowler
15320,Player_15320,5,29,Goalkeeper
15321,Player_15321,9,33,Batsman
15322,Player_15322,12,34,Goalkeeper
15323,Player_15323,9,29,Defender
15324,Player_15324,18,21,Batsman
15325,Player_15325,11,34,Batsman
15326,Player_15326,1,18,Batsman
15327,Player_15327,19,38,Defender
15328,Player_15328,10,34,Batsman
15329,Player_15329,2,28,Bowler
15330,Player_15330,7,36,Batsman
15331,Player_15331,20,35,Goalkeeper
15332,Player_15332,2,37,Bowler
15333,Player_15333,19,19,All-Rounder
15334,Player_15334,6,26,Batsman
15335,Player_15335,10,26,All-Rounder
15336,Player_15336,9,29,All-Rounder
15337,Player_15337,8,30,Defender
15338,Player_15338,11,33,Goalkeeper
15339,Player_15339,9,30,Goalkeeper
15340,Player_15340,20,31,All-Rounder
15341,Player_15341,20,24,Defender
15342,Player_15342,9,19,Bowler
15343,Player_15343,8,29,Batsman
15344,Player_15344,15,34,Bowler
15345,Player_15345,2,22,Batsman
15346,Player_15346,1,37,All-Rounder
15347,Player_15347,9,27,Defender
15348,Player_15348,9,35,Defender
15349,Player_15349,13,20,Goalkeeper
15350,Player_15350,8,30,Goalkeeper
15351,Player_15351,5,30,Bowler
15352,Player_15352,3,27,Goalkeeper
15353,Player_15353,4,19,Batsman
15354,Player_15354,17,33,Defender
15355,Player_15355,16,21,Defender
15356,Player_15356,16,36,All-Rounder
15357,Player_15357,20,22,All-Rounder
15358,Player_15358,3,24,Bowler
15359,Player_15359,6,26,All-Rounder
15360,Player_15360,1,22,Batsman
15361,Player_15361,16,25,Goalkeeper
15362,Player_15362,15,19,Goalkeeper
15363,Player_15363,7,39,Bowler
15364,Player_15364,2,37,Goalkeeper
15365,Player_15365,10,37,Defender
15366,Player_15366,15,24,Goalkeeper
15367,Player_15367,6,21,All-Rounder
15368,Player_15368,2,38,Defender
15369,Player_15369,17,32,All-Rounder
15370,Player_15370,1,35,All-Rounder
15371,Player_15371,1,19,Bowler
15372,Player_15372,4,31,Bowler
15373,Player_15373,20,27,Defender
15374,Player_15374,16,22,Goalkeeper
15375,Player_15375,8,29,Batsman
15376,Player_15376,1,27,Goalkeeper
15377,Player_15377,19,35,Defender
15378,Player_15378,11,23,Batsman
15379,Player_15379,17,39,All-Rounder
15380,Player_15380,10,29,All-Rounder
15381,Player_15381,12,18,Batsman
15382,Player_15382,9,24,All-Rounder
15383,Player_15383,7,29,Goalkeeper
15384,Player_15384,12,24,Bowler
15385,Player_15385,15,26,Goalkeeper
15386,Player_15386,8,37,All-Rounder
15387,Player_15387,17,32,Bowler
15388,Player_15388,5,29,Goalkeeper
15389,Player_15389,14,30,All-Rounder
15390,Player_15390,2,39,Goalkeeper
15391,Player_15391,16,21,All-Rounder
15392,Player_15392,17,27,Defender
15393,Player_15393,3,20,Batsman
15394,Player_15394,1,22,All-Rounder
15395,Player_15395,18,21,Goalkeeper
15396,Player_15396,18,36,All-Rounder
15397,Player_15397,4,32,All-Rounder
15398,Player_15398,15,24,Goalkeeper
15399,Player_15399,19,39,Goalkeeper
15400,Player_15400,19,20,Bowler
15401,Player_15401,10,33,All-Rounder
15402,Player_15402,5,32,Defender
15403,Player_15403,19,35,Batsman
15404,Player_15404,11,20,All-Rounder
15405,Player_15405,7,31,Goalkeeper
15406,Player_15406,5,18,Bowler
15407,Player_15407,20,24,All-Rounder
15408,Player_15408,12,19,Defender
15409,Player_15409,19,27,Goalkeeper
15410,Player_15410,15,33,Defender
15411,Player_15411,12,29,Defender
15412,Player_15412,4,35,Batsman
15413,Player_15413,12,23,Batsman
15414,Player_15414,18,34,All-Rounder
15415,Player_15415,17,25,Batsman
15416,Player_15416,19,38,All-Rounder
15417,Player_15417,16,26,All-Rounder
15418,Player_15418,11,36,Goalkeeper
15419,Player_15419,2,19,Goalkeeper
15420,Player_15420,16,24,Bowler
15421,Player_15421,1,28,Batsman
15422,Player_15422,17,30,Bowler
15423,Player_15423,18,27,Defender
15424,Player_15424,13,32,All-Rounder
15425,Player_15425,5,38,All-Rounder
15426,Player_15426,6,24,Goalkeeper
15427,Player_15427,1,23,Defender
15428,Player_15428,10,29,All-Rounder
15429,Player_15429,5,20,All-Rounder
15430,Player_15430,1,33,Defender
15431,Player_15431,11,37,Defender
15432,Player_15432,7,26,All-Rounder
15433,Player_15433,18,27,Defender
15434,Player_15434,20,30,Batsman
15435,Player_15435,10,25,Defender
15436,Player_15436,15,23,Bowler
15437,Player_15437,4,20,Bowler
15438,Player_15438,16,29,All-Rounder
15439,Player_15439,15,26,All-Rounder
15440,Player_15440,15,26,Goalkeeper
15441,Player_15441,12,28,Defender
15442,Player_15442,8,23,Bowler
15443,Player_15443,8,19,Goalkeeper
15444,Player_15444,18,24,All-Rounder
15445,Player_15445,6,26,Batsman
15446,Player_15446,5,36,Defender
15447,Player_15447,2,35,Goalkeeper
15448,Player_15448,12,29,Batsman
15449,Player_15449,4,38,All-Rounder
15450,Player_15450,13,28,Bowler
15451,Player_15451,17,27,Goalkeeper
15452,Player_15452,16,20,Goalkeeper
15453,Player_15453,9,29,All-Rounder
15454,Player_15454,1,21,All-Rounder
15455,Player_15455,15,27,Bowler
15456,Player_15456,12,19,Bowler
15457,Player_15457,5,29,Bowler
15458,Player_15458,18,28,Batsman
15459,Player_15459,20,31,Batsman
15460,Player_15460,2,32,All-Rounder
15461,Player_15461,4,31,Goalkeeper
15462,Player_15462,15,29,Batsman
15463,Player_15463,6,19,All-Rounder
15464,Player_15464,12,19,Batsman
15465,Player_15465,18,18,Bowler
15466,Player_15466,20,37,All-Rounder
15467,Player_15467,4,32,Bowler
15468,Player_15468,1,39,Defender
15469,Player_15469,15,27,Goalkeeper
15470,Player_15470,18,37,Bowler
15471,Player_15471,14,18,Goalkeeper
15472,Player_15472,3,18,All-Rounder
15473,Player_15473,15,18,Defender
15474,Player_15474,5,28,Goalkeeper
15475,Player_15475,3,29,Batsman
15476,Player_15476,7,32,All-Rounder
15477,Player_15477,6,31,Defender
15478,Player_15478,1,18,Batsman
15479,Player_15479,19,18,Batsman
15480,Player_15480,7,23,Defender
15481,Player_15481,4,39,Bowler
15482,Player_15482,12,20,Defender
15483,Player_15483,20,31,Defender
15484,Player_15484,18,23,Defender
15485,Player_15485,9,25,Goalkeeper
15486,Player_15486,19,37,Bowler
15487,Player_15487,4,32,All-Rounder
15488,Player_15488,1,34,Batsman
15489,Player_15489,9,26,Goalkeeper
15490,Player_15490,15,33,Bowler
15491,Player_15491,8,18,Defender
15492,Player_15492,15,33,Goalkeeper
15493,Player_15493,15,36,Goalkeeper
15494,Player_15494,18,26,Batsman
15495,Player_15495,7,34,All-Rounder
15496,Player_15496,18,23,Bowler
15497,Player_15497,16,31,Bowler
15498,Player_15498,2,35,Bowler
15499,Player_15499,4,38,Defender
15500,Player_15500,20,31,Defender
15501,Player_15501,16,24,Goalkeeper
15502,Player_15502,3,27,All-Rounder
15503,Player_15503,2,33,Batsman
15504,Player_15504,3,24,Batsman
15505,Player_15505,5,37,All-Rounder
15506,Player_15506,2,23,Bowler
15507,Player_15507,19,23,All-Rounder
15508,Player_15508,20,24,Batsman
15509,Player_15509,2,39,Defender
15510,Player_15510,2,34,All-Rounder
15511,Player_15511,20,25,Goalkeeper
15512,Player_15512,18,19,Defender
15513,Player_15513,20,36,Goalkeeper
15514,Player_15514,14,38,Goalkeeper
15515,Player_15515,15,39,All-Rounder
15516,Player_15516,12,24,Goalkeeper
15517,Player_15517,11,29,Bowler
15518,Player_15518,11,37,All-Rounder
15519,Player_15519,7,20,Batsman
15520,Player_15520,12,21,Bowler
15521,Player_15521,16,28,Defender
15522,Player_15522,5,29,All-Rounder
15523,Player_15523,2,36,Batsman
15524,Player_15524,16,36,Batsman
15525,Player_15525,15,28,All-Rounder
15526,Player_15526,11,30,Bowler
15527,Player_15527,6,18,Batsman
15528,Player_15528,13,23,All-Rounder
15529,Player_15529,19,39,All-Rounder
15530,Player_15530,10,33,Goalkeeper
15531,Player_15531,19,19,All-Rounder
15532,Player_15532,5,31,Batsman
15533,Player_15533,7,35,Goalkeeper
15534,Player_15534,11,34,Batsman
15535,Player_15535,14,37,Bowler
15536,Player_15536,16,35,Bowler
15537,Player_15537,18,36,Batsman
15538,Player_15538,4,32,Defender
15539,Player_15539,1,19,Defender
15540,Player_15540,15,21,Defender
15541,Player_15541,14,18,Batsman
15542,Player_15542,19,25,All-Rounder
15543,Player_15543,5,37,Goalkeeper
15544,Player_15544,4,31,All-Rounder
15545,Player_15545,13,28,Batsman
15546,Player_15546,18,31,All-Rounder
15547,Player_15547,12,33,Bowler
15548,Player_15548,15,27,Goalkeeper
15549,Player_15549,9,24,Batsman
15550,Player_15550,4,33,Goalkeeper
15551,Player_15551,5,21,Defender
15552,Player_15552,9,29,Defender
15553,Player_15553,13,29,Bowler
15554,Player_15554,10,19,Batsman
15555,Player_15555,16,23,Defender
15556,Player_15556,13,37,Goalkeeper
15557,Player_15557,4,32,Goalkeeper
15558,Player_15558,13,32,Bowler
15559,Player_15559,8,39,Defender
15560,Player_15560,13,33,All-Rounder
15561,Player_15561,15,20,Defender
15562,Player_15562,20,18,Bowler
15563,Player_15563,20,38,Defender
15564,Player_15564,13,29,Batsman
15565,Player_15565,5,32,Bowler
15566,Player_15566,6,36,All-Rounder
15567,Player_15567,5,23,Goalkeeper
15568,Player_15568,13,36,Defender
15569,Player_15569,5,34,Goalkeeper
15570,Player_15570,13,26,Bowler
15571,Player_15571,20,38,Goalkeeper
15572,Player_15572,8,30,Batsman
15573,Player_15573,9,32,Bowler
15574,Player_15574,19,33,Bowler
15575,Player_15575,20,30,Defender
15576,Player_15576,15,19,Bowler
15577,Player_15577,10,19,Batsman
15578,Player_15578,11,28,Defender
15579,Player_15579,5,33,Batsman
15580,Player_15580,9,34,All-Rounder
15581,Player_15581,11,20,Defender
15582,Player_15582,19,18,Bowler
15583,Player_15583,2,35,Bowler
15584,Player_15584,6,31,Bowler
15585,Player_15585,1,39,All-Rounder
15586,Player_15586,3,26,Batsman
15587,Player_15587,3,26,Bowler
15588,Player_15588,14,29,Goalkeeper
15589,Player_15589,20,20,Bowler
15590,Player_15590,5,19,Defender
15591,Player_15591,17,18,Defender
15592,Player_15592,15,26,Goalkeeper
15593,Player_15593,6,30,All-Rounder
15594,Player_15594,14,38,Defender
15595,Player_15595,14,33,All-Rounder
15596,Player_15596,17,36,All-Rounder
15597,Player_15597,8,27,Goalkeeper
15598,Player_15598,8,22,Defender
15599,Player_15599,19,31,Bowler
15600,Player_15600,9,32,All-Rounder
15601,Player_15601,11,20,All-Rounder
15602,Player_15602,13,26,Defender
15603,Player_15603,13,18,Defender
15604,Player_15604,19,18,Goalkeeper
15605,Player_15605,19,36,Batsman
15606,Player_15606,5,23,Batsman
15607,Player_15607,16,28,Batsman
15608,Player_15608,9,35,All-Rounder
15609,Player_15609,20,31,Goalkeeper
15610,Player_15610,3,33,Batsman
15611,Player_15611,19,18,Defender
15612,Player_15612,5,27,All-Rounder
15613,Player_15613,8,27,All-Rounder
15614,Player_15614,14,30,Defender
15615,Player_15615,3,18,Goalkeeper
15616,Player_15616,13,20,Goalkeeper
15617,Player_15617,11,31,Batsman
15618,Player_15618,8,38,Defender
15619,Player_15619,19,33,Bowler
15620,Player_15620,10,37,Goalkeeper
15621,Player_15621,18,23,Batsman
15622,Player_15622,18,18,All-Rounder
15623,Player_15623,7,37,Goalkeeper
15624,Player_15624,16,22,Bowler
15625,Player_15625,6,25,All-Rounder
15626,Player_15626,16,29,All-Rounder
15627,Player_15627,16,18,Defender
15628,Player_15628,1,30,Defender
15629,Player_15629,19,26,Goalkeeper
15630,Player_15630,3,37,Bowler
15631,Player_15631,6,25,Defender
15632,Player_15632,4,30,Batsman
15633,Player_15633,4,19,All-Rounder
15634,Player_15634,4,32,Batsman
15635,Player_15635,10,31,All-Rounder
15636,Player_15636,9,36,Batsman
15637,Player_15637,8,26,All-Rounder
15638,Player_15638,19,36,Defender
15639,Player_15639,17,31,Batsman
15640,Player_15640,17,25,Goalkeeper
15641,Player_15641,1,22,Goalkeeper
15642,Player_15642,20,24,Bowler
15643,Player_15643,14,21,Bowler
15644,Player_15644,20,25,Bowler
15645,Player_15645,11,21,Batsman
15646,Player_15646,3,38,All-Rounder
15647,Player_15647,8,18,Bowler
15648,Player_15648,10,25,Defender
15649,Player_15649,17,24,Goalkeeper
15650,Player_15650,8,28,Goalkeeper
15651,Player_15651,1,38,Defender
15652,Player_15652,20,33,Goalkeeper
15653,Player_15653,7,39,Batsman
15654,Player_15654,9,34,Defender
15655,Player_15655,12,22,Batsman
15656,Player_15656,9,24,Goalkeeper
15657,Player_15657,20,27,Defender
15658,Player_15658,3,30,Defender
15659,Player_15659,4,37,Defender
15660,Player_15660,10,32,Goalkeeper
15661,Player_15661,4,23,Goalkeeper
15662,Player_15662,9,19,Goalkeeper
15663,Player_15663,1,21,Bowler
15664,Player_15664,5,38,Bowler
15665,Player_15665,9,31,All-Rounder
15666,Player_15666,5,32,Defender
15667,Player_15667,6,31,Goalkeeper
15668,Player_15668,19,21,Defender
15669,Player_15669,8,23,Batsman
15670,Player_15670,10,24,Batsman
15671,Player_15671,11,30,Goalkeeper
15672,Player_15672,13,34,Bowler
15673,Player_15673,20,34,All-Rounder
15674,Player_15674,4,21,Bowler
15675,Player_15675,11,36,Defender
15676,Player_15676,12,37,Bowler
15677,Player_15677,5,30,Goalkeeper
15678,Player_15678,10,26,Bowler
15679,Player_15679,7,19,Batsman
15680,Player_15680,9,37,Goalkeeper
15681,Player_15681,9,35,Goalkeeper
15682,Player_15682,10,37,Goalkeeper
15683,Player_15683,10,34,Bowler
15684,Player_15684,2,24,Batsman
15685,Player_15685,4,34,Bowler
15686,Player_15686,8,27,Defender
15687,Player_15687,14,31,All-Rounder
15688,Player_15688,17,29,All-Rounder
15689,Player_15689,13,29,All-Rounder
15690,Player_15690,18,34,Defender
15691,Player_15691,18,36,Defender
15692,Player_15692,13,31,Defender
15693,Player_15693,8,34,Batsman
15694,Player_15694,12,32,Goalkeeper
15695,Player_15695,1,38,Defender
15696,Player_15696,20,23,All-Rounder
15697,Player_15697,18,36,All-Rounder
15698,Player_15698,3,39,Bowler
15699,Player_15699,12,37,Goalkeeper
15700,Player_15700,19,23,Defender
15701,Player_15701,13,23,Goalkeeper
15702,Player_15702,10,21,Defender
15703,Player_15703,15,18,All-Rounder
15704,Player_15704,20,36,Goalkeeper
15705,Player_15705,2,28,Goalkeeper
15706,Player_15706,19,24,Defender
15707,Player_15707,3,19,Defender
15708,Player_15708,14,21,Goalkeeper
15709,Player_15709,7,23,Defender
15710,Player_15710,8,22,Goalkeeper
15711,Player_15711,11,39,Bowler
15712,Player_15712,20,38,Goalkeeper
15713,Player_15713,6,26,Batsman
15714,Player_15714,11,28,Goalkeeper
15715,Player_15715,17,35,Bowler
15716,Player_15716,10,37,Bowler
15717,Player_15717,17,34,All-Rounder
15718,Player_15718,2,30,All-Rounder
15719,Player_15719,6,34,Batsman
15720,Player_15720,5,39,Defender
15721,Player_15721,4,27,Defender
15722,Player_15722,2,35,Bowler
15723,Player_15723,12,34,Bowler
15724,Player_15724,3,29,All-Rounder
15725,Player_15725,6,32,Bowler
15726,Player_15726,14,36,Goalkeeper
15727,Player_15727,8,39,Goalkeeper
15728,Player_15728,14,32,Batsman
15729,Player_15729,3,30,Goalkeeper
15730,Player_15730,16,24,Batsman
15731,Player_15731,15,28,All-Rounder
15732,Player_15732,7,25,Goalkeeper
15733,Player_15733,15,37,Batsman
15734,Player_15734,13,33,Defender
15735,Player_15735,6,28,Batsman
15736,Player_15736,15,22,Goalkeeper
15737,Player_15737,17,24,Batsman
15738,Player_15738,4,33,All-Rounder
15739,Player_15739,14,33,Bowler
15740,Player_15740,15,37,Defender
15741,Player_15741,12,34,All-Rounder
15742,Player_15742,19,36,Defender
15743,Player_15743,10,32,Defender
15744,Player_15744,6,32,Batsman
15745,Player_15745,9,37,Bowler
15746,Player_15746,2,38,Batsman
15747,Player_15747,4,32,Batsman
15748,Player_15748,9,20,Goalkeeper
15749,Player_15749,15,29,Batsman
15750,Player_15750,13,23,Bowler
15751,Player_15751,20,37,All-Rounder
15752,Player_15752,8,22,Batsman
15753,Player_15753,19,28,Bowler
15754,Player_15754,19,29,Batsman
15755,Player_15755,16,24,Defender
15756,Player_15756,11,26,Batsman
15757,Player_15757,10,35,Goalkeeper
15758,Player_15758,8,31,Defender
15759,Player_15759,1,21,Bowler
15760,Player_15760,10,25,Batsman
15761,Player_15761,18,33,Defender
15762,Player_15762,3,21,Defender
15763,Player_15763,11,36,All-Rounder
15764,Player_15764,18,23,Defender
15765,Player_15765,3,36,Bowler
15766,Player_15766,8,32,Batsman
15767,Player_15767,14,29,Defender
15768,Player_15768,6,29,Bowler
15769,Player_15769,15,19,All-Rounder
15770,Player_15770,14,26,Batsman
15771,Player_15771,7,20,Goalkeeper
15772,Player_15772,10,18,Defender
15773,Player_15773,15,31,Defender
15774,Player_15774,10,30,All-Rounder
15775,Player_15775,17,22,Bowler
15776,Player_15776,19,24,All-Rounder
15777,Player_15777,17,31,Bowler
15778,Player_15778,12,33,Batsman
15779,Player_15779,15,35,Defender
15780,Player_15780,12,31,Goalkeeper
15781,Player_15781,9,18,All-Rounder
15782,Player_15782,5,23,Goalkeeper
15783,Player_15783,4,38,Goalkeeper
15784,Player_15784,12,27,Defender
15785,Player_15785,16,23,Defender
15786,Player_15786,9,19,Goalkeeper
15787,Player_15787,3,24,Batsman
15788,Player_15788,3,34,Goalkeeper
15789,Player_15789,18,31,Bowler
15790,Player_15790,17,24,Bowler
15791,Player_15791,10,39,Bowler
15792,Player_15792,2,38,Bowler
15793,Player_15793,11,26,All-Rounder
15794,Player_15794,3,36,Batsman
15795,Player_15795,2,38,All-Rounder
15796,Player_15796,9,28,All-Rounder
15797,Player_15797,19,20,Bowler
15798,Player_15798,2,21,Batsman
15799,Player_15799,19,22,Batsman
15800,Player_15800,2,21,Goalkeeper
15801,Player_15801,15,30,All-Rounder
15802,Player_15802,3,26,Batsman
15803,Player_15803,5,31,Defender
15804,Player_15804,11,33,All-Rounder
15805,Player_15805,7,39,Batsman
15806,Player_15806,6,23,Defender
15807,Player_15807,14,27,Defender
15808,Player_15808,1,38,Defender
15809,Player_15809,17,30,Bowler
15810,Player_15810,17,20,Goalkeeper
15811,Player_15811,14,28,Goalkeeper
15812,Player_15812,10,20,Batsman
15813,Player_15813,8,24,Batsman
15814,Player_15814,8,27,Goalkeeper
15815,Player_15815,14,18,Defender
15816,Player_15816,7,21,Batsman
15817,Player_15817,6,25,Bowler
15818,Player_15818,4,37,Bowler
15819,Player_15819,1,34,Goalkeeper
15820,Player_15820,15,22,Batsman
15821,Player_15821,15,34,Batsman
15822,Player_15822,1,26,Defender
15823,Player_15823,20,25,Batsman
15824,Player_15824,3,24,Goalkeeper
15825,Player_15825,5,22,Batsman
15826,Player_15826,5,21,Batsman
15827,Player_15827,4,20,Bowler
15828,Player_15828,17,25,Goalkeeper
15829,Player_15829,20,22,All-Rounder
15830,Player_15830,14,22,Goalkeeper
15831,Player_15831,8,34,Goalkeeper
15832,Player_15832,2,32,All-Rounder
15833,Player_15833,8,25,All-Rounder
15834,Player_15834,1,24,Bowler
15835,Player_15835,4,34,Defender
15836,Player_15836,19,29,Goalkeeper
15837,Player_15837,5,21,Goalkeeper
15838,Player_15838,5,37,Goalkeeper
15839,Player_15839,20,35,Goalkeeper
15840,Player_15840,19,21,Bowler
15841,Player_15841,12,27,Goalkeeper
15842,Player_15842,20,20,All-Rounder
15843,Player_15843,1,22,All-Rounder
15844,Player_15844,7,29,Batsman
15845,Player_15845,17,22,Bowler
15846,Player_15846,2,22,Batsman
15847,Player_15847,11,21,Goalkeeper
15848,Player_15848,7,23,Bowler
15849,Player_15849,17,27,Bowler
15850,Player_15850,3,23,Defender
15851,Player_15851,6,39,Defender
15852,Player_15852,11,39,Batsman
15853,Player_15853,18,18,Batsman
15854,Player_15854,18,33,All-Rounder
15855,Player_15855,10,28,All-Rounder
15856,Player_15856,5,23,All-Rounder
15857,Player_15857,15,37,Bowler
15858,Player_15858,20,35,Goalkeeper
15859,Player_15859,4,23,Batsman
15860,Player_15860,1,34,All-Rounder
15861,Player_15861,15,29,Bowler
15862,Player_15862,17,34,Defender
15863,Player_15863,19,38,Goalkeeper
15864,Player_15864,14,39,Defender
15865,Player_15865,19,35,Defender
15866,Player_15866,18,27,Goalkeeper
15867,Player_15867,2,37,Bowler
15868,Player_15868,6,29,Defender
15869,Player_15869,13,21,Bowler
15870,Player_15870,17,27,Defender
15871,Player_15871,6,22,All-Rounder
15872,Player_15872,5,21,Goalkeeper
15873,Player_15873,7,33,Batsman
15874,Player_15874,1,22,Goalkeeper
15875,Player_15875,13,36,Defender
15876,Player_15876,19,23,Defender
15877,Player_15877,1,38,All-Rounder
15878,Player_15878,13,24,All-Rounder
15879,Player_15879,11,27,Goalkeeper
15880,Player_15880,7,24,Batsman
15881,Player_15881,20,39,Goalkeeper
15882,Player_15882,3,31,Batsman
15883,Player_15883,1,27,Bowler
15884,Player_15884,8,37,Defender
15885,Player_15885,17,39,Bowler
15886,Player_15886,13,28,Goalkeeper
15887,Player_15887,14,31,Batsman
15888,Player_15888,5,29,Batsman
15889,Player_15889,6,21,Bowler
15890,Player_15890,6,30,All-Rounder
15891,Player_15891,8,39,All-Rounder
15892,Player_15892,13,39,Bowler
15893,Player_15893,18,20,All-Rounder
15894,Player_15894,4,30,Batsman
15895,Player_15895,17,37,Goalkeeper
15896,Player_15896,5,36,All-Rounder
15897,Player_15897,3,32,Batsman
15898,Player_15898,4,36,Goalkeeper
15899,Player_15899,5,37,Batsman
15900,Player_15900,14,21,Defender
15901,Player_15901,15,23,Goalkeeper
15902,Player_15902,20,32,Defender
15903,Player_15903,17,21,All-Rounder
15904,Player_15904,6,23,All-Rounder
15905,Player_15905,10,19,Batsman
15906,Player_15906,16,21,Bowler
15907,Player_15907,17,35,Batsman
15908,Player_15908,14,32,Defender
15909,Player_15909,20,29,Goalkeeper
15910,Player_15910,12,25,Bowler
15911,Player_15911,9,29,Batsman
15912,Player_15912,15,26,Defender
15913,Player_15913,12,24,Defender
15914,Player_15914,14,39,All-Rounder
15915,Player_15915,18,25,Batsman
15916,Player_15916,20,37,Batsman
15917,Player_15917,6,27,Defender
15918,Player_15918,4,28,Batsman
15919,Player_15919,12,19,All-Rounder
15920,Player_15920,13,21,Bowler
15921,Player_15921,19,38,Defender
15922,Player_15922,13,38,All-Rounder
15923,Player_15923,12,26,All-Rounder
15924,Player_15924,20,25,Goalkeeper
15925,Player_15925,3,22,Bowler
15926,Player_15926,3,31,All-Rounder
15927,Player_15927,14,19,Goalkeeper
15928,Player_15928,18,38,Goalkeeper
15929,Player_15929,19,34,Batsman
15930,Player_15930,10,25,All-Rounder
15931,Player_15931,17,19,Defender
15932,Player_15932,15,32,Batsman
15933,Player_15933,19,19,Bowler
15934,Player_15934,9,28,Defender
15935,Player_15935,4,31,Defender
15936,Player_15936,15,38,Goalkeeper
15937,Player_15937,19,27,All-Rounder
15938,Player_15938,16,24,Goalkeeper
15939,Player_15939,8,39,Goalkeeper
15940,Player_15940,17,31,All-Rounder
15941,Player_15941,1,30,All-Rounder
15942,Player_15942,7,38,All-Rounder
15943,Player_15943,18,39,Goalkeeper
15944,Player_15944,12,19,All-Rounder
15945,Player_15945,16,27,All-Rounder
15946,Player_15946,1,18,Defender
15947,Player_15947,15,18,Goalkeeper
15948,Player_15948,7,20,All-Rounder
15949,Player_15949,17,28,Goalkeeper
15950,Player_15950,3,36,Bowler
15951,Player_15951,11,26,Batsman
15952,Player_15952,6,30,Defender
15953,Player_15953,6,39,Defender
15954,Player_15954,15,21,Goalkeeper
15955,Player_15955,7,37,All-Rounder
15956,Player_15956,11,23,Goalkeeper
15957,Player_15957,17,19,Batsman
15958,Player_15958,18,26,Defender
15959,Player_15959,19,35,Defender
15960,Player_15960,8,21,Batsman
15961,Player_15961,20,18,Goalkeeper
15962,Player_15962,8,18,Defender
15963,Player_15963,11,37,All-Rounder
15964,Player_15964,3,34,Goalkeeper
15965,Player_15965,14,36,All-Rounder
15966,Player_15966,9,20,Bowler
15967,Player_15967,1,39,Batsman
15968,Player_15968,1,34,Defender
15969,Player_15969,12,20,Batsman
15970,Player_15970,11,21,Batsman
15971,Player_15971,1,30,All-Rounder
15972,Player_15972,20,32,Defender
15973,Player_15973,12,29,Bowler
15974,Player_15974,17,20,Batsman
15975,Player_15975,15,38,All-Rounder
15976,Player_15976,2,25,All-Rounder
15977,Player_15977,18,18,Defender
15978,Player_15978,16,35,Goalkeeper
15979,Player_15979,4,30,Goalkeeper
15980,Player_15980,8,24,Bowler
15981,Player_15981,2,30,All-Rounder
15982,Player_15982,14,34,Goalkeeper
15983,Player_15983,15,30,Batsman
15984,Player_15984,9,30,Bowler
15985,Player_15985,2,28,Batsman
15986,Player_15986,17,31,Goalkeeper
15987,Player_15987,10,38,All-Rounder
15988,Player_15988,9,27,Goalkeeper
15989,Player_15989,2,25,Bowler
15990,Player_15990,19,23,Bowler
15991,Player_15991,17,36,Batsman
15992,Player_15992,11,36,Batsman
15993,Player_15993,17,29,Bowler
15994,Player_15994,10,38,Batsman
15995,Player_15995,18,24,Defender
15996,Player_15996,6,35,Bowler
15997,Player_15997,16,37,Batsman
15998,Player_15998,18,35,Goalkeeper
15999,Player_15999,20,20,All-Rounder
16000,Player_16000,18,26,Defender
16001,Player_16001,1,23,Defender
16002,Player_16002,3,18,All-Rounder
16003,Player_16003,15,27,All-Rounder
16004,Player_16004,20,25,Goalkeeper
16005,Player_16005,10,34,All-Rounder
16006,Player_16006,5,20,Defender
16007,Player_16007,15,20,Goalkeeper
16008,Player_16008,14,20,All-Rounder
16009,Player_16009,15,24,Goalkeeper
16010,Player_16010,10,39,Goalkeeper
16011,Player_16011,9,28,Batsman
16012,Player_16012,12,35,All-Rounder
16013,Player_16013,7,22,Batsman
16014,Player_16014,5,39,Defender
16015,Player_16015,10,19,Goalkeeper
16016,Player_16016,8,31,Defender
16017,Player_16017,20,18,Goalkeeper
16018,Player_16018,16,21,All-Rounder
16019,Player_16019,12,31,Bowler
16020,Player_16020,9,32,All-Rounder
16021,Player_16021,10,37,Goalkeeper
16022,Player_16022,16,37,Bowler
16023,Player_16023,10,34,Bowler
16024,Player_16024,9,20,All-Rounder
16025,Player_16025,3,21,Defender
16026,Player_16026,19,35,All-Rounder
16027,Player_16027,11,18,Goalkeeper
16028,Player_16028,6,22,Defender
16029,Player_16029,6,35,Goalkeeper
16030,Player_16030,15,30,Defender
16031,Player_16031,15,31,Batsman
16032,Player_16032,13,37,Defender
16033,Player_16033,5,20,Batsman
16034,Player_16034,14,23,Goalkeeper
16035,Player_16035,2,28,All-Rounder
16036,Player_16036,12,26,Goalkeeper
16037,Player_16037,20,37,All-Rounder
16038,Player_16038,14,36,Batsman
16039,Player_16039,19,24,All-Rounder
16040,Player_16040,20,39,Goalkeeper
16041,Player_16041,15,38,Goalkeeper
16042,Player_16042,20,27,Goalkeeper
16043,Player_16043,17,24,Defender
16044,Player_16044,14,22,Goalkeeper
16045,Player_16045,18,21,Defender
16046,Player_16046,5,34,Bowler
16047,Player_16047,12,22,Batsman
16048,Player_16048,10,34,Bowler
16049,Player_16049,8,34,Bowler
16050,Player_16050,6,34,Defender
16051,Player_16051,15,18,Defender
16052,Player_16052,12,19,Batsman
16053,Player_16053,6,36,Batsman
16054,Player_16054,12,26,Batsman
16055,Player_16055,15,37,Goalkeeper
16056,Player_16056,12,32,Goalkeeper
16057,Player_16057,9,36,Batsman
16058,Player_16058,19,22,Defender
16059,Player_16059,2,30,Bowler
16060,Player_16060,13,21,Batsman
16061,Player_16061,13,30,Batsman
16062,Player_16062,8,23,Bowler
16063,Player_16063,13,29,All-Rounder
16064,Player_16064,4,26,Batsman
16065,Player_16065,6,32,Batsman
16066,Player_16066,6,38,Goalkeeper
16067,Player_16067,12,32,Bowler
16068,Player_16068,12,34,Batsman
16069,Player_16069,17,22,Batsman
16070,Player_16070,7,22,All-Rounder
16071,Player_16071,15,22,Bowler
16072,Player_16072,17,38,Batsman
16073,Player_16073,10,31,All-Rounder
16074,Player_16074,20,19,Batsman
16075,Player_16075,6,26,Defender
16076,Player_16076,9,31,All-Rounder
16077,Player_16077,15,32,Defender
16078,Player_16078,16,21,Batsman
16079,Player_16079,8,23,All-Rounder
16080,Player_16080,16,31,Bowler
16081,Player_16081,5,22,Goalkeeper
16082,Player_16082,18,28,Batsman
16083,Player_16083,20,38,All-Rounder
16084,Player_16084,14,31,Defender
16085,Player_16085,2,24,All-Rounder
16086,Player_16086,3,31,Bowler
16087,Player_16087,14,30,All-Rounder
16088,Player_16088,7,35,Defender
16089,Player_16089,15,19,Batsman
16090,Player_16090,17,26,Defender
16091,Player_16091,1,28,Defender
16092,Player_16092,9,37,Defender
16093,Player_16093,14,28,Goalkeeper
16094,Player_16094,16,23,Batsman
16095,Player_16095,13,18,Goalkeeper
16096,Player_16096,6,22,All-Rounder
16097,Player_16097,1,39,Batsman
16098,Player_16098,4,31,Batsman
16099,Player_16099,3,33,All-Rounder
16100,Player_16100,17,26,All-Rounder
16101,Player_16101,2,36,Defender
16102,Player_16102,19,37,Batsman
16103,Player_16103,20,25,Bowler
16104,Player_16104,8,25,Defender
16105,Player_16105,15,33,Batsman
16106,Player_16106,6,35,All-Rounder
16107,Player_16107,20,25,All-Rounder
16108,Player_16108,2,26,Bowler
16109,Player_16109,15,22,Batsman
16110,Player_16110,20,19,Goalkeeper
16111,Player_16111,12,38,Defender
16112,Player_16112,3,31,Batsman
16113,Player_16113,10,35,Goalkeeper
16114,Player_16114,14,30,All-Rounder
16115,Player_16115,14,29,All-Rounder
16116,Player_16116,3,32,Goalkeeper
16117,Player_16117,1,38,Goalkeeper
16118,Player_16118,20,32,Bowler
16119,Player_16119,1,18,Batsman
16120,Player_16120,2,39,All-Rounder
16121,Player_16121,19,24,Defender
16122,Player_16122,10,30,All-Rounder
16123,Player_16123,4,35,Batsman
16124,Player_16124,4,18,Goalkeeper
16125,Player_16125,13,28,Bowler
16126,Player_16126,9,30,All-Rounder
16127,Player_16127,7,37,Bowler
16128,Player_16128,16,26,Goalkeeper
16129,Player_16129,18,33,Batsman
16130,Player_16130,3,28,All-Rounder
16131,Player_16131,20,20,Batsman
16132,Player_16132,20,34,Defender
16133,Player_16133,10,19,Batsman
16134,Player_16134,16,26,Goalkeeper
16135,Player_16135,3,26,Goalkeeper
16136,Player_16136,11,33,Defender
16137,Player_16137,10,18,Batsman
16138,Player_16138,16,34,Goalkeeper
16139,Player_16139,8,27,Goalkeeper
16140,Player_16140,9,37,Goalkeeper
16141,Player_16141,15,22,Goalkeeper
16142,Player_16142,3,25,Bowler
16143,Player_16143,4,30,All-Rounder
16144,Player_16144,13,38,Bowler
16145,Player_16145,12,22,Goalkeeper
16146,Player_16146,9,21,Batsman
16147,Player_16147,14,25,Bowler
16148,Player_16148,19,24,Defender
16149,Player_16149,7,22,All-Rounder
16150,Player_16150,16,27,Batsman
16151,Player_16151,20,34,Bowler
16152,Player_16152,5,23,All-Rounder
16153,Player_16153,10,27,Bowler
16154,Player_16154,18,33,Defender
16155,Player_16155,11,39,Goalkeeper
16156,Player_16156,7,27,Defender
16157,Player_16157,14,21,Goalkeeper
16158,Player_16158,20,19,All-Rounder
16159,Player_16159,18,18,Bowler
16160,Player_16160,11,20,Bowler
16161,Player_16161,12,30,Defender
16162,Player_16162,18,29,Batsman
16163,Player_16163,2,18,All-Rounder
16164,Player_16164,1,38,Goalkeeper
16165,Player_16165,10,27,All-Rounder
16166,Player_16166,1,23,Defender
16167,Player_16167,6,26,Bowler
16168,Player_16168,7,18,Goalkeeper
16169,Player_16169,17,29,Goalkeeper
16170,Player_16170,9,22,Goalkeeper
16171,Player_16171,7,18,Goalkeeper
16172,Player_16172,17,19,All-Rounder
16173,Player_16173,3,31,All-Rounder
16174,Player_16174,16,19,Defender
16175,Player_16175,5,22,Bowler
16176,Player_16176,20,27,Bowler
16177,Player_16177,18,37,All-Rounder
16178,Player_16178,1,23,Defender
16179,Player_16179,4,22,Batsman
16180,Player_16180,11,19,Goalkeeper
16181,Player_16181,20,26,Bowler
16182,Player_16182,9,27,Goalkeeper
16183,Player_16183,8,25,Bowler
16184,Player_16184,8,23,Batsman
16185,Player_16185,5,22,Bowler
16186,Player_16186,12,38,Batsman
16187,Player_16187,1,35,Bowler
16188,Player_16188,15,37,All-Rounder
16189,Player_16189,18,35,Goalkeeper
16190,Player_16190,6,19,Defender
16191,Player_16191,10,29,Defender
16192,Player_16192,14,25,Bowler
16193,Player_16193,8,21,Defender
16194,Player_16194,3,37,Goalkeeper
16195,Player_16195,19,21,All-Rounder
16196,Player_16196,12,26,All-Rounder
16197,Player_16197,12,26,Batsman
16198,Player_16198,15,29,Defender
16199,Player_16199,7,31,Goalkeeper
16200,Player_16200,4,20,Defender
16201,Player_16201,9,23,Goalkeeper
16202,Player_16202,16,32,Batsman
16203,Player_16203,13,36,Defender
16204,Player_16204,4,21,All-Rounder
16205,Player_16205,9,18,Batsman
16206,Player_16206,18,26,Defender
16207,Player_16207,15,33,All-Rounder
16208,Player_16208,15,26,All-Rounder
16209,Player_16209,6,29,Goalkeeper
16210,Player_16210,11,31,All-Rounder
16211,Player_16211,8,32,Bowler
16212,Player_16212,17,39,Defender
16213,Player_16213,17,38,Defender
16214,Player_16214,18,33,Goalkeeper
16215,Player_16215,4,25,All-Rounder
16216,Player_16216,15,27,Goalkeeper
16217,Player_16217,2,31,Bowler
16218,Player_16218,2,34,Goalkeeper
16219,Player_16219,10,20,Defender
16220,Player_16220,3,21,Goalkeeper
16221,Player_16221,8,33,Defender
16222,Player_16222,20,31,Batsman
16223,Player_16223,7,31,Bowler
16224,Player_16224,12,33,Bowler
16225,Player_16225,19,25,Defender
16226,Player_16226,15,35,Batsman
16227,Player_16227,14,24,All-Rounder
16228,Player_16228,16,20,Goalkeeper
16229,Player_16229,14,23,All-Rounder
16230,Player_16230,3,37,Batsman
16231,Player_16231,18,33,Bowler
16232,Player_16232,6,39,All-Rounder
16233,Player_16233,17,21,Batsman
16234,Player_16234,14,36,Bowler
16235,Player_16235,14,19,All-Rounder
16236,Player_16236,20,21,Bowler
16237,Player_16237,13,19,Defender
16238,Player_16238,3,24,Bowler
16239,Player_16239,13,32,Bowler
16240,Player_16240,2,34,Batsman
16241,Player_16241,9,31,Batsman
16242,Player_16242,13,28,Goalkeeper
16243,Player_16243,8,34,Batsman
16244,Player_16244,16,22,Defender
16245,Player_16245,3,31,Defender
16246,Player_16246,13,34,Bowler
16247,Player_16247,4,37,Batsman
16248,Player_16248,18,38,Goalkeeper
16249,Player_16249,2,19,Batsman
16250,Player_16250,20,24,Goalkeeper
16251,Player_16251,15,21,Bowler
16252,Player_16252,17,25,Defender
16253,Player_16253,10,18,Batsman
16254,Player_16254,1,27,Batsman
16255,Player_16255,6,18,Defender
16256,Player_16256,3,18,Defender
16257,Player_16257,19,21,All-Rounder
16258,Player_16258,7,34,All-Rounder
16259,Player_16259,13,22,All-Rounder
16260,Player_16260,13,31,Defender
16261,Player_16261,17,23,All-Rounder
16262,Player_16262,1,24,Batsman
16263,Player_16263,14,25,Defender
16264,Player_16264,3,35,Batsman
16265,Player_16265,14,21,Defender
16266,Player_16266,1,20,Bowler
16267,Player_16267,16,21,Batsman
16268,Player_16268,10,33,Defender
16269,Player_16269,13,30,Goalkeeper
16270,Player_16270,4,39,Defender
16271,Player_16271,9,28,Bowler
16272,Player_16272,14,28,Defender
16273,Player_16273,4,22,Bowler
16274,Player_16274,10,37,All-Rounder
16275,Player_16275,8,18,Batsman
16276,Player_16276,3,31,Bowler
16277,Player_16277,7,39,Goalkeeper
16278,Player_16278,10,37,Batsman
16279,Player_16279,3,36,Defender
16280,Player_16280,2,22,Defender
16281,Player_16281,15,37,Bowler
16282,Player_16282,9,23,Goalkeeper
16283,Player_16283,15,36,Bowler
16284,Player_16284,17,29,Goalkeeper
16285,Player_16285,7,31,Bowler
16286,Player_16286,20,34,All-Rounder
16287,Player_16287,18,24,All-Rounder
16288,Player_16288,15,38,All-Rounder
16289,Player_16289,18,18,Bowler
16290,Player_16290,12,34,Batsman
16291,Player_16291,8,23,Defender
16292,Player_16292,2,21,Batsman
16293,Player_16293,2,31,Defender
16294,Player_16294,5,25,Goalkeeper
16295,Player_16295,1,35,All-Rounder
16296,Player_16296,4,37,All-Rounder
16297,Player_16297,6,30,Defender
16298,Player_16298,13,25,All-Rounder
16299,Player_16299,19,33,Batsman
16300,Player_16300,11,22,Bowler
16301,Player_16301,13,20,All-Rounder
16302,Player_16302,8,30,All-Rounder
16303,Player_16303,7,32,Goalkeeper
16304,Player_16304,13,21,Bowler
16305,Player_16305,1,20,Defender
16306,Player_16306,6,19,Bowler
16307,Player_16307,7,21,Bowler
16308,Player_16308,16,23,Defender
16309,Player_16309,15,21,Bowler
16310,Player_16310,20,34,Goalkeeper
16311,Player_16311,2,24,Batsman
16312,Player_16312,16,35,Bowler
16313,Player_16313,17,39,Batsman
16314,Player_16314,15,27,Goalkeeper
16315,Player_16315,3,34,Goalkeeper
16316,Player_16316,4,21,Bowler
16317,Player_16317,12,36,All-Rounder
16318,Player_16318,5,24,Bowler
16319,Player_16319,17,30,Batsman
16320,Player_16320,6,20,Goalkeeper
16321,Player_16321,10,25,Batsman
16322,Player_16322,18,28,Batsman
16323,Player_16323,10,33,Defender
16324,Player_16324,6,37,Goalkeeper
16325,Player_16325,6,36,Goalkeeper
16326,Player_16326,20,26,Batsman
16327,Player_16327,15,27,Goalkeeper
16328,Player_16328,4,23,Bowler
16329,Player_16329,16,20,Defender
16330,Player_16330,8,37,Bowler
16331,Player_16331,7,25,All-Rounder
16332,Player_16332,19,23,All-Rounder
16333,Player_16333,17,25,Batsman
16334,Player_16334,13,31,All-Rounder
16335,Player_16335,15,25,Bowler
16336,Player_16336,2,28,All-Rounder
16337,Player_16337,10,27,Batsman
16338,Player_16338,13,27,Goalkeeper
16339,Player_16339,18,28,Defender
16340,Player_16340,11,18,Batsman
16341,Player_16341,13,32,Batsman
16342,Player_16342,19,22,Batsman
16343,Player_16343,5,31,Bowler
16344,Player_16344,3,37,Goalkeeper
16345,Player_16345,19,25,Batsman
16346,Player_16346,13,34,Goalkeeper
16347,Player_16347,5,21,Batsman
16348,Player_16348,12,21,Bowler
16349,Player_16349,14,35,Batsman
16350,Player_16350,6,36,All-Rounder
16351,Player_16351,9,20,Bowler
16352,Player_16352,17,26,Batsman
16353,Player_16353,8,24,Batsman
16354,Player_16354,13,19,Batsman
16355,Player_16355,5,26,All-Rounder
16356,Player_16356,17,23,All-Rounder
16357,Player_16357,3,23,Batsman
16358,Player_16358,6,33,All-Rounder
16359,Player_16359,14,19,Batsman
16360,Player_16360,15,33,All-Rounder
16361,Player_16361,14,20,Goalkeeper
16362,Player_16362,11,39,Batsman
16363,Player_16363,11,33,Batsman
16364,Player_16364,9,29,Defender
16365,Player_16365,6,20,Defender
16366,Player_16366,15,28,Bowler
16367,Player_16367,12,28,Goalkeeper
16368,Player_16368,6,33,Goalkeeper
16369,Player_16369,1,22,Bowler
16370,Player_16370,16,37,Defender
16371,Player_16371,20,25,Bowler
16372,Player_16372,15,28,Defender
16373,Player_16373,2,28,Batsman
16374,Player_16374,17,35,Bowler
16375,Player_16375,3,36,All-Rounder
16376,Player_16376,3,27,Defender
16377,Player_16377,5,21,Batsman
16378,Player_16378,17,27,All-Rounder
16379,Player_16379,17,31,All-Rounder
16380,Player_16380,20,23,Goalkeeper
16381,Player_16381,6,22,Defender
16382,Player_16382,1,32,Batsman
16383,Player_16383,7,22,Defender
16384,Player_16384,15,23,Batsman
16385,Player_16385,7,36,Defender
16386,Player_16386,19,37,All-Rounder
16387,Player_16387,20,34,Goalkeeper
16388,Player_16388,11,31,Bowler
16389,Player_16389,14,28,Defender
16390,Player_16390,13,31,All-Rounder
16391,Player_16391,20,22,Bowler
16392,Player_16392,9,30,Bowler
16393,Player_16393,9,29,Bowler
16394,Player_16394,16,36,All-Rounder
16395,Player_16395,12,27,Batsman
16396,Player_16396,10,30,Bowler
16397,Player_16397,6,32,Goalkeeper
16398,Player_16398,18,37,Batsman
16399,Player_16399,2,30,All-Rounder
16400,Player_16400,20,21,Bowler
16401,Player_16401,9,39,All-Rounder
16402,Player_16402,19,26,All-Rounder
16403,Player_16403,6,36,Bowler
16404,Player_16404,2,37,All-Rounder
16405,Player_16405,15,39,Goalkeeper
16406,Player_16406,17,39,Goalkeeper
16407,Player_16407,16,24,Defender
16408,Player_16408,8,32,Bowler
16409,Player_16409,10,34,Bowler
16410,Player_16410,10,31,Bowler
16411,Player_16411,18,31,Defender
16412,Player_16412,10,26,Goalkeeper
16413,Player_16413,9,33,Goalkeeper
16414,Player_16414,19,19,Bowler
16415,Player_16415,1,31,All-Rounder
16416,Player_16416,4,21,Batsman
16417,Player_16417,3,20,Batsman
16418,Player_16418,10,20,Bowler
16419,Player_16419,12,28,Bowler
16420,Player_16420,18,22,Goalkeeper
16421,Player_16421,20,33,Goalkeeper
16422,Player_16422,6,36,All-Rounder
16423,Player_16423,2,26,Goalkeeper
16424,Player_16424,10,39,Batsman
16425,Player_16425,2,28,Batsman
16426,Player_16426,9,29,Goalkeeper
16427,Player_16427,10,25,Batsman
16428,Player_16428,2,31,Batsman
16429,Player_16429,8,34,Batsman
16430,Player_16430,17,37,Batsman
16431,Player_16431,17,32,Defender
16432,Player_16432,4,32,Bowler
16433,Player_16433,18,29,All-Rounder
16434,Player_16434,12,26,Defender
16435,Player_16435,17,29,All-Rounder
16436,Player_16436,9,36,Defender
16437,Player_16437,19,29,Defender
16438,Player_16438,14,28,All-Rounder
16439,Player_16439,14,23,Bowler
16440,Player_16440,17,25,Goalkeeper
16441,Player_16441,2,28,Defender
16442,Player_16442,8,20,Bowler
16443,Player_16443,5,33,Goalkeeper
16444,Player_16444,7,23,All-Rounder
16445,Player_16445,16,26,Defender
16446,Player_16446,16,26,Goalkeeper
16447,Player_16447,17,23,Bowler
16448,Player_16448,7,22,Goalkeeper
16449,Player_16449,20,18,All-Rounder
16450,Player_16450,8,20,Goalkeeper
16451,Player_16451,8,20,Batsman
16452,Player_16452,11,29,Defender
16453,Player_16453,15,21,Bowler
16454,Player_16454,18,38,Bowler
16455,Player_16455,6,33,Defender
16456,Player_16456,12,28,Defender
16457,Player_16457,15,25,Batsman
16458,Player_16458,6,26,Batsman
16459,Player_16459,18,31,Bowler
16460,Player_16460,20,39,Goalkeeper
16461,Player_16461,9,32,Defender
16462,Player_16462,8,36,Batsman
16463,Player_16463,14,26,Batsman
16464,Player_16464,19,34,Batsman
16465,Player_16465,19,26,Goalkeeper
16466,Player_16466,8,20,Bowler
16467,Player_16467,2,33,Bowler
16468,Player_16468,4,30,Batsman
16469,Player_16469,6,34,Goalkeeper
16470,Player_16470,3,39,Goalkeeper
16471,Player_16471,3,21,Bowler
16472,Player_16472,19,38,Defender
16473,Player_16473,11,39,Batsman
16474,Player_16474,10,26,Goalkeeper
16475,Player_16475,12,39,Defender
16476,Player_16476,14,26,All-Rounder
16477,Player_16477,18,35,Batsman
16478,Player_16478,9,31,All-Rounder
16479,Player_16479,15,37,Bowler
16480,Player_16480,3,20,Bowler
16481,Player_16481,11,21,Bowler
16482,Player_16482,10,18,Goalkeeper
16483,Player_16483,18,35,Goalkeeper
16484,Player_16484,4,21,Defender
16485,Player_16485,13,27,All-Rounder
16486,Player_16486,6,21,Bowler
16487,Player_16487,13,38,Bowler
16488,Player_16488,20,34,Goalkeeper
16489,Player_16489,5,25,Goalkeeper
16490,Player_16490,20,36,Goalkeeper
16491,Player_16491,14,26,Batsman
16492,Player_16492,13,33,All-Rounder
16493,Player_16493,14,32,All-Rounder
16494,Player_16494,8,37,Batsman
16495,Player_16495,16,33,Bowler
16496,Player_16496,13,38,Defender
16497,Player_16497,15,29,Defender
16498,Player_16498,19,35,Bowler
16499,Player_16499,1,24,Defender
16500,Player_16500,2,33,Goalkeeper
16501,Player_16501,18,36,All-Rounder
16502,Player_16502,19,23,Goalkeeper
16503,Player_16503,8,23,Defender
16504,Player_16504,3,23,Defender
16505,Player_16505,14,32,All-Rounder
16506,Player_16506,9,19,Goalkeeper
16507,Player_16507,8,26,All-Rounder
16508,Player_16508,17,25,Defender
16509,Player_16509,16,24,All-Rounder
16510,Player_16510,10,33,All-Rounder
16511,Player_16511,10,32,Defender
16512,Player_16512,6,26,All-Rounder
16513,Player_16513,17,37,Goalkeeper
16514,Player_16514,16,32,Defender
16515,Player_16515,15,19,All-Rounder
16516,Player_16516,14,37,Bowler
16517,Player_16517,4,31,Goalkeeper
16518,Player_16518,4,28,Goalkeeper
16519,Player_16519,2,20,Goalkeeper
16520,Player_16520,11,19,Batsman
16521,Player_16521,4,35,Defender
16522,Player_16522,16,31,Batsman
16523,Player_16523,4,22,All-Rounder
16524,Player_16524,1,29,Defender
16525,Player_16525,19,31,Goalkeeper
16526,Player_16526,2,23,Goalkeeper
16527,Player_16527,9,25,Goalkeeper
16528,Player_16528,13,24,Goalkeeper
16529,Player_16529,18,24,All-Rounder
16530,Player_16530,16,29,Bowler
16531,Player_16531,16,24,Defender
16532,Player_16532,10,29,Bowler
16533,Player_16533,9,33,Defender
16534,Player_16534,11,24,Goalkeeper
16535,Player_16535,4,25,Batsman
16536,Player_16536,10,18,All-Rounder
16537,Player_16537,3,30,Defender
16538,Player_16538,6,36,Goalkeeper
16539,Player_16539,3,18,Batsman
16540,Player_16540,9,35,Goalkeeper
16541,Player_16541,3,24,All-Rounder
16542,Player_16542,18,39,Batsman
16543,Player_16543,8,34,Defender
16544,Player_16544,8,32,Defender
16545,Player_16545,15,39,Defender
16546,Player_16546,13,36,Defender
16547,Player_16547,7,21,Batsman
16548,Player_16548,19,34,All-Rounder
16549,Player_16549,8,24,Batsman
16550,Player_16550,10,33,Defender
16551,Player_16551,17,34,All-Rounder
16552,Player_16552,1,37,Bowler
16553,Player_16553,13,32,Bowler
16554,Player_16554,13,26,Batsman
16555,Player_16555,16,38,Defender
16556,Player_16556,9,30,Bowler
16557,Player_16557,10,24,Bowler
16558,Player_16558,6,36,Goalkeeper
16559,Player_16559,5,28,Goalkeeper
16560,Player_16560,2,25,All-Rounder
16561,Player_16561,11,34,All-Rounder
16562,Player_16562,9,21,Defender
16563,Player_16563,6,21,Bowler
16564,Player_16564,8,35,Batsman
16565,Player_16565,9,39,Batsman
16566,Player_16566,9,34,Goalkeeper
16567,Player_16567,8,20,All-Rounder
16568,Player_16568,12,26,Defender
16569,Player_16569,8,23,Goalkeeper
16570,Player_16570,3,19,Goalkeeper
16571,Player_16571,13,29,Defender
16572,Player_16572,19,32,Defender
16573,Player_16573,2,26,Bowler
16574,Player_16574,17,19,Defender
16575,Player_16575,16,29,Defender
16576,Player_16576,4,33,Goalkeeper
16577,Player_16577,18,24,Goalkeeper
16578,Player_16578,14,18,Batsman
16579,Player_16579,2,38,Batsman
16580,Player_16580,13,24,Batsman
16581,Player_16581,20,20,Defender
16582,Player_16582,17,37,Bowler
16583,Player_16583,15,22,Goalkeeper
16584,Player_16584,20,20,All-Rounder
16585,Player_16585,5,32,Bowler
16586,Player_16586,7,23,All-Rounder
16587,Player_16587,18,32,Defender
16588,Player_16588,11,20,All-Rounder
16589,Player_16589,18,18,Batsman
16590,Player_16590,5,19,Goalkeeper
16591,Player_16591,13,21,Bowler
16592,Player_16592,18,38,Batsman
16593,Player_16593,2,31,Goalkeeper
16594,Player_16594,20,31,Batsman
16595,Player_16595,4,27,Bowler
16596,Player_16596,13,28,Defender
16597,Player_16597,16,21,All-Rounder
16598,Player_16598,6,32,Defender
16599,Player_16599,8,37,All-Rounder
16600,Player_16600,16,21,All-Rounder
16601,Player_16601,13,37,Bowler
16602,Player_16602,4,37,Bowler
16603,Player_16603,2,33,Defender
16604,Player_16604,9,19,Goalkeeper
16605,Player_16605,18,30,Goalkeeper
16606,Player_16606,17,25,Defender
16607,Player_16607,8,30,All-Rounder
16608,Player_16608,15,37,Bowler
16609,Player_16609,9,38,Defender
16610,Player_16610,17,25,Goalkeeper
16611,Player_16611,2,21,All-Rounder
16612,Player_16612,6,22,Goalkeeper
16613,Player_16613,5,38,All-Rounder
16614,Player_16614,17,23,Goalkeeper
16615,Player_16615,2,36,Batsman
16616,Player_16616,18,27,All-Rounder
16617,Player_16617,10,20,All-Rounder
16618,Player_16618,10,30,All-Rounder
16619,Player_16619,6,26,Batsman
16620,Player_16620,12,34,Batsman
16621,Player_16621,17,27,Goalkeeper
16622,Player_16622,13,29,Bowler
16623,Player_16623,20,30,Goalkeeper
16624,Player_16624,16,27,All-Rounder
16625,Player_16625,10,36,All-Rounder
16626,Player_16626,2,38,Goalkeeper
16627,Player_16627,2,36,Defender
16628,Player_16628,7,34,Bowler
16629,Player_16629,6,22,Batsman
16630,Player_16630,1,25,Bowler
16631,Player_16631,12,22,Defender
16632,Player_16632,13,32,Goalkeeper
16633,Player_16633,12,21,Goalkeeper
16634,Player_16634,19,30,All-Rounder
16635,Player_16635,9,34,Goalkeeper
16636,Player_16636,10,22,Defender
16637,Player_16637,17,18,Goalkeeper
16638,Player_16638,18,39,Goalkeeper
16639,Player_16639,8,32,Defender
16640,Player_16640,7,27,Batsman
16641,Player_16641,9,28,Bowler
16642,Player_16642,10,35,Goalkeeper
16643,Player_16643,12,30,Bowler
16644,Player_16644,15,37,Bowler
16645,Player_16645,15,33,All-Rounder
16646,Player_16646,4,36,Batsman
16647,Player_16647,4,29,Bowler
16648,Player_16648,1,31,All-Rounder
16649,Player_16649,12,19,Defender
16650,Player_16650,2,27,Defender
16651,Player_16651,15,21,Defender
16652,Player_16652,17,18,Defender
16653,Player_16653,7,34,Defender
16654,Player_16654,6,28,All-Rounder
16655,Player_16655,12,24,Batsman
16656,Player_16656,19,34,Batsman
16657,Player_16657,1,34,All-Rounder
16658,Player_16658,14,26,All-Rounder
16659,Player_16659,4,27,Goalkeeper
16660,Player_16660,5,23,Bowler
16661,Player_16661,1,34,Defender
16662,Player_16662,1,33,Bowler
16663,Player_16663,6,24,Goalkeeper
16664,Player_16664,5,36,Batsman
16665,Player_16665,2,21,Defender
16666,Player_16666,5,37,Batsman
16667,Player_16667,9,34,All-Rounder
16668,Player_16668,19,26,Bowler
16669,Player_16669,15,28,Batsman
16670,Player_16670,13,18,Goalkeeper
16671,Player_16671,12,24,Batsman
16672,Player_16672,5,39,Defender
16673,Player_16673,2,22,Defender
16674,Player_16674,4,22,Bowler
16675,Player_16675,18,18,All-Rounder
16676,Player_16676,10,23,Defender
16677,Player_16677,13,30,Goalkeeper
16678,Player_16678,12,32,Bowler
16679,Player_16679,2,21,Defender
16680,Player_16680,15,34,Goalkeeper
16681,Player_16681,14,30,Batsman
16682,Player_16682,10,28,Goalkeeper
16683,Player_16683,8,21,Bowler
16684,Player_16684,15,24,Defender
16685,Player_16685,13,36,All-Rounder
16686,Player_16686,8,24,All-Rounder
16687,Player_16687,14,31,Goalkeeper
16688,Player_16688,1,38,Goalkeeper
16689,Player_16689,13,33,Goalkeeper
16690,Player_16690,8,38,Defender
16691,Player_16691,18,26,All-Rounder
16692,Player_16692,9,39,All-Rounder
16693,Player_16693,13,39,Bowler
16694,Player_16694,3,19,Bowler
16695,Player_16695,18,33,Batsman
16696,Player_16696,10,22,Defender
16697,Player_16697,5,29,Goalkeeper
16698,Player_16698,6,37,Bowler
16699,Player_16699,8,32,Batsman
16700,Player_16700,7,20,Batsman
16701,Player_16701,18,26,All-Rounder
16702,Player_16702,14,24,Defender
16703,Player_16703,15,21,Defender
16704,Player_16704,10,26,Goalkeeper
16705,Player_16705,12,32,Defender
16706,Player_16706,7,38,Goalkeeper
16707,Player_16707,7,24,Defender
16708,Player_16708,11,28,All-Rounder
16709,Player_16709,13,36,Batsman
16710,Player_16710,15,28,Defender
16711,Player_16711,18,18,Defender
16712,Player_16712,7,38,All-Rounder
16713,Player_16713,6,30,Bowler
16714,Player_16714,11,30,Goalkeeper
16715,Player_16715,8,19,Bowler
16716,Player_16716,20,34,Batsman
16717,Player_16717,1,36,Bowler
16718,Player_16718,8,32,Batsman
16719,Player_16719,8,36,Goalkeeper
16720,Player_16720,19,27,All-Rounder
16721,Player_16721,3,27,Batsman
16722,Player_16722,5,26,Goalkeeper
16723,Player_16723,3,36,All-Rounder
16724,Player_16724,15,28,Bowler
16725,Player_16725,14,23,Bowler
16726,Player_16726,15,19,Batsman
16727,Player_16727,17,27,Defender
16728,Player_16728,18,32,Defender
16729,Player_16729,2,22,All-Rounder
16730,Player_16730,12,35,Bowler
16731,Player_16731,16,24,Goalkeeper
16732,Player_16732,4,20,All-Rounder
16733,Player_16733,2,38,Batsman
16734,Player_16734,14,33,Batsman
16735,Player_16735,11,34,All-Rounder
16736,Player_16736,13,19,Goalkeeper
16737,Player_16737,7,33,Bowler
16738,Player_16738,10,38,Bowler
16739,Player_16739,1,37,Goalkeeper
16740,Player_16740,4,18,Bowler
16741,Player_16741,18,31,Defender
16742,Player_16742,6,33,Defender
16743,Player_16743,2,26,Goalkeeper
16744,Player_16744,3,34,Defender
16745,Player_16745,14,25,All-Rounder
16746,Player_16746,8,26,Bowler
16747,Player_16747,16,19,All-Rounder
16748,Player_16748,19,30,Goalkeeper
16749,Player_16749,18,18,Defender
16750,Player_16750,6,39,All-Rounder
16751,Player_16751,14,24,All-Rounder
16752,Player_16752,3,35,Batsman
16753,Player_16753,16,38,All-Rounder
16754,Player_16754,1,22,Defender
16755,Player_16755,12,24,Bowler
16756,Player_16756,14,29,Bowler
16757,Player_16757,19,34,Bowler
16758,Player_16758,19,22,Defender
16759,Player_16759,9,29,Bowler
16760,Player_16760,7,36,Bowler
16761,Player_16761,14,30,Goalkeeper
16762,Player_16762,5,33,Goalkeeper
16763,Player_16763,18,36,Batsman
16764,Player_16764,9,27,Batsman
16765,Player_16765,7,29,All-Rounder
16766,Player_16766,9,24,All-Rounder
16767,Player_16767,4,31,All-Rounder
16768,Player_16768,17,27,Batsman
16769,Player_16769,12,25,Bowler
16770,Player_16770,6,32,All-Rounder
16771,Player_16771,18,33,Bowler
16772,Player_16772,8,25,Bowler
16773,Player_16773,15,21,Batsman
16774,Player_16774,3,34,Goalkeeper
16775,Player_16775,2,21,Goalkeeper
16776,Player_16776,9,39,Defender
16777,Player_16777,8,28,Goalkeeper
16778,Player_16778,4,30,All-Rounder
16779,Player_16779,2,23,Batsman
16780,Player_16780,14,39,Bowler
16781,Player_16781,2,31,Batsman
16782,Player_16782,2,24,Defender
16783,Player_16783,7,29,Defender
16784,Player_16784,12,18,Defender
16785,Player_16785,6,27,Bowler
16786,Player_16786,18,18,Defender
16787,Player_16787,4,33,Defender
16788,Player_16788,19,24,Defender
16789,Player_16789,13,37,Bowler
16790,Player_16790,20,23,Defender
16791,Player_16791,2,39,All-Rounder
16792,Player_16792,8,35,Batsman
16793,Player_16793,19,37,Defender
16794,Player_16794,9,21,Defender
16795,Player_16795,4,33,Batsman
16796,Player_16796,16,18,Defender
16797,Player_16797,19,38,Defender
16798,Player_16798,10,37,All-Rounder
16799,Player_16799,6,19,Goalkeeper
16800,Player_16800,16,33,Bowler
16801,Player_16801,10,38,Bowler
16802,Player_16802,13,26,Batsman
16803,Player_16803,9,32,All-Rounder
16804,Player_16804,7,33,Bowler
16805,Player_16805,4,26,Batsman
16806,Player_16806,19,24,Batsman
16807,Player_16807,4,27,Batsman
16808,Player_16808,19,24,Bowler
16809,Player_16809,19,30,Goalkeeper
16810,Player_16810,12,19,Batsman
16811,Player_16811,13,29,Defender
16812,Player_16812,4,30,Goalkeeper
16813,Player_16813,10,20,Goalkeeper
16814,Player_16814,7,28,Defender
16815,Player_16815,5,25,Bowler
16816,Player_16816,17,28,Bowler
16817,Player_16817,18,35,All-Rounder
16818,Player_16818,11,24,Bowler
16819,Player_16819,15,29,All-Rounder
16820,Player_16820,7,23,Batsman
16821,Player_16821,18,27,Bowler
16822,Player_16822,6,37,Bowler
16823,Player_16823,18,32,Defender
16824,Player_16824,16,37,Batsman
16825,Player_16825,2,32,All-Rounder
16826,Player_16826,19,36,Batsman
16827,Player_16827,1,23,Goalkeeper
16828,Player_16828,11,36,Defender
16829,Player_16829,20,32,Goalkeeper
16830,Player_16830,5,37,All-Rounder
16831,Player_16831,16,37,Bowler
16832,Player_16832,1,35,Bowler
16833,Player_16833,19,19,Bowler
16834,Player_16834,14,24,All-Rounder
16835,Player_16835,3,22,Goalkeeper
16836,Player_16836,2,20,All-Rounder
16837,Player_16837,5,23,All-Rounder
16838,Player_16838,17,23,Goalkeeper
16839,Player_16839,18,18,Bowler
16840,Player_16840,1,36,Defender
16841,Player_16841,15,29,All-Rounder
16842,Player_16842,9,22,All-Rounder
16843,Player_16843,5,24,Goalkeeper
16844,Player_16844,13,37,Defender
16845,Player_16845,19,25,All-Rounder
16846,Player_16846,10,36,Batsman
16847,Player_16847,20,23,Defender
16848,Player_16848,14,32,All-Rounder
16849,Player_16849,12,23,Defender
16850,Player_16850,11,26,Batsman
16851,Player_16851,7,21,Batsman
16852,Player_16852,17,33,Defender
16853,Player_16853,18,27,Bowler
16854,Player_16854,7,18,Defender
16855,Player_16855,20,28,Goalkeeper
16856,Player_16856,6,34,Bowler
16857,Player_16857,11,35,Batsman
16858,Player_16858,12,37,Bowler
16859,Player_16859,16,39,Batsman
16860,Player_16860,19,37,Batsman
16861,Player_16861,19,32,Batsman
16862,Player_16862,11,23,Goalkeeper
16863,Player_16863,16,33,Goalkeeper
16864,Player_16864,12,19,All-Rounder
16865,Player_16865,8,20,Goalkeeper
16866,Player_16866,3,34,Batsman
16867,Player_16867,2,25,Defender
16868,Player_16868,6,37,Bowler
16869,Player_16869,16,32,Defender
16870,Player_16870,20,30,Batsman
16871,Player_16871,15,38,Defender
16872,Player_16872,14,36,Bowler
16873,Player_16873,2,18,All-Rounder
16874,Player_16874,20,29,All-Rounder
16875,Player_16875,18,35,Goalkeeper
16876,Player_16876,14,35,Defender
16877,Player_16877,18,20,Goalkeeper
16878,Player_16878,2,35,Goalkeeper
16879,Player_16879,1,34,Defender
16880,Player_16880,20,28,Defender
16881,Player_16881,2,22,Bowler
16882,Player_16882,9,39,Defender
16883,Player_16883,9,24,Defender
16884,Player_16884,16,35,Goalkeeper
16885,Player_16885,11,24,All-Rounder
16886,Player_16886,6,35,Batsman
16887,Player_16887,12,19,All-Rounder
16888,Player_16888,3,23,Defender
16889,Player_16889,12,39,Batsman
16890,Player_16890,1,25,Defender
16891,Player_16891,9,38,Bowler
16892,Player_16892,20,38,Defender
16893,Player_16893,6,34,Batsman
16894,Player_16894,11,21,Bowler
16895,Player_16895,3,34,Batsman
16896,Player_16896,4,33,Bowler
16897,Player_16897,10,38,Goalkeeper
16898,Player_16898,19,32,Batsman
16899,Player_16899,6,32,Goalkeeper
16900,Player_16900,1,25,Goalkeeper
16901,Player_16901,8,34,Defender
16902,Player_16902,8,36,All-Rounder
16903,Player_16903,6,18,Bowler
16904,Player_16904,17,30,Batsman
16905,Player_16905,19,23,Goalkeeper
16906,Player_16906,1,27,Defender
16907,Player_16907,15,18,Batsman
16908,Player_16908,13,29,Defender
16909,Player_16909,3,36,Batsman
16910,Player_16910,2,32,Defender
16911,Player_16911,3,38,Defender
16912,Player_16912,9,22,All-Rounder
16913,Player_16913,16,19,Goalkeeper
16914,Player_16914,13,36,Bowler
16915,Player_16915,19,31,Bowler
16916,Player_16916,18,26,Batsman
16917,Player_16917,12,18,Batsman
16918,Player_16918,12,30,All-Rounder
16919,Player_16919,1,34,Batsman
16920,Player_16920,20,19,Bowler
16921,Player_16921,8,39,Goalkeeper
16922,Player_16922,17,31,All-Rounder
16923,Player_16923,20,37,Batsman
16924,Player_16924,7,23,All-Rounder
16925,Player_16925,9,23,All-Rounder
16926,Player_16926,17,35,All-Rounder
16927,Player_16927,10,36,Batsman
16928,Player_16928,4,26,Defender
16929,Player_16929,7,32,Batsman
16930,Player_16930,7,24,Batsman
16931,Player_16931,8,23,Batsman
16932,Player_16932,8,22,Batsman
16933,Player_16933,16,36,Batsman
16934,Player_16934,12,37,All-Rounder
16935,Player_16935,15,18,All-Rounder
16936,Player_16936,8,38,Batsman
16937,Player_16937,9,24,Goalkeeper
16938,Player_16938,3,35,Goalkeeper
16939,Player_16939,16,25,Defender
16940,Player_16940,15,29,Goalkeeper
16941,Player_16941,4,27,Bowler
16942,Player_16942,20,23,Bowler
16943,Player_16943,16,33,Goalkeeper
16944,Player_16944,10,36,Batsman
16945,Player_16945,11,35,Goalkeeper
16946,Player_16946,5,30,Bowler
16947,Player_16947,11,37,Goalkeeper
16948,Player_16948,13,24,All-Rounder
16949,Player_16949,15,24,Defender
16950,Player_16950,6,33,All-Rounder
16951,Player_16951,16,27,All-Rounder
16952,Player_16952,15,32,Defender
16953,Player_16953,11,31,Batsman
16954,Player_16954,20,29,Defender
16955,Player_16955,2,32,Batsman
16956,Player_16956,2,25,Bowler
16957,Player_16957,12,24,Goalkeeper
16958,Player_16958,16,38,Bowler
16959,Player_16959,19,26,Bowler
16960,Player_16960,2,31,Bowler
16961,Player_16961,17,24,Goalkeeper
16962,Player_16962,14,29,Batsman
16963,Player_16963,16,31,Defender
16964,Player_16964,5,28,Batsman
16965,Player_16965,10,36,Batsman
16966,Player_16966,17,23,All-Rounder
16967,Player_16967,13,20,Goalkeeper
16968,Player_16968,16,23,Batsman
16969,Player_16969,9,26,Batsman
16970,Player_16970,4,19,Bowler
16971,Player_16971,16,23,All-Rounder
16972,Player_16972,11,31,Defender
16973,Player_16973,7,36,All-Rounder
16974,Player_16974,17,21,Bowler
16975,Player_16975,13,31,Bowler
16976,Player_16976,4,38,Bowler
16977,Player_16977,14,27,Goalkeeper
16978,Player_16978,10,23,Bowler
16979,Player_16979,10,28,Batsman
16980,Player_16980,10,30,Goalkeeper
16981,Player_16981,12,35,Bowler
16982,Player_16982,2,37,Goalkeeper
16983,Player_16983,9,31,Batsman
16984,Player_16984,5,37,Bowler
16985,Player_16985,8,39,Bowler
16986,Player_16986,14,37,Batsman
16987,Player_16987,7,28,Bowler
16988,Player_16988,7,38,Batsman
16989,Player_16989,9,22,Bowler
16990,Player_16990,3,25,Bowler
16991,Player_16991,14,21,All-Rounder
16992,Player_16992,17,29,Goalkeeper
16993,Player_16993,18,23,Defender
16994,Player_16994,12,25,All-Rounder
16995,Player_16995,14,21,All-Rounder
16996,Player_16996,13,37,Goalkeeper
16997,Player_16997,14,27,All-Rounder
16998,Player_16998,9,28,Batsman
16999,Player_16999,19,32,All-Rounder
17000,Player_17000,2,22,Defender
17001,Player_17001,11,20,Batsman
17002,Player_17002,17,32,Goalkeeper
17003,Player_17003,2,19,Goalkeeper
17004,Player_17004,19,19,Goalkeeper
17005,Player_17005,7,25,Batsman
17006,Player_17006,18,39,Goalkeeper
17007,Player_17007,13,31,Goalkeeper
17008,Player_17008,5,26,Defender
17009,Player_17009,18,22,Bowler
17010,Player_17010,16,29,Bowler
17011,Player_17011,15,27,Bowler
17012,Player_17012,8,18,Goalkeeper
17013,Player_17013,15,36,Batsman
17014,Player_17014,1,28,Goalkeeper
17015,Player_17015,17,34,Bowler
17016,Player_17016,15,20,Defender
17017,Player_17017,14,18,Goalkeeper
17018,Player_17018,14,34,Goalkeeper
17019,Player_17019,10,23,Goalkeeper
17020,Player_17020,2,30,Batsman
17021,Player_17021,6,37,Defender
17022,Player_17022,17,21,Defender
17023,Player_17023,5,22,Defender
17024,Player_17024,5,32,Defender
17025,Player_17025,15,31,Bowler
17026,Player_17026,15,36,Goalkeeper
17027,Player_17027,20,32,Defender
17028,Player_17028,11,29,All-Rounder
17029,Player_17029,5,35,All-Rounder
17030,Player_17030,1,31,Bowler
17031,Player_17031,11,27,All-Rounder
17032,Player_17032,11,25,All-Rounder
17033,Player_17033,6,21,All-Rounder
17034,Player_17034,8,35,Bowler
17035,Player_17035,2,25,Goalkeeper
17036,Player_17036,15,21,Bowler
17037,Player_17037,9,28,Batsman
17038,Player_17038,15,22,Batsman
17039,Player_17039,8,27,All-Rounder
17040,Player_17040,16,23,All-Rounder
17041,Player_17041,14,21,Goalkeeper
17042,Player_17042,15,35,All-Rounder
17043,Player_17043,20,38,Batsman
17044,Player_17044,13,34,All-Rounder
17045,Player_17045,9,24,Goalkeeper
17046,Player_17046,1,26,Batsman
17047,Player_17047,6,20,All-Rounder
17048,Player_17048,8,39,Goalkeeper
17049,Player_17049,20,26,Goalkeeper
17050,Player_17050,18,21,Batsman
17051,Player_17051,18,39,Batsman
17052,Player_17052,17,36,Batsman
17053,Player_17053,16,26,Goalkeeper
17054,Player_17054,13,37,Batsman
17055,Player_17055,4,23,Batsman
17056,Player_17056,4,28,Goalkeeper
17057,Player_17057,14,32,Goalkeeper
17058,Player_17058,5,39,Batsman
17059,Player_17059,16,23,Batsman
17060,Player_17060,14,37,Batsman
17061,Player_17061,14,27,Goalkeeper
17062,Player_17062,14,39,Defender
17063,Player_17063,14,35,Bowler
17064,Player_17064,19,33,All-Rounder
17065,Player_17065,3,21,Bowler
17066,Player_17066,17,37,Goalkeeper
17067,Player_17067,14,30,Defender
17068,Player_17068,10,22,Goalkeeper
17069,Player_17069,13,37,Batsman
17070,Player_17070,4,36,All-Rounder
17071,Player_17071,11,35,Bowler
17072,Player_17072,15,37,Goalkeeper
17073,Player_17073,15,34,Defender
17074,Player_17074,2,33,Batsman
17075,Player_17075,11,18,Defender
17076,Player_17076,2,38,All-Rounder
17077,Player_17077,5,18,Defender
17078,Player_17078,13,37,Defender
17079,Player_17079,1,31,Batsman
17080,Player_17080,7,19,Defender
17081,Player_17081,7,32,Batsman
17082,Player_17082,10,20,All-Rounder
17083,Player_17083,6,30,Goalkeeper
17084,Player_17084,20,36,Batsman
17085,Player_17085,12,18,Goalkeeper
17086,Player_17086,13,30,Bowler
17087,Player_17087,11,32,Defender
17088,Player_17088,18,33,Goalkeeper
17089,Player_17089,2,28,Defender
17090,Player_17090,16,20,Batsman
17091,Player_17091,2,25,Defender
17092,Player_17092,19,23,All-Rounder
17093,Player_17093,6,22,Goalkeeper
17094,Player_17094,1,32,Defender
17095,Player_17095,11,26,Goalkeeper
17096,Player_17096,18,39,Goalkeeper
17097,Player_17097,10,22,All-Rounder
17098,Player_17098,18,38,Batsman
17099,Player_17099,1,27,Defender
17100,Player_17100,19,23,Bowler
17101,Player_17101,16,28,Goalkeeper
17102,Player_17102,7,21,Batsman
17103,Player_17103,15,37,Bowler
17104,Player_17104,1,29,Goalkeeper
17105,Player_17105,9,37,Bowler
17106,Player_17106,2,23,Defender
17107,Player_17107,17,18,Defender
17108,Player_17108,10,35,Goalkeeper
17109,Player_17109,6,19,Goalkeeper
17110,Player_17110,5,22,Defender
17111,Player_17111,8,33,Batsman
17112,Player_17112,8,29,Bowler
17113,Player_17113,5,29,Goalkeeper
17114,Player_17114,12,28,Goalkeeper
17115,Player_17115,7,37,All-Rounder
17116,Player_17116,13,36,Bowler
17117,Player_17117,13,38,Defender
17118,Player_17118,17,24,Goalkeeper
17119,Player_17119,4,19,Goalkeeper
17120,Player_17120,18,23,Defender
17121,Player_17121,10,21,Bowler
17122,Player_17122,3,19,Batsman
17123,Player_17123,12,34,Defender
17124,Player_17124,1,25,Batsman
17125,Player_17125,11,22,Goalkeeper
17126,Player_17126,18,27,Batsman
17127,Player_17127,13,33,Batsman
17128,Player_17128,17,19,Defender
17129,Player_17129,8,36,Goalkeeper
17130,Player_17130,20,24,Bowler
17131,Player_17131,19,19,All-Rounder
17132,Player_17132,17,30,Batsman
17133,Player_17133,2,21,Goalkeeper
17134,Player_17134,3,33,All-Rounder
17135,Player_17135,3,27,Bowler
17136,Player_17136,6,34,All-Rounder
17137,Player_17137,10,38,Bowler
17138,Player_17138,18,31,All-Rounder
17139,Player_17139,18,29,Bowler
17140,Player_17140,14,30,Batsman
17141,Player_17141,16,37,All-Rounder
17142,Player_17142,7,25,Bowler
17143,Player_17143,1,34,Goalkeeper
17144,Player_17144,17,35,Defender
17145,Player_17145,5,38,All-Rounder
17146,Player_17146,1,27,All-Rounder
17147,Player_17147,17,30,All-Rounder
17148,Player_17148,10,19,All-Rounder
17149,Player_17149,12,34,Defender
17150,Player_17150,20,23,All-Rounder
17151,Player_17151,2,29,Batsman
17152,Player_17152,16,30,Batsman
17153,Player_17153,15,21,Goalkeeper
17154,Player_17154,13,32,Defender
17155,Player_17155,18,33,Goalkeeper
17156,Player_17156,20,38,Batsman
17157,Player_17157,14,36,All-Rounder
17158,Player_17158,18,32,All-Rounder
17159,Player_17159,2,23,Bowler
17160,Player_17160,2,37,Defender
17161,Player_17161,3,23,Bowler
17162,Player_17162,5,22,Defender
17163,Player_17163,16,19,Defender
17164,Player_17164,15,37,All-Rounder
17165,Player_17165,12,19,All-Rounder
17166,Player_17166,9,22,Goalkeeper
17167,Player_17167,14,20,Batsman
17168,Player_17168,16,23,Batsman
17169,Player_17169,11,28,All-Rounder
17170,Player_17170,6,22,Batsman
17171,Player_17171,10,35,Defender
17172,Player_17172,8,31,Batsman
17173,Player_17173,16,27,Goalkeeper
17174,Player_17174,3,39,Batsman
17175,Player_17175,2,20,Batsman
17176,Player_17176,16,33,Goalkeeper
17177,Player_17177,19,33,Goalkeeper
17178,Player_17178,9,28,All-Rounder
17179,Player_17179,16,21,Goalkeeper
17180,Player_17180,4,28,All-Rounder
17181,Player_17181,10,25,Defender
17182,Player_17182,19,33,Bowler
17183,Player_17183,13,25,Batsman
17184,Player_17184,18,26,Goalkeeper
17185,Player_17185,15,31,Batsman
17186,Player_17186,4,25,Defender
17187,Player_17187,9,33,Bowler
17188,Player_17188,4,39,Goalkeeper
17189,Player_17189,16,19,All-Rounder
17190,Player_17190,15,37,All-Rounder
17191,Player_17191,2,36,Goalkeeper
17192,Player_17192,14,37,Goalkeeper
17193,Player_17193,3,37,Defender
17194,Player_17194,4,36,Bowler
17195,Player_17195,1,36,Goalkeeper
17196,Player_17196,9,35,All-Rounder
17197,Player_17197,17,30,Bowler
17198,Player_17198,14,34,Goalkeeper
17199,Player_17199,17,18,Bowler
17200,Player_17200,1,38,Defender
17201,Player_17201,10,22,Goalkeeper
17202,Player_17202,16,37,Goalkeeper
17203,Player_17203,19,38,Bowler
17204,Player_17204,3,30,Goalkeeper
17205,Player_17205,12,23,Bowler
17206,Player_17206,3,27,Bowler
17207,Player_17207,15,26,Goalkeeper
17208,Player_17208,17,23,All-Rounder
17209,Player_17209,18,18,Defender
17210,Player_17210,7,35,Bowler
17211,Player_17211,19,24,All-Rounder
17212,Player_17212,7,27,Bowler
17213,Player_17213,5,29,All-Rounder
17214,Player_17214,8,38,Goalkeeper
17215,Player_17215,16,32,Defender
17216,Player_17216,16,34,All-Rounder
17217,Player_17217,19,20,Batsman
17218,Player_17218,15,32,Bowler
17219,Player_17219,7,18,All-Rounder
17220,Player_17220,5,28,Defender
17221,Player_17221,11,23,Defender
17222,Player_17222,10,33,Defender
17223,Player_17223,9,38,All-Rounder
17224,Player_17224,1,29,All-Rounder
17225,Player_17225,20,39,Goalkeeper
17226,Player_17226,1,38,Batsman
17227,Player_17227,8,32,All-Rounder
17228,Player_17228,3,35,Goalkeeper
17229,Player_17229,2,27,Bowler
17230,Player_17230,4,39,Batsman
17231,Player_17231,19,29,Defender
17232,Player_17232,11,37,Batsman
17233,Player_17233,5,36,Bowler
17234,Player_17234,10,22,All-Rounder
17235,Player_17235,8,35,All-Rounder
17236,Player_17236,13,36,Goalkeeper
17237,Player_17237,5,29,All-Rounder
17238,Player_17238,12,18,All-Rounder
17239,Player_17239,13,19,Batsman
17240,Player_17240,8,20,Bowler
17241,Player_17241,15,29,Defender
17242,Player_17242,13,31,Defender
17243,Player_17243,1,24,Goalkeeper
17244,Player_17244,6,21,Bowler
17245,Player_17245,11,29,Batsman
17246,Player_17246,13,25,Defender
17247,Player_17247,20,18,Goalkeeper
17248,Player_17248,1,22,All-Rounder
17249,Player_17249,11,18,All-Rounder
17250,Player_17250,11,32,Batsman
17251,Player_17251,8,30,Defender
17252,Player_17252,3,30,All-Rounder
17253,Player_17253,19,21,Goalkeeper
17254,Player_17254,12,32,Goalkeeper
17255,Player_17255,6,29,Defender
17256,Player_17256,8,25,Batsman
17257,Player_17257,5,33,Goalkeeper
17258,Player_17258,10,29,Bowler
17259,Player_17259,16,23,Goalkeeper
17260,Player_17260,12,32,Batsman
17261,Player_17261,17,24,Goalkeeper
17262,Player_17262,6,22,All-Rounder
17263,Player_17263,9,32,Batsman
17264,Player_17264,10,29,All-Rounder
17265,Player_17265,20,28,All-Rounder
17266,Player_17266,14,21,Defender
17267,Player_17267,14,30,Batsman
17268,Player_17268,17,35,All-Rounder
17269,Player_17269,16,25,Defender
17270,Player_17270,4,24,Defender
17271,Player_17271,2,39,All-Rounder
17272,Player_17272,16,33,All-Rounder
17273,Player_17273,1,20,Bowler
17274,Player_17274,3,39,Batsman
17275,Player_17275,11,33,Defender
17276,Player_17276,16,33,Batsman
17277,Player_17277,18,24,Defender
17278,Player_17278,15,30,Goalkeeper
17279,Player_17279,9,30,Goalkeeper
17280,Player_17280,12,38,Defender
17281,Player_17281,18,36,Bowler
17282,Player_17282,5,35,Goalkeeper
17283,Player_17283,8,24,Batsman
17284,Player_17284,3,37,All-Rounder
17285,Player_17285,2,35,Batsman
17286,Player_17286,19,35,Batsman
17287,Player_17287,8,39,Batsman
17288,Player_17288,2,21,Defender
17289,Player_17289,19,26,Defender
17290,Player_17290,1,38,Batsman
17291,Player_17291,13,33,All-Rounder
17292,Player_17292,20,21,Bowler
17293,Player_17293,17,25,Bowler
17294,Player_17294,3,20,Goalkeeper
17295,Player_17295,9,26,Goalkeeper
17296,Player_17296,5,25,All-Rounder
17297,Player_17297,6,29,Batsman
17298,Player_17298,4,31,Defender
17299,Player_17299,17,27,Goalkeeper
17300,Player_17300,16,38,Batsman
17301,Player_17301,16,34,Bowler
17302,Player_17302,11,28,All-Rounder
17303,Player_17303,2,27,Defender
17304,Player_17304,17,30,Defender
17305,Player_17305,15,19,Goalkeeper
17306,Player_17306,18,18,Batsman
17307,Player_17307,10,39,Defender
17308,Player_17308,6,18,Bowler
17309,Player_17309,16,33,Bowler
17310,Player_17310,5,27,All-Rounder
17311,Player_17311,12,27,All-Rounder
17312,Player_17312,6,24,Bowler
17313,Player_17313,14,24,Bowler
17314,Player_17314,16,18,Batsman
17315,Player_17315,7,30,Defender
17316,Player_17316,2,22,Batsman
17317,Player_17317,6,20,All-Rounder
17318,Player_17318,9,30,All-Rounder
17319,Player_17319,7,29,All-Rounder
17320,Player_17320,2,35,Defender
17321,Player_17321,19,22,Goalkeeper
17322,Player_17322,8,22,All-Rounder
17323,Player_17323,11,19,All-Rounder
17324,Player_17324,4,23,Batsman
17325,Player_17325,16,24,Batsman
17326,Player_17326,18,18,Goalkeeper
17327,Player_17327,13,20,Goalkeeper
17328,Player_17328,5,37,Goalkeeper
17329,Player_17329,2,19,Goalkeeper
17330,Player_17330,11,27,Batsman
17331,Player_17331,1,28,All-Rounder
17332,Player_17332,13,38,Batsman
17333,Player_17333,5,30,Bowler
17334,Player_17334,18,33,Bowler
17335,Player_17335,14,37,All-Rounder
17336,Player_17336,13,28,Goalkeeper
17337,Player_17337,7,35,All-Rounder
17338,Player_17338,8,28,Bowler
17339,Player_17339,18,18,All-Rounder
17340,Player_17340,7,35,Goalkeeper
17341,Player_17341,20,37,Batsman
17342,Player_17342,17,22,Goalkeeper
17343,Player_17343,16,19,Batsman
17344,Player_17344,11,35,Bowler
17345,Player_17345,19,39,Defender
17346,Player_17346,1,24,All-Rounder
17347,Player_17347,8,39,Defender
17348,Player_17348,1,28,Goalkeeper
17349,Player_17349,9,28,Batsman
17350,Player_17350,19,30,Goalkeeper
17351,Player_17351,9,21,Goalkeeper
17352,Player_17352,10,18,Bowler
17353,Player_17353,11,35,Goalkeeper
17354,Player_17354,1,29,All-Rounder
17355,Player_17355,20,27,Bowler
17356,Player_17356,8,39,Defender
17357,Player_17357,20,25,Goalkeeper
17358,Player_17358,12,20,Defender
17359,Player_17359,1,24,All-Rounder
17360,Player_17360,10,37,All-Rounder
17361,Player_17361,4,28,All-Rounder
17362,Player_17362,15,24,Defender
17363,Player_17363,19,24,Defender
17364,Player_17364,6,26,Batsman
17365,Player_17365,5,20,Bowler
17366,Player_17366,5,28,Goalkeeper
17367,Player_17367,18,34,Bowler
17368,Player_17368,3,25,All-Rounder
17369,Player_17369,2,37,Goalkeeper
17370,Player_17370,4,19,Batsman
17371,Player_17371,18,38,Bowler
17372,Player_17372,9,37,All-Rounder
17373,Player_17373,19,18,Goalkeeper
17374,Player_17374,10,33,Goalkeeper
17375,Player_17375,15,21,All-Rounder
17376,Player_17376,1,26,Defender
17377,Player_17377,11,25,Bowler
17378,Player_17378,14,18,Goalkeeper
17379,Player_17379,10,25,Defender
17380,Player_17380,19,22,Batsman
17381,Player_17381,16,18,Goalkeeper
17382,Player_17382,8,24,Goalkeeper
17383,Player_17383,2,32,Batsman
17384,Player_17384,7,24,Batsman
17385,Player_17385,19,18,Goalkeeper
17386,Player_17386,7,26,All-Rounder
17387,Player_17387,15,18,Batsman
17388,Player_17388,8,29,Defender
17389,Player_17389,14,24,Batsman
17390,Player_17390,1,26,Goalkeeper
17391,Player_17391,13,22,Goalkeeper
17392,Player_17392,3,29,Bowler
17393,Player_17393,6,39,Defender
17394,Player_17394,19,19,Bowler
17395,Player_17395,15,35,Batsman
17396,Player_17396,4,26,Bowler
17397,Player_17397,3,18,Goalkeeper
17398,Player_17398,4,27,All-Rounder
17399,Player_17399,5,31,Batsman
17400,Player_17400,18,38,Goalkeeper
17401,Player_17401,10,31,Batsman
17402,Player_17402,8,24,Bowler
17403,Player_17403,12,29,Bowler
17404,Player_17404,3,39,Batsman
17405,Player_17405,18,39,Batsman
17406,Player_17406,8,23,Bowler
17407,Player_17407,1,30,Batsman
17408,Player_17408,14,25,Bowler
17409,Player_17409,13,38,Batsman
17410,Player_17410,12,19,All-Rounder
17411,Player_17411,3,27,Batsman
17412,Player_17412,18,23,Batsman
17413,Player_17413,13,33,Goalkeeper
17414,Player_17414,15,27,All-Rounder
17415,Player_17415,10,32,Bowler
17416,Player_17416,1,38,Bowler
17417,Player_17417,6,37,Defender
17418,Player_17418,9,27,All-Rounder
17419,Player_17419,10,28,All-Rounder
17420,Player_17420,15,38,Batsman
17421,Player_17421,9,19,Goalkeeper
17422,Player_17422,14,39,Bowler
17423,Player_17423,11,27,Bowler
17424,Player_17424,7,38,Goalkeeper
17425,Player_17425,2,29,Goalkeeper
17426,Player_17426,14,28,All-Rounder
17427,Player_17427,6,39,Goalkeeper
17428,Player_17428,5,32,Goalkeeper
17429,Player_17429,5,21,Batsman
17430,Player_17430,19,22,All-Rounder
17431,Player_17431,19,18,Defender
17432,Player_17432,6,18,Defender
17433,Player_17433,10,27,Bowler
17434,Player_17434,14,21,Goalkeeper
17435,Player_17435,17,30,Batsman
17436,Player_17436,3,31,Goalkeeper
17437,Player_17437,1,36,Bowler
17438,Player_17438,10,22,Goalkeeper
17439,Player_17439,3,28,Defender
17440,Player_17440,5,25,All-Rounder
17441,Player_17441,19,18,Goalkeeper
17442,Player_17442,10,22,Defender
17443,Player_17443,16,38,Defender
17444,Player_17444,1,35,Bowler
17445,Player_17445,6,30,All-Rounder
17446,Player_17446,9,22,Bowler
17447,Player_17447,5,24,Batsman
17448,Player_17448,14,29,All-Rounder
17449,Player_17449,10,19,Batsman
17450,Player_17450,2,30,All-Rounder
17451,Player_17451,5,31,Defender
17452,Player_17452,1,23,Batsman
17453,Player_17453,10,33,All-Rounder
17454,Player_17454,9,27,All-Rounder
17455,Player_17455,3,28,Batsman
17456,Player_17456,15,18,All-Rounder
17457,Player_17457,4,32,Bowler
17458,Player_17458,13,33,Bowler
17459,Player_17459,6,27,Batsman
17460,Player_17460,20,27,Defender
17461,Player_17461,17,20,Goalkeeper
17462,Player_17462,5,28,Batsman
17463,Player_17463,15,28,Batsman
17464,Player_17464,8,33,Batsman
17465,Player_17465,5,23,Batsman
17466,Player_17466,13,26,Bowler
17467,Player_17467,1,18,Batsman
17468,Player_17468,1,23,Defender
17469,Player_17469,7,35,Goalkeeper
17470,Player_17470,5,30,Goalkeeper
17471,Player_17471,14,19,Defender
17472,Player_17472,15,36,Batsman
17473,Player_17473,17,19,Goalkeeper
17474,Player_17474,18,21,Bowler
17475,Player_17475,7,21,Goalkeeper
17476,Player_17476,18,27,Defender
17477,Player_17477,19,34,Goalkeeper
17478,Player_17478,20,33,Defender
17479,Player_17479,7,38,Batsman
17480,Player_17480,8,25,Goalkeeper
17481,Player_17481,13,23,Defender
17482,Player_17482,18,19,Bowler
17483,Player_17483,11,32,Bowler
17484,Player_17484,9,28,All-Rounder
17485,Player_17485,1,38,Goalkeeper
17486,Player_17486,8,33,Batsman
17487,Player_17487,12,21,All-Rounder
17488,Player_17488,2,28,Goalkeeper
17489,Player_17489,15,31,Bowler
17490,Player_17490,18,25,Batsman
17491,Player_17491,17,23,Bowler
17492,Player_17492,15,38,Goalkeeper
17493,Player_17493,20,36,Batsman
17494,Player_17494,20,21,Batsman
17495,Player_17495,9,21,All-Rounder
17496,Player_17496,3,23,Batsman
17497,Player_17497,20,28,Goalkeeper
17498,Player_17498,19,18,Defender
17499,Player_17499,18,19,Defender
17500,Player_17500,20,26,Batsman
17501,Player_17501,8,33,Defender
17502,Player_17502,1,23,Goalkeeper
17503,Player_17503,15,26,All-Rounder
17504,Player_17504,19,36,Bowler
17505,Player_17505,10,22,Bowler
17506,Player_17506,12,38,Goalkeeper
17507,Player_17507,6,27,All-Rounder
17508,Player_17508,13,24,Goalkeeper
17509,Player_17509,4,19,Batsman
17510,Player_17510,13,37,All-Rounder
17511,Player_17511,17,21,Defender
17512,Player_17512,1,25,Batsman
17513,Player_17513,5,20,Defender
17514,Player_17514,17,19,Batsman
17515,Player_17515,18,26,Batsman
17516,Player_17516,7,28,Batsman
17517,Player_17517,16,21,Batsman
17518,Player_17518,8,26,All-Rounder
17519,Player_17519,12,23,All-Rounder
17520,Player_17520,14,18,Batsman
17521,Player_17521,19,20,Goalkeeper
17522,Player_17522,11,24,Batsman
17523,Player_17523,12,26,Batsman
17524,Player_17524,13,25,Goalkeeper
17525,Player_17525,8,38,Goalkeeper
17526,Player_17526,1,30,Batsman
17527,Player_17527,9,35,Bowler
17528,Player_17528,2,36,Bowler
17529,Player_17529,14,26,Goalkeeper
17530,Player_17530,13,37,Batsman
17531,Player_17531,16,23,Defender
17532,Player_17532,2,38,Defender
17533,Player_17533,4,29,Batsman
17534,Player_17534,12,21,Batsman
17535,Player_17535,16,26,Batsman
17536,Player_17536,10,27,Defender
17537,Player_17537,3,20,Defender
17538,Player_17538,4,34,Goalkeeper
17539,Player_17539,6,24,All-Rounder
17540,Player_17540,5,25,Goalkeeper
17541,Player_17541,18,28,Goalkeeper
17542,Player_17542,3,30,Bowler
17543,Player_17543,10,20,Goalkeeper
17544,Player_17544,11,36,Goalkeeper
17545,Player_17545,19,31,Goalkeeper
17546,Player_17546,14,39,Goalkeeper
17547,Player_17547,11,33,All-Rounder
17548,Player_17548,4,32,Bowler
17549,Player_17549,6,19,Defender
17550,Player_17550,17,23,Batsman
17551,Player_17551,19,38,Defender
17552,Player_17552,13,24,Bowler
17553,Player_17553,10,26,Goalkeeper
17554,Player_17554,11,26,Defender
17555,Player_17555,6,34,Goalkeeper
17556,Player_17556,2,20,All-Rounder
17557,Player_17557,1,21,All-Rounder
17558,Player_17558,11,19,Bowler
17559,Player_17559,16,18,Defender
17560,Player_17560,3,27,All-Rounder
17561,Player_17561,5,20,Bowler
17562,Player_17562,15,27,Bowler
17563,Player_17563,15,26,Bowler
17564,Player_17564,4,34,Defender
17565,Player_17565,4,32,Defender
17566,Player_17566,8,20,Bowler
17567,Player_17567,7,38,Batsman
17568,Player_17568,17,20,Defender
17569,Player_17569,15,21,Defender
17570,Player_17570,5,21,Batsman
17571,Player_17571,13,34,Defender
17572,Player_17572,4,23,Defender
17573,Player_17573,17,28,All-Rounder
17574,Player_17574,17,29,Batsman
17575,Player_17575,14,24,All-Rounder
17576,Player_17576,14,30,Batsman
17577,Player_17577,17,23,Batsman
17578,Player_17578,8,20,Batsman
17579,Player_17579,2,38,Defender
17580,Player_17580,13,31,Bowler
17581,Player_17581,16,31,Goalkeeper
17582,Player_17582,16,27,Bowler
17583,Player_17583,6,22,Defender
17584,Player_17584,4,19,Defender
17585,Player_17585,3,23,Goalkeeper
17586,Player_17586,6,28,Defender
17587,Player_17587,4,35,Batsman
17588,Player_17588,18,38,All-Rounder
17589,Player_17589,6,28,All-Rounder
17590,Player_17590,5,32,Batsman
17591,Player_17591,9,20,Bowler
17592,Player_17592,11,19,All-Rounder
17593,Player_17593,6,24,Batsman
17594,Player_17594,16,22,Bowler
17595,Player_17595,19,38,All-Rounder
17596,Player_17596,11,30,Batsman
17597,Player_17597,15,25,All-Rounder
17598,Player_17598,9,26,All-Rounder
17599,Player_17599,19,25,All-Rounder
17600,Player_17600,19,27,Goalkeeper
17601,Player_17601,9,19,Bowler
17602,Player_17602,4,27,All-Rounder
17603,Player_17603,10,28,Batsman
17604,Player_17604,9,28,Goalkeeper
17605,Player_17605,19,22,Defender
17606,Player_17606,15,31,Defender
17607,Player_17607,19,20,Bowler
17608,Player_17608,2,37,Batsman
17609,Player_17609,10,19,Goalkeeper
17610,Player_17610,19,35,Batsman
17611,Player_17611,17,18,Goalkeeper
17612,Player_17612,20,18,Goalkeeper
17613,Player_17613,2,34,Defender
17614,Player_17614,19,23,Bowler
17615,Player_17615,17,30,Bowler
17616,Player_17616,18,38,Batsman
17617,Player_17617,17,38,Goalkeeper
17618,Player_17618,2,18,Goalkeeper
17619,Player_17619,19,23,All-Rounder
17620,Player_17620,1,25,Bowler
17621,Player_17621,11,30,Goalkeeper
17622,Player_17622,10,19,Batsman
17623,Player_17623,5,25,Defender
17624,Player_17624,16,39,Defender
17625,Player_17625,5,18,Bowler
17626,Player_17626,12,30,Bowler
17627,Player_17627,4,18,All-Rounder
17628,Player_17628,6,27,Bowler
17629,Player_17629,19,22,Goalkeeper
17630,Player_17630,9,37,Goalkeeper
17631,Player_17631,12,30,Goalkeeper
17632,Player_17632,15,22,Goalkeeper
17633,Player_17633,16,27,All-Rounder
17634,Player_17634,13,20,Bowler
17635,Player_17635,7,19,Bowler
17636,Player_17636,20,19,Bowler
17637,Player_17637,4,22,All-Rounder
17638,Player_17638,11,21,All-Rounder
17639,Player_17639,8,19,Goalkeeper
17640,Player_17640,6,38,All-Rounder
17641,Player_17641,10,26,All-Rounder
17642,Player_17642,7,26,Batsman
17643,Player_17643,7,26,Goalkeeper
17644,Player_17644,4,21,Goalkeeper
17645,Player_17645,3,25,Batsman
17646,Player_17646,7,35,Bowler
17647,Player_17647,4,26,Batsman
17648,Player_17648,13,20,Batsman
17649,Player_17649,20,23,Batsman
17650,Player_17650,17,36,All-Rounder
17651,Player_17651,7,22,Batsman
17652,Player_17652,17,34,Defender
17653,Player_17653,4,36,Batsman
17654,Player_17654,11,20,Bowler
17655,Player_17655,3,25,Bowler
17656,Player_17656,11,26,Bowler
17657,Player_17657,3,39,Batsman
17658,Player_17658,12,39,Goalkeeper
17659,Player_17659,1,25,Bowler
17660,Player_17660,4,31,Batsman
17661,Player_17661,14,27,Bowler
17662,Player_17662,1,34,All-Rounder
17663,Player_17663,14,20,All-Rounder
17664,Player_17664,13,20,Batsman
17665,Player_17665,13,20,Bowler
17666,Player_17666,15,21,Bowler
17667,Player_17667,17,34,Defender
17668,Player_17668,12,31,Bowler
17669,Player_17669,14,19,Goalkeeper
17670,Player_17670,12,29,All-Rounder
17671,Player_17671,18,22,Bowler
17672,Player_17672,4,39,Goalkeeper
17673,Player_17673,14,19,Batsman
17674,Player_17674,19,29,All-Rounder
17675,Player_17675,13,26,Batsman
17676,Player_17676,18,26,Bowler
17677,Player_17677,11,37,Batsman
17678,Player_17678,6,18,All-Rounder
17679,Player_17679,9,24,Batsman
17680,Player_17680,12,35,Batsman
17681,Player_17681,19,27,Batsman
17682,Player_17682,14,32,Goalkeeper
17683,Player_17683,15,26,Goalkeeper
17684,Player_17684,11,28,Bowler
17685,Player_17685,6,18,Batsman
17686,Player_17686,14,28,Goalkeeper
17687,Player_17687,3,18,All-Rounder
17688,Player_17688,19,22,All-Rounder
17689,Player_17689,20,35,Batsman
17690,Player_17690,11,18,Bowler
17691,Player_17691,17,27,Goalkeeper
17692,Player_17692,17,30,Goalkeeper
17693,Player_17693,3,25,Goalkeeper
17694,Player_17694,14,30,Bowler
17695,Player_17695,7,37,Defender
17696,Player_17696,19,19,Goalkeeper
17697,Player_17697,3,38,Batsman
17698,Player_17698,2,29,Goalkeeper
17699,Player_17699,17,30,Goalkeeper
17700,Player_17700,9,39,Defender
17701,Player_17701,6,25,Batsman
17702,Player_17702,9,32,Batsman
17703,Player_17703,5,24,Batsman
17704,Player_17704,2,24,Goalkeeper
17705,Player_17705,15,34,Goalkeeper
17706,Player_17706,9,36,All-Rounder
17707,Player_17707,19,20,Defender
17708,Player_17708,10,24,Batsman
17709,Player_17709,4,29,Batsman
17710,Player_17710,10,31,All-Rounder
17711,Player_17711,8,19,Goalkeeper
17712,Player_17712,13,24,All-Rounder
17713,Player_17713,7,33,All-Rounder
17714,Player_17714,7,26,Goalkeeper
17715,Player_17715,4,18,Bowler
17716,Player_17716,15,29,Defender
17717,Player_17717,12,19,Bowler
17718,Player_17718,16,39,Bowler
17719,Player_17719,6,35,Defender
17720,Player_17720,9,31,Bowler
17721,Player_17721,3,29,Goalkeeper
17722,Player_17722,8,35,Bowler
17723,Player_17723,7,22,Bowler
17724,Player_17724,4,24,Bowler
17725,Player_17725,13,21,Goalkeeper
17726,Player_17726,19,30,All-Rounder
17727,Player_17727,7,33,Batsman
17728,Player_17728,10,39,Defender
17729,Player_17729,12,33,Defender
17730,Player_17730,3,36,Goalkeeper
17731,Player_17731,12,21,Batsman
17732,Player_17732,19,37,Bowler
17733,Player_17733,15,37,Defender
17734,Player_17734,8,18,Bowler
17735,Player_17735,12,30,Goalkeeper
17736,Player_17736,20,37,Goalkeeper
17737,Player_17737,6,37,Goalkeeper
17738,Player_17738,10,39,All-Rounder
17739,Player_17739,2,26,Goalkeeper
17740,Player_17740,13,27,Bowler
17741,Player_17741,7,23,All-Rounder
17742,Player_17742,8,39,Bowler
17743,Player_17743,16,24,Goalkeeper
17744,Player_17744,11,33,All-Rounder
17745,Player_17745,4,34,Batsman
17746,Player_17746,17,18,Goalkeeper
17747,Player_17747,16,26,All-Rounder
17748,Player_17748,19,31,All-Rounder
17749,Player_17749,11,32,All-Rounder
17750,Player_17750,7,21,Defender
17751,Player_17751,13,25,All-Rounder
17752,Player_17752,19,32,Batsman
17753,Player_17753,17,39,Goalkeeper
17754,Player_17754,13,21,Goalkeeper
17755,Player_17755,12,36,Goalkeeper
17756,Player_17756,7,20,All-Rounder
17757,Player_17757,1,25,Goalkeeper
17758,Player_17758,1,19,Batsman
17759,Player_17759,20,39,Defender
17760,Player_17760,14,25,Batsman
17761,Player_17761,15,25,Defender
17762,Player_17762,11,34,Goalkeeper
17763,Player_17763,9,33,Bowler
17764,Player_17764,17,33,Defender
17765,Player_17765,4,33,Batsman
17766,Player_17766,20,24,Batsman
17767,Player_17767,19,32,Bowler
17768,Player_17768,7,34,Defender
17769,Player_17769,1,20,Defender
17770,Player_17770,9,18,Batsman
17771,Player_17771,13,25,Defender
17772,Player_17772,2,24,Bowler
17773,Player_17773,2,35,Defender
17774,Player_17774,15,22,Defender
17775,Player_17775,17,32,Bowler
17776,Player_17776,13,24,Goalkeeper
17777,Player_17777,7,27,Defender
17778,Player_17778,9,33,Batsman
17779,Player_17779,12,19,All-Rounder
17780,Player_17780,3,35,Batsman
17781,Player_17781,15,32,Batsman
17782,Player_17782,7,36,Goalkeeper
17783,Player_17783,1,37,Goalkeeper
17784,Player_17784,14,31,Batsman
17785,Player_17785,19,19,Defender
17786,Player_17786,16,35,Batsman
17787,Player_17787,10,26,Defender
17788,Player_17788,1,18,Bowler
17789,Player_17789,5,33,Bowler
17790,Player_17790,3,29,Goalkeeper
17791,Player_17791,17,29,All-Rounder
17792,Player_17792,18,36,All-Rounder
17793,Player_17793,19,27,Goalkeeper
17794,Player_17794,18,37,Bowler
17795,Player_17795,16,22,Goalkeeper
17796,Player_17796,2,20,Bowler
17797,Player_17797,15,26,Defender
17798,Player_17798,13,38,Bowler
17799,Player_17799,13,32,Bowler
17800,Player_17800,16,31,Bowler
17801,Player_17801,8,28,All-Rounder
17802,Player_17802,11,30,Bowler
17803,Player_17803,8,24,Batsman
17804,Player_17804,10,19,Defender
17805,Player_17805,1,20,All-Rounder
17806,Player_17806,12,37,Batsman
17807,Player_17807,9,25,All-Rounder
17808,Player_17808,5,18,All-Rounder
17809,Player_17809,9,38,Batsman
17810,Player_17810,16,21,Goalkeeper
17811,Player_17811,18,30,Goalkeeper
17812,Player_17812,8,31,Bowler
17813,Player_17813,11,26,Batsman
17814,Player_17814,20,20,Bowler
17815,Player_17815,19,31,Goalkeeper
17816,Player_17816,4,21,Batsman
17817,Player_17817,20,34,Batsman
17818,Player_17818,10,32,Batsman
17819,Player_17819,13,29,Bowler
17820,Player_17820,20,31,All-Rounder
17821,Player_17821,14,36,All-Rounder
17822,Player_17822,2,27,All-Rounder
17823,Player_17823,4,22,Batsman
17824,Player_17824,7,34,Goalkeeper
17825,Player_17825,19,34,Bowler
17826,Player_17826,17,20,Bowler
17827,Player_17827,16,33,Goalkeeper
17828,Player_17828,13,26,All-Rounder
17829,Player_17829,18,34,Defender
17830,Player_17830,12,37,Goalkeeper
17831,Player_17831,1,29,All-Rounder
17832,Player_17832,15,19,Batsman
17833,Player_17833,3,37,Goalkeeper
17834,Player_17834,6,33,All-Rounder
17835,Player_17835,14,38,Bowler
17836,Player_17836,6,23,Defender
17837,Player_17837,1,19,Defender
17838,Player_17838,20,26,Defender
17839,Player_17839,6,22,All-Rounder
17840,Player_17840,8,35,All-Rounder
17841,Player_17841,15,39,Batsman
17842,Player_17842,14,38,Defender
17843,Player_17843,16,35,Bowler
17844,Player_17844,20,27,Defender
17845,Player_17845,16,27,Goalkeeper
17846,Player_17846,19,27,Goalkeeper
17847,Player_17847,1,35,Bowler
17848,Player_17848,4,33,All-Rounder
17849,Player_17849,10,23,Defender
17850,Player_17850,20,29,Goalkeeper
17851,Player_17851,18,21,Bowler
17852,Player_17852,2,37,Batsman
17853,Player_17853,4,33,Goalkeeper
17854,Player_17854,15,39,Goalkeeper
17855,Player_17855,4,39,Defender
17856,Player_17856,16,39,All-Rounder
17857,Player_17857,15,28,Goalkeeper
17858,Player_17858,18,18,Goalkeeper
17859,Player_17859,7,22,Defender
17860,Player_17860,15,34,All-Rounder
17861,Player_17861,11,28,Batsman
17862,Player_17862,19,31,Batsman
17863,Player_17863,8,26,Batsman
17864,Player_17864,1,27,Batsman
17865,Player_17865,3,21,All-Rounder
17866,Player_17866,5,19,Batsman
17867,Player_17867,18,23,Defender
17868,Player_17868,12,20,Defender
17869,Player_17869,12,30,Defender
17870,Player_17870,19,29,Batsman
17871,Player_17871,9,35,Defender
17872,Player_17872,11,23,Defender
17873,Player_17873,17,27,Bowler
17874,Player_17874,16,23,Batsman
17875,Player_17875,4,22,Defender
17876,Player_17876,10,32,All-Rounder
17877,Player_17877,15,32,Defender
17878,Player_17878,19,29,Bowler
17879,Player_17879,3,26,All-Rounder
17880,Player_17880,5,30,All-Rounder
17881,Player_17881,11,33,Goalkeeper
17882,Player_17882,5,38,Bowler
17883,Player_17883,7,19,Bowler
17884,Player_17884,6,34,Defender
17885,Player_17885,13,26,Bowler
17886,Player_17886,2,36,All-Rounder
17887,Player_17887,19,23,All-Rounder
17888,Player_17888,11,21,Defender
17889,Player_17889,20,32,All-Rounder
17890,Player_17890,5,35,Defender
17891,Player_17891,9,29,Goalkeeper
17892,Player_17892,6,29,Bowler
17893,Player_17893,17,37,Bowler
17894,Player_17894,19,34,Bowler
17895,Player_17895,8,24,Goalkeeper
17896,Player_17896,7,37,Bowler
17897,Player_17897,5,22,Goalkeeper
17898,Player_17898,15,29,Goalkeeper
17899,Player_17899,10,34,Defender
17900,Player_17900,16,19,Batsman
17901,Player_17901,9,21,Batsman
17902,Player_17902,7,19,Defender
17903,Player_17903,11,31,Defender
17904,Player_17904,9,31,Defender
17905,Player_17905,17,30,Bowler
17906,Player_17906,9,34,All-Rounder
17907,Player_17907,3,34,Defender
17908,Player_17908,8,39,Goalkeeper
17909,Player_17909,19,35,Batsman
17910,Player_17910,20,20,Bowler
17911,Player_17911,16,38,All-Rounder
17912,Player_17912,7,33,Batsman
17913,Player_17913,7,36,Batsman
17914,Player_17914,20,23,Batsman
17915,Player_17915,13,23,Goalkeeper
17916,Player_17916,3,35,Goalkeeper
17917,Player_17917,12,26,Goalkeeper
17918,Player_17918,8,35,All-Rounder
17919,Player_17919,13,23,Batsman
17920,Player_17920,20,26,Defender
17921,Player_17921,16,35,All-Rounder
17922,Player_17922,7,33,Goalkeeper
17923,Player_17923,4,30,Goalkeeper
17924,Player_17924,12,28,Goalkeeper
17925,Player_17925,17,25,Bowler
17926,Player_17926,1,34,Batsman
17927,Player_17927,17,26,Defender
17928,Player_17928,2,23,Batsman
17929,Player_17929,6,18,All-Rounder
17930,Player_17930,12,18,Bowler
17931,Player_17931,11,30,All-Rounder
17932,Player_17932,11,24,Goalkeeper
17933,Player_17933,18,27,Goalkeeper
17934,Player_17934,8,35,Defender
17935,Player_17935,7,23,Batsman
17936,Player_17936,14,30,All-Rounder
17937,Player_17937,16,22,Goalkeeper
17938,Player_17938,12,38,Defender
17939,Player_17939,9,32,Defender
17940,Player_17940,20,29,All-Rounder
17941,Player_17941,16,39,Batsman
17942,Player_17942,19,28,Bowler
17943,Player_17943,16,25,Defender
17944,Player_17944,9,22,All-Rounder
17945,Player_17945,13,25,Goalkeeper
17946,Player_17946,5,22,Bowler
17947,Player_17947,19,27,Bowler
17948,Player_17948,10,32,Batsman
17949,Player_17949,7,23,All-Rounder
17950,Player_17950,9,35,Batsman
17951,Player_17951,14,20,Defender
17952,Player_17952,15,26,Defender
17953,Player_17953,13,27,All-Rounder
17954,Player_17954,10,24,Goalkeeper
17955,Player_17955,14,36,Defender
17956,Player_17956,12,19,Defender
17957,Player_17957,19,25,Goalkeeper
17958,Player_17958,6,24,Bowler
17959,Player_17959,12,22,All-Rounder
17960,Player_17960,13,21,Bowler
17961,Player_17961,8,28,Batsman
17962,Player_17962,16,27,Goalkeeper
17963,Player_17963,2,18,All-Rounder
17964,Player_17964,7,21,Goalkeeper
17965,Player_17965,12,39,Goalkeeper
17966,Player_17966,7,23,Bowler
17967,Player_17967,19,35,Bowler
17968,Player_17968,14,30,Batsman
17969,Player_17969,9,30,All-Rounder
17970,Player_17970,18,18,Goalkeeper
17971,Player_17971,11,21,Batsman
17972,Player_17972,16,21,Goalkeeper
17973,Player_17973,19,35,Batsman
17974,Player_17974,11,35,Goalkeeper
17975,Player_17975,18,35,Bowler
17976,Player_17976,11,32,Defender
17977,Player_17977,4,35,Batsman
17978,Player_17978,18,32,Batsman
17979,Player_17979,19,34,Defender
17980,Player_17980,13,22,Bowler
17981,Player_17981,4,28,Batsman
17982,Player_17982,10,33,Bowler
17983,Player_17983,5,37,Goalkeeper
17984,Player_17984,3,19,Goalkeeper
17985,Player_17985,16,34,Defender
17986,Player_17986,8,18,All-Rounder
17987,Player_17987,7,35,Bowler
17988,Player_17988,19,34,All-Rounder
17989,Player_17989,14,35,All-Rounder
17990,Player_17990,15,36,Bowler
17991,Player_17991,17,22,All-Rounder
17992,Player_17992,1,30,Batsman
17993,Player_17993,6,23,Goalkeeper
17994,Player_17994,15,30,Defender
17995,Player_17995,12,35,Bowler
17996,Player_17996,20,21,Defender
17997,Player_17997,2,26,Goalkeeper
17998,Player_17998,5,20,Defender
17999,Player_17999,9,39,Bowler
18000,Player_18000,20,25,Defender
18001,Player_18001,14,30,All-Rounder
18002,Player_18002,18,39,All-Rounder
18003,Player_18003,8,28,Goalkeeper
18004,Player_18004,2,27,All-Rounder
18005,Player_18005,9,28,Defender
18006,Player_18006,7,20,Batsman
18007,Player_18007,18,31,Defender
18008,Player_18008,16,31,Batsman
18009,Player_18009,5,36,Defender
18010,Player_18010,15,21,Batsman
18011,Player_18011,5,18,Batsman
18012,Player_18012,11,19,Bowler
18013,Player_18013,14,23,Bowler
18014,Player_18014,19,30,Defender
18015,Player_18015,3,31,All-Rounder
18016,Player_18016,10,18,Bowler
18017,Player_18017,6,25,Batsman
18018,Player_18018,3,35,Defender
18019,Player_18019,2,31,All-Rounder
18020,Player_18020,13,19,Defender
18021,Player_18021,18,29,Batsman
18022,Player_18022,2,18,Bowler
18023,Player_18023,15,38,Bowler
18024,Player_18024,5,32,Goalkeeper
18025,Player_18025,15,28,Goalkeeper
18026,Player_18026,17,35,Defender
18027,Player_18027,2,34,Defender
18028,Player_18028,18,20,All-Rounder
18029,Player_18029,15,32,Bowler
18030,Player_18030,20,30,Bowler
18031,Player_18031,3,20,Goalkeeper
18032,Player_18032,5,30,Batsman
18033,Player_18033,11,26,Batsman
18034,Player_18034,9,27,Goalkeeper
18035,Player_18035,5,18,Defender
18036,Player_18036,1,19,Bowler
18037,Player_18037,14,31,Bowler
18038,Player_18038,5,22,Bowler
18039,Player_18039,8,39,Batsman
18040,Player_18040,14,27,Defender
18041,Player_18041,16,36,Batsman
18042,Player_18042,6,25,Defender
18043,Player_18043,8,30,Goalkeeper
18044,Player_18044,2,26,Defender
18045,Player_18045,19,35,Batsman
18046,Player_18046,9,21,Bowler
18047,Player_18047,5,25,Batsman
18048,Player_18048,5,22,Goalkeeper
18049,Player_18049,19,23,Bowler
18050,Player_18050,4,37,Batsman
18051,Player_18051,16,22,Bowler
18052,Player_18052,16,18,Goalkeeper
18053,Player_18053,16,36,Defender
18054,Player_18054,7,21,Defender
18055,Player_18055,18,18,All-Rounder
18056,Player_18056,1,36,Bowler
18057,Player_18057,3,21,Goalkeeper
18058,Player_18058,8,31,Batsman
18059,Player_18059,1,31,Batsman
18060,Player_18060,7,26,All-Rounder
18061,Player_18061,7,36,Batsman
18062,Player_18062,8,28,Goalkeeper
18063,Player_18063,19,33,Goalkeeper
18064,Player_18064,17,36,Defender
18065,Player_18065,11,21,Bowler
18066,Player_18066,15,26,Bowler
18067,Player_18067,9,34,Batsman
18068,Player_18068,17,32,Bowler
18069,Player_18069,11,25,All-Rounder
18070,Player_18070,6,30,Bowler
18071,Player_18071,9,18,Batsman
18072,Player_18072,18,19,Bowler
18073,Player_18073,20,27,Goalkeeper
18074,Player_18074,2,38,Goalkeeper
18075,Player_18075,4,30,Defender
18076,Player_18076,18,28,Defender
18077,Player_18077,1,31,Defender
18078,Player_18078,11,33,Defender
18079,Player_18079,3,23,Bowler
18080,Player_18080,8,19,Batsman
18081,Player_18081,5,22,Bowler
18082,Player_18082,20,36,Batsman
18083,Player_18083,5,24,Batsman
18084,Player_18084,11,34,Batsman
18085,Player_18085,12,22,Batsman
18086,Player_18086,9,29,Goalkeeper
18087,Player_18087,13,36,Batsman
18088,Player_18088,20,35,Bowler
18089,Player_18089,3,29,Batsman
18090,Player_18090,13,20,Goalkeeper
18091,Player_18091,11,21,Bowler
18092,Player_18092,11,32,All-Rounder
18093,Player_18093,20,32,Bowler
18094,Player_18094,7,28,Goalkeeper
18095,Player_18095,17,19,Goalkeeper
18096,Player_18096,16,35,Defender
18097,Player_18097,14,20,All-Rounder
18098,Player_18098,1,35,Batsman
18099,Player_18099,11,31,Goalkeeper
18100,Player_18100,13,23,Defender
18101,Player_18101,1,19,Defender
18102,Player_18102,2,18,Batsman
18103,Player_18103,9,25,Bowler
18104,Player_18104,13,27,All-Rounder
18105,Player_18105,5,37,Batsman
18106,Player_18106,9,35,Batsman
18107,Player_18107,13,37,Bowler
18108,Player_18108,5,28,Bowler
18109,Player_18109,15,35,Goalkeeper
18110,Player_18110,7,33,Bowler
18111,Player_18111,14,22,Bowler
18112,Player_18112,16,24,All-Rounder
18113,Player_18113,6,39,All-Rounder
18114,Player_18114,2,19,All-Rounder
18115,Player_18115,16,28,Batsman
18116,Player_18116,19,30,All-Rounder
18117,Player_18117,5,37,All-Rounder
18118,Player_18118,4,33,Defender
18119,Player_18119,14,31,All-Rounder
18120,Player_18120,6,24,Batsman
18121,Player_18121,8,24,Defender
18122,Player_18122,3,29,Batsman
18123,Player_18123,4,29,Batsman
18124,Player_18124,1,37,Defender
18125,Player_18125,2,18,Defender
18126,Player_18126,13,23,Defender
18127,Player_18127,9,25,Defender
18128,Player_18128,12,30,Batsman
18129,Player_18129,10,22,Defender
18130,Player_18130,10,27,Bowler
18131,Player_18131,18,31,All-Rounder
18132,Player_18132,12,26,All-Rounder
18133,Player_18133,16,34,Bowler
18134,Player_18134,6,20,Batsman
18135,Player_18135,10,29,Batsman
18136,Player_18136,15,29,All-Rounder
18137,Player_18137,9,28,Goalkeeper
18138,Player_18138,2,39,Bowler
18139,Player_18139,18,21,Bowler
18140,Player_18140,12,25,All-Rounder
18141,Player_18141,3,27,Defender
18142,Player_18142,7,31,Goalkeeper
18143,Player_18143,9,18,Batsman
18144,Player_18144,8,29,Batsman
18145,Player_18145,6,22,Batsman
18146,Player_18146,1,31,Batsman
18147,Player_18147,14,21,Bowler
18148,Player_18148,16,34,Bowler
18149,Player_18149,16,39,Defender
18150,Player_18150,4,30,Bowler
18151,Player_18151,6,20,Defender
18152,Player_18152,15,28,Defender
18153,Player_18153,8,28,Batsman
18154,Player_18154,1,22,Batsman
18155,Player_18155,13,23,Bowler
18156,Player_18156,18,21,Bowler
18157,Player_18157,18,27,Defender
18158,Player_18158,13,27,All-Rounder
18159,Player_18159,14,29,Batsman
18160,Player_18160,11,39,Goalkeeper
18161,Player_18161,7,35,All-Rounder
18162,Player_18162,18,32,Batsman
18163,Player_18163,4,35,Batsman
18164,Player_18164,17,20,Bowler
18165,Player_18165,19,20,Goalkeeper
18166,Player_18166,14,18,Goalkeeper
18167,Player_18167,10,34,Batsman
18168,Player_18168,6,27,Defender
18169,Player_18169,18,23,Goalkeeper
18170,Player_18170,4,28,All-Rounder
18171,Player_18171,11,31,Defender
18172,Player_18172,13,34,Bowler
18173,Player_18173,8,24,Batsman
18174,Player_18174,10,39,Batsman
18175,Player_18175,11,21,All-Rounder
18176,Player_18176,3,28,All-Rounder
18177,Player_18177,15,36,Bowler
18178,Player_18178,8,26,Bowler
18179,Player_18179,20,38,Goalkeeper
18180,Player_18180,18,25,Defender
18181,Player_18181,1,37,Batsman
18182,Player_18182,8,21,Goalkeeper
18183,Player_18183,3,33,Bowler
18184,Player_18184,1,23,All-Rounder
18185,Player_18185,20,23,Goalkeeper
18186,Player_18186,16,36,All-Rounder
18187,Player_18187,9,19,Defender
18188,Player_18188,17,28,All-Rounder
18189,Player_18189,16,35,Batsman
18190,Player_18190,6,26,Defender
18191,Player_18191,7,33,All-Rounder
18192,Player_18192,16,28,Goalkeeper
18193,Player_18193,8,31,Batsman
18194,Player_18194,10,25,Batsman
18195,Player_18195,14,30,Bowler
18196,Player_18196,11,27,Bowler
18197,Player_18197,2,29,Goalkeeper
18198,Player_18198,12,38,Bowler
18199,Player_18199,20,20,All-Rounder
18200,Player_18200,20,19,Bowler
18201,Player_18201,13,28,Batsman
18202,Player_18202,15,35,Goalkeeper
18203,Player_18203,12,38,All-Rounder
18204,Player_18204,13,21,Batsman
18205,Player_18205,8,25,Batsman
18206,Player_18206,16,28,Defender
18207,Player_18207,3,32,Bowler
18208,Player_18208,13,38,All-Rounder
18209,Player_18209,12,19,Goalkeeper
18210,Player_18210,19,36,Goalkeeper
18211,Player_18211,2,32,Goalkeeper
18212,Player_18212,1,30,Defender
18213,Player_18213,8,19,All-Rounder
18214,Player_18214,9,20,Batsman
18215,Player_18215,8,31,Defender
18216,Player_18216,17,37,Bowler
18217,Player_18217,9,30,Batsman
18218,Player_18218,6,33,Goalkeeper
18219,Player_18219,15,29,Bowler
18220,Player_18220,13,18,All-Rounder
18221,Player_18221,12,23,All-Rounder
18222,Player_18222,13,30,Defender
18223,Player_18223,7,39,All-Rounder
18224,Player_18224,18,19,Goalkeeper
18225,Player_18225,14,35,Defender
18226,Player_18226,11,34,Defender
18227,Player_18227,14,36,Goalkeeper
18228,Player_18228,17,32,All-Rounder
18229,Player_18229,2,25,Bowler
18230,Player_18230,19,26,Defender
18231,Player_18231,16,25,Bowler
18232,Player_18232,10,25,Bowler
18233,Player_18233,8,28,Bowler
18234,Player_18234,5,35,Bowler
18235,Player_18235,7,34,Goalkeeper
18236,Player_18236,13,39,Batsman
18237,Player_18237,16,23,All-Rounder
18238,Player_18238,5,19,Batsman
18239,Player_18239,16,18,Batsman
18240,Player_18240,15,27,Defender
18241,Player_18241,9,25,Batsman
18242,Player_18242,12,33,Batsman
18243,Player_18243,8,31,Goalkeeper
18244,Player_18244,13,33,Bowler
18245,Player_18245,5,31,Batsman
18246,Player_18246,14,24,Batsman
18247,Player_18247,16,35,Defender
18248,Player_18248,11,37,All-Rounder
18249,Player_18249,20,26,Defender
18250,Player_18250,12,21,All-Rounder
18251,Player_18251,15,33,All-Rounder
18252,Player_18252,12,39,All-Rounder
18253,Player_18253,9,28,Goalkeeper
18254,Player_18254,1,26,Goalkeeper
18255,Player_18255,3,34,Bowler
18256,Player_18256,12,39,All-Rounder
18257,Player_18257,20,28,Goalkeeper
18258,Player_18258,13,37,Goalkeeper
18259,Player_18259,6,20,Batsman
18260,Player_18260,10,38,All-Rounder
18261,Player_18261,10,28,Defender
18262,Player_18262,16,25,Batsman
18263,Player_18263,1,27,Goalkeeper
18264,Player_18264,16,23,Goalkeeper
18265,Player_18265,4,34,Goalkeeper
18266,Player_18266,6,23,Goalkeeper
18267,Player_18267,19,24,Defender
18268,Player_18268,2,30,Bowler
18269,Player_18269,18,23,Bowler
18270,Player_18270,10,20,All-Rounder
18271,Player_18271,4,30,Goalkeeper
18272,Player_18272,1,27,All-Rounder
18273,Player_18273,15,21,Defender
18274,Player_18274,10,22,All-Rounder
18275,Player_18275,18,38,Bowler
18276,Player_18276,16,36,Bowler
18277,Player_18277,13,35,Bowler
18278,Player_18278,15,24,All-Rounder
18279,Player_18279,2,38,Goalkeeper
18280,Player_18280,20,18,Batsman
18281,Player_18281,4,34,Bowler
18282,Player_18282,1,37,All-Rounder
18283,Player_18283,7,37,Batsman
18284,Player_18284,11,35,Bowler
18285,Player_18285,10,22,Bowler
18286,Player_18286,1,39,Defender
18287,Player_18287,11,23,Bowler
18288,Player_18288,10,27,Batsman
18289,Player_18289,14,36,Batsman
18290,Player_18290,14,27,Goalkeeper
18291,Player_18291,7,23,Batsman
18292,Player_18292,11,27,All-Rounder
18293,Player_18293,4,27,All-Rounder
18294,Player_18294,2,38,Bowler
18295,Player_18295,7,29,Goalkeeper
18296,Player_18296,19,21,Bowler
18297,Player_18297,14,30,Goalkeeper
18298,Player_18298,19,27,Defender
18299,Player_18299,7,33,Goalkeeper
18300,Player_18300,12,36,Defender
18301,Player_18301,3,23,Defender
18302,Player_18302,15,26,Bowler
18303,Player_18303,5,31,All-Rounder
18304,Player_18304,8,27,Goalkeeper
18305,Player_18305,14,25,Bowler
18306,Player_18306,4,20,Defender
18307,Player_18307,7,34,Defender
18308,Player_18308,7,36,Batsman
18309,Player_18309,18,20,Batsman
18310,Player_18310,14,31,Goalkeeper
18311,Player_18311,8,23,All-Rounder
18312,Player_18312,12,36,Batsman
18313,Player_18313,10,35,Defender
18314,Player_18314,14,29,Bowler
18315,Player_18315,9,32,All-Rounder
18316,Player_18316,6,23,Goalkeeper
18317,Player_18317,5,38,Bowler
18318,Player_18318,1,29,Goalkeeper
18319,Player_18319,1,36,Bowler
18320,Player_18320,20,24,Bowler
18321,Player_18321,17,37,All-Rounder
18322,Player_18322,11,27,Goalkeeper
18323,Player_18323,12,35,Batsman
18324,Player_18324,3,19,Bowler
18325,Player_18325,6,30,Bowler
18326,Player_18326,11,32,Batsman
18327,Player_18327,13,21,All-Rounder
18328,Player_18328,11,24,All-Rounder
18329,Player_18329,8,20,All-Rounder
18330,Player_18330,10,33,Defender
18331,Player_18331,2,26,Defender
18332,Player_18332,14,34,All-Rounder
18333,Player_18333,16,25,All-Rounder
18334,Player_18334,17,35,Batsman
18335,Player_18335,11,30,Defender
18336,Player_18336,2,19,Goalkeeper
18337,Player_18337,5,18,All-Rounder
18338,Player_18338,16,33,All-Rounder
18339,Player_18339,16,33,All-Rounder
18340,Player_18340,2,28,Bowler
18341,Player_18341,16,21,Defender
18342,Player_18342,5,28,Goalkeeper
18343,Player_18343,8,23,Bowler
18344,Player_18344,20,28,Bowler
18345,Player_18345,14,18,Goalkeeper
18346,Player_18346,10,26,Goalkeeper
18347,Player_18347,2,24,Goalkeeper
18348,Player_18348,3,38,Goalkeeper
18349,Player_18349,18,39,Goalkeeper
18350,Player_18350,2,20,All-Rounder
18351,Player_18351,9,26,Goalkeeper
18352,Player_18352,2,19,Goalkeeper
18353,Player_18353,7,27,Defender
18354,Player_18354,7,34,All-Rounder
18355,Player_18355,14,18,Bowler
18356,Player_18356,5,35,All-Rounder
18357,Player_18357,8,23,Batsman
18358,Player_18358,18,23,Goalkeeper
18359,Player_18359,6,26,Bowler
18360,Player_18360,14,27,Batsman
18361,Player_18361,18,32,Bowler
18362,Player_18362,17,21,All-Rounder
18363,Player_18363,9,25,Batsman
18364,Player_18364,13,21,Goalkeeper
18365,Player_18365,16,20,Goalkeeper
18366,Player_18366,10,21,Batsman
18367,Player_18367,10,18,All-Rounder
18368,Player_18368,4,26,Batsman
18369,Player_18369,12,28,All-Rounder
18370,Player_18370,8,38,Bowler
18371,Player_18371,15,36,All-Rounder
18372,Player_18372,19,38,Batsman
18373,Player_18373,15,37,Batsman
18374,Player_18374,8,24,Bowler
18375,Player_18375,8,22,Batsman
18376,Player_18376,19,19,Defender
18377,Player_18377,9,36,Batsman
18378,Player_18378,17,20,Defender
18379,Player_18379,8,32,Batsman
18380,Player_18380,12,24,Batsman
18381,Player_18381,15,22,Bowler
18382,Player_18382,4,27,Defender
18383,Player_18383,6,26,Bowler
18384,Player_18384,16,31,Defender
18385,Player_18385,5,39,Defender
18386,Player_18386,13,30,Goalkeeper
18387,Player_18387,15,18,Defender
18388,Player_18388,17,33,Bowler
18389,Player_18389,20,37,Bowler
18390,Player_18390,5,25,All-Rounder
18391,Player_18391,19,34,Batsman
18392,Player_18392,7,23,Goalkeeper
18393,Player_18393,3,19,Batsman
18394,Player_18394,13,30,Bowler
18395,Player_18395,14,25,Goalkeeper
18396,Player_18396,16,26,Defender
18397,Player_18397,13,30,Bowler
18398,Player_18398,2,35,Bowler
18399,Player_18399,14,35,Bowler
18400,Player_18400,20,26,Bowler
18401,Player_18401,7,19,Goalkeeper
18402,Player_18402,5,21,Batsman
18403,Player_18403,14,35,Batsman
18404,Player_18404,9,34,Defender
18405,Player_18405,10,29,Bowler
18406,Player_18406,7,33,Bowler
18407,Player_18407,14,30,Batsman
18408,Player_18408,14,28,Defender
18409,Player_18409,2,31,All-Rounder
18410,Player_18410,17,27,Goalkeeper
18411,Player_18411,20,38,Batsman
18412,Player_18412,4,36,Goalkeeper
18413,Player_18413,13,38,Batsman
18414,Player_18414,18,34,Defender
18415,Player_18415,3,26,Bowler
18416,Player_18416,19,31,All-Rounder
18417,Player_18417,5,22,Goalkeeper
18418,Player_18418,1,20,All-Rounder
18419,Player_18419,9,39,Bowler
18420,Player_18420,8,25,Batsman
18421,Player_18421,3,35,Defender
18422,Player_18422,2,20,Bowler
18423,Player_18423,1,19,All-Rounder
18424,Player_18424,12,28,All-Rounder
18425,Player_18425,13,22,All-Rounder
18426,Player_18426,10,24,Batsman
18427,Player_18427,17,31,All-Rounder
18428,Player_18428,11,36,Batsman
18429,Player_18429,5,19,All-Rounder
18430,Player_18430,9,26,Goalkeeper
18431,Player_18431,13,27,Goalkeeper
18432,Player_18432,20,36,Bowler
18433,Player_18433,11,34,Bowler
18434,Player_18434,4,24,Defender
18435,Player_18435,11,35,All-Rounder
18436,Player_18436,9,23,All-Rounder
18437,Player_18437,7,26,Batsman
18438,Player_18438,16,25,Bowler
18439,Player_18439,5,39,Goalkeeper
18440,Player_18440,6,39,Batsman
18441,Player_18441,19,26,Goalkeeper
18442,Player_18442,1,18,Batsman
18443,Player_18443,16,19,Bowler
18444,Player_18444,18,39,All-Rounder
18445,Player_18445,13,21,All-Rounder
18446,Player_18446,1,37,Bowler
18447,Player_18447,10,35,Goalkeeper
18448,Player_18448,7,27,Defender
18449,Player_18449,5,18,Defender
18450,Player_18450,13,27,Bowler
18451,Player_18451,16,26,Batsman
18452,Player_18452,20,30,All-Rounder
18453,Player_18453,14,32,Goalkeeper
18454,Player_18454,11,35,Defender
18455,Player_18455,19,30,All-Rounder
18456,Player_18456,2,22,Bowler
18457,Player_18457,8,19,All-Rounder
18458,Player_18458,13,24,Defender
18459,Player_18459,7,26,Goalkeeper
18460,Player_18460,12,36,Batsman
18461,Player_18461,8,31,Batsman
18462,Player_18462,16,34,All-Rounder
18463,Player_18463,18,37,Batsman
18464,Player_18464,19,37,Defender
18465,Player_18465,4,28,Goalkeeper
18466,Player_18466,12,39,Batsman
18467,Player_18467,16,22,Batsman
18468,Player_18468,17,29,Bowler
18469,Player_18469,4,38,Batsman
18470,Player_18470,20,26,Batsman
18471,Player_18471,9,34,Defender
18472,Player_18472,5,25,Batsman
18473,Player_18473,17,25,Bowler
18474,Player_18474,17,29,Bowler
18475,Player_18475,2,36,Bowler
18476,Player_18476,2,27,Batsman
18477,Player_18477,7,19,All-Rounder
18478,Player_18478,4,25,All-Rounder
18479,Player_18479,13,31,Defender
18480,Player_18480,20,36,All-Rounder
18481,Player_18481,11,21,Defender
18482,Player_18482,3,26,Defender
18483,Player_18483,2,30,Bowler
18484,Player_18484,16,26,Goalkeeper
18485,Player_18485,3,30,Defender
18486,Player_18486,15,33,Batsman
18487,Player_18487,17,39,Bowler
18488,Player_18488,16,18,Batsman
18489,Player_18489,20,25,Batsman
18490,Player_18490,7,26,All-Rounder
18491,Player_18491,16,30,Batsman
18492,Player_18492,5,34,Defender
18493,Player_18493,2,39,Batsman
18494,Player_18494,1,26,Batsman
18495,Player_18495,13,24,All-Rounder
18496,Player_18496,16,37,Batsman
18497,Player_18497,5,27,Defender
18498,Player_18498,3,38,Defender
18499,Player_18499,15,22,Batsman
18500,Player_18500,16,34,Defender
18501,Player_18501,11,19,Defender
18502,Player_18502,19,26,All-Rounder
18503,Player_18503,18,19,Bowler
18504,Player_18504,9,27,Bowler
18505,Player_18505,8,29,Goalkeeper
18506,Player_18506,19,19,Bowler
18507,Player_18507,5,32,Batsman
18508,Player_18508,17,20,Defender
18509,Player_18509,5,19,Bowler
18510,Player_18510,14,24,All-Rounder
18511,Player_18511,7,26,Goalkeeper
18512,Player_18512,9,28,Batsman
18513,Player_18513,17,39,Bowler
18514,Player_18514,3,33,Defender
18515,Player_18515,8,24,All-Rounder
18516,Player_18516,13,30,Bowler
18517,Player_18517,16,20,Defender
18518,Player_18518,10,28,Bowler
18519,Player_18519,18,20,Batsman
18520,Player_18520,3,32,Goalkeeper
18521,Player_18521,12,25,Defender
18522,Player_18522,16,24,Goalkeeper
18523,Player_18523,18,22,Goalkeeper
18524,Player_18524,17,23,All-Rounder
18525,Player_18525,7,36,Defender
18526,Player_18526,19,20,All-Rounder
18527,Player_18527,8,28,Goalkeeper
18528,Player_18528,17,23,Batsman
18529,Player_18529,7,38,Batsman
18530,Player_18530,1,31,Bowler
18531,Player_18531,8,34,Bowler
18532,Player_18532,19,20,Defender
18533,Player_18533,20,21,Batsman
18534,Player_18534,20,26,Goalkeeper
18535,Player_18535,10,30,Batsman
18536,Player_18536,12,23,Defender
18537,Player_18537,1,27,Bowler
18538,Player_18538,4,37,Bowler
18539,Player_18539,4,37,All-Rounder
18540,Player_18540,9,38,Bowler
18541,Player_18541,15,30,Goalkeeper
18542,Player_18542,15,31,Defender
18543,Player_18543,7,29,Bowler
18544,Player_18544,12,30,Bowler
18545,Player_18545,3,27,Goalkeeper
18546,Player_18546,20,24,Bowler
18547,Player_18547,9,22,Goalkeeper
18548,Player_18548,14,29,Bowler
18549,Player_18549,13,19,Goalkeeper
18550,Player_18550,12,25,Bowler
18551,Player_18551,1,25,Defender
18552,Player_18552,19,36,All-Rounder
18553,Player_18553,16,22,All-Rounder
18554,Player_18554,12,25,Batsman
18555,Player_18555,10,27,All-Rounder
18556,Player_18556,2,30,Goalkeeper
18557,Player_18557,18,26,Goalkeeper
18558,Player_18558,13,24,All-Rounder
18559,Player_18559,6,37,Goalkeeper
18560,Player_18560,12,37,Defender
18561,Player_18561,4,36,Goalkeeper
18562,Player_18562,1,28,Defender
18563,Player_18563,11,25,Defender
18564,Player_18564,8,39,Defender
18565,Player_18565,2,33,Bowler
18566,Player_18566,2,27,Batsman
18567,Player_18567,16,23,Goalkeeper
18568,Player_18568,1,27,Bowler
18569,Player_18569,4,27,Batsman
18570,Player_18570,6,36,Bowler
18571,Player_18571,20,21,Goalkeeper
18572,Player_18572,14,36,Defender
18573,Player_18573,20,20,Bowler
18574,Player_18574,15,34,Batsman
18575,Player_18575,7,31,Batsman
18576,Player_18576,7,27,Batsman
18577,Player_18577,18,23,Bowler
18578,Player_18578,2,33,Batsman
18579,Player_18579,20,26,All-Rounder
18580,Player_18580,15,38,Batsman
18581,Player_18581,1,29,Batsman
18582,Player_18582,17,29,Bowler
18583,Player_18583,20,31,Goalkeeper
18584,Player_18584,13,19,Bowler
18585,Player_18585,12,27,Bowler
18586,Player_18586,15,21,All-Rounder
18587,Player_18587,5,23,Goalkeeper
18588,Player_18588,7,30,Bowler
18589,Player_18589,8,31,All-Rounder
18590,Player_18590,14,21,Bowler
18591,Player_18591,4,27,All-Rounder
18592,Player_18592,14,27,Defender
18593,Player_18593,10,22,Batsman
18594,Player_18594,16,21,Batsman
18595,Player_18595,11,29,Bowler
18596,Player_18596,14,39,All-Rounder
18597,Player_18597,14,31,Defender
18598,Player_18598,2,24,Batsman
18599,Player_18599,13,19,Bowler
18600,Player_18600,3,31,Bowler
18601,Player_18601,18,27,All-Rounder
18602,Player_18602,4,33,Goalkeeper
18603,Player_18603,19,20,Bowler
18604,Player_18604,16,25,Defender
18605,Player_18605,4,34,Defender
18606,Player_18606,19,21,Goalkeeper
18607,Player_18607,15,38,Defender
18608,Player_18608,1,36,All-Rounder
18609,Player_18609,16,32,Bowler
18610,Player_18610,15,37,All-Rounder
18611,Player_18611,16,27,Goalkeeper
18612,Player_18612,20,27,Goalkeeper
18613,Player_18613,1,29,All-Rounder
18614,Player_18614,17,26,Batsman
18615,Player_18615,5,32,Goalkeeper
18616,Player_18616,5,35,Bowler
18617,Player_18617,7,37,Goalkeeper
18618,Player_18618,13,18,All-Rounder
18619,Player_18619,12,20,All-Rounder
18620,Player_18620,4,25,Defender
18621,Player_18621,4,24,Batsman
18622,Player_18622,6,32,All-Rounder
18623,Player_18623,15,25,Defender
18624,Player_18624,19,32,Defender
18625,Player_18625,6,39,Bowler
18626,Player_18626,12,22,Defender
18627,Player_18627,14,29,Batsman
18628,Player_18628,18,29,Bowler
18629,Player_18629,12,26,All-Rounder
18630,Player_18630,15,38,All-Rounder
18631,Player_18631,19,26,Defender
18632,Player_18632,8,32,Goalkeeper
18633,Player_18633,9,32,Batsman
18634,Player_18634,5,37,Batsman
18635,Player_18635,5,29,Defender
18636,Player_18636,6,22,Batsman
18637,Player_18637,3,18,Bowler
18638,Player_18638,5,39,Defender
18639,Player_18639,1,36,Goalkeeper
18640,Player_18640,11,28,All-Rounder
18641,Player_18641,20,35,Batsman
18642,Player_18642,1,23,All-Rounder
18643,Player_18643,7,34,Goalkeeper
18644,Player_18644,15,31,Goalkeeper
18645,Player_18645,17,29,Bowler
18646,Player_18646,8,22,Goalkeeper
18647,Player_18647,2,24,Goalkeeper
18648,Player_18648,13,33,Batsman
18649,Player_18649,12,26,All-Rounder
18650,Player_18650,5,32,Batsman
18651,Player_18651,13,21,Batsman
18652,Player_18652,6,37,Defender
18653,Player_18653,15,24,Defender
18654,Player_18654,11,31,Bowler
18655,Player_18655,4,21,Bowler
18656,Player_18656,1,21,Goalkeeper
18657,Player_18657,15,31,Bowler
18658,Player_18658,12,24,Bowler
18659,Player_18659,9,32,Goalkeeper
18660,Player_18660,11,29,All-Rounder
18661,Player_18661,5,31,Goalkeeper
18662,Player_18662,7,30,Goalkeeper
18663,Player_18663,8,36,All-Rounder
18664,Player_18664,1,29,Goalkeeper
18665,Player_18665,1,33,Defender
18666,Player_18666,3,33,Bowler
18667,Player_18667,8,18,Goalkeeper
18668,Player_18668,11,32,Batsman
18669,Player_18669,1,22,Bowler
18670,Player_18670,14,23,Defender
18671,Player_18671,1,38,Defender
18672,Player_18672,6,34,Goalkeeper
18673,Player_18673,6,28,All-Rounder
18674,Player_18674,3,21,Batsman
18675,Player_18675,10,35,Goalkeeper
18676,Player_18676,12,37,All-Rounder
18677,Player_18677,10,31,Defender
18678,Player_18678,2,26,Bowler
18679,Player_18679,13,20,Defender
18680,Player_18680,16,20,Goalkeeper
18681,Player_18681,13,28,All-Rounder
18682,Player_18682,4,37,Goalkeeper
18683,Player_18683,4,39,Defender
18684,Player_18684,11,22,Batsman
18685,Player_18685,14,21,Defender
18686,Player_18686,3,29,Goalkeeper
18687,Player_18687,19,29,All-Rounder
18688,Player_18688,1,21,Goalkeeper
18689,Player_18689,5,20,Bowler
18690,Player_18690,17,19,Bowler
18691,Player_18691,1,21,All-Rounder
18692,Player_18692,19,21,Defender
18693,Player_18693,19,24,Goalkeeper
18694,Player_18694,4,19,Bowler
18695,Player_18695,19,28,Batsman
18696,Player_18696,6,22,Bowler
18697,Player_18697,15,30,Defender
18698,Player_18698,4,21,All-Rounder
18699,Player_18699,1,26,Batsman
18700,Player_18700,17,24,Goalkeeper
18701,Player_18701,11,30,Goalkeeper
18702,Player_18702,17,27,All-Rounder
18703,Player_18703,1,24,Batsman
18704,Player_18704,9,35,Batsman
18705,Player_18705,14,35,Batsman
18706,Player_18706,15,19,All-Rounder
18707,Player_18707,1,38,All-Rounder
18708,Player_18708,2,18,Goalkeeper
18709,Player_18709,18,30,Bowler
18710,Player_18710,18,19,Defender
18711,Player_18711,6,21,Goalkeeper
18712,Player_18712,20,26,Batsman
18713,Player_18713,8,25,Bowler
18714,Player_18714,1,35,Defender
18715,Player_18715,15,33,Batsman
18716,Player_18716,10,21,All-Rounder
18717,Player_18717,4,21,Bowler
18718,Player_18718,10,35,All-Rounder
18719,Player_18719,11,19,Defender
18720,Player_18720,5,38,Defender
18721,Player_18721,9,28,Batsman
18722,Player_18722,5,37,All-Rounder
18723,Player_18723,11,21,Goalkeeper
18724,Player_18724,3,31,Goalkeeper
18725,Player_18725,4,38,All-Rounder
18726,Player_18726,10,34,Defender
18727,Player_18727,7,25,Bowler
18728,Player_18728,1,18,All-Rounder
18729,Player_18729,6,36,Batsman
18730,Player_18730,8,36,Goalkeeper
18731,Player_18731,17,38,Batsman
18732,Player_18732,7,24,Bowler
18733,Player_18733,1,18,Goalkeeper
18734,Player_18734,9,18,Goalkeeper
18735,Player_18735,11,27,Goalkeeper
18736,Player_18736,19,30,Batsman
18737,Player_18737,2,39,Defender
18738,Player_18738,11,22,Batsman
18739,Player_18739,3,29,Defender
18740,Player_18740,17,20,All-Rounder
18741,Player_18741,10,36,Goalkeeper
18742,Player_18742,3,21,Batsman
18743,Player_18743,3,32,Bowler
18744,Player_18744,7,30,Bowler
18745,Player_18745,2,28,Defender
18746,Player_18746,1,19,Defender
18747,Player_18747,7,26,Goalkeeper
18748,Player_18748,20,29,Defender
18749,Player_18749,11,21,Bowler
18750,Player_18750,6,36,Batsman
18751,Player_18751,4,27,Batsman
18752,Player_18752,19,28,Defender
18753,Player_18753,19,24,Defender
18754,Player_18754,14,30,Bowler
18755,Player_18755,3,26,All-Rounder
18756,Player_18756,4,29,Batsman
18757,Player_18757,8,19,Defender
18758,Player_18758,18,39,Goalkeeper
18759,Player_18759,4,38,Defender
18760,Player_18760,11,18,Defender
18761,Player_18761,16,24,Batsman
18762,Player_18762,3,18,Defender
18763,Player_18763,7,33,Goalkeeper
18764,Player_18764,2,21,Goalkeeper
18765,Player_18765,1,25,Goalkeeper
18766,Player_18766,1,34,Bowler
18767,Player_18767,6,38,Goalkeeper
18768,Player_18768,19,36,Batsman
18769,Player_18769,7,21,All-Rounder
18770,Player_18770,5,21,Defender
18771,Player_18771,18,25,Defender
18772,Player_18772,13,27,Defender
18773,Player_18773,1,33,Goalkeeper
18774,Player_18774,10,36,Goalkeeper
18775,Player_18775,9,18,Goalkeeper
18776,Player_18776,17,22,All-Rounder
18777,Player_18777,1,19,All-Rounder
18778,Player_18778,1,33,All-Rounder
18779,Player_18779,7,30,All-Rounder
18780,Player_18780,4,23,All-Rounder
18781,Player_18781,12,21,Defender
18782,Player_18782,16,24,Defender
18783,Player_18783,14,19,All-Rounder
18784,Player_18784,10,27,Defender
18785,Player_18785,14,31,All-Rounder
18786,Player_18786,7,25,All-Rounder
18787,Player_18787,4,20,All-Rounder
18788,Player_18788,2,20,Defender
18789,Player_18789,18,19,Bowler
18790,Player_18790,16,34,Bowler
18791,Player_18791,9,36,Bowler
18792,Player_18792,5,27,Batsman
18793,Player_18793,9,29,Bowler
18794,Player_18794,8,28,Bowler
18795,Player_18795,20,26,Bowler
18796,Player_18796,16,30,Goalkeeper
18797,Player_18797,20,23,All-Rounder
18798,Player_18798,18,31,Defender
18799,Player_18799,4,39,Goalkeeper
18800,Player_18800,16,28,All-Rounder
18801,Player_18801,4,22,Bowler
18802,Player_18802,6,19,Bowler
18803,Player_18803,3,24,Goalkeeper
18804,Player_18804,18,34,Defender
18805,Player_18805,15,23,Goalkeeper
18806,Player_18806,8,31,Goalkeeper
18807,Player_18807,18,21,All-Rounder
18808,Player_18808,3,20,Batsman
18809,Player_18809,6,28,Defender
18810,Player_18810,15,18,Defender
18811,Player_18811,12,31,Goalkeeper
18812,Player_18812,5,23,Goalkeeper
18813,Player_18813,7,34,Bowler
18814,Player_18814,15,34,Goalkeeper
18815,Player_18815,7,28,All-Rounder
18816,Player_18816,13,39,Bowler
18817,Player_18817,3,24,Batsman
18818,Player_18818,13,30,All-Rounder
18819,Player_18819,3,25,Defender
18820,Player_18820,2,25,Defender
18821,Player_18821,4,26,All-Rounder
18822,Player_18822,17,24,Goalkeeper
18823,Player_18823,6,39,Goalkeeper
18824,Player_18824,11,26,Goalkeeper
18825,Player_18825,6,28,Defender
18826,Player_18826,2,19,All-Rounder
18827,Player_18827,17,35,Goalkeeper
18828,Player_18828,3,39,Bowler
18829,Player_18829,12,20,Defender
18830,Player_18830,14,35,All-Rounder
18831,Player_18831,2,33,All-Rounder
18832,Player_18832,5,25,All-Rounder
18833,Player_18833,10,25,All-Rounder
18834,Player_18834,10,23,Batsman
18835,Player_18835,9,19,Bowler
18836,Player_18836,13,33,Batsman
18837,Player_18837,10,38,Goalkeeper
18838,Player_18838,6,26,Batsman
18839,Player_18839,11,36,Batsman
18840,Player_18840,4,38,Defender
18841,Player_18841,14,32,All-Rounder
18842,Player_18842,17,19,Batsman
18843,Player_18843,20,32,All-Rounder
18844,Player_18844,2,39,Bowler
18845,Player_18845,10,28,Batsman
18846,Player_18846,3,37,Defender
18847,Player_18847,7,29,Defender
18848,Player_18848,7,32,Goalkeeper
18849,Player_18849,1,33,Batsman
18850,Player_18850,8,23,Bowler
18851,Player_18851,1,20,All-Rounder
18852,Player_18852,8,23,Batsman
18853,Player_18853,14,20,Goalkeeper
18854,Player_18854,14,38,Defender
18855,Player_18855,2,30,Batsman
18856,Player_18856,8,29,Goalkeeper
18857,Player_18857,19,25,Bowler
18858,Player_18858,10,19,All-Rounder
18859,Player_18859,7,24,Bowler
18860,Player_18860,13,34,Bowler
18861,Player_18861,15,24,All-Rounder
18862,Player_18862,11,18,Batsman
18863,Player_18863,14,21,All-Rounder
18864,Player_18864,11,32,Goalkeeper
18865,Player_18865,2,21,Bowler
18866,Player_18866,2,29,All-Rounder
18867,Player_18867,12,33,Defender
18868,Player_18868,15,38,All-Rounder
18869,Player_18869,17,35,All-Rounder
18870,Player_18870,14,31,Goalkeeper
18871,Player_18871,16,31,Bowler
18872,Player_18872,8,28,Goalkeeper
18873,Player_18873,17,33,Goalkeeper
18874,Player_18874,5,32,Defender
18875,Player_18875,12,39,Goalkeeper
18876,Player_18876,6,23,Goalkeeper
18877,Player_18877,18,30,Defender
18878,Player_18878,5,34,Batsman
18879,Player_18879,6,21,Goalkeeper
18880,Player_18880,9,29,All-Rounder
18881,Player_18881,15,35,Goalkeeper
18882,Player_18882,10,25,Bowler
18883,Player_18883,17,29,All-Rounder
18884,Player_18884,19,21,All-Rounder
18885,Player_18885,12,25,Batsman
18886,Player_18886,9,19,Bowler
18887,Player_18887,15,21,Bowler
18888,Player_18888,14,29,Bowler
18889,Player_18889,1,38,Goalkeeper
18890,Player_18890,17,39,Goalkeeper
18891,Player_18891,1,27,All-Rounder
18892,Player_18892,13,32,Batsman
18893,Player_18893,8,26,Goalkeeper
18894,Player_18894,13,26,Goalkeeper
18895,Player_18895,16,24,Batsman
18896,Player_18896,2,19,Bowler
18897,Player_18897,13,24,All-Rounder
18898,Player_18898,18,26,Goalkeeper
18899,Player_18899,3,35,Batsman
18900,Player_18900,13,29,Batsman
18901,Player_18901,19,24,Bowler
18902,Player_18902,13,36,Defender
18903,Player_18903,19,39,Defender
18904,Player_18904,4,33,Defender
18905,Player_18905,19,25,Defender
18906,Player_18906,18,36,Goalkeeper
18907,Player_18907,6,23,Batsman
18908,Player_18908,19,19,All-Rounder
18909,Player_18909,4,19,Goalkeeper
18910,Player_18910,4,25,Defender
18911,Player_18911,7,27,All-Rounder
18912,Player_18912,7,38,All-Rounder
18913,Player_18913,16,38,Defender
18914,Player_18914,16,28,All-Rounder
18915,Player_18915,5,37,Goalkeeper
18916,Player_18916,15,37,Bowler
18917,Player_18917,4,20,Goalkeeper
18918,Player_18918,13,33,Goalkeeper
18919,Player_18919,19,20,Bowler
18920,Player_18920,7,25,Defender
18921,Player_18921,12,36,Defender
18922,Player_18922,9,29,Bowler
18923,Player_18923,17,35,Goalkeeper
18924,Player_18924,2,30,Batsman
18925,Player_18925,16,28,All-Rounder
18926,Player_18926,7,30,All-Rounder
18927,Player_18927,18,38,All-Rounder
18928,Player_18928,7,20,Batsman
18929,Player_18929,1,23,Goalkeeper
18930,Player_18930,3,20,Defender
18931,Player_18931,11,18,Bowler
18932,Player_18932,15,31,All-Rounder
18933,Player_18933,3,37,Batsman
18934,Player_18934,13,24,Bowler
18935,Player_18935,4,26,Goalkeeper
18936,Player_18936,8,18,Batsman
18937,Player_18937,4,27,Batsman
18938,Player_18938,18,30,Bowler
18939,Player_18939,7,29,Bowler
18940,Player_18940,11,21,All-Rounder
18941,Player_18941,4,24,Goalkeeper
18942,Player_18942,13,27,Bowler
18943,Player_18943,9,39,All-Rounder
18944,Player_18944,9,24,All-Rounder
18945,Player_18945,19,32,Bowler
18946,Player_18946,3,36,Batsman
18947,Player_18947,12,24,Batsman
18948,Player_18948,11,31,Batsman
18949,Player_18949,20,38,All-Rounder
18950,Player_18950,11,31,Batsman
18951,Player_18951,17,35,Goalkeeper
18952,Player_18952,14,27,Batsman
18953,Player_18953,16,20,Batsman
18954,Player_18954,10,23,All-Rounder
18955,Player_18955,4,39,Defender
18956,Player_18956,10,39,Goalkeeper
18957,Player_18957,20,26,All-Rounder
18958,Player_18958,12,31,Goalkeeper
18959,Player_18959,9,38,Goalkeeper
18960,Player_18960,15,38,Batsman
18961,Player_18961,9,25,Goalkeeper
18962,Player_18962,7,18,Batsman
18963,Player_18963,12,20,Goalkeeper
18964,Player_18964,20,39,Defender
18965,Player_18965,14,23,Goalkeeper
18966,Player_18966,16,18,Bowler
18967,Player_18967,19,35,Batsman
18968,Player_18968,3,27,Defender
18969,Player_18969,11,34,Batsman
18970,Player_18970,20,38,Defender
18971,Player_18971,19,18,Batsman
18972,Player_18972,8,39,Bowler
18973,Player_18973,20,25,Bowler
18974,Player_18974,8,29,Defender
18975,Player_18975,3,36,All-Rounder
18976,Player_18976,10,31,Batsman
18977,Player_18977,13,36,All-Rounder
18978,Player_18978,9,34,Goalkeeper
18979,Player_18979,6,33,Bowler
18980,Player_18980,15,36,Batsman
18981,Player_18981,16,22,Bowler
18982,Player_18982,5,39,Goalkeeper
18983,Player_18983,13,36,Defender
18984,Player_18984,19,21,Batsman
18985,Player_18985,2,22,Batsman
18986,Player_18986,6,22,Batsman
18987,Player_18987,1,18,Defender
18988,Player_18988,15,35,Bowler
18989,Player_18989,15,32,Defender
18990,Player_18990,14,38,Bowler
18991,Player_18991,7,36,Batsman
18992,Player_18992,5,31,Defender
18993,Player_18993,20,23,Goalkeeper
18994,Player_18994,16,35,Defender
18995,Player_18995,17,25,Bowler
18996,Player_18996,11,22,Batsman
18997,Player_18997,15,39,Bowler
18998,Player_18998,20,25,All-Rounder
18999,Player_18999,16,23,Batsman
19000,Player_19000,3,27,Goalkeeper
19001,Player_19001,6,20,Goalkeeper
19002,Player_19002,13,30,All-Rounder
19003,Player_19003,1,24,Bowler
19004,Player_19004,14,21,Goalkeeper
19005,Player_19005,2,30,Bowler
19006,Player_19006,2,23,Batsman
19007,Player_19007,15,33,Defender
19008,Player_19008,18,39,Batsman
19009,Player_19009,9,38,Bowler
19010,Player_19010,3,18,All-Rounder
19011,Player_19011,4,30,Batsman
19012,Player_19012,15,19,Goalkeeper
19013,Player_19013,5,37,Batsman
19014,Player_19014,20,36,Batsman
19015,Player_19015,20,23,Batsman
19016,Player_19016,5,28,All-Rounder
19017,Player_19017,10,34,Bowler
19018,Player_19018,16,26,All-Rounder
19019,Player_19019,12,22,Goalkeeper
19020,Player_19020,14,22,Bowler
19021,Player_19021,11,33,Goalkeeper
19022,Player_19022,19,21,Bowler
19023,Player_19023,6,37,Bowler
19024,Player_19024,10,30,Batsman
19025,Player_19025,20,34,Batsman
19026,Player_19026,3,26,All-Rounder
19027,Player_19027,15,30,Bowler
19028,Player_19028,11,33,Goalkeeper
19029,Player_19029,2,37,Batsman
19030,Player_19030,6,27,Goalkeeper
19031,Player_19031,17,27,Batsman
19032,Player_19032,18,37,Bowler
19033,Player_19033,4,33,Goalkeeper
19034,Player_19034,9,37,All-Rounder
19035,Player_19035,10,18,All-Rounder
19036,Player_19036,2,28,All-Rounder
19037,Player_19037,11,30,Batsman
19038,Player_19038,11,35,Batsman
19039,Player_19039,11,22,All-Rounder
19040,Player_19040,1,21,Goalkeeper
19041,Player_19041,14,23,Batsman
19042,Player_19042,1,32,All-Rounder
19043,Player_19043,9,19,Batsman
19044,Player_19044,1,21,Defender
19045,Player_19045,4,31,Goalkeeper
19046,Player_19046,1,21,Bowler
19047,Player_19047,19,35,Goalkeeper
19048,Player_19048,10,37,Bowler
19049,Player_19049,15,33,All-Rounder
19050,Player_19050,20,26,Batsman
19051,Player_19051,4,25,All-Rounder
19052,Player_19052,20,28,Bowler
19053,Player_19053,14,31,Defender
19054,Player_19054,5,34,Bowler
19055,Player_19055,15,30,Batsman
19056,Player_19056,15,25,Defender
19057,Player_19057,16,31,Batsman
19058,Player_19058,16,28,Defender
19059,Player_19059,4,26,Batsman
19060,Player_19060,9,25,Bowler
19061,Player_19061,1,31,Bowler
19062,Player_19062,5,32,Bowler
19063,Player_19063,9,18,Bowler
19064,Player_19064,20,29,Defender
19065,Player_19065,5,22,Goalkeeper
19066,Player_19066,4,31,Goalkeeper
19067,Player_19067,16,39,All-Rounder
19068,Player_19068,2,33,Goalkeeper
19069,Player_19069,16,36,All-Rounder
19070,Player_19070,18,33,Bowler
19071,Player_19071,2,24,Batsman
19072,Player_19072,16,20,Goalkeeper
19073,Player_19073,1,25,Goalkeeper
19074,Player_19074,16,38,Bowler
19075,Player_19075,3,38,Bowler
19076,Player_19076,15,31,Goalkeeper
19077,Player_19077,11,37,Bowler
19078,Player_19078,10,20,Goalkeeper
19079,Player_19079,17,28,Batsman
19080,Player_19080,4,39,Batsman
19081,Player_19081,17,31,All-Rounder
19082,Player_19082,4,39,Goalkeeper
19083,Player_19083,19,19,Batsman
19084,Player_19084,1,21,Batsman
19085,Player_19085,14,38,Defender
19086,Player_19086,11,22,Batsman
19087,Player_19087,7,36,All-Rounder
19088,Player_19088,17,27,Batsman
19089,Player_19089,4,38,Bowler
19090,Player_19090,10,38,Defender
19091,Player_19091,17,19,Goalkeeper
19092,Player_19092,4,38,All-Rounder
19093,Player_19093,19,20,Batsman
19094,Player_19094,18,32,Goalkeeper
19095,Player_19095,17,36,Batsman
19096,Player_19096,6,38,Defender
19097,Player_19097,7,19,Goalkeeper
19098,Player_19098,6,20,Bowler
19099,Player_19099,12,29,Bowler
19100,Player_19100,9,31,Goalkeeper
19101,Player_19101,18,34,Bowler
19102,Player_19102,2,33,All-Rounder
19103,Player_19103,17,34,Defender
19104,Player_19104,1,26,All-Rounder
19105,Player_19105,9,20,Goalkeeper
19106,Player_19106,6,39,All-Rounder
19107,Player_19107,2,31,Defender
19108,Player_19108,6,20,Defender
19109,Player_19109,9,23,Goalkeeper
19110,Player_19110,3,38,All-Rounder
19111,Player_19111,16,36,Defender
19112,Player_19112,15,30,Goalkeeper
19113,Player_19113,12,22,Defender
19114,Player_19114,8,18,Batsman
19115,Player_19115,6,29,Batsman
19116,Player_19116,3,32,Defender
19117,Player_19117,4,36,Goalkeeper
19118,Player_19118,10,19,Batsman
19119,Player_19119,14,20,Defender
19120,Player_19120,15,24,Bowler
19121,Player_19121,7,28,All-Rounder
19122,Player_19122,7,27,Defender
19123,Player_19123,8,25,Batsman
19124,Player_19124,10,19,Defender
19125,Player_19125,19,31,Goalkeeper
19126,Player_19126,19,30,Batsman
19127,Player_19127,2,24,Goalkeeper
19128,Player_19128,15,38,Goalkeeper
19129,Player_19129,1,26,Goalkeeper
19130,Player_19130,10,24,Defender
19131,Player_19131,6,18,Batsman
19132,Player_19132,13,18,Goalkeeper
19133,Player_19133,10,23,Bowler
19134,Player_19134,12,18,All-Rounder
19135,Player_19135,6,33,Defender
19136,Player_19136,6,20,Bowler
19137,Player_19137,1,30,Batsman
19138,Player_19138,12,38,All-Rounder
19139,Player_19139,10,21,Goalkeeper
19140,Player_19140,14,34,Bowler
19141,Player_19141,15,27,Bowler
19142,Player_19142,4,21,Goalkeeper
19143,Player_19143,1,37,Goalkeeper
19144,Player_19144,8,29,Bowler
19145,Player_19145,3,30,Batsman
19146,Player_19146,14,21,Defender
19147,Player_19147,17,33,Batsman
19148,Player_19148,2,36,Batsman
19149,Player_19149,15,24,Defender
19150,Player_19150,6,18,Batsman
19151,Player_19151,5,33,All-Rounder
19152,Player_19152,14,19,Goalkeeper
19153,Player_19153,19,18,Bowler
19154,Player_19154,9,31,Defender
19155,Player_19155,8,37,Batsman
19156,Player_19156,3,22,Bowler
19157,Player_19157,18,32,All-Rounder
19158,Player_19158,8,27,Batsman
19159,Player_19159,16,38,Batsman
19160,Player_19160,15,19,Batsman
19161,Player_19161,15,28,All-Rounder
19162,Player_19162,16,33,Goalkeeper
19163,Player_19163,1,36,Bowler
19164,Player_19164,10,21,Batsman
19165,Player_19165,19,27,Batsman
19166,Player_19166,5,39,All-Rounder
19167,Player_19167,18,39,All-Rounder
19168,Player_19168,3,29,Bowler
19169,Player_19169,4,19,Bowler
19170,Player_19170,4,19,Batsman
19171,Player_19171,11,26,Batsman
19172,Player_19172,9,29,Batsman
19173,Player_19173,1,19,Batsman
19174,Player_19174,16,35,Batsman
19175,Player_19175,9,33,All-Rounder
19176,Player_19176,11,36,Goalkeeper
19177,Player_19177,6,32,Bowler
19178,Player_19178,17,33,All-Rounder
19179,Player_19179,12,23,Defender
19180,Player_19180,8,32,Defender
19181,Player_19181,16,29,Defender
19182,Player_19182,5,39,Bowler
19183,Player_19183,1,29,Batsman
19184,Player_19184,17,27,Defender
19185,Player_19185,8,38,Defender
19186,Player_19186,10,32,Goalkeeper
19187,Player_19187,18,21,All-Rounder
19188,Player_19188,15,27,Bowler
19189,Player_19189,20,36,Bowler
19190,Player_19190,13,31,Goalkeeper
19191,Player_19191,10,27,Defender
19192,Player_19192,9,34,Goalkeeper
19193,Player_19193,13,39,Batsman
19194,Player_19194,3,28,Defender
19195,Player_19195,3,35,Bowler
19196,Player_19196,1,19,All-Rounder
19197,Player_19197,2,28,Goalkeeper
19198,Player_19198,11,25,Goalkeeper
19199,Player_19199,14,36,Bowler
19200,Player_19200,10,33,Defender
19201,Player_19201,7,21,Defender
19202,Player_19202,1,31,Defender
19203,Player_19203,7,39,All-Rounder
19204,Player_19204,15,34,All-Rounder
19205,Player_19205,11,28,Defender
19206,Player_19206,6,20,All-Rounder
19207,Player_19207,7,21,Goalkeeper
19208,Player_19208,7,38,Defender
19209,Player_19209,1,30,All-Rounder
19210,Player_19210,10,34,Goalkeeper
19211,Player_19211,15,37,Goalkeeper
19212,Player_19212,8,38,All-Rounder
19213,Player_19213,19,37,Defender
19214,Player_19214,3,27,Defender
19215,Player_19215,15,29,All-Rounder
19216,Player_19216,4,25,All-Rounder
19217,Player_19217,6,20,Batsman
19218,Player_19218,10,38,Goalkeeper
19219,Player_19219,18,27,Defender
19220,Player_19220,16,24,Bowler
19221,Player_19221,18,27,Goalkeeper
19222,Player_19222,6,24,Defender
19223,Player_19223,19,35,Batsman
19224,Player_19224,17,37,Goalkeeper
19225,Player_19225,18,31,Goalkeeper
19226,Player_19226,13,29,Defender
19227,Player_19227,7,25,Bowler
19228,Player_19228,20,24,All-Rounder
19229,Player_19229,12,22,Bowler
19230,Player_19230,2,18,Batsman
19231,Player_19231,12,32,Goalkeeper
19232,Player_19232,12,26,Defender
19233,Player_19233,4,29,Goalkeeper
19234,Player_19234,4,39,All-Rounder
19235,Player_19235,18,35,Bowler
19236,Player_19236,16,28,Bowler
19237,Player_19237,14,27,Batsman
19238,Player_19238,17,27,Defender
19239,Player_19239,17,35,All-Rounder
19240,Player_19240,3,18,All-Rounder
19241,Player_19241,6,37,Defender
19242,Player_19242,13,28,Batsman
19243,Player_19243,9,19,All-Rounder
19244,Player_19244,9,28,Batsman
19245,Player_19245,8,19,Defender
19246,Player_19246,17,26,Defender
19247,Player_19247,16,18,Defender
19248,Player_19248,16,23,All-Rounder
19249,Player_19249,19,39,Defender
19250,Player_19250,16,19,All-Rounder
19251,Player_19251,14,32,Batsman
19252,Player_19252,20,18,Goalkeeper
19253,Player_19253,14,35,Batsman
19254,Player_19254,14,21,All-Rounder
19255,Player_19255,14,30,Bowler
19256,Player_19256,12,21,Bowler
19257,Player_19257,6,32,Goalkeeper
19258,Player_19258,20,19,Defender
19259,Player_19259,13,26,Batsman
19260,Player_19260,16,29,Batsman
19261,Player_19261,9,31,All-Rounder
19262,Player_19262,2,37,Goalkeeper
19263,Player_19263,3,21,Defender
19264,Player_19264,10,32,Goalkeeper
19265,Player_19265,20,21,Bowler
19266,Player_19266,2,22,Goalkeeper
19267,Player_19267,10,27,Defender
19268,Player_19268,8,29,Defender
19269,Player_19269,17,29,Batsman
19270,Player_19270,1,25,Batsman
19271,Player_19271,6,21,Defender
19272,Player_19272,7,20,Batsman
19273,Player_19273,15,18,Batsman
19274,Player_19274,18,35,Batsman
19275,Player_19275,9,37,Defender
19276,Player_19276,8,31,Batsman
19277,Player_19277,10,34,Bowler
19278,Player_19278,4,23,Defender
19279,Player_19279,20,23,Goalkeeper
19280,Player_19280,8,27,All-Rounder
19281,Player_19281,1,36,All-Rounder
19282,Player_19282,8,27,Bowler
19283,Player_19283,12,20,Defender
19284,Player_19284,15,18,Goalkeeper
19285,Player_19285,13,35,Defender
19286,Player_19286,16,32,Goalkeeper
19287,Player_19287,18,37,Goalkeeper
19288,Player_19288,1,21,Defender
19289,Player_19289,17,35,Batsman
19290,Player_19290,16,27,All-Rounder
19291,Player_19291,5,39,Batsman
19292,Player_19292,20,39,All-Rounder
19293,Player_19293,10,36,Batsman
19294,Player_19294,6,34,Defender
19295,Player_19295,12,27,Defender
19296,Player_19296,10,21,Goalkeeper
19297,Player_19297,17,22,Bowler
19298,Player_19298,2,24,Defender
19299,Player_19299,19,36,All-Rounder
19300,Player_19300,20,36,Goalkeeper
19301,Player_19301,6,25,All-Rounder
19302,Player_19302,13,18,Batsman
19303,Player_19303,9,25,Bowler
19304,Player_19304,12,36,Defender
19305,Player_19305,18,34,Batsman
19306,Player_19306,8,26,Goalkeeper
19307,Player_19307,18,37,All-Rounder
19308,Player_19308,2,33,Bowler
19309,Player_19309,8,26,Defender
19310,Player_19310,10,36,All-Rounder
19311,Player_19311,9,33,Defender
19312,Player_19312,18,38,Defender
19313,Player_19313,8,30,All-Rounder
19314,Player_19314,19,36,Defender
19315,Player_19315,3,22,Goalkeeper
19316,Player_19316,9,19,Bowler
19317,Player_19317,13,21,Batsman
19318,Player_19318,9,29,Bowler
19319,Player_19319,20,35,Batsman
19320,Player_19320,12,20,Goalkeeper
19321,Player_19321,13,38,Bowler
19322,Player_19322,8,36,Goalkeeper
19323,Player_19323,15,39,All-Rounder
19324,Player_19324,13,21,Batsman
19325,Player_19325,13,21,All-Rounder
19326,Player_19326,17,33,All-Rounder
19327,Player_19327,15,28,Bowler
19328,Player_19328,19,30,Defender
19329,Player_19329,3,38,Defender
19330,Player_19330,14,28,Goalkeeper
19331,Player_19331,10,24,Bowler
19332,Player_19332,17,31,All-Rounder
19333,Player_19333,8,21,Goalkeeper
19334,Player_19334,18,25,All-Rounder
19335,Player_19335,12,29,Goalkeeper
19336,Player_19336,17,30,Batsman
19337,Player_19337,11,26,Goalkeeper
19338,Player_19338,9,26,Goalkeeper
19339,Player_19339,15,19,All-Rounder
19340,Player_19340,9,20,Defender
19341,Player_19341,12,38,All-Rounder
19342,Player_19342,11,29,Bowler
19343,Player_19343,17,34,All-Rounder
19344,Player_19344,6,21,Defender
19345,Player_19345,8,31,Bowler
19346,Player_19346,10,38,Defender
19347,Player_19347,15,26,Bowler
19348,Player_19348,4,25,All-Rounder
19349,Player_19349,18,18,Defender
19350,Player_19350,11,30,Defender
19351,Player_19351,9,20,Batsman
19352,Player_19352,9,31,Batsman
19353,Player_19353,8,36,Goalkeeper
19354,Player_19354,3,23,Batsman
19355,Player_19355,18,21,Defender
19356,Player_19356,14,37,Goalkeeper
19357,Player_19357,3,18,All-Rounder
19358,Player_19358,17,27,Goalkeeper
19359,Player_19359,4,30,Bowler
19360,Player_19360,18,29,Goalkeeper
19361,Player_19361,15,28,Batsman
19362,Player_19362,19,21,All-Rounder
19363,Player_19363,6,34,Bowler
19364,Player_19364,15,32,Goalkeeper
19365,Player_19365,7,38,All-Rounder
19366,Player_19366,12,20,Batsman
19367,Player_19367,16,27,All-Rounder
19368,Player_19368,9,38,All-Rounder
19369,Player_19369,20,31,Bowler
19370,Player_19370,5,36,Defender
19371,Player_19371,11,38,Batsman
19372,Player_19372,2,21,Bowler
19373,Player_19373,16,31,Bowler
19374,Player_19374,4,23,Bowler
19375,Player_19375,5,29,Defender
19376,Player_19376,7,19,Defender
19377,Player_19377,6,34,Goalkeeper
19378,Player_19378,10,18,Goalkeeper
19379,Player_19379,14,34,Batsman
19380,Player_19380,8,22,Batsman
19381,Player_19381,14,33,Defender
19382,Player_19382,14,31,Defender
19383,Player_19383,20,37,Defender
19384,Player_19384,3,27,Bowler
19385,Player_19385,1,38,Defender
19386,Player_19386,9,20,Bowler
19387,Player_19387,9,20,Bowler
19388,Player_19388,2,35,Batsman
19389,Player_19389,16,35,All-Rounder
19390,Player_19390,8,21,Goalkeeper
19391,Player_19391,6,24,Goalkeeper
19392,Player_19392,13,18,Batsman
19393,Player_19393,1,33,Batsman
19394,Player_19394,19,34,Defender
19395,Player_19395,15,25,Defender
19396,Player_19396,1,23,Defender
19397,Player_19397,10,19,Bowler
19398,Player_19398,1,27,Bowler
19399,Player_19399,12,34,Defender
19400,Player_19400,11,36,Bowler
19401,Player_19401,17,21,Batsman
19402,Player_19402,4,30,Defender
19403,Player_19403,7,38,Goalkeeper
19404,Player_19404,12,36,Goalkeeper
19405,Player_19405,13,33,Bowler
19406,Player_19406,5,30,Goalkeeper
19407,Player_19407,6,22,Defender
19408,Player_19408,2,29,Goalkeeper
19409,Player_19409,7,24,Batsman
19410,Player_19410,14,26,Bowler
19411,Player_19411,14,22,Goalkeeper
19412,Player_19412,10,21,Bowler
19413,Player_19413,4,27,Batsman
19414,Player_19414,3,33,Goalkeeper
19415,Player_19415,14,28,Defender
19416,Player_19416,6,26,All-Rounder
19417,Player_19417,15,22,Goalkeeper
19418,Player_19418,8,28,Batsman
19419,Player_19419,5,26,All-Rounder
19420,Player_19420,3,34,Goalkeeper
19421,Player_19421,3,39,Bowler
19422,Player_19422,13,28,Batsman
19423,Player_19423,2,38,Goalkeeper
19424,Player_19424,1,23,Batsman
19425,Player_19425,12,33,Defender
19426,Player_19426,8,36,All-Rounder
19427,Player_19427,19,31,All-Rounder
19428,Player_19428,9,20,Defender
19429,Player_19429,14,27,All-Rounder
19430,Player_19430,18,38,All-Rounder
19431,Player_19431,10,21,Defender
19432,Player_19432,9,39,Bowler
19433,Player_19433,6,38,All-Rounder
19434,Player_19434,1,19,Bowler
19435,Player_19435,5,30,Batsman
19436,Player_19436,10,28,Batsman
19437,Player_19437,13,29,All-Rounder
19438,Player_19438,4,18,Batsman
19439,Player_19439,1,39,Defender
19440,Player_19440,2,38,All-Rounder
19441,Player_19441,4,26,Defender
19442,Player_19442,17,29,Bowler
19443,Player_19443,10,24,Goalkeeper
19444,Player_19444,12,34,Goalkeeper
19445,Player_19445,2,27,All-Rounder
19446,Player_19446,3,23,Defender
19447,Player_19447,14,24,Goalkeeper
19448,Player_19448,15,36,All-Rounder
19449,Player_19449,13,31,Goalkeeper
19450,Player_19450,9,28,Goalkeeper
19451,Player_19451,2,19,Batsman
19452,Player_19452,19,18,All-Rounder
19453,Player_19453,16,27,Goalkeeper
19454,Player_19454,11,29,All-Rounder
19455,Player_19455,12,26,Batsman
19456,Player_19456,1,28,All-Rounder
19457,Player_19457,2,18,Batsman
19458,Player_19458,16,37,Goalkeeper
19459,Player_19459,2,27,Goalkeeper
19460,Player_19460,19,36,Goalkeeper
19461,Player_19461,10,38,Batsman
19462,Player_19462,19,28,Bowler
19463,Player_19463,10,20,Batsman
19464,Player_19464,16,33,Batsman
19465,Player_19465,13,39,Defender
19466,Player_19466,16,27,Goalkeeper
19467,Player_19467,18,19,Goalkeeper
19468,Player_19468,8,36,Defender
19469,Player_19469,18,21,Bowler
19470,Player_19470,13,33,All-Rounder
19471,Player_19471,7,23,Goalkeeper
19472,Player_19472,18,28,Goalkeeper
19473,Player_19473,6,34,Batsman
19474,Player_19474,9,32,Bowler
19475,Player_19475,6,39,Bowler
19476,Player_19476,18,21,Bowler
19477,Player_19477,17,25,Bowler
19478,Player_19478,12,35,Defender
19479,Player_19479,3,31,Batsman
19480,Player_19480,5,19,Defender
19481,Player_19481,7,33,Defender
19482,Player_19482,10,39,All-Rounder
19483,Player_19483,10,32,Batsman
19484,Player_19484,19,38,Bowler
19485,Player_19485,4,23,Batsman
19486,Player_19486,10,26,Bowler
19487,Player_19487,18,29,All-Rounder
19488,Player_19488,3,27,Goalkeeper
19489,Player_19489,3,24,Defender
19490,Player_19490,5,22,All-Rounder
19491,Player_19491,16,25,Defender
19492,Player_19492,20,29,Bowler
19493,Player_19493,13,18,Bowler
19494,Player_19494,11,27,All-Rounder
19495,Player_19495,13,28,Goalkeeper
19496,Player_19496,19,37,Goalkeeper
19497,Player_19497,6,22,Defender
19498,Player_19498,13,30,Bowler
19499,Player_19499,4,35,Bowler
19500,Player_19500,5,27,Goalkeeper
19501,Player_19501,19,38,Bowler
19502,Player_19502,5,34,Bowler
19503,Player_19503,14,36,All-Rounder
19504,Player_19504,4,21,Goalkeeper
19505,Player_19505,12,26,Goalkeeper
19506,Player_19506,6,35,Batsman
19507,Player_19507,19,33,Goalkeeper
19508,Player_19508,10,24,Goalkeeper
19509,Player_19509,1,29,Batsman
19510,Player_19510,16,21,Bowler
19511,Player_19511,4,38,Bowler
19512,Player_19512,9,29,Defender
19513,Player_19513,18,29,Bowler
19514,Player_19514,17,21,Goalkeeper
19515,Player_19515,15,29,Defender
19516,Player_19516,19,25,Defender
19517,Player_19517,7,20,Bowler
19518,Player_19518,18,33,Defender
19519,Player_19519,6,19,Batsman
19520,Player_19520,19,23,Defender
19521,Player_19521,12,34,All-Rounder
19522,Player_19522,3,29,Batsman
19523,Player_19523,1,26,Goalkeeper
19524,Player_19524,5,33,Bowler
19525,Player_19525,1,24,Bowler
19526,Player_19526,8,25,All-Rounder
19527,Player_19527,7,24,Bowler
19528,Player_19528,15,38,Goalkeeper
19529,Player_19529,11,22,Defender
19530,Player_19530,18,24,Bowler
19531,Player_19531,14,35,Goalkeeper
19532,Player_19532,9,35,Batsman
19533,Player_19533,5,33,Goalkeeper
19534,Player_19534,4,24,All-Rounder
19535,Player_19535,12,38,Goalkeeper
19536,Player_19536,1,19,Bowler
19537,Player_19537,13,34,Defender
19538,Player_19538,1,25,Goalkeeper
19539,Player_19539,3,19,All-Rounder
19540,Player_19540,8,35,Batsman
19541,Player_19541,18,36,All-Rounder
19542,Player_19542,16,37,Batsman
19543,Player_19543,20,26,Goalkeeper
19544,Player_19544,20,29,Defender
19545,Player_19545,16,39,All-Rounder
19546,Player_19546,2,36,Defender
19547,Player_19547,17,25,Goalkeeper
19548,Player_19548,10,39,Defender
19549,Player_19549,7,25,Defender
19550,Player_19550,10,27,All-Rounder
19551,Player_19551,19,35,Goalkeeper
19552,Player_19552,20,32,Defender
19553,Player_19553,9,28,Batsman
19554,Player_19554,17,38,Bowler
19555,Player_19555,9,31,Batsman
19556,Player_19556,9,32,Defender
19557,Player_19557,5,31,Goalkeeper
19558,Player_19558,7,29,Batsman
19559,Player_19559,11,21,Goalkeeper
19560,Player_19560,8,20,Batsman
19561,Player_19561,14,29,Goalkeeper
19562,Player_19562,2,24,Defender
19563,Player_19563,10,24,All-Rounder
19564,Player_19564,16,39,Batsman
19565,Player_19565,16,36,Goalkeeper
19566,Player_19566,19,31,Batsman
19567,Player_19567,11,18,Goalkeeper
19568,Player_19568,6,24,Goalkeeper
19569,Player_19569,6,39,All-Rounder
19570,Player_19570,7,27,Goalkeeper
19571,Player_19571,16,35,Batsman
19572,Player_19572,13,30,Defender
19573,Player_19573,3,25,Bowler
19574,Player_19574,9,26,Goalkeeper
19575,Player_19575,3,32,Bowler
19576,Player_19576,6,25,Defender
19577,Player_19577,17,18,Bowler
19578,Player_19578,3,20,Goalkeeper
19579,Player_19579,2,36,Batsman
19580,Player_19580,12,26,All-Rounder
19581,Player_19581,6,36,Goalkeeper
19582,Player_19582,10,32,Goalkeeper
19583,Player_19583,11,31,All-Rounder
19584,Player_19584,16,18,All-Rounder
19585,Player_19585,16,20,All-Rounder
19586,Player_19586,18,19,All-Rounder
19587,Player_19587,9,18,All-Rounder
19588,Player_19588,19,35,Goalkeeper
19589,Player_19589,2,18,Bowler
19590,Player_19590,1,26,Batsman
19591,Player_19591,16,24,Goalkeeper
19592,Player_19592,18,30,Defender
19593,Player_19593,3,34,Goalkeeper
19594,Player_19594,1,30,Goalkeeper
19595,Player_19595,6,30,Bowler
19596,Player_19596,19,27,All-Rounder
19597,Player_19597,19,23,Defender
19598,Player_19598,11,22,Bowler
19599,Player_19599,8,27,Batsman
19600,Player_19600,5,31,Defender
19601,Player_19601,20,28,Defender
19602,Player_19602,9,22,Bowler
19603,Player_19603,15,21,Defender
19604,Player_19604,14,20,Goalkeeper
19605,Player_19605,4,31,Goalkeeper
19606,Player_19606,8,30,All-Rounder
19607,Player_19607,20,22,Bowler
19608,Player_19608,17,29,Goalkeeper
19609,Player_19609,2,27,Defender
19610,Player_19610,20,19,Defender
19611,Player_19611,16,24,Goalkeeper
19612,Player_19612,10,24,Bowler
19613,Player_19613,2,21,Bowler
19614,Player_19614,11,29,Batsman
19615,Player_19615,10,21,Bowler
19616,Player_19616,19,24,Goalkeeper
19617,Player_19617,14,37,Batsman
19618,Player_19618,11,30,Defender
19619,Player_19619,9,25,Goalkeeper
19620,Player_19620,7,31,All-Rounder
19621,Player_19621,15,20,All-Rounder
19622,Player_19622,20,19,Bowler
19623,Player_19623,17,27,Batsman
19624,Player_19624,3,23,Batsman
19625,Player_19625,15,24,Defender
19626,Player_19626,14,33,Bowler
19627,Player_19627,8,23,Batsman
19628,Player_19628,4,33,Goalkeeper
19629,Player_19629,10,29,Defender
19630,Player_19630,2,39,Batsman
19631,Player_19631,14,32,All-Rounder
19632,Player_19632,8,39,All-Rounder
19633,Player_19633,10,20,Batsman
19634,Player_19634,18,33,All-Rounder
19635,Player_19635,15,35,Goalkeeper
19636,Player_19636,5,32,Defender
19637,Player_19637,13,23,Goalkeeper
19638,Player_19638,18,34,All-Rounder
19639,Player_19639,2,19,Batsman
19640,Player_19640,13,19,Batsman
19641,Player_19641,14,34,Defender
19642,Player_19642,10,36,All-Rounder
19643,Player_19643,4,22,All-Rounder
19644,Player_19644,15,21,All-Rounder
19645,Player_19645,8,35,Bowler
19646,Player_19646,15,25,Batsman
19647,Player_19647,14,26,All-Rounder
19648,Player_19648,9,35,Defender
19649,Player_19649,20,39,Bowler
19650,Player_19650,3,28,All-Rounder
19651,Player_19651,15,33,Batsman
19652,Player_19652,17,33,Bowler
19653,Player_19653,16,21,Goalkeeper
19654,Player_19654,4,38,Defender
19655,Player_19655,11,26,Batsman
19656,Player_19656,8,30,Goalkeeper
19657,Player_19657,3,37,Batsman
19658,Player_19658,19,25,Defender
19659,Player_19659,14,28,All-Rounder
19660,Player_19660,9,38,Goalkeeper
19661,Player_19661,3,26,Goalkeeper
19662,Player_19662,4,35,Bowler
19663,Player_19663,4,37,All-Rounder
19664,Player_19664,11,20,Defender
19665,Player_19665,19,35,Bowler
19666,Player_19666,16,36,Goalkeeper
19667,Player_19667,17,26,Batsman
19668,Player_19668,10,35,Defender
19669,Player_19669,17,39,Bowler
19670,Player_19670,16,33,All-Rounder
19671,Player_19671,20,31,Batsman
19672,Player_19672,6,36,Bowler
19673,Player_19673,7,39,Defender
19674,Player_19674,14,32,Batsman
19675,Player_19675,11,38,Bowler
19676,Player_19676,12,21,Bowler
19677,Player_19677,14,29,Defender
19678,Player_19678,5,24,All-Rounder
19679,Player_19679,5,28,Batsman
19680,Player_19680,20,24,Bowler
19681,Player_19681,15,37,Defender
19682,Player_19682,1,20,Bowler
19683,Player_19683,9,21,Defender
19684,Player_19684,3,19,Defender
19685,Player_19685,4,37,Bowler
19686,Player_19686,16,32,Defender
19687,Player_19687,7,37,Batsman
19688,Player_19688,14,29,Defender
19689,Player_19689,16,38,All-Rounder
19690,Player_19690,18,34,All-Rounder
19691,Player_19691,16,35,Defender
19692,Player_19692,16,25,Batsman
19693,Player_19693,2,25,Goalkeeper
19694,Player_19694,10,22,Goalkeeper
19695,Player_19695,7,26,Batsman
19696,Player_19696,15,37,All-Rounder
19697,Player_19697,9,37,Defender
19698,Player_19698,7,22,Bowler
19699,Player_19699,16,27,Defender
19700,Player_19700,3,18,Defender
19701,Player_19701,17,21,Goalkeeper
19702,Player_19702,8,33,Defender
19703,Player_19703,2,35,Goalkeeper
19704,Player_19704,20,29,Bowler
19705,Player_19705,3,37,Defender
19706,Player_19706,8,32,Batsman
19707,Player_19707,2,35,Defender
19708,Player_19708,19,22,Batsman
19709,Player_19709,17,31,Goalkeeper
19710,Player_19710,5,24,Defender
19711,Player_19711,20,28,Goalkeeper
19712,Player_19712,17,32,Batsman
19713,Player_19713,10,38,Goalkeeper
19714,Player_19714,9,28,All-Rounder
19715,Player_19715,6,24,Batsman
19716,Player_19716,11,38,Goalkeeper
19717,Player_19717,2,37,Defender
19718,Player_19718,12,37,Goalkeeper
19719,Player_19719,12,21,Bowler
19720,Player_19720,16,18,Batsman
19721,Player_19721,12,38,Goalkeeper
19722,Player_19722,18,19,All-Rounder
19723,Player_19723,13,21,Bowler
19724,Player_19724,15,22,Batsman
19725,Player_19725,16,19,Bowler
19726,Player_19726,4,19,Defender
19727,Player_19727,12,35,All-Rounder
19728,Player_19728,17,31,Defender
19729,Player_19729,1,20,Goalkeeper
19730,Player_19730,18,38,Bowler
19731,Player_19731,16,35,Defender
19732,Player_19732,1,39,Goalkeeper
19733,Player_19733,10,27,All-Rounder
19734,Player_19734,19,23,Defender
19735,Player_19735,16,19,Bowler
19736,Player_19736,14,37,Defender
19737,Player_19737,2,28,All-Rounder
19738,Player_19738,6,35,Goalkeeper
19739,Player_19739,5,31,Defender
19740,Player_19740,12,37,Defender
19741,Player_19741,4,30,Batsman
19742,Player_19742,4,24,Goalkeeper
19743,Player_19743,5,38,Batsman
19744,Player_19744,7,37,Batsman
19745,Player_19745,6,27,All-Rounder
19746,Player_19746,13,36,All-Rounder
19747,Player_19747,4,30,Bowler
19748,Player_19748,13,39,Goalkeeper
19749,Player_19749,4,19,Goalkeeper
19750,Player_19750,10,37,All-Rounder
19751,Player_19751,20,29,All-Rounder
19752,Player_19752,1,25,Batsman
19753,Player_19753,8,35,All-Rounder
19754,Player_19754,7,19,Defender
19755,Player_19755,5,33,Goalkeeper
19756,Player_19756,3,25,Bowler
19757,Player_19757,15,33,Batsman
19758,Player_19758,17,25,Defender
19759,Player_19759,13,30,All-Rounder
19760,Player_19760,15,23,Bowler
19761,Player_19761,19,18,All-Rounder
19762,Player_19762,20,19,Defender
19763,Player_19763,14,24,Bowler
19764,Player_19764,13,30,All-Rounder
19765,Player_19765,12,21,Defender
19766,Player_19766,9,26,Defender
19767,Player_19767,3,36,Bowler
19768,Player_19768,11,37,Defender
19769,Player_19769,10,20,All-Rounder
19770,Player_19770,1,19,Bowler
19771,Player_19771,17,33,Batsman
19772,Player_19772,13,27,Defender
19773,Player_19773,14,29,All-Rounder
19774,Player_19774,1,35,Bowler
19775,Player_19775,2,19,Batsman
19776,Player_19776,2,31,Batsman
19777,Player_19777,7,29,Goalkeeper
19778,Player_19778,9,37,Goalkeeper
19779,Player_19779,4,25,Bowler
19780,Player_19780,2,39,Defender
19781,Player_19781,19,24,All-Rounder
19782,Player_19782,5,30,Defender
19783,Player_19783,9,32,All-Rounder
19784,Player_19784,13,31,All-Rounder
19785,Player_19785,12,22,Goalkeeper
19786,Player_19786,19,25,Goalkeeper
19787,Player_19787,9,35,Defender
19788,Player_19788,10,22,Bowler
19789,Player_19789,19,26,All-Rounder
19790,Player_19790,10,27,Goalkeeper
19791,Player_19791,12,34,Bowler
19792,Player_19792,14,20,Goalkeeper
19793,Player_19793,8,18,All-Rounder
19794,Player_19794,16,24,Batsman
19795,Player_19795,17,32,Goalkeeper
19796,Player_19796,20,36,Bowler
19797,Player_19797,4,25,Defender
19798,Player_19798,6,28,Defender
19799,Player_19799,12,19,All-Rounder
19800,Player_19800,18,37,Batsman
19801,Player_19801,7,19,Goalkeeper
19802,Player_19802,5,28,Goalkeeper
19803,Player_19803,10,37,Batsman
19804,Player_19804,6,34,All-Rounder
19805,Player_19805,14,27,All-Rounder
19806,Player_19806,6,22,Bowler
19807,Player_19807,14,20,Bowler
19808,Player_19808,12,26,Bowler
19809,Player_19809,12,37,All-Rounder
19810,Player_19810,8,39,Goalkeeper
19811,Player_19811,10,19,Defender
19812,Player_19812,16,36,All-Rounder
19813,Player_19813,20,34,Batsman
19814,Player_19814,8,29,Defender
19815,Player_19815,9,37,All-Rounder
19816,Player_19816,13,26,All-Rounder
19817,Player_19817,20,21,Bowler
19818,Player_19818,17,35,Goalkeeper
19819,Player_19819,19,33,Goalkeeper
19820,Player_19820,17,38,Defender
19821,Player_19821,7,27,All-Rounder
19822,Player_19822,1,39,Bowler
19823,Player_19823,20,29,Batsman
19824,Player_19824,14,28,All-Rounder
19825,Player_19825,17,22,Bowler
19826,Player_19826,13,37,Batsman
19827,Player_19827,2,28,Batsman
19828,Player_19828,14,33,Defender
19829,Player_19829,1,32,Goalkeeper
19830,Player_19830,5,23,Goalkeeper
19831,Player_19831,7,30,Defender
19832,Player_19832,19,33,All-Rounder
19833,Player_19833,14,20,Bowler
19834,Player_19834,14,35,Goalkeeper
19835,Player_19835,15,18,Defender
19836,Player_19836,5,34,Goalkeeper
19837,Player_19837,5,37,Goalkeeper
19838,Player_19838,2,23,Goalkeeper
19839,Player_19839,18,26,All-Rounder
19840,Player_19840,9,21,Defender
19841,Player_19841,10,24,Goalkeeper
19842,Player_19842,18,39,Goalkeeper
19843,Player_19843,4,28,Defender
19844,Player_19844,8,20,Batsman
19845,Player_19845,18,33,All-Rounder
19846,Player_19846,20,23,All-Rounder
19847,Player_19847,17,24,Bowler
19848,Player_19848,16,29,Bowler
19849,Player_19849,18,24,Batsman
19850,Player_19850,7,39,Bowler
19851,Player_19851,1,36,Goalkeeper
19852,Player_19852,1,39,Goalkeeper
19853,Player_19853,18,33,Bowler
19854,Player_19854,4,35,All-Rounder
19855,Player_19855,20,27,Batsman
19856,Player_19856,20,18,Goalkeeper
19857,Player_19857,4,25,Batsman
19858,Player_19858,6,20,Bowler
19859,Player_19859,3,33,Defender
19860,Player_19860,6,20,Batsman
19861,Player_19861,13,19,Batsman
19862,Player_19862,7,29,Bowler
19863,Player_19863,4,25,Bowler
19864,Player_19864,1,36,Goalkeeper
19865,Player_19865,6,35,Defender
19866,Player_19866,5,37,Defender
19867,Player_19867,13,32,Batsman
19868,Player_19868,19,34,Defender
19869,Player_19869,4,35,Bowler
19870,Player_19870,6,35,Bowler
19871,Player_19871,13,26,Bowler
19872,Player_19872,5,22,Batsman
19873,Player_19873,13,28,All-Rounder
19874,Player_19874,10,21,Bowler
19875,Player_19875,3,27,Defender
19876,Player_19876,13,21,Defender
19877,Player_19877,12,20,Bowler
19878,Player_19878,4,33,All-Rounder
19879,Player_19879,10,38,Batsman
19880,Player_19880,3,28,Bowler
19881,Player_19881,17,26,Batsman
19882,Player_19882,9,18,All-Rounder
19883,Player_19883,1,27,Bowler
19884,Player_19884,18,29,Bowler
19885,Player_19885,9,19,Bowler
19886,Player_19886,20,32,Goalkeeper
19887,Player_19887,9,37,Bowler
19888,Player_19888,2,33,Bowler
19889,Player_19889,19,19,All-Rounder
19890,Player_19890,16,30,All-Rounder
19891,Player_19891,3,35,Goalkeeper
19892,Player_19892,16,39,Bowler
19893,Player_19893,13,36,Defender
19894,Player_19894,3,28,Batsman
19895,Player_19895,10,31,Bowler
19896,Player_19896,18,20,Goalkeeper
19897,Player_19897,6,26,Defender
19898,Player_19898,6,22,All-Rounder
19899,Player_19899,18,31,Batsman
19900,Player_19900,6,24,Goalkeeper
19901,Player_19901,6,29,All-Rounder
19902,Player_19902,13,38,Bowler
19903,Player_19903,14,35,Goalkeeper
19904,Player_19904,7,28,Bowler
19905,Player_19905,13,26,Goalkeeper
19906,Player_19906,15,28,Goalkeeper
19907,Player_19907,12,35,Bowler
19908,Player_19908,1,19,Goalkeeper
19909,Player_19909,3,37,All-Rounder
19910,Player_19910,18,30,All-Rounder
19911,Player_19911,8,32,Batsman
19912,Player_19912,2,25,Batsman
19913,Player_19913,4,22,Goalkeeper
19914,Player_19914,18,22,All-Rounder
19915,Player_19915,13,24,Bowler
19916,Player_19916,15,29,Goalkeeper
19917,Player_19917,2,37,Bowler
19918,Player_19918,10,29,Defender
19919,Player_19919,2,26,Batsman
19920,Player_19920,12,21,Goalkeeper
19921,Player_19921,5,25,Goalkeeper
19922,Player_19922,12,36,Bowler
19923,Player_19923,1,39,Batsman
19924,Player_19924,2,18,Bowler
19925,Player_19925,16,28,Bowler
19926,Player_19926,2,30,Batsman
19927,Player_19927,16,35,Defender
19928,Player_19928,20,38,All-Rounder
19929,Player_19929,16,37,All-Rounder
19930,Player_19930,6,27,Defender
19931,Player_19931,13,30,Batsman
19932,Player_19932,12,29,Goalkeeper
19933,Player_19933,10,30,Batsman
19934,Player_19934,5,19,Bowler
19935,Player_19935,8,20,Batsman
19936,Player_19936,6,34,All-Rounder
19937,Player_19937,5,38,Goalkeeper
19938,Player_19938,20,36,Defender
19939,Player_19939,6,29,Batsman
19940,Player_19940,17,33,Goalkeeper
19941,Player_19941,6,37,Goalkeeper
19942,Player_19942,17,37,All-Rounder
19943,Player_19943,5,39,Bowler
19944,Player_19944,17,27,Goalkeeper
19945,Player_19945,17,32,Goalkeeper
19946,Player_19946,13,25,Batsman
19947,Player_19947,7,36,Defender
19948,Player_19948,6,22,Batsman
19949,Player_19949,14,29,All-Rounder
19950,Player_19950,16,27,Goalkeeper
19951,Player_19951,3,39,Bowler
19952,Player_19952,9,31,Goalkeeper
19953,Player_19953,15,39,Bowler
19954,Player_19954,18,29,Bowler
19955,Player_19955,10,30,Bowler
19956,Player_19956,10,38,Defender
19957,Player_19957,3,38,Batsman
19958,Player_19958,1,34,All-Rounder
19959,Player_19959,3,18,Defender
19960,Player_19960,5,39,Defender
19961,Player_19961,7,27,Bowler
19962,Player_19962,3,22,Defender
19963,Player_19963,4,28,All-Rounder
19964,Player_19964,17,27,All-Rounder
19965,Player_19965,3,23,Goalkeeper
19966,Player_19966,4,32,Defender
19967,Player_19967,2,26,Goalkeeper
19968,Player_19968,14,25,All-Rounder
19969,Player_19969,5,23,Defender
19970,Player_19970,2,23,Bowler
19971,Player_19971,15,34,Bowler
19972,Player_19972,11,29,Defender
19973,Player_19973,10,24,Goalkeeper
19974,Player_19974,20,22,Goalkeeper
19975,Player_19975,1,33,Bowler
19976,Player_19976,19,23,Goalkeeper
19977,Player_19977,14,25,Bowler
19978,Player_19978,14,20,Batsman
19979,Player_19979,1,25,Bowler
19980,Player_19980,9,24,Batsman
19981,Player_19981,17,34,Defender
19982,Player_19982,14,36,Batsman
19983,Player_19983,13,37,All-Rounder
19984,Player_19984,13,31,Goalkeeper
19985,Player_19985,6,23,Batsman
19986,Player_19986,7,24,All-Rounder
19987,Player_19987,2,22,All-Rounder
19988,Player_19988,8,36,Goalkeeper
19989,Player_19989,6,38,Bowler
19990,Player_19990,3,24,All-Rounder
19991,Player_19991,18,26,Batsman
19992,Player_19992,18,29,Goalkeeper
19993,Player_19993,6,32,Batsman
19994,Player_19994,11,32,Bowler
19995,Player_19995,3,38,Goalkeeper
19996,Player_19996,16,33,All-Rounder
19997,Player_19997,5,37,Batsman
19998,Player_19998,2,32,Batsman
19999,Player_19999,15,22,All-Rounder
20000,Player_20000,16,29,All-Rounder
20001,Player_20001,7,21,Bowler
20002,Player_20002,16,20,Bowler
20003,Player_20003,4,18,All-Rounder
20004,Player_20004,16,30,Goalkeeper
20005,Player_20005,17,22,All-Rounder
20006,Player_20006,2,29,All-Rounder
20007,Player_20007,16,19,Defender
20008,Player_20008,4,23,Goalkeeper
20009,Player_20009,7,22,Goalkeeper
20010,Player_20010,18,35,Bowler
20011,Player_20011,6,22,Bowler
20012,Player_20012,18,35,Bowler
20013,Player_20013,7,33,Batsman
20014,Player_20014,2,34,Goalkeeper
20015,Player_20015,19,19,Defender
20016,Player_20016,9,34,Bowler
20017,Player_20017,4,27,Bowler
20018,Player_20018,14,20,Bowler
20019,Player_20019,5,31,Bowler
20020,Player_20020,7,36,Bowler
20021,Player_20021,8,29,Batsman
20022,Player_20022,15,18,Defender
20023,Player_20023,19,24,Goalkeeper
20024,Player_20024,11,24,Defender
20025,Player_20025,20,30,All-Rounder
20026,Player_20026,4,26,Goalkeeper
20027,Player_20027,18,22,Bowler
20028,Player_20028,14,21,All-Rounder
20029,Player_20029,6,22,All-Rounder
20030,Player_20030,16,37,All-Rounder
20031,Player_20031,18,29,All-Rounder
20032,Player_20032,1,25,Bowler
20033,Player_20033,8,30,All-Rounder
20034,Player_20034,1,21,Defender
20035,Player_20035,1,37,Bowler
20036,Player_20036,19,28,All-Rounder
20037,Player_20037,10,32,All-Rounder
20038,Player_20038,18,31,Defender
20039,Player_20039,12,35,Batsman
20040,Player_20040,17,37,Batsman
20041,Player_20041,1,18,Defender
20042,Player_20042,8,18,Batsman
20043,Player_20043,10,28,Goalkeeper
20044,Player_20044,10,37,Goalkeeper
20045,Player_20045,18,23,Goalkeeper
20046,Player_20046,9,22,Batsman
20047,Player_20047,2,30,Goalkeeper
20048,Player_20048,3,27,Goalkeeper
20049,Player_20049,2,23,Batsman
20050,Player_20050,6,21,Defender
20051,Player_20051,12,21,Bowler
20052,Player_20052,19,24,Goalkeeper
20053,Player_20053,15,33,Batsman
20054,Player_20054,19,18,Bowler
20055,Player_20055,12,26,Bowler
20056,Player_20056,18,36,All-Rounder
20057,Player_20057,16,37,Bowler
20058,Player_20058,2,32,Goalkeeper
20059,Player_20059,11,26,Defender
20060,Player_20060,12,38,Goalkeeper
20061,Player_20061,5,37,All-Rounder
20062,Player_20062,6,39,Bowler
20063,Player_20063,11,18,All-Rounder
20064,Player_20064,10,18,Goalkeeper
20065,Player_20065,4,33,Goalkeeper
20066,Player_20066,9,22,Goalkeeper
20067,Player_20067,12,38,Defender
20068,Player_20068,10,26,Goalkeeper
20069,Player_20069,14,18,Goalkeeper
20070,Player_20070,5,36,Bowler
20071,Player_20071,1,33,Defender
20072,Player_20072,5,20,Bowler
20073,Player_20073,16,21,All-Rounder
20074,Player_20074,5,29,Batsman
20075,Player_20075,5,24,Bowler
20076,Player_20076,18,32,Defender
20077,Player_20077,6,32,Bowler
20078,Player_20078,18,22,Batsman
20079,Player_20079,10,19,Bowler
20080,Player_20080,15,29,Batsman
20081,Player_20081,11,36,Defender
20082,Player_20082,19,22,Bowler
20083,Player_20083,13,20,Defender
20084,Player_20084,20,23,Defender
20085,Player_20085,3,30,All-Rounder
20086,Player_20086,16,37,All-Rounder
20087,Player_20087,7,32,Bowler
20088,Player_20088,12,21,Bowler
20089,Player_20089,15,37,Defender
20090,Player_20090,8,24,All-Rounder
20091,Player_20091,17,39,Bowler
20092,Player_20092,1,35,Bowler
20093,Player_20093,8,38,Bowler
20094,Player_20094,14,38,All-Rounder
20095,Player_20095,10,39,Bowler
20096,Player_20096,19,24,Defender
20097,Player_20097,8,29,Bowler
20098,Player_20098,19,28,Goalkeeper
20099,Player_20099,4,29,Batsman
20100,Player_20100,10,32,Defender
20101,Player_20101,3,25,Bowler
20102,Player_20102,4,28,Goalkeeper
20103,Player_20103,16,38,All-Rounder
20104,Player_20104,4,35,Defender
20105,Player_20105,20,27,Defender
20106,Player_20106,20,25,Bowler
20107,Player_20107,13,23,All-Rounder
20108,Player_20108,17,20,Bowler
20109,Player_20109,16,37,Goalkeeper
20110,Player_20110,17,29,Batsman
20111,Player_20111,6,34,All-Rounder
20112,Player_20112,3,20,Batsman
20113,Player_20113,20,37,Goalkeeper
20114,Player_20114,4,35,Defender
20115,Player_20115,8,29,Goalkeeper
20116,Player_20116,20,39,Batsman
20117,Player_20117,9,33,All-Rounder
20118,Player_20118,1,39,Bowler
20119,Player_20119,13,27,Batsman
20120,Player_20120,2,36,All-Rounder
20121,Player_20121,10,26,Batsman
20122,Player_20122,19,31,Defender
20123,Player_20123,17,37,Defender
20124,Player_20124,13,31,Bowler
20125,Player_20125,14,39,Defender
20126,Player_20126,11,21,Goalkeeper
20127,Player_20127,10,32,Bowler
20128,Player_20128,7,37,Batsman
20129,Player_20129,10,19,Goalkeeper
20130,Player_20130,1,35,All-Rounder
20131,Player_20131,14,19,Batsman
20132,Player_20132,3,35,Defender
20133,Player_20133,13,25,Batsman
20134,Player_20134,2,27,Defender
20135,Player_20135,17,37,Goalkeeper
20136,Player_20136,3,21,Goalkeeper
20137,Player_20137,15,27,Goalkeeper
20138,Player_20138,8,27,Bowler
20139,Player_20139,6,20,Defender
20140,Player_20140,9,38,Batsman
20141,Player_20141,11,21,Batsman
20142,Player_20142,2,27,Batsman
20143,Player_20143,9,24,Bowler
20144,Player_20144,18,39,Bowler
20145,Player_20145,19,29,Defender
20146,Player_20146,18,24,Bowler
20147,Player_20147,5,30,Goalkeeper
20148,Player_20148,18,25,Batsman
20149,Player_20149,12,30,Goalkeeper
20150,Player_20150,4,18,Bowler
20151,Player_20151,15,33,Batsman
20152,Player_20152,11,36,All-Rounder
20153,Player_20153,19,36,Goalkeeper
20154,Player_20154,5,38,All-Rounder
20155,Player_20155,6,30,Defender
20156,Player_20156,13,24,Goalkeeper
20157,Player_20157,10,32,Batsman
20158,Player_20158,14,23,Batsman
20159,Player_20159,4,21,All-Rounder
20160,Player_20160,20,39,Batsman
20161,Player_20161,12,37,Goalkeeper
20162,Player_20162,15,28,Bowler
20163,Player_20163,10,38,Bowler
20164,Player_20164,11,36,Batsman
20165,Player_20165,9,19,Defender
20166,Player_20166,11,34,Goalkeeper
20167,Player_20167,2,32,Defender
20168,Player_20168,13,37,All-Rounder
20169,Player_20169,8,35,Batsman
20170,Player_20170,8,29,All-Rounder
20171,Player_20171,1,20,Defender
20172,Player_20172,6,34,Goalkeeper
20173,Player_20173,13,31,Defender
20174,Player_20174,9,23,Bowler
20175,Player_20175,6,21,Defender
20176,Player_20176,15,38,Defender
20177,Player_20177,16,25,Defender
20178,Player_20178,4,37,Defender
20179,Player_20179,17,39,Goalkeeper
20180,Player_20180,9,20,Batsman
20181,Player_20181,12,25,Goalkeeper
20182,Player_20182,19,30,All-Rounder
20183,Player_20183,20,36,Bowler
20184,Player_20184,12,32,Batsman
20185,Player_20185,6,24,Bowler
20186,Player_20186,12,20,Bowler
20187,Player_20187,9,36,Batsman
20188,Player_20188,20,27,Batsman
20189,Player_20189,5,33,All-Rounder
20190,Player_20190,3,31,Goalkeeper
20191,Player_20191,2,25,Batsman
20192,Player_20192,8,28,All-Rounder
20193,Player_20193,10,36,Defender
20194,Player_20194,15,19,Batsman
20195,Player_20195,9,22,Goalkeeper
20196,Player_20196,10,28,Defender
20197,Player_20197,11,24,Defender
20198,Player_20198,9,25,Defender
20199,Player_20199,14,34,Defender
20200,Player_20200,5,29,Bowler
20201,Player_20201,9,35,Goalkeeper
20202,Player_20202,4,24,All-Rounder
20203,Player_20203,2,26,Batsman
20204,Player_20204,19,36,All-Rounder
20205,Player_20205,1,31,Bowler
20206,Player_20206,1,36,Defender
20207,Player_20207,12,37,Batsman
20208,Player_20208,11,35,Goalkeeper
20209,Player_20209,1,32,Batsman
20210,Player_20210,14,38,Batsman
20211,Player_20211,11,38,All-Rounder
20212,Player_20212,7,21,Defender
20213,Player_20213,2,30,Goalkeeper
20214,Player_20214,15,22,Batsman
20215,Player_20215,8,29,Bowler
20216,Player_20216,20,34,Bowler
20217,Player_20217,15,27,Defender
20218,Player_20218,8,29,Batsman
20219,Player_20219,10,23,Defender
20220,Player_20220,19,37,Batsman
20221,Player_20221,3,37,Goalkeeper
20222,Player_20222,20,29,Bowler
20223,Player_20223,14,30,All-Rounder
20224,Player_20224,9,38,Defender
20225,Player_20225,9,34,Goalkeeper
20226,Player_20226,6,37,Bowler
20227,Player_20227,8,27,Goalkeeper
20228,Player_20228,11,36,All-Rounder
20229,Player_20229,8,22,Batsman
20230,Player_20230,12,22,Batsman
20231,Player_20231,10,25,Goalkeeper
20232,Player_20232,4,34,Goalkeeper
20233,Player_20233,16,20,Defender
20234,Player_20234,20,38,Goalkeeper
20235,Player_20235,6,33,Batsman
20236,Player_20236,9,36,Goalkeeper
20237,Player_20237,5,23,Bowler
20238,Player_20238,6,27,Bowler
20239,Player_20239,17,33,Batsman
20240,Player_20240,17,30,Goalkeeper
20241,Player_20241,13,20,Goalkeeper
20242,Player_20242,17,39,Goalkeeper
20243,Player_20243,14,25,Bowler
20244,Player_20244,2,37,Batsman
20245,Player_20245,19,25,Defender
20246,Player_20246,3,24,Bowler
20247,Player_20247,2,28,Batsman
20248,Player_20248,2,37,Batsman
20249,Player_20249,7,20,Defender
20250,Player_20250,4,38,All-Rounder
20251,Player_20251,17,38,Defender
20252,Player_20252,6,24,Defender
20253,Player_20253,7,28,Batsman
20254,Player_20254,20,34,All-Rounder
20255,Player_20255,6,35,All-Rounder
20256,Player_20256,9,26,Goalkeeper
20257,Player_20257,20,30,Defender
20258,Player_20258,4,32,Defender
20259,Player_20259,5,36,All-Rounder
20260,Player_20260,19,32,All-Rounder
20261,Player_20261,10,24,All-Rounder
20262,Player_20262,18,20,Batsman
20263,Player_20263,15,25,Batsman
20264,Player_20264,1,30,Batsman
20265,Player_20265,5,33,Defender
20266,Player_20266,5,20,All-Rounder
20267,Player_20267,8,38,Batsman
20268,Player_20268,20,18,Goalkeeper
20269,Player_20269,15,20,All-Rounder
20270,Player_20270,17,33,All-Rounder
20271,Player_20271,19,18,All-Rounder
20272,Player_20272,13,35,Batsman
20273,Player_20273,10,31,Bowler
20274,Player_20274,17,24,Goalkeeper
20275,Player_20275,5,20,Goalkeeper
20276,Player_20276,18,39,Bowler
20277,Player_20277,17,33,Goalkeeper
20278,Player_20278,4,23,Batsman
20279,Player_20279,7,35,All-Rounder
20280,Player_20280,5,30,Bowler
20281,Player_20281,8,19,All-Rounder
20282,Player_20282,8,29,Goalkeeper
20283,Player_20283,11,21,Defender
20284,Player_20284,9,26,Goalkeeper
20285,Player_20285,19,37,Goalkeeper
20286,Player_20286,19,22,Bowler
20287,Player_20287,9,27,All-Rounder
20288,Player_20288,20,23,Bowler
20289,Player_20289,17,18,Batsman
20290,Player_20290,16,37,All-Rounder
20291,Player_20291,7,22,Batsman
20292,Player_20292,3,23,Batsman
20293,Player_20293,19,39,Bowler
20294,Player_20294,8,38,Goalkeeper
20295,Player_20295,5,36,Defender
20296,Player_20296,6,28,Goalkeeper
20297,Player_20297,2,32,Goalkeeper
20298,Player_20298,19,19,All-Rounder
20299,Player_20299,13,32,Bowler
20300,Player_20300,6,24,All-Rounder
20301,Player_20301,6,34,Defender
20302,Player_20302,2,29,Bowler
20303,Player_20303,5,29,Goalkeeper
20304,Player_20304,11,22,Batsman
20305,Player_20305,11,37,Goalkeeper
20306,Player_20306,14,24,Goalkeeper
20307,Player_20307,13,19,Bowler
20308,Player_20308,8,30,Goalkeeper
20309,Player_20309,15,26,Defender
20310,Player_20310,12,32,Goalkeeper
20311,Player_20311,3,32,Batsman
20312,Player_20312,5,18,Bowler
20313,Player_20313,6,38,Defender
20314,Player_20314,2,37,Bowler
20315,Player_20315,8,38,Batsman
20316,Player_20316,5,20,All-Rounder
20317,Player_20317,17,18,Defender
20318,Player_20318,2,36,Batsman
20319,Player_20319,11,37,All-Rounder
20320,Player_20320,4,30,Batsman
20321,Player_20321,11,32,All-Rounder
20322,Player_20322,9,30,All-Rounder
20323,Player_20323,6,35,Bowler
20324,Player_20324,2,34,Goalkeeper
20325,Player_20325,15,18,Goalkeeper
20326,Player_20326,5,32,Batsman
20327,Player_20327,12,21,All-Rounder
20328,Player_20328,13,19,Goalkeeper
20329,Player_20329,17,36,Batsman
20330,Player_20330,4,25,Batsman
20331,Player_20331,10,39,Defender
20332,Player_20332,1,33,Bowler
20333,Player_20333,11,25,Bowler
20334,Player_20334,16,27,All-Rounder
20335,Player_20335,11,33,Goalkeeper
20336,Player_20336,9,22,All-Rounder
20337,Player_20337,2,36,Goalkeeper
20338,Player_20338,7,23,Goalkeeper
20339,Player_20339,19,27,Goalkeeper
20340,Player_20340,18,22,Goalkeeper
20341,Player_20341,20,38,Goalkeeper
20342,Player_20342,7,36,Defender
20343,Player_20343,9,36,Defender
20344,Player_20344,12,30,Goalkeeper
20345,Player_20345,3,32,Batsman
20346,Player_20346,16,25,Batsman
20347,Player_20347,7,28,Bowler
20348,Player_20348,5,18,Goalkeeper
20349,Player_20349,7,21,Batsman
20350,Player_20350,19,39,Bowler
20351,Player_20351,17,39,Batsman
20352,Player_20352,16,30,Bowler
20353,Player_20353,19,24,All-Rounder
20354,Player_20354,18,24,Batsman
20355,Player_20355,19,23,Goalkeeper
20356,Player_20356,4,25,Goalkeeper
20357,Player_20357,1,29,Defender
20358,Player_20358,4,35,All-Rounder
20359,Player_20359,4,32,All-Rounder
20360,Player_20360,9,33,Batsman
20361,Player_20361,8,18,Bowler
20362,Player_20362,2,27,Defender
20363,Player_20363,6,32,All-Rounder
20364,Player_20364,11,30,All-Rounder
20365,Player_20365,4,36,Goalkeeper
20366,Player_20366,14,30,Goalkeeper
20367,Player_20367,9,26,Bowler
20368,Player_20368,2,38,Batsman
20369,Player_20369,1,33,Bowler
20370,Player_20370,4,31,Batsman
20371,Player_20371,12,26,Defender
20372,Player_20372,5,35,All-Rounder
20373,Player_20373,9,21,Bowler
20374,Player_20374,4,29,Batsman
20375,Player_20375,16,22,Defender
20376,Player_20376,2,28,Bowler
20377,Player_20377,16,22,All-Rounder
20378,Player_20378,16,36,Defender
20379,Player_20379,11,38,Goalkeeper
20380,Player_20380,1,24,All-Rounder
20381,Player_20381,15,21,Goalkeeper
20382,Player_20382,4,25,Defender
20383,Player_20383,18,23,Defender
20384,Player_20384,17,23,Goalkeeper
20385,Player_20385,7,39,Batsman
20386,Player_20386,18,21,Defender
20387,Player_20387,13,31,Bowler
20388,Player_20388,20,20,Bowler
20389,Player_20389,20,27,Defender
20390,Player_20390,10,39,Goalkeeper
20391,Player_20391,1,23,Goalkeeper
20392,Player_20392,2,35,All-Rounder
20393,Player_20393,17,27,Goalkeeper
20394,Player_20394,3,26,Batsman
20395,Player_20395,17,33,Batsman
20396,Player_20396,12,37,Bowler
20397,Player_20397,12,21,Defender
20398,Player_20398,20,28,Bowler
20399,Player_20399,10,29,Defender
20400,Player_20400,7,36,Bowler
20401,Player_20401,10,27,Defender
20402,Player_20402,18,24,Defender
20403,Player_20403,6,24,Bowler
20404,Player_20404,7,35,All-Rounder
20405,Player_20405,17,20,Batsman
20406,Player_20406,12,29,Goalkeeper
20407,Player_20407,17,31,Batsman
20408,Player_20408,18,37,Goalkeeper
20409,Player_20409,14,19,Defender
20410,Player_20410,11,26,Bowler
20411,Player_20411,2,27,Bowler
20412,Player_20412,1,23,Goalkeeper
20413,Player_20413,11,34,Bowler
20414,Player_20414,2,32,Bowler
20415,Player_20415,16,18,Bowler
20416,Player_20416,3,39,Batsman
20417,Player_20417,20,30,Bowler
20418,Player_20418,1,27,All-Rounder
20419,Player_20419,20,29,Goalkeeper
20420,Player_20420,8,39,Batsman
20421,Player_20421,19,33,Batsman
20422,Player_20422,1,19,Defender
20423,Player_20423,5,20,Defender
20424,Player_20424,1,25,Bowler
20425,Player_20425,11,37,Batsman
20426,Player_20426,9,32,Batsman
20427,Player_20427,5,36,Bowler
20428,Player_20428,2,35,Goalkeeper
20429,Player_20429,13,18,Batsman
20430,Player_20430,18,36,Defender
20431,Player_20431,12,19,Bowler
20432,Player_20432,14,22,Batsman
20433,Player_20433,5,35,Defender
20434,Player_20434,10,33,All-Rounder
20435,Player_20435,20,27,Batsman
20436,Player_20436,2,38,Bowler
20437,Player_20437,4,20,Defender
20438,Player_20438,12,27,Batsman
20439,Player_20439,11,30,Defender
20440,Player_20440,4,38,Bowler
20441,Player_20441,11,27,Batsman
20442,Player_20442,9,28,Bowler
20443,Player_20443,10,24,Goalkeeper
20444,Player_20444,6,19,Batsman
20445,Player_20445,15,36,Batsman
20446,Player_20446,10,35,Defender
20447,Player_20447,6,28,Batsman
20448,Player_20448,1,34,Goalkeeper
20449,Player_20449,20,20,Defender
20450,Player_20450,4,37,Defender
20451,Player_20451,14,29,All-Rounder
20452,Player_20452,20,19,Batsman
20453,Player_20453,20,18,All-Rounder
20454,Player_20454,8,26,Goalkeeper
20455,Player_20455,11,39,Batsman
20456,Player_20456,15,36,All-Rounder
20457,Player_20457,19,25,All-Rounder
20458,Player_20458,8,26,Defender
20459,Player_20459,13,24,All-Rounder
20460,Player_20460,18,21,All-Rounder
20461,Player_20461,17,39,Batsman
20462,Player_20462,6,33,Batsman
20463,Player_20463,15,23,Defender
20464,Player_20464,13,35,Batsman
20465,Player_20465,18,19,Goalkeeper
20466,Player_20466,11,28,Defender
20467,Player_20467,13,22,Goalkeeper
20468,Player_20468,1,34,Batsman
20469,Player_20469,18,22,Batsman
20470,Player_20470,5,20,Defender
20471,Player_20471,6,36,All-Rounder
20472,Player_20472,1,25,Bowler
20473,Player_20473,7,28,Bowler
20474,Player_20474,4,20,Batsman
20475,Player_20475,9,20,Goalkeeper
20476,Player_20476,15,18,Defender
20477,Player_20477,6,30,All-Rounder
20478,Player_20478,17,27,Batsman
20479,Player_20479,20,23,Goalkeeper
20480,Player_20480,18,28,Batsman
20481,Player_20481,4,25,Bowler
20482,Player_20482,9,36,Batsman
20483,Player_20483,14,28,Goalkeeper
20484,Player_20484,3,23,Bowler
20485,Player_20485,1,29,Batsman
20486,Player_20486,11,35,Bowler
20487,Player_20487,1,20,Defender
20488,Player_20488,12,30,Goalkeeper
20489,Player_20489,9,21,Goalkeeper
20490,Player_20490,5,26,Defender
20491,Player_20491,15,33,Goalkeeper
20492,Player_20492,18,29,Goalkeeper
20493,Player_20493,9,37,Batsman
20494,Player_20494,13,24,All-Rounder
20495,Player_20495,13,29,Batsman
20496,Player_20496,13,25,Defender
20497,Player_20497,10,38,Defender
20498,Player_20498,10,32,All-Rounder
20499,Player_20499,7,19,Batsman
20500,Player_20500,5,28,Batsman
20501,Player_20501,20,38,Batsman
20502,Player_20502,7,22,Bowler
20503,Player_20503,20,23,Bowler
20504,Player_20504,10,36,Batsman
20505,Player_20505,10,31,Bowler
20506,Player_20506,13,24,Batsman
20507,Player_20507,15,29,Defender
20508,Player_20508,6,34,Batsman
20509,Player_20509,20,21,Bowler
20510,Player_20510,12,37,All-Rounder
20511,Player_20511,19,39,Defender
20512,Player_20512,11,39,Goalkeeper
20513,Player_20513,6,27,All-Rounder
20514,Player_20514,1,18,All-Rounder
20515,Player_20515,2,21,Goalkeeper
20516,Player_20516,15,30,Defender
20517,Player_20517,4,23,Goalkeeper
20518,Player_20518,5,32,Defender
20519,Player_20519,15,31,Defender
20520,Player_20520,11,20,Defender
20521,Player_20521,10,36,All-Rounder
20522,Player_20522,17,23,Defender
20523,Player_20523,2,19,Goalkeeper
20524,Player_20524,20,26,All-Rounder
20525,Player_20525,10,30,Defender
20526,Player_20526,20,35,Bowler
20527,Player_20527,3,29,Bowler
20528,Player_20528,19,38,Defender
20529,Player_20529,5,39,Bowler
20530,Player_20530,3,21,Batsman
20531,Player_20531,8,24,All-Rounder
20532,Player_20532,5,29,Batsman
20533,Player_20533,12,28,All-Rounder
20534,Player_20534,14,24,Goalkeeper
20535,Player_20535,7,27,Bowler
20536,Player_20536,11,26,Bowler
20537,Player_20537,8,19,Bowler
20538,Player_20538,5,22,Defender
20539,Player_20539,8,27,All-Rounder
20540,Player_20540,12,31,Defender
20541,Player_20541,15,33,Bowler
20542,Player_20542,19,19,Goalkeeper
20543,Player_20543,16,36,Bowler
20544,Player_20544,14,26,Defender
20545,Player_20545,7,31,Bowler
20546,Player_20546,8,32,Batsman
20547,Player_20547,7,36,Batsman
20548,Player_20548,18,25,Defender
20549,Player_20549,6,32,Batsman
20550,Player_20550,19,25,All-Rounder
20551,Player_20551,4,21,All-Rounder
20552,Player_20552,3,23,Defender
20553,Player_20553,17,28,Batsman
20554,Player_20554,19,29,All-Rounder
20555,Player_20555,15,26,Batsman
20556,Player_20556,6,35,Bowler
20557,Player_20557,12,34,Batsman
20558,Player_20558,19,38,Batsman
20559,Player_20559,6,20,Defender
20560,Player_20560,11,30,Bowler
20561,Player_20561,20,23,All-Rounder
20562,Player_20562,20,31,All-Rounder
20563,Player_20563,10,18,Batsman
20564,Player_20564,16,21,Goalkeeper
20565,Player_20565,18,39,Goalkeeper
20566,Player_20566,14,35,All-Rounder
20567,Player_20567,4,28,Batsman
20568,Player_20568,12,28,Batsman
20569,Player_20569,20,25,Bowler
20570,Player_20570,8,21,Defender
20571,Player_20571,7,19,Goalkeeper
20572,Player_20572,9,18,Batsman
20573,Player_20573,17,27,All-Rounder
20574,Player_20574,10,34,Goalkeeper
20575,Player_20575,3,24,Defender
20576,Player_20576,8,24,Batsman
20577,Player_20577,14,30,Goalkeeper
20578,Player_20578,7,39,Batsman
20579,Player_20579,16,18,Defender
20580,Player_20580,18,18,Bowler
20581,Player_20581,11,30,Goalkeeper
20582,Player_20582,6,18,Defender
20583,Player_20583,20,23,Bowler
20584,Player_20584,14,27,Bowler
20585,Player_20585,13,38,Defender
20586,Player_20586,4,18,All-Rounder
20587,Player_20587,20,22,Defender
20588,Player_20588,20,39,Batsman
20589,Player_20589,11,19,All-Rounder
20590,Player_20590,18,20,Bowler
20591,Player_20591,1,20,Goalkeeper
20592,Player_20592,12,35,Bowler
20593,Player_20593,18,25,Goalkeeper
20594,Player_20594,7,26,Goalkeeper
20595,Player_20595,12,19,Defender
20596,Player_20596,1,19,Defender
20597,Player_20597,4,33,Bowler
20598,Player_20598,18,24,Defender
20599,Player_20599,15,21,Bowler
20600,Player_20600,3,22,Defender
20601,Player_20601,7,18,Defender
20602,Player_20602,6,39,Goalkeeper
20603,Player_20603,15,27,All-Rounder
20604,Player_20604,15,30,Defender
20605,Player_20605,6,32,Defender
20606,Player_20606,8,18,Bowler
20607,Player_20607,8,35,Goalkeeper
20608,Player_20608,1,31,Goalkeeper
20609,Player_20609,13,35,All-Rounder
20610,Player_20610,13,39,All-Rounder
20611,Player_20611,11,29,All-Rounder
20612,Player_20612,4,29,Defender
20613,Player_20613,7,22,Bowler
20614,Player_20614,12,24,Batsman
20615,Player_20615,13,30,Bowler
20616,Player_20616,12,26,Goalkeeper
20617,Player_20617,16,23,All-Rounder
20618,Player_20618,6,38,Batsman
20619,Player_20619,14,24,Goalkeeper
20620,Player_20620,19,35,All-Rounder
20621,Player_20621,16,32,Batsman
20622,Player_20622,4,25,Bowler
20623,Player_20623,5,37,Goalkeeper
20624,Player_20624,9,33,Defender
20625,Player_20625,3,34,Batsman
20626,Player_20626,10,20,Batsman
20627,Player_20627,17,30,Bowler
20628,Player_20628,19,26,Bowler
20629,Player_20629,10,37,Goalkeeper
20630,Player_20630,12,32,Defender
20631,Player_20631,7,33,All-Rounder
20632,Player_20632,18,33,Batsman
20633,Player_20633,19,36,Batsman
20634,Player_20634,15,21,Goalkeeper
20635,Player_20635,7,36,All-Rounder
20636,Player_20636,12,36,All-Rounder
20637,Player_20637,7,19,All-Rounder
20638,Player_20638,10,23,Goalkeeper
20639,Player_20639,20,30,Batsman
20640,Player_20640,10,32,Bowler
20641,Player_20641,5,27,Batsman
20642,Player_20642,18,39,Bowler
20643,Player_20643,9,27,Bowler
20644,Player_20644,16,21,Goalkeeper
20645,Player_20645,7,31,All-Rounder
20646,Player_20646,10,25,Goalkeeper
20647,Player_20647,5,23,Bowler
20648,Player_20648,7,29,Batsman
20649,Player_20649,5,25,Bowler
20650,Player_20650,15,23,Goalkeeper
20651,Player_20651,19,32,Batsman
20652,Player_20652,10,36,All-Rounder
20653,Player_20653,8,31,Goalkeeper
20654,Player_20654,9,20,Defender
20655,Player_20655,11,35,Bowler
20656,Player_20656,2,27,All-Rounder
20657,Player_20657,3,31,All-Rounder
20658,Player_20658,13,31,Batsman
20659,Player_20659,11,39,Goalkeeper
20660,Player_20660,10,24,Bowler
20661,Player_20661,15,24,Defender
20662,Player_20662,6,38,Bowler
20663,Player_20663,1,39,Goalkeeper
20664,Player_20664,14,28,All-Rounder
20665,Player_20665,18,35,Defender
20666,Player_20666,11,27,Batsman
20667,Player_20667,8,32,Goalkeeper
20668,Player_20668,3,29,Bowler
20669,Player_20669,14,34,Goalkeeper
20670,Player_20670,2,39,Batsman
20671,Player_20671,16,34,Bowler
20672,Player_20672,6,18,Defender
20673,Player_20673,1,23,Bowler
20674,Player_20674,14,38,Bowler
20675,Player_20675,10,32,Batsman
20676,Player_20676,6,36,Bowler
20677,Player_20677,9,31,Goalkeeper
20678,Player_20678,7,27,All-Rounder
20679,Player_20679,2,27,Batsman
20680,Player_20680,11,24,Batsman
20681,Player_20681,14,24,Batsman
20682,Player_20682,5,31,Goalkeeper
20683,Player_20683,9,32,Goalkeeper
20684,Player_20684,7,39,Goalkeeper
20685,Player_20685,14,37,Goalkeeper
20686,Player_20686,16,26,Bowler
20687,Player_20687,16,32,Batsman
20688,Player_20688,7,26,Batsman
20689,Player_20689,10,24,Defender
20690,Player_20690,6,28,All-Rounder
20691,Player_20691,17,22,Bowler
20692,Player_20692,1,26,All-Rounder
20693,Player_20693,2,23,Bowler
20694,Player_20694,14,24,Bowler
20695,Player_20695,4,31,Bowler
20696,Player_20696,9,36,Batsman
20697,Player_20697,6,39,All-Rounder
20698,Player_20698,17,39,All-Rounder
20699,Player_20699,11,28,Goalkeeper
20700,Player_20700,4,24,All-Rounder
20701,Player_20701,9,23,Goalkeeper
20702,Player_20702,16,21,Defender
20703,Player_20703,3,31,Goalkeeper
20704,Player_20704,4,39,Bowler
20705,Player_20705,3,20,Batsman
20706,Player_20706,13,34,Bowler
20707,Player_20707,19,32,Defender
20708,Player_20708,1,18,Batsman
20709,Player_20709,6,38,Defender
20710,Player_20710,3,28,Bowler
20711,Player_20711,3,30,Batsman
20712,Player_20712,16,20,Defender
20713,Player_20713,10,30,Goalkeeper
20714,Player_20714,17,35,All-Rounder
20715,Player_20715,7,26,Bowler
20716,Player_20716,13,19,Goalkeeper
20717,Player_20717,11,25,Defender
20718,Player_20718,10,19,Defender
20719,Player_20719,7,18,Batsman
20720,Player_20720,6,20,Goalkeeper
20721,Player_20721,1,34,Defender
20722,Player_20722,17,24,Batsman
20723,Player_20723,12,27,All-Rounder
20724,Player_20724,4,36,All-Rounder
20725,Player_20725,3,26,Batsman
20726,Player_20726,6,35,Goalkeeper
20727,Player_20727,16,32,Batsman
20728,Player_20728,13,34,Batsman
20729,Player_20729,9,39,Goalkeeper
20730,Player_20730,11,34,All-Rounder
20731,Player_20731,20,36,Defender
20732,Player_20732,13,26,All-Rounder
20733,Player_20733,19,23,Goalkeeper
20734,Player_20734,3,36,Bowler
20735,Player_20735,12,25,Goalkeeper
20736,Player_20736,19,23,All-Rounder
20737,Player_20737,8,34,All-Rounder
20738,Player_20738,14,23,Goalkeeper
20739,Player_20739,9,30,Goalkeeper
20740,Player_20740,17,38,Goalkeeper
20741,Player_20741,6,19,All-Rounder
20742,Player_20742,4,29,Batsman
20743,Player_20743,4,24,Bowler
20744,Player_20744,19,23,Batsman
20745,Player_20745,12,34,All-Rounder
20746,Player_20746,2,25,Batsman
20747,Player_20747,17,23,Goalkeeper
20748,Player_20748,15,36,Defender
20749,Player_20749,10,38,Goalkeeper
20750,Player_20750,3,26,Bowler
20751,Player_20751,20,37,Goalkeeper
20752,Player_20752,4,33,Defender
20753,Player_20753,1,35,All-Rounder
20754,Player_20754,1,36,Batsman
20755,Player_20755,18,24,Goalkeeper
20756,Player_20756,4,25,Batsman
20757,Player_20757,15,38,Bowler
20758,Player_20758,10,36,Batsman
20759,Player_20759,17,18,Bowler
20760,Player_20760,12,30,Bowler
20761,Player_20761,20,18,Goalkeeper
20762,Player_20762,12,28,Defender
20763,Player_20763,16,19,Batsman
20764,Player_20764,5,38,Bowler
20765,Player_20765,16,20,Bowler
20766,Player_20766,17,30,Bowler
20767,Player_20767,15,24,All-Rounder
20768,Player_20768,13,19,Batsman
20769,Player_20769,8,19,Batsman
20770,Player_20770,2,20,Bowler
20771,Player_20771,8,30,Batsman
20772,Player_20772,10,29,Batsman
20773,Player_20773,7,18,All-Rounder
20774,Player_20774,10,35,Bowler
20775,Player_20775,4,22,Batsman
20776,Player_20776,11,36,Defender
20777,Player_20777,9,27,Bowler
20778,Player_20778,4,23,Batsman
20779,Player_20779,3,35,All-Rounder
20780,Player_20780,11,32,Defender
20781,Player_20781,3,31,Goalkeeper
20782,Player_20782,18,33,Goalkeeper
20783,Player_20783,19,21,Defender
20784,Player_20784,14,36,Goalkeeper
20785,Player_20785,11,38,Defender
20786,Player_20786,2,25,Batsman
20787,Player_20787,2,18,Goalkeeper
20788,Player_20788,2,37,Goalkeeper
20789,Player_20789,10,39,Defender
20790,Player_20790,15,39,Batsman
20791,Player_20791,12,30,Batsman
20792,Player_20792,11,26,Bowler
20793,Player_20793,17,18,Bowler
20794,Player_20794,18,32,Batsman
20795,Player_20795,14,32,Defender
20796,Player_20796,17,31,All-Rounder
20797,Player_20797,15,22,All-Rounder
20798,Player_20798,12,34,Bowler
20799,Player_20799,16,23,Goalkeeper
20800,Player_20800,6,26,All-Rounder
20801,Player_20801,2,37,Goalkeeper
20802,Player_20802,2,36,Goalkeeper
20803,Player_20803,16,38,Batsman
20804,Player_20804,2,34,All-Rounder
20805,Player_20805,8,24,All-Rounder
20806,Player_20806,7,25,Goalkeeper
20807,Player_20807,1,32,Goalkeeper
20808,Player_20808,4,23,Batsman
20809,Player_20809,11,18,Defender
20810,Player_20810,20,26,All-Rounder
20811,Player_20811,7,24,All-Rounder
20812,Player_20812,18,39,Batsman
20813,Player_20813,4,37,Batsman
20814,Player_20814,17,36,Defender
20815,Player_20815,11,21,Goalkeeper
20816,Player_20816,11,18,All-Rounder
20817,Player_20817,20,26,Goalkeeper
20818,Player_20818,11,19,All-Rounder
20819,Player_20819,15,33,Batsman
20820,Player_20820,14,19,Batsman
20821,Player_20821,17,20,Batsman
20822,Player_20822,2,31,Defender
20823,Player_20823,18,30,All-Rounder
20824,Player_20824,16,34,Batsman
20825,Player_20825,12,27,Defender
20826,Player_20826,10,20,Goalkeeper
20827,Player_20827,16,21,Defender
20828,Player_20828,3,22,Defender
20829,Player_20829,8,28,Bowler
20830,Player_20830,2,23,Goalkeeper
20831,Player_20831,1,18,Bowler
20832,Player_20832,14,36,All-Rounder
20833,Player_20833,4,24,Defender
20834,Player_20834,4,27,Defender
20835,Player_20835,9,29,Defender
20836,Player_20836,3,29,Defender
20837,Player_20837,5,18,Bowler
20838,Player_20838,1,26,All-Rounder
20839,Player_20839,19,34,Bowler
20840,Player_20840,1,29,Defender
20841,Player_20841,10,19,All-Rounder
20842,Player_20842,12,26,Goalkeeper
20843,Player_20843,10,29,Bowler
20844,Player_20844,2,21,Batsman
20845,Player_20845,16,39,Goalkeeper
20846,Player_20846,8,29,Goalkeeper
20847,Player_20847,14,35,Defender
20848,Player_20848,15,20,Defender
20849,Player_20849,16,39,Goalkeeper
20850,Player_20850,11,18,Bowler
20851,Player_20851,12,35,All-Rounder
20852,Player_20852,2,38,Bowler
20853,Player_20853,4,25,Bowler
20854,Player_20854,3,36,Goalkeeper
20855,Player_20855,9,39,Bowler
20856,Player_20856,18,21,All-Rounder
20857,Player_20857,19,33,Goalkeeper
20858,Player_20858,7,34,Bowler
20859,Player_20859,4,26,Defender
20860,Player_20860,6,25,Bowler
20861,Player_20861,19,37,Goalkeeper
20862,Player_20862,1,36,Goalkeeper
20863,Player_20863,16,24,Defender
20864,Player_20864,11,29,Goalkeeper
20865,Player_20865,4,18,Batsman
20866,Player_20866,18,34,Goalkeeper
20867,Player_20867,5,23,Bowler
20868,Player_20868,6,39,All-Rounder
20869,Player_20869,2,22,Bowler
20870,Player_20870,12,37,Goalkeeper
20871,Player_20871,9,24,Batsman
20872,Player_20872,20,39,Bowler
20873,Player_20873,12,39,All-Rounder
20874,Player_20874,13,29,Bowler
20875,Player_20875,17,22,Defender
20876,Player_20876,5,19,Batsman
20877,Player_20877,20,21,Goalkeeper
20878,Player_20878,13,34,Bowler
20879,Player_20879,13,25,Bowler
20880,Player_20880,10,37,Bowler
20881,Player_20881,15,22,Bowler
20882,Player_20882,15,34,All-Rounder
20883,Player_20883,18,37,Defender
20884,Player_20884,18,21,Defender
20885,Player_20885,2,38,Batsman
20886,Player_20886,11,35,Batsman
20887,Player_20887,13,35,All-Rounder
20888,Player_20888,11,35,Defender
20889,Player_20889,4,33,Batsman
20890,Player_20890,15,28,Goalkeeper
20891,Player_20891,11,25,Defender
20892,Player_20892,18,29,Bowler
20893,Player_20893,16,35,Defender
20894,Player_20894,10,39,Goalkeeper
20895,Player_20895,12,35,Bowler
20896,Player_20896,13,25,Defender
20897,Player_20897,9,33,Bowler
20898,Player_20898,13,34,Bowler
20899,Player_20899,6,19,All-Rounder
20900,Player_20900,6,38,Goalkeeper
20901,Player_20901,11,39,All-Rounder
20902,Player_20902,19,32,Defender
20903,Player_20903,11,39,Bowler
20904,Player_20904,10,24,Defender
20905,Player_20905,15,18,Defender
20906,Player_20906,13,19,All-Rounder
20907,Player_20907,8,21,Defender
20908,Player_20908,5,33,Goalkeeper
20909,Player_20909,2,29,Bowler
20910,Player_20910,16,34,Batsman
20911,Player_20911,13,21,Goalkeeper
20912,Player_20912,19,33,Batsman
20913,Player_20913,9,24,Batsman
20914,Player_20914,15,25,All-Rounder
20915,Player_20915,6,26,Batsman
20916,Player_20916,8,31,Bowler
20917,Player_20917,14,26,All-Rounder
20918,Player_20918,5,32,Goalkeeper
20919,Player_20919,17,38,Goalkeeper
20920,Player_20920,7,21,Goalkeeper
20921,Player_20921,9,20,Defender
20922,Player_20922,16,39,All-Rounder
20923,Player_20923,18,27,All-Rounder
20924,Player_20924,13,21,All-Rounder
20925,Player_20925,18,35,Bowler
20926,Player_20926,10,28,All-Rounder
20927,Player_20927,1,36,Bowler
20928,Player_20928,18,36,Goalkeeper
20929,Player_20929,19,35,Defender
20930,Player_20930,2,30,Batsman
20931,Player_20931,4,21,Defender
20932,Player_20932,11,20,Defender
20933,Player_20933,3,33,Defender
20934,Player_20934,9,31,Batsman
20935,Player_20935,10,27,Bowler
20936,Player_20936,2,23,Goalkeeper
20937,Player_20937,7,25,Batsman
20938,Player_20938,15,33,Goalkeeper
20939,Player_20939,19,27,Bowler
20940,Player_20940,10,39,Goalkeeper
20941,Player_20941,20,38,Bowler
20942,Player_20942,14,24,Batsman
20943,Player_20943,4,36,Batsman
20944,Player_20944,11,35,Goalkeeper
20945,Player_20945,3,30,Goalkeeper
20946,Player_20946,17,25,Defender
20947,Player_20947,7,31,Defender
20948,Player_20948,11,26,Goalkeeper
20949,Player_20949,18,29,Defender
20950,Player_20950,14,23,Goalkeeper
20951,Player_20951,14,37,All-Rounder
20952,Player_20952,6,39,Defender
20953,Player_20953,9,29,Goalkeeper
20954,Player_20954,3,36,All-Rounder
20955,Player_20955,17,29,Defender
20956,Player_20956,12,39,Batsman
20957,Player_20957,4,39,Goalkeeper
20958,Player_20958,20,24,Batsman
20959,Player_20959,16,32,Defender
20960,Player_20960,10,33,All-Rounder
20961,Player_20961,7,21,Goalkeeper
20962,Player_20962,10,23,All-Rounder
20963,Player_20963,7,33,Batsman
20964,Player_20964,18,32,Goalkeeper
20965,Player_20965,9,19,Batsman
20966,Player_20966,18,20,Batsman
20967,Player_20967,17,32,All-Rounder
20968,Player_20968,11,25,Defender
20969,Player_20969,1,29,Batsman
20970,Player_20970,17,39,Batsman
20971,Player_20971,4,19,Bowler
20972,Player_20972,4,32,All-Rounder
20973,Player_20973,14,25,Batsman
20974,Player_20974,9,39,Bowler
20975,Player_20975,13,28,All-Rounder
20976,Player_20976,16,34,Goalkeeper
20977,Player_20977,1,39,Defender
20978,Player_20978,3,38,All-Rounder
20979,Player_20979,19,39,Batsman
20980,Player_20980,8,18,Bowler
20981,Player_20981,18,37,Bowler
20982,Player_20982,6,32,Goalkeeper
20983,Player_20983,20,38,Bowler
20984,Player_20984,6,39,Batsman
20985,Player_20985,5,19,All-Rounder
20986,Player_20986,12,27,Goalkeeper
20987,Player_20987,9,37,Defender
20988,Player_20988,9,23,Defender
20989,Player_20989,17,20,Batsman
20990,Player_20990,19,30,Goalkeeper
20991,Player_20991,17,32,Goalkeeper
20992,Player_20992,16,23,Batsman
20993,Player_20993,12,26,Goalkeeper
20994,Player_20994,3,27,Bowler
20995,Player_20995,14,26,Bowler
20996,Player_20996,17,35,Batsman
20997,Player_20997,16,26,Batsman
20998,Player_20998,12,35,Bowler
20999,Player_20999,2,26,All-Rounder
21000,Player_21000,8,22,Batsman
21001,Player_21001,12,30,Bowler
21002,Player_21002,16,29,All-Rounder
21003,Player_21003,8,26,All-Rounder
21004,Player_21004,16,36,Bowler
21005,Player_21005,10,37,Bowler
21006,Player_21006,20,18,Goalkeeper
21007,Player_21007,15,28,All-Rounder
21008,Player_21008,4,22,Defender
21009,Player_21009,15,24,Goalkeeper
21010,Player_21010,4,30,Goalkeeper
21011,Player_21011,11,23,All-Rounder
21012,Player_21012,6,30,All-Rounder
21013,Player_21013,4,23,All-Rounder
21014,Player_21014,9,32,Batsman
21015,Player_21015,9,25,Bowler
21016,Player_21016,3,28,Bowler
21017,Player_21017,5,27,Bowler
21018,Player_21018,15,26,All-Rounder
21019,Player_21019,9,21,Goalkeeper
21020,Player_21020,2,31,All-Rounder
21021,Player_21021,3,21,All-Rounder
21022,Player_21022,12,32,Goalkeeper
21023,Player_21023,16,38,Defender
21024,Player_21024,5,27,Batsman
21025,Player_21025,10,31,Defender
21026,Player_21026,15,23,All-Rounder
21027,Player_21027,14,33,Bowler
21028,Player_21028,14,29,Bowler
21029,Player_21029,13,21,Goalkeeper
21030,Player_21030,16,18,All-Rounder
21031,Player_21031,8,21,Goalkeeper
21032,Player_21032,8,30,Goalkeeper
21033,Player_21033,17,24,Batsman
21034,Player_21034,17,32,Goalkeeper
21035,Player_21035,3,23,All-Rounder
21036,Player_21036,1,31,Batsman
21037,Player_21037,17,35,Bowler
21038,Player_21038,16,21,Batsman
21039,Player_21039,17,18,All-Rounder
21040,Player_21040,2,20,Defender
21041,Player_21041,14,30,Batsman
21042,Player_21042,7,35,Defender
21043,Player_21043,19,21,Batsman
21044,Player_21044,1,21,Batsman
21045,Player_21045,17,28,Goalkeeper
21046,Player_21046,10,31,Defender
21047,Player_21047,6,24,Defender
21048,Player_21048,7,20,Batsman
21049,Player_21049,6,24,All-Rounder
21050,Player_21050,5,25,All-Rounder
21051,Player_21051,2,29,Defender
21052,Player_21052,18,24,Goalkeeper
21053,Player_21053,17,33,Goalkeeper
21054,Player_21054,7,34,All-Rounder
21055,Player_21055,19,39,Goalkeeper
21056,Player_21056,7,21,Batsman
21057,Player_21057,7,34,Batsman
21058,Player_21058,16,35,Defender
21059,Player_21059,12,21,Bowler
21060,Player_21060,15,34,All-Rounder
21061,Player_21061,15,32,All-Rounder
21062,Player_21062,11,39,Bowler
21063,Player_21063,2,34,Goalkeeper
21064,Player_21064,3,30,Batsman
21065,Player_21065,19,20,Batsman
21066,Player_21066,20,29,All-Rounder
21067,Player_21067,15,34,All-Rounder
21068,Player_21068,16,39,Goalkeeper
21069,Player_21069,1,39,Goalkeeper
21070,Player_21070,15,24,All-Rounder
21071,Player_21071,12,24,Goalkeeper
21072,Player_21072,7,28,Bowler
21073,Player_21073,7,33,Batsman
21074,Player_21074,11,21,All-Rounder
21075,Player_21075,20,33,Bowler
21076,Player_21076,11,22,Bowler
21077,Player_21077,17,36,Defender
21078,Player_21078,3,39,All-Rounder
21079,Player_21079,16,31,Defender
21080,Player_21080,5,24,Bowler
21081,Player_21081,2,26,All-Rounder
21082,Player_21082,7,30,Defender
21083,Player_21083,10,33,Batsman
21084,Player_21084,5,38,All-Rounder
21085,Player_21085,15,21,Defender
21086,Player_21086,12,24,Goalkeeper
21087,Player_21087,10,20,All-Rounder
21088,Player_21088,17,37,Goalkeeper
21089,Player_21089,20,32,All-Rounder
21090,Player_21090,20,38,Defender
21091,Player_21091,11,31,Defender
21092,Player_21092,8,24,All-Rounder
21093,Player_21093,15,35,Bowler
21094,Player_21094,2,22,Defender
21095,Player_21095,17,38,All-Rounder
21096,Player_21096,6,37,All-Rounder
21097,Player_21097,13,25,Batsman
21098,Player_21098,8,37,Goalkeeper
21099,Player_21099,11,35,Batsman
21100,Player_21100,15,38,Goalkeeper
21101,Player_21101,13,36,Goalkeeper
21102,Player_21102,18,37,Batsman
21103,Player_21103,18,20,Bowler
21104,Player_21104,17,23,All-Rounder
21105,Player_21105,13,35,Defender
21106,Player_21106,3,32,All-Rounder
21107,Player_21107,7,31,Batsman
21108,Player_21108,12,38,Bowler
21109,Player_21109,4,39,Defender
21110,Player_21110,11,25,Defender
21111,Player_21111,14,28,Bowler
21112,Player_21112,18,28,Defender
21113,Player_21113,7,29,Defender
21114,Player_21114,5,33,Bowler
21115,Player_21115,16,24,Batsman
21116,Player_21116,11,20,Batsman
21117,Player_21117,3,19,Defender
21118,Player_21118,16,20,Batsman
21119,Player_21119,11,25,Batsman
21120,Player_21120,10,37,Defender
21121,Player_21121,2,25,Defender
21122,Player_21122,16,21,Batsman
21123,Player_21123,17,30,Goalkeeper
21124,Player_21124,10,39,Bowler
21125,Player_21125,18,34,Batsman
21126,Player_21126,12,39,Batsman
21127,Player_21127,8,35,Goalkeeper
21128,Player_21128,3,22,All-Rounder
21129,Player_21129,20,29,All-Rounder
21130,Player_21130,3,19,Bowler
21131,Player_21131,6,27,Defender
21132,Player_21132,2,24,Batsman
21133,Player_21133,3,32,Goalkeeper
21134,Player_21134,17,39,Defender
21135,Player_21135,9,24,Defender
21136,Player_21136,4,32,All-Rounder
21137,Player_21137,2,33,Batsman
21138,Player_21138,9,39,Bowler
21139,Player_21139,14,18,Goalkeeper
21140,Player_21140,11,32,Batsman
21141,Player_21141,2,20,Defender
21142,Player_21142,2,27,Defender
21143,Player_21143,5,33,Bowler
21144,Player_21144,7,19,All-Rounder
21145,Player_21145,4,34,Bowler
21146,Player_21146,14,18,Bowler
21147,Player_21147,2,21,Batsman
21148,Player_21148,12,28,All-Rounder
21149,Player_21149,10,34,Defender
21150,Player_21150,1,19,All-Rounder
21151,Player_21151,19,18,Batsman
21152,Player_21152,16,23,Batsman
21153,Player_21153,15,28,Bowler
21154,Player_21154,14,21,Batsman
21155,Player_21155,9,28,All-Rounder
21156,Player_21156,15,22,Bowler
21157,Player_21157,7,27,Bowler
21158,Player_21158,4,22,Bowler
21159,Player_21159,18,39,All-Rounder
21160,Player_21160,8,39,Bowler
21161,Player_21161,12,20,Goalkeeper
21162,Player_21162,15,23,Goalkeeper
21163,Player_21163,15,30,All-Rounder
21164,Player_21164,17,33,Defender
21165,Player_21165,2,24,Defender
21166,Player_21166,12,35,Bowler
21167,Player_21167,3,20,All-Rounder
21168,Player_21168,7,23,Bowler
21169,Player_21169,6,27,Bowler
21170,Player_21170,14,33,Goalkeeper
21171,Player_21171,5,30,Batsman
21172,Player_21172,4,26,All-Rounder
21173,Player_21173,15,33,Batsman
21174,Player_21174,7,28,Goalkeeper
21175,Player_21175,3,26,Batsman
21176,Player_21176,13,27,Goalkeeper
21177,Player_21177,10,28,Defender
21178,Player_21178,2,38,Goalkeeper
21179,Player_21179,12,39,All-Rounder
21180,Player_21180,12,32,Defender
21181,Player_21181,19,38,Bowler
21182,Player_21182,19,30,All-Rounder
21183,Player_21183,3,34,All-Rounder
21184,Player_21184,6,21,All-Rounder
21185,Player_21185,2,28,Batsman
21186,Player_21186,13,18,Batsman
21187,Player_21187,9,18,Bowler
21188,Player_21188,13,20,Batsman
21189,Player_21189,14,32,All-Rounder
21190,Player_21190,19,18,Goalkeeper
21191,Player_21191,11,33,Bowler
21192,Player_21192,14,34,Bowler
21193,Player_21193,16,26,All-Rounder
21194,Player_21194,10,22,Defender
21195,Player_21195,20,23,Batsman
21196,Player_21196,16,32,Defender
21197,Player_21197,2,26,All-Rounder
21198,Player_21198,16,20,Defender
21199,Player_21199,14,36,All-Rounder
21200,Player_21200,18,38,Batsman
21201,Player_21201,6,30,Batsman
21202,Player_21202,7,30,Bowler
21203,Player_21203,13,20,Defender
21204,Player_21204,2,37,Defender
21205,Player_21205,15,31,Defender
21206,Player_21206,17,19,Defender
21207,Player_21207,13,27,Goalkeeper
21208,Player_21208,7,26,Bowler
21209,Player_21209,1,30,Bowler
21210,Player_21210,3,28,Goalkeeper
21211,Player_21211,20,19,Defender
21212,Player_21212,18,33,Goalkeeper
21213,Player_21213,7,22,Defender
21214,Player_21214,17,18,Goalkeeper
21215,Player_21215,12,25,Bowler
21216,Player_21216,16,39,Goalkeeper
21217,Player_21217,10,33,All-Rounder
21218,Player_21218,16,31,Defender
21219,Player_21219,20,19,Goalkeeper
21220,Player_21220,18,35,Defender
21221,Player_21221,15,38,Batsman
21222,Player_21222,11,24,Defender
21223,Player_21223,18,29,Goalkeeper
21224,Player_21224,6,32,Defender
21225,Player_21225,1,39,All-Rounder
21226,Player_21226,7,19,All-Rounder
21227,Player_21227,12,39,Goalkeeper
21228,Player_21228,20,34,Goalkeeper
21229,Player_21229,4,28,Defender
21230,Player_21230,10,19,Bowler
21231,Player_21231,2,36,All-Rounder
21232,Player_21232,9,22,All-Rounder
21233,Player_21233,10,34,Batsman
21234,Player_21234,20,33,Batsman
21235,Player_21235,11,30,Bowler
21236,Player_21236,14,30,All-Rounder
21237,Player_21237,3,30,Goalkeeper
21238,Player_21238,1,22,All-Rounder
21239,Player_21239,7,22,Goalkeeper
21240,Player_21240,4,37,Goalkeeper
21241,Player_21241,7,36,Bowler
21242,Player_21242,16,24,All-Rounder
21243,Player_21243,10,28,Defender
21244,Player_21244,15,18,All-Rounder
21245,Player_21245,16,24,All-Rounder
21246,Player_21246,6,20,Batsman
21247,Player_21247,4,30,Bowler
21248,Player_21248,4,20,Defender
21249,Player_21249,4,23,Defender
21250,Player_21250,17,39,Defender
21251,Player_21251,13,32,Goalkeeper
21252,Player_21252,2,21,Bowler
21253,Player_21253,20,22,Batsman
21254,Player_21254,6,20,Goalkeeper
21255,Player_21255,1,36,Defender
21256,Player_21256,8,38,Goalkeeper
21257,Player_21257,18,33,Goalkeeper
21258,Player_21258,4,34,Defender
21259,Player_21259,5,26,Defender
21260,Player_21260,5,39,Batsman
21261,Player_21261,15,26,Bowler
21262,Player_21262,10,31,All-Rounder
21263,Player_21263,8,28,All-Rounder
21264,Player_21264,7,27,All-Rounder
21265,Player_21265,12,22,Batsman
21266,Player_21266,11,21,Goalkeeper
21267,Player_21267,13,28,Defender
21268,Player_21268,15,23,Bowler
21269,Player_21269,17,19,All-Rounder
21270,Player_21270,18,20,Bowler
21271,Player_21271,8,35,Bowler
21272,Player_21272,6,35,Defender
21273,Player_21273,11,24,Batsman
21274,Player_21274,9,38,Defender
21275,Player_21275,5,30,Batsman
21276,Player_21276,7,30,Goalkeeper
21277,Player_21277,15,23,Bowler
21278,Player_21278,4,20,All-Rounder
21279,Player_21279,19,27,Bowler
21280,Player_21280,13,38,Defender
21281,Player_21281,1,22,Batsman
21282,Player_21282,1,28,Goalkeeper
21283,Player_21283,14,21,Goalkeeper
21284,Player_21284,9,27,Batsman
21285,Player_21285,12,21,Batsman
21286,Player_21286,18,30,Batsman
21287,Player_21287,9,25,Goalkeeper
21288,Player_21288,8,23,Bowler
21289,Player_21289,14,28,Bowler
21290,Player_21290,9,19,Goalkeeper
21291,Player_21291,20,35,All-Rounder
21292,Player_21292,2,35,Defender
21293,Player_21293,1,39,Goalkeeper
21294,Player_21294,13,29,All-Rounder
21295,Player_21295,10,34,Defender
21296,Player_21296,8,36,Bowler
21297,Player_21297,7,34,Batsman
21298,Player_21298,12,21,Defender
21299,Player_21299,17,34,Batsman
21300,Player_21300,12,33,All-Rounder
21301,Player_21301,16,26,Goalkeeper
21302,Player_21302,10,28,Goalkeeper
21303,Player_21303,12,29,Batsman
21304,Player_21304,11,28,Defender
21305,Player_21305,14,30,Defender
21306,Player_21306,20,39,All-Rounder
21307,Player_21307,13,25,Goalkeeper
21308,Player_21308,2,31,Batsman
21309,Player_21309,20,35,Bowler
21310,Player_21310,7,31,Goalkeeper
21311,Player_21311,1,33,Goalkeeper
21312,Player_21312,3,32,All-Rounder
21313,Player_21313,20,39,Goalkeeper
21314,Player_21314,12,37,All-Rounder
21315,Player_21315,5,24,All-Rounder
21316,Player_21316,12,25,Bowler
21317,Player_21317,3,23,Defender
21318,Player_21318,20,30,Goalkeeper
21319,Player_21319,5,34,All-Rounder
21320,Player_21320,1,25,All-Rounder
21321,Player_21321,16,28,Defender
21322,Player_21322,9,34,Defender
21323,Player_21323,10,26,All-Rounder
21324,Player_21324,10,19,Goalkeeper
21325,Player_21325,13,27,Goalkeeper
21326,Player_21326,16,39,Goalkeeper
21327,Player_21327,20,38,Defender
21328,Player_21328,4,31,Goalkeeper
21329,Player_21329,14,19,Goalkeeper
21330,Player_21330,17,22,Goalkeeper
21331,Player_21331,5,34,Defender
21332,Player_21332,13,25,Batsman
21333,Player_21333,3,35,Batsman
21334,Player_21334,5,39,Goalkeeper
21335,Player_21335,16,25,Batsman
21336,Player_21336,19,29,Goalkeeper
21337,Player_21337,19,31,Defender
21338,Player_21338,17,20,Goalkeeper
21339,Player_21339,18,31,Bowler
21340,Player_21340,18,21,All-Rounder
21341,Player_21341,8,18,Defender
21342,Player_21342,18,26,Bowler
21343,Player_21343,9,31,Bowler
21344,Player_21344,19,27,All-Rounder
21345,Player_21345,10,35,Bowler
21346,Player_21346,2,27,All-Rounder
21347,Player_21347,17,24,Goalkeeper
21348,Player_21348,13,25,Defender
21349,Player_21349,11,31,Defender
21350,Player_21350,16,21,Defender
21351,Player_21351,20,28,All-Rounder
21352,Player_21352,7,27,All-Rounder
21353,Player_21353,3,34,Bowler
21354,Player_21354,16,22,Defender
21355,Player_21355,19,27,Bowler
21356,Player_21356,20,27,Goalkeeper
21357,Player_21357,16,39,Bowler
21358,Player_21358,2,24,Defender
21359,Player_21359,14,34,All-Rounder
21360,Player_21360,20,37,Bowler
21361,Player_21361,10,29,Bowler
21362,Player_21362,19,22,All-Rounder
21363,Player_21363,11,22,All-Rounder
21364,Player_21364,18,21,Defender
21365,Player_21365,11,24,Goalkeeper
21366,Player_21366,9,19,Defender
21367,Player_21367,19,18,Bowler
21368,Player_21368,20,27,Defender
21369,Player_21369,10,18,Defender
21370,Player_21370,3,30,All-Rounder
21371,Player_21371,3,34,Goalkeeper
21372,Player_21372,8,26,Goalkeeper
21373,Player_21373,6,21,Defender
21374,Player_21374,20,26,All-Rounder
21375,Player_21375,1,24,All-Rounder
21376,Player_21376,20,19,Bowler
21377,Player_21377,6,35,Batsman
21378,Player_21378,2,38,Bowler
21379,Player_21379,19,32,Bowler
21380,Player_21380,7,27,Bowler
21381,Player_21381,11,34,Batsman
21382,Player_21382,11,24,All-Rounder
21383,Player_21383,4,28,All-Rounder
21384,Player_21384,20,24,Goalkeeper
21385,Player_21385,16,28,Goalkeeper
21386,Player_21386,5,32,Defender
21387,Player_21387,7,36,Defender
21388,Player_21388,16,36,Defender
21389,Player_21389,15,27,Goalkeeper
21390,Player_21390,5,33,Goalkeeper
21391,Player_21391,1,37,Bowler
21392,Player_21392,20,25,All-Rounder
21393,Player_21393,9,18,Goalkeeper
21394,Player_21394,5,19,Batsman
21395,Player_21395,6,27,Bowler
21396,Player_21396,3,27,Batsman
21397,Player_21397,6,27,Batsman
21398,Player_21398,8,26,All-Rounder
21399,Player_21399,6,35,Batsman
21400,Player_21400,16,19,Batsman
21401,Player_21401,16,22,Batsman
21402,Player_21402,3,38,Batsman
21403,Player_21403,17,28,Bowler
21404,Player_21404,6,23,Bowler
21405,Player_21405,6,25,All-Rounder
21406,Player_21406,19,25,All-Rounder
21407,Player_21407,20,27,Batsman
21408,Player_21408,15,28,Defender
21409,Player_21409,19,36,Batsman
21410,Player_21410,2,31,Batsman
21411,Player_21411,8,28,All-Rounder
21412,Player_21412,7,20,Goalkeeper
21413,Player_21413,8,18,All-Rounder
21414,Player_21414,13,38,Bowler
21415,Player_21415,15,20,All-Rounder
21416,Player_21416,12,26,Goalkeeper
21417,Player_21417,15,18,Batsman
21418,Player_21418,14,39,Goalkeeper
21419,Player_21419,7,29,All-Rounder
21420,Player_21420,17,29,Defender
21421,Player_21421,5,23,Bowler
21422,Player_21422,20,25,Goalkeeper
21423,Player_21423,10,20,All-Rounder
21424,Player_21424,19,38,Batsman
21425,Player_21425,18,28,All-Rounder
21426,Player_21426,10,28,Batsman
21427,Player_21427,2,22,Defender
21428,Player_21428,6,24,Bowler
21429,Player_21429,3,36,Goalkeeper
21430,Player_21430,19,24,All-Rounder
21431,Player_21431,5,27,All-Rounder
21432,Player_21432,7,25,Goalkeeper
21433,Player_21433,7,38,Batsman
21434,Player_21434,10,38,Bowler
21435,Player_21435,1,31,Defender
21436,Player_21436,11,18,Goalkeeper
21437,Player_21437,7,30,Bowler
21438,Player_21438,6,23,All-Rounder
21439,Player_21439,6,23,Bowler
21440,Player_21440,13,38,Defender
21441,Player_21441,16,22,Bowler
21442,Player_21442,13,20,All-Rounder
21443,Player_21443,2,29,Defender
21444,Player_21444,19,32,Defender
21445,Player_21445,19,20,Defender
21446,Player_21446,19,33,All-Rounder
21447,Player_21447,18,35,Batsman
21448,Player_21448,6,26,All-Rounder
21449,Player_21449,2,25,Batsman
21450,Player_21450,19,28,Batsman
21451,Player_21451,6,20,All-Rounder
21452,Player_21452,20,22,Bowler
21453,Player_21453,15,27,All-Rounder
21454,Player_21454,6,22,Defender
21455,Player_21455,3,25,Bowler
21456,Player_21456,11,23,Goalkeeper
21457,Player_21457,8,38,Goalkeeper
21458,Player_21458,18,33,Goalkeeper
21459,Player_21459,17,29,Defender
21460,Player_21460,19,34,Defender
21461,Player_21461,19,25,Batsman
21462,Player_21462,17,21,Defender
21463,Player_21463,4,38,Batsman
21464,Player_21464,7,34,Goalkeeper
21465,Player_21465,5,20,All-Rounder
21466,Player_21466,16,35,All-Rounder
21467,Player_21467,6,33,Defender
21468,Player_21468,14,19,Goalkeeper
21469,Player_21469,20,30,Goalkeeper
21470,Player_21470,2,18,Batsman
21471,Player_21471,18,39,Batsman
21472,Player_21472,18,20,Goalkeeper
21473,Player_21473,13,18,Defender
21474,Player_21474,18,19,Defender
21475,Player_21475,17,36,Goalkeeper
21476,Player_21476,13,39,All-Rounder
21477,Player_21477,12,20,All-Rounder
21478,Player_21478,3,18,Batsman
21479,Player_21479,7,26,Goalkeeper
21480,Player_21480,1,25,All-Rounder
21481,Player_21481,5,22,Defender
21482,Player_21482,1,18,Bowler
21483,Player_21483,4,32,Bowler
21484,Player_21484,1,34,Goalkeeper
21485,Player_21485,13,32,Batsman
21486,Player_21486,14,25,Bowler
21487,Player_21487,15,38,Defender
21488,Player_21488,17,20,Defender
21489,Player_21489,12,26,Defender
21490,Player_21490,7,37,Bowler
21491,Player_21491,19,31,All-Rounder
21492,Player_21492,3,23,Defender
21493,Player_21493,18,37,Batsman
21494,Player_21494,4,21,Goalkeeper
21495,Player_21495,3,29,Goalkeeper
21496,Player_21496,12,20,Goalkeeper
21497,Player_21497,12,20,All-Rounder
21498,Player_21498,17,38,Goalkeeper
21499,Player_21499,6,34,Goalkeeper
21500,Player_21500,15,23,Bowler
21501,Player_21501,2,32,All-Rounder
21502,Player_21502,8,28,All-Rounder
21503,Player_21503,14,35,Bowler
21504,Player_21504,5,20,Batsman
21505,Player_21505,3,34,Goalkeeper
21506,Player_21506,10,28,Batsman
21507,Player_21507,7,23,Bowler
21508,Player_21508,11,22,Bowler
21509,Player_21509,15,27,Bowler
21510,Player_21510,2,19,Bowler
21511,Player_21511,5,32,Defender
21512,Player_21512,11,28,Bowler
21513,Player_21513,8,31,Batsman
21514,Player_21514,13,31,Bowler
21515,Player_21515,11,20,Batsman
21516,Player_21516,17,39,Bowler
21517,Player_21517,15,39,Bowler
21518,Player_21518,1,33,Defender
21519,Player_21519,19,31,Bowler
21520,Player_21520,16,27,Goalkeeper
21521,Player_21521,19,39,Defender
21522,Player_21522,13,25,Defender
21523,Player_21523,4,29,Goalkeeper
21524,Player_21524,11,22,Defender
21525,Player_21525,18,30,Bowler
21526,Player_21526,18,29,Goalkeeper
21527,Player_21527,10,20,Bowler
21528,Player_21528,17,34,Defender
21529,Player_21529,13,37,All-Rounder
21530,Player_21530,14,22,Goalkeeper
21531,Player_21531,7,23,Batsman
21532,Player_21532,10,30,Defender
21533,Player_21533,3,23,All-Rounder
21534,Player_21534,2,30,Defender
21535,Player_21535,19,32,Bowler
21536,Player_21536,7,19,Bowler
21537,Player_21537,5,28,Bowler
21538,Player_21538,3,33,All-Rounder
21539,Player_21539,2,35,Bowler
21540,Player_21540,6,19,Defender
21541,Player_21541,14,27,Defender
21542,Player_21542,7,30,Defender
21543,Player_21543,2,25,Goalkeeper
21544,Player_21544,11,24,Defender
21545,Player_21545,3,33,Bowler
21546,Player_21546,9,34,Goalkeeper
21547,Player_21547,8,26,Goalkeeper
21548,Player_21548,11,25,Goalkeeper
21549,Player_21549,18,37,Goalkeeper
21550,Player_21550,1,22,All-Rounder
21551,Player_21551,15,22,Defender
21552,Player_21552,4,30,All-Rounder
21553,Player_21553,4,33,Batsman
21554,Player_21554,10,39,All-Rounder
21555,Player_21555,11,28,Goalkeeper
21556,Player_21556,18,32,Defender
21557,Player_21557,15,34,Defender
21558,Player_21558,3,32,Bowler
21559,Player_21559,7,29,All-Rounder
21560,Player_21560,7,21,Defender
21561,Player_21561,17,21,Batsman
21562,Player_21562,20,38,Batsman
21563,Player_21563,16,33,All-Rounder
21564,Player_21564,16,32,Bowler
21565,Player_21565,8,25,Batsman
21566,Player_21566,3,38,Bowler
21567,Player_21567,20,37,All-Rounder
21568,Player_21568,15,25,Defender
21569,Player_21569,1,28,Bowler
21570,Player_21570,10,38,Batsman
21571,Player_21571,2,34,Bowler
21572,Player_21572,7,20,Defender
21573,Player_21573,14,24,Defender
21574,Player_21574,16,29,Batsman
21575,Player_21575,15,18,Bowler
21576,Player_21576,7,28,Bowler
21577,Player_21577,13,22,Goalkeeper
21578,Player_21578,10,23,Batsman
21579,Player_21579,9,31,Bowler
21580,Player_21580,9,34,All-Rounder
21581,Player_21581,6,20,Goalkeeper
21582,Player_21582,12,21,Batsman
21583,Player_21583,20,18,Defender
21584,Player_21584,20,21,Batsman
21585,Player_21585,14,31,All-Rounder
21586,Player_21586,20,38,All-Rounder
21587,Player_21587,7,24,Defender
21588,Player_21588,8,38,Defender
21589,Player_21589,8,24,Defender
21590,Player_21590,8,18,Goalkeeper
21591,Player_21591,2,19,All-Rounder
21592,Player_21592,14,20,Defender
21593,Player_21593,10,35,All-Rounder
21594,Player_21594,18,28,Goalkeeper
21595,Player_21595,18,29,Goalkeeper
21596,Player_21596,18,31,All-Rounder
21597,Player_21597,16,26,Defender
21598,Player_21598,20,27,Batsman
21599,Player_21599,5,30,Bowler
21600,Player_21600,20,20,All-Rounder
21601,Player_21601,5,26,Goalkeeper
21602,Player_21602,20,19,Defender
21603,Player_21603,10,25,Bowler
21604,Player_21604,17,24,All-Rounder
21605,Player_21605,13,26,Batsman
21606,Player_21606,17,30,Batsman
21607,Player_21607,18,24,Goalkeeper
21608,Player_21608,13,24,Goalkeeper
21609,Player_21609,17,18,Goalkeeper
21610,Player_21610,15,19,All-Rounder
21611,Player_21611,12,38,Batsman
21612,Player_21612,10,34,Batsman
21613,Player_21613,13,27,Goalkeeper
21614,Player_21614,11,32,Goalkeeper
21615,Player_21615,3,33,Defender
21616,Player_21616,10,38,Batsman
21617,Player_21617,11,30,Goalkeeper
21618,Player_21618,6,38,Goalkeeper
21619,Player_21619,1,25,Goalkeeper
21620,Player_21620,6,26,Defender
21621,Player_21621,5,18,Batsman
21622,Player_21622,7,21,Batsman
21623,Player_21623,12,35,Batsman
21624,Player_21624,12,18,Defender
21625,Player_21625,7,20,All-Rounder
21626,Player_21626,2,27,Defender
21627,Player_21627,1,19,Bowler
21628,Player_21628,18,35,Defender
21629,Player_21629,12,19,Bowler
21630,Player_21630,7,30,Goalkeeper
21631,Player_21631,19,38,Bowler
21632,Player_21632,3,26,Defender
21633,Player_21633,10,19,All-Rounder
21634,Player_21634,11,19,Batsman
21635,Player_21635,5,22,Defender
21636,Player_21636,2,31,Batsman
21637,Player_21637,8,20,Bowler
21638,Player_21638,14,31,Goalkeeper
21639,Player_21639,8,18,Goalkeeper
21640,Player_21640,6,26,Defender
21641,Player_21641,1,33,Bowler
21642,Player_21642,1,34,Bowler
21643,Player_21643,8,25,Batsman
21644,Player_21644,11,32,Bowler
21645,Player_21645,18,38,All-Rounder
21646,Player_21646,10,25,Goalkeeper
21647,Player_21647,12,24,All-Rounder
21648,Player_21648,20,26,All-Rounder
21649,Player_21649,16,19,Batsman
21650,Player_21650,5,27,Bowler
21651,Player_21651,16,22,Batsman
21652,Player_21652,12,33,Goalkeeper
21653,Player_21653,6,38,Batsman
21654,Player_21654,5,18,All-Rounder
21655,Player_21655,1,23,Batsman
21656,Player_21656,19,27,Bowler
21657,Player_21657,10,27,Batsman
21658,Player_21658,14,36,Bowler
21659,Player_21659,3,30,All-Rounder
21660,Player_21660,6,36,Bowler
21661,Player_21661,5,20,Bowler
21662,Player_21662,17,30,Bowler
21663,Player_21663,18,21,Bowler
21664,Player_21664,12,25,Goalkeeper
21665,Player_21665,5,29,Defender
21666,Player_21666,9,39,Goalkeeper
21667,Player_21667,12,34,Batsman
21668,Player_21668,20,18,Goalkeeper
21669,Player_21669,9,19,Goalkeeper
21670,Player_21670,3,26,Bowler
21671,Player_21671,1,18,Batsman
21672,Player_21672,15,36,Batsman
21673,Player_21673,10,34,All-Rounder
21674,Player_21674,14,22,Bowler
21675,Player_21675,7,32,Goalkeeper
21676,Player_21676,4,37,All-Rounder
21677,Player_21677,5,29,All-Rounder
21678,Player_21678,20,21,Goalkeeper
21679,Player_21679,16,32,Batsman
21680,Player_21680,3,20,Bowler
21681,Player_21681,17,31,Bowler
21682,Player_21682,13,21,Goalkeeper
21683,Player_21683,6,36,Bowler
21684,Player_21684,5,23,Defender
21685,Player_21685,16,34,All-Rounder
21686,Player_21686,11,35,All-Rounder
21687,Player_21687,17,25,Defender
21688,Player_21688,5,36,Bowler
21689,Player_21689,6,37,Batsman
21690,Player_21690,10,29,Defender
21691,Player_21691,1,34,Defender
21692,Player_21692,10,36,All-Rounder
21693,Player_21693,17,18,Batsman
21694,Player_21694,3,28,Batsman
21695,Player_21695,2,27,Bowler
21696,Player_21696,17,33,Batsman
21697,Player_21697,4,22,Bowler
21698,Player_21698,2,34,Goalkeeper
21699,Player_21699,5,26,Defender
21700,Player_21700,10,25,Defender
21701,Player_21701,1,27,Bowler
21702,Player_21702,1,25,Bowler
21703,Player_21703,4,20,Bowler
21704,Player_21704,7,29,Defender
21705,Player_21705,14,21,Bowler
21706,Player_21706,14,39,Defender
21707,Player_21707,18,35,Defender
21708,Player_21708,2,26,All-Rounder
21709,Player_21709,1,38,All-Rounder
21710,Player_21710,16,21,Goalkeeper
21711,Player_21711,18,19,Goalkeeper
21712,Player_21712,16,24,Batsman
21713,Player_21713,6,35,Bowler
21714,Player_21714,10,19,Defender
21715,Player_21715,2,19,Batsman
21716,Player_21716,7,27,All-Rounder
21717,Player_21717,17,20,Defender
21718,Player_21718,3,36,Batsman
21719,Player_21719,20,19,All-Rounder
21720,Player_21720,12,20,Goalkeeper
21721,Player_21721,2,26,Bowler
21722,Player_21722,7,28,Bowler
21723,Player_21723,17,28,Batsman
21724,Player_21724,19,20,All-Rounder
21725,Player_21725,12,22,Batsman
21726,Player_21726,9,29,All-Rounder
21727,Player_21727,14,32,All-Rounder
21728,Player_21728,2,34,Bowler
21729,Player_21729,4,33,Goalkeeper
21730,Player_21730,19,34,Goalkeeper
21731,Player_21731,16,32,Defender
21732,Player_21732,17,30,All-Rounder
21733,Player_21733,2,19,Bowler
21734,Player_21734,17,34,All-Rounder
21735,Player_21735,19,18,Defender
21736,Player_21736,8,27,Bowler
21737,Player_21737,20,21,All-Rounder
21738,Player_21738,6,27,Goalkeeper
21739,Player_21739,12,29,Goalkeeper
21740,Player_21740,18,20,Defender
21741,Player_21741,2,18,Goalkeeper
21742,Player_21742,19,36,All-Rounder
21743,Player_21743,10,18,Defender
21744,Player_21744,3,36,Batsman
21745,Player_21745,12,21,Defender
21746,Player_21746,16,30,Goalkeeper
21747,Player_21747,12,31,Bowler
21748,Player_21748,8,31,Defender
21749,Player_21749,5,20,All-Rounder
21750,Player_21750,11,36,Defender
21751,Player_21751,10,28,Goalkeeper
21752,Player_21752,3,26,Defender
21753,Player_21753,9,23,All-Rounder
21754,Player_21754,12,21,All-Rounder
21755,Player_21755,6,22,Goalkeeper
21756,Player_21756,19,26,All-Rounder
21757,Player_21757,16,18,Goalkeeper
21758,Player_21758,14,32,Defender
21759,Player_21759,4,28,Defender
21760,Player_21760,18,18,Batsman
21761,Player_21761,10,34,Goalkeeper
21762,Player_21762,18,32,Bowler
21763,Player_21763,12,31,Goalkeeper
21764,Player_21764,19,26,Defender
21765,Player_21765,8,21,Defender
21766,Player_21766,1,26,All-Rounder
21767,Player_21767,14,22,Batsman
21768,Player_21768,6,20,Bowler
21769,Player_21769,14,35,Batsman
21770,Player_21770,2,26,Goalkeeper
21771,Player_21771,9,21,Goalkeeper
21772,Player_21772,12,24,Defender
21773,Player_21773,5,18,All-Rounder
21774,Player_21774,2,33,Bowler
21775,Player_21775,19,23,All-Rounder
21776,Player_21776,7,23,Bowler
21777,Player_21777,7,31,Batsman
21778,Player_21778,10,39,Defender
21779,Player_21779,17,22,All-Rounder
21780,Player_21780,14,28,Goalkeeper
21781,Player_21781,11,18,Defender
21782,Player_21782,20,37,Bowler
21783,Player_21783,6,27,Defender
21784,Player_21784,8,18,Goalkeeper
21785,Player_21785,19,38,Goalkeeper
21786,Player_21786,19,21,Bowler
21787,Player_21787,17,25,Defender
21788,Player_21788,18,18,All-Rounder
21789,Player_21789,12,25,Defender
21790,Player_21790,9,31,Goalkeeper
21791,Player_21791,16,34,Bowler
21792,Player_21792,18,26,Batsman
21793,Player_21793,16,23,Batsman
21794,Player_21794,16,18,Defender
21795,Player_21795,4,26,Goalkeeper
21796,Player_21796,7,18,Defender
21797,Player_21797,1,31,Bowler
21798,Player_21798,20,28,All-Rounder
21799,Player_21799,1,25,Batsman
21800,Player_21800,8,29,Defender
21801,Player_21801,8,23,Goalkeeper
21802,Player_21802,10,34,Batsman
21803,Player_21803,1,28,Batsman
21804,Player_21804,14,27,All-Rounder
21805,Player_21805,14,25,Defender
21806,Player_21806,10,29,All-Rounder
21807,Player_21807,19,38,Goalkeeper
21808,Player_21808,16,21,Goalkeeper
21809,Player_21809,9,38,Defender
21810,Player_21810,20,38,Batsman
21811,Player_21811,16,30,Bowler
21812,Player_21812,20,20,All-Rounder
21813,Player_21813,8,37,Batsman
21814,Player_21814,7,21,Goalkeeper
21815,Player_21815,11,25,Goalkeeper
21816,Player_21816,6,22,Batsman
21817,Player_21817,15,39,Batsman
21818,Player_21818,19,19,Goalkeeper
21819,Player_21819,14,25,All-Rounder
21820,Player_21820,15,22,All-Rounder
21821,Player_21821,6,33,Batsman
21822,Player_21822,10,38,Defender
21823,Player_21823,14,32,Goalkeeper
21824,Player_21824,16,36,Bowler
21825,Player_21825,13,30,Goalkeeper
21826,Player_21826,11,28,All-Rounder
21827,Player_21827,3,33,All-Rounder
21828,Player_21828,8,35,Bowler
21829,Player_21829,3,32,All-Rounder
21830,Player_21830,2,23,Bowler
21831,Player_21831,14,25,All-Rounder
21832,Player_21832,20,21,Bowler
21833,Player_21833,15,38,Defender
21834,Player_21834,3,33,Goalkeeper
21835,Player_21835,1,38,All-Rounder
21836,Player_21836,15,28,Batsman
21837,Player_21837,20,37,Bowler
21838,Player_21838,2,19,Bowler
21839,Player_21839,18,39,Bowler
21840,Player_21840,1,21,All-Rounder
21841,Player_21841,9,31,Goalkeeper
21842,Player_21842,3,28,Batsman
21843,Player_21843,2,21,Bowler
21844,Player_21844,4,20,Bowler
21845,Player_21845,16,39,Bowler
21846,Player_21846,1,22,Bowler
21847,Player_21847,9,23,Batsman
21848,Player_21848,8,26,Bowler
21849,Player_21849,6,21,Batsman
21850,Player_21850,20,24,Batsman
21851,Player_21851,18,30,Bowler
21852,Player_21852,16,27,Defender
21853,Player_21853,8,29,Batsman
21854,Player_21854,4,27,Defender
21855,Player_21855,3,28,Batsman
21856,Player_21856,15,28,All-Rounder
21857,Player_21857,6,39,Bowler
21858,Player_21858,1,23,All-Rounder
21859,Player_21859,18,23,Batsman
21860,Player_21860,11,37,All-Rounder
21861,Player_21861,3,23,Bowler
21862,Player_21862,13,29,Bowler
21863,Player_21863,17,31,Batsman
21864,Player_21864,18,35,Batsman
21865,Player_21865,14,36,Defender
21866,Player_21866,7,27,Goalkeeper
21867,Player_21867,7,27,All-Rounder
21868,Player_21868,14,24,Defender
21869,Player_21869,15,27,All-Rounder
21870,Player_21870,12,31,Bowler
21871,Player_21871,12,22,Batsman
21872,Player_21872,8,39,All-Rounder
21873,Player_21873,16,28,Goalkeeper
21874,Player_21874,9,24,Bowler
21875,Player_21875,2,37,Bowler
21876,Player_21876,14,35,Defender
21877,Player_21877,16,28,Goalkeeper
21878,Player_21878,5,37,Bowler
21879,Player_21879,5,20,Goalkeeper
21880,Player_21880,20,24,Batsman
21881,Player_21881,18,21,Goalkeeper
21882,Player_21882,18,36,Defender
21883,Player_21883,5,38,Defender
21884,Player_21884,11,35,All-Rounder
21885,Player_21885,13,28,Batsman
21886,Player_21886,3,31,Batsman
21887,Player_21887,17,27,Goalkeeper
21888,Player_21888,18,31,Defender
21889,Player_21889,14,21,Defender
21890,Player_21890,12,29,Defender
21891,Player_21891,14,29,Batsman
21892,Player_21892,18,19,Defender
21893,Player_21893,20,23,All-Rounder
21894,Player_21894,2,22,Bowler
21895,Player_21895,7,36,Defender
21896,Player_21896,15,38,All-Rounder
21897,Player_21897,10,32,All-Rounder
21898,Player_21898,15,27,Bowler
21899,Player_21899,17,24,Batsman
21900,Player_21900,11,36,Defender
21901,Player_21901,2,25,All-Rounder
21902,Player_21902,18,32,All-Rounder
21903,Player_21903,4,21,Bowler
21904,Player_21904,9,30,All-Rounder
21905,Player_21905,17,22,Defender
21906,Player_21906,17,28,Batsman
21907,Player_21907,17,33,All-Rounder
21908,Player_21908,16,37,Batsman
21909,Player_21909,20,35,All-Rounder
21910,Player_21910,8,32,All-Rounder
21911,Player_21911,15,18,Defender
21912,Player_21912,1,25,Batsman
21913,Player_21913,19,21,Goalkeeper
21914,Player_21914,15,26,Defender
21915,Player_21915,9,36,Batsman
21916,Player_21916,5,24,Batsman
21917,Player_21917,16,32,Batsman
21918,Player_21918,13,20,Goalkeeper
21919,Player_21919,16,29,Defender
21920,Player_21920,11,19,Goalkeeper
21921,Player_21921,13,36,All-Rounder
21922,Player_21922,6,24,Bowler
21923,Player_21923,20,28,Goalkeeper
21924,Player_21924,17,36,All-Rounder
21925,Player_21925,5,25,Goalkeeper
21926,Player_21926,17,30,Batsman
21927,Player_21927,1,26,Bowler
21928,Player_21928,5,19,Bowler
21929,Player_21929,5,35,All-Rounder
21930,Player_21930,7,32,Goalkeeper
21931,Player_21931,16,28,Goalkeeper
21932,Player_21932,18,32,Goalkeeper
21933,Player_21933,6,38,All-Rounder
21934,Player_21934,2,35,Goalkeeper
21935,Player_21935,13,31,Bowler
21936,Player_21936,10,38,Bowler
21937,Player_21937,20,36,Defender
21938,Player_21938,11,30,Goalkeeper
21939,Player_21939,2,33,Goalkeeper
21940,Player_21940,8,19,Bowler
21941,Player_21941,19,19,Bowler
21942,Player_21942,20,34,Batsman
21943,Player_21943,17,39,Batsman
21944,Player_21944,16,39,Defender
21945,Player_21945,10,37,Bowler
21946,Player_21946,5,35,Defender
21947,Player_21947,14,27,Goalkeeper
21948,Player_21948,19,29,Goalkeeper
21949,Player_21949,4,20,Bowler
21950,Player_21950,20,23,All-Rounder
21951,Player_21951,16,37,Defender
21952,Player_21952,15,22,All-Rounder
21953,Player_21953,9,38,Goalkeeper
21954,Player_21954,3,25,Defender
21955,Player_21955,9,35,Goalkeeper
21956,Player_21956,18,33,Batsman
21957,Player_21957,4,31,Bowler
21958,Player_21958,19,23,Batsman
21959,Player_21959,4,28,Defender
21960,Player_21960,9,23,Batsman
21961,Player_21961,1,22,Defender
21962,Player_21962,1,32,All-Rounder
21963,Player_21963,20,23,Bowler
21964,Player_21964,19,38,All-Rounder
21965,Player_21965,3,33,Goalkeeper
21966,Player_21966,10,35,Bowler
21967,Player_21967,12,38,Batsman
21968,Player_21968,18,18,Defender
21969,Player_21969,14,20,Bowler
21970,Player_21970,10,37,Goalkeeper
21971,Player_21971,10,20,All-Rounder
21972,Player_21972,18,24,Goalkeeper
21973,Player_21973,1,31,Batsman
21974,Player_21974,15,35,Defender
21975,Player_21975,8,32,Defender
21976,Player_21976,3,30,Batsman
21977,Player_21977,18,36,Defender
21978,Player_21978,9,39,Bowler
21979,Player_21979,16,19,Bowler
21980,Player_21980,15,24,Batsman
21981,Player_21981,5,30,Batsman
21982,Player_21982,13,21,Goalkeeper
21983,Player_21983,20,23,Defender
21984,Player_21984,7,35,All-Rounder
21985,Player_21985,16,36,Batsman
21986,Player_21986,7,32,Goalkeeper
21987,Player_21987,16,20,Batsman
21988,Player_21988,13,37,Batsman
21989,Player_21989,17,34,Bowler
21990,Player_21990,9,33,Defender
21991,Player_21991,12,30,Batsman
21992,Player_21992,13,39,Defender
21993,Player_21993,9,39,Goalkeeper
21994,Player_21994,5,37,Batsman
21995,Player_21995,7,25,All-Rounder
21996,Player_21996,1,38,Bowler
21997,Player_21997,4,31,All-Rounder
21998,Player_21998,4,21,Bowler
21999,Player_21999,16,24,Batsman
22000,Player_22000,5,27,Batsman
22001,Player_22001,4,32,Defender
22002,Player_22002,6,33,Bowler
22003,Player_22003,3,25,Goalkeeper
22004,Player_22004,8,19,All-Rounder
22005,Player_22005,17,34,Goalkeeper
22006,Player_22006,18,23,Bowler
22007,Player_22007,18,33,Goalkeeper
22008,Player_22008,12,19,Bowler
22009,Player_22009,1,38,Defender
22010,Player_22010,12,35,Defender
22011,Player_22011,11,28,Goalkeeper
22012,Player_22012,13,29,Goalkeeper
22013,Player_22013,3,22,Bowler
22014,Player_22014,8,19,Defender
22015,Player_22015,3,39,Goalkeeper
22016,Player_22016,17,35,Bowler
22017,Player_22017,13,39,Bowler
22018,Player_22018,10,23,Goalkeeper
22019,Player_22019,17,18,All-Rounder
22020,Player_22020,3,26,Batsman
22021,Player_22021,13,32,Bowler
22022,Player_22022,6,25,Defender
22023,Player_22023,14,31,Batsman
22024,Player_22024,10,21,Bowler
22025,Player_22025,20,24,All-Rounder
22026,Player_22026,16,37,Batsman
22027,Player_22027,18,25,Defender
22028,Player_22028,13,27,Batsman
22029,Player_22029,10,35,Goalkeeper
22030,Player_22030,6,35,Bowler
22031,Player_22031,10,36,Goalkeeper
22032,Player_22032,5,21,All-Rounder
22033,Player_22033,6,30,Batsman
22034,Player_22034,7,23,Goalkeeper
22035,Player_22035,11,38,All-Rounder
22036,Player_22036,16,30,Goalkeeper
22037,Player_22037,12,39,Defender
22038,Player_22038,12,33,Goalkeeper
22039,Player_22039,20,37,Bowler
22040,Player_22040,5,27,Goalkeeper
22041,Player_22041,16,26,Goalkeeper
22042,Player_22042,6,24,Goalkeeper
22043,Player_22043,9,34,Goalkeeper
22044,Player_22044,5,37,Goalkeeper
22045,Player_22045,16,24,Batsman
22046,Player_22046,18,19,Batsman
22047,Player_22047,19,36,Defender
22048,Player_22048,12,18,Batsman
22049,Player_22049,2,19,All-Rounder
22050,Player_22050,10,22,Bowler
22051,Player_22051,12,35,Goalkeeper
22052,Player_22052,14,23,Goalkeeper
22053,Player_22053,18,23,Goalkeeper
22054,Player_22054,19,39,Defender
22055,Player_22055,6,33,Defender
22056,Player_22056,5,33,All-Rounder
22057,Player_22057,16,20,Goalkeeper
22058,Player_22058,14,20,Defender
22059,Player_22059,13,21,Goalkeeper
22060,Player_22060,2,23,Batsman
22061,Player_22061,2,20,Goalkeeper
22062,Player_22062,12,26,All-Rounder
22063,Player_22063,1,20,All-Rounder
22064,Player_22064,19,23,Defender
22065,Player_22065,16,38,Goalkeeper
22066,Player_22066,7,37,All-Rounder
22067,Player_22067,7,26,Batsman
22068,Player_22068,16,32,Defender
22069,Player_22069,6,26,Batsman
22070,Player_22070,18,22,All-Rounder
22071,Player_22071,1,38,Defender
22072,Player_22072,1,33,Goalkeeper
22073,Player_22073,14,20,Bowler
22074,Player_22074,6,26,Goalkeeper
22075,Player_22075,6,34,Goalkeeper
22076,Player_22076,4,20,Batsman
22077,Player_22077,12,24,Goalkeeper
22078,Player_22078,18,24,Bowler
22079,Player_22079,10,38,Defender
22080,Player_22080,3,23,Defender
22081,Player_22081,3,37,Bowler
22082,Player_22082,8,25,Batsman
22083,Player_22083,1,21,Bowler
22084,Player_22084,18,32,Defender
22085,Player_22085,15,23,Bowler
22086,Player_22086,20,33,Batsman
22087,Player_22087,17,22,Goalkeeper
22088,Player_22088,11,29,Goalkeeper
22089,Player_22089,13,31,Defender
22090,Player_22090,20,23,Batsman
22091,Player_22091,10,20,Goalkeeper
22092,Player_22092,13,36,Goalkeeper
22093,Player_22093,17,27,Goalkeeper
22094,Player_22094,1,24,All-Rounder
22095,Player_22095,20,30,Goalkeeper
22096,Player_22096,16,18,All-Rounder
22097,Player_22097,16,18,Bowler
22098,Player_22098,3,34,Defender
22099,Player_22099,2,39,Defender
22100,Player_22100,6,21,All-Rounder
22101,Player_22101,11,31,Batsman
22102,Player_22102,3,23,All-Rounder
22103,Player_22103,1,31,Goalkeeper
22104,Player_22104,11,32,Batsman
22105,Player_22105,13,18,Defender
22106,Player_22106,5,37,Bowler
22107,Player_22107,18,33,Bowler
22108,Player_22108,15,21,All-Rounder
22109,Player_22109,18,19,All-Rounder
22110,Player_22110,15,18,All-Rounder
22111,Player_22111,20,30,All-Rounder
22112,Player_22112,20,33,Defender
22113,Player_22113,20,25,Goalkeeper
22114,Player_22114,7,39,Defender
22115,Player_22115,17,21,Bowler
22116,Player_22116,8,19,Bowler
22117,Player_22117,13,30,Bowler
22118,Player_22118,16,22,Goalkeeper
22119,Player_22119,10,37,Goalkeeper
22120,Player_22120,14,38,Batsman
22121,Player_22121,6,30,Goalkeeper
22122,Player_22122,20,22,Bowler
22123,Player_22123,7,33,Goalkeeper
22124,Player_22124,6,23,Goalkeeper
22125,Player_22125,17,33,Goalkeeper
22126,Player_22126,8,39,All-Rounder
22127,Player_22127,12,30,Goalkeeper
22128,Player_22128,4,28,All-Rounder
22129,Player_22129,10,38,Bowler
22130,Player_22130,6,18,Batsman
22131,Player_22131,7,21,Defender
22132,Player_22132,8,20,Batsman
22133,Player_22133,3,35,Defender
22134,Player_22134,8,33,Bowler
22135,Player_22135,15,30,All-Rounder
22136,Player_22136,1,30,Goalkeeper
22137,Player_22137,13,24,All-Rounder
22138,Player_22138,18,32,Defender
22139,Player_22139,15,32,Goalkeeper
22140,Player_22140,7,22,Defender
22141,Player_22141,15,34,Defender
22142,Player_22142,3,39,Goalkeeper
22143,Player_22143,14,39,Batsman
22144,Player_22144,20,28,Batsman
22145,Player_22145,4,30,Defender
22146,Player_22146,4,27,Bowler
22147,Player_22147,3,32,All-Rounder
22148,Player_22148,5,19,Batsman
22149,Player_22149,11,28,Goalkeeper
22150,Player_22150,8,28,Defender
22151,Player_22151,2,39,All-Rounder
22152,Player_22152,16,18,All-Rounder
22153,Player_22153,10,25,Defender
22154,Player_22154,18,34,All-Rounder
22155,Player_22155,7,25,Bowler
22156,Player_22156,5,30,Defender
22157,Player_22157,7,22,All-Rounder
22158,Player_22158,6,23,All-Rounder
22159,Player_22159,1,37,Batsman
22160,Player_22160,11,31,All-Rounder
22161,Player_22161,13,34,All-Rounder
22162,Player_22162,12,33,Batsman
22163,Player_22163,1,26,Defender
22164,Player_22164,15,36,Batsman
22165,Player_22165,1,19,Goalkeeper
22166,Player_22166,3,21,Goalkeeper
22167,Player_22167,15,37,Bowler
22168,Player_22168,9,26,All-Rounder
22169,Player_22169,14,21,Goalkeeper
22170,Player_22170,8,22,Defender
22171,Player_22171,4,23,Defender
22172,Player_22172,20,37,Goalkeeper
22173,Player_22173,20,18,Batsman
22174,Player_22174,6,30,Bowler
22175,Player_22175,1,35,Batsman
22176,Player_22176,18,20,Bowler
22177,Player_22177,6,37,Goalkeeper
22178,Player_22178,14,22,Batsman
22179,Player_22179,11,30,Goalkeeper
22180,Player_22180,17,27,Bowler
22181,Player_22181,9,20,Defender
22182,Player_22182,7,28,Batsman
22183,Player_22183,14,18,Goalkeeper
22184,Player_22184,17,32,Bowler
22185,Player_22185,8,21,Defender
22186,Player_22186,16,32,Batsman
22187,Player_22187,12,24,Bowler
22188,Player_22188,12,32,Batsman
22189,Player_22189,5,21,Batsman
22190,Player_22190,5,20,All-Rounder
22191,Player_22191,14,31,Goalkeeper
22192,Player_22192,6,23,All-Rounder
22193,Player_22193,7,18,Batsman
22194,Player_22194,17,26,Bowler
22195,Player_22195,9,29,Goalkeeper
22196,Player_22196,13,35,Bowler
22197,Player_22197,9,20,Bowler
22198,Player_22198,16,38,Defender
22199,Player_22199,4,36,Batsman
22200,Player_22200,2,20,Bowler
22201,Player_22201,13,31,Batsman
22202,Player_22202,13,21,All-Rounder
22203,Player_22203,19,30,All-Rounder
22204,Player_22204,12,30,Bowler
22205,Player_22205,4,19,Batsman
22206,Player_22206,10,38,Defender
22207,Player_22207,16,19,Goalkeeper
22208,Player_22208,19,27,All-Rounder
22209,Player_22209,8,28,All-Rounder
22210,Player_22210,6,32,Defender
22211,Player_22211,4,20,Bowler
22212,Player_22212,7,31,All-Rounder
22213,Player_22213,14,35,All-Rounder
22214,Player_22214,13,36,Goalkeeper
22215,Player_22215,5,36,Defender
22216,Player_22216,9,18,Defender
22217,Player_22217,3,36,Batsman
22218,Player_22218,10,20,Defender
22219,Player_22219,15,37,Goalkeeper
22220,Player_22220,20,25,Defender
22221,Player_22221,17,34,Batsman
22222,Player_22222,6,18,Goalkeeper
22223,Player_22223,3,23,All-Rounder
22224,Player_22224,18,34,Bowler
22225,Player_22225,5,38,All-Rounder
22226,Player_22226,13,18,Batsman
22227,Player_22227,1,30,Goalkeeper
22228,Player_22228,17,29,All-Rounder
22229,Player_22229,3,22,Batsman
22230,Player_22230,19,39,All-Rounder
22231,Player_22231,20,37,Bowler
22232,Player_22232,12,30,All-Rounder
22233,Player_22233,8,25,All-Rounder
22234,Player_22234,8,29,All-Rounder
22235,Player_22235,15,26,Batsman
22236,Player_22236,11,34,Goalkeeper
22237,Player_22237,20,31,Defender
22238,Player_22238,1,24,Batsman
22239,Player_22239,16,21,Defender
22240,Player_22240,14,24,Defender
22241,Player_22241,7,34,All-Rounder
22242,Player_22242,6,34,Bowler
22243,Player_22243,4,18,Defender
22244,Player_22244,8,19,Defender
22245,Player_22245,19,35,All-Rounder
22246,Player_22246,3,26,Bowler
22247,Player_22247,4,22,All-Rounder
22248,Player_22248,13,18,Defender
22249,Player_22249,2,24,Batsman
22250,Player_22250,11,19,Defender
22251,Player_22251,16,20,Batsman
22252,Player_22252,10,21,Goalkeeper
22253,Player_22253,15,20,Bowler
22254,Player_22254,10,36,Goalkeeper
22255,Player_22255,2,29,All-Rounder
22256,Player_22256,6,32,Defender
22257,Player_22257,14,21,Goalkeeper
22258,Player_22258,2,18,Bowler
22259,Player_22259,10,33,Batsman
22260,Player_22260,17,23,Batsman
22261,Player_22261,8,34,All-Rounder
22262,Player_22262,16,22,All-Rounder
22263,Player_22263,14,30,Defender
22264,Player_22264,10,29,Goalkeeper
22265,Player_22265,13,18,Defender
22266,Player_22266,1,29,Batsman
22267,Player_22267,10,39,Batsman
22268,Player_22268,12,19,Goalkeeper
22269,Player_22269,17,35,Defender
22270,Player_22270,14,26,All-Rounder
22271,Player_22271,5,33,Goalkeeper
22272,Player_22272,19,37,All-Rounder
22273,Player_22273,5,32,Goalkeeper
22274,Player_22274,15,39,All-Rounder
22275,Player_22275,13,27,Bowler
22276,Player_22276,17,19,Batsman
22277,Player_22277,1,21,Goalkeeper
22278,Player_22278,14,35,Bowler
22279,Player_22279,4,36,Goalkeeper
22280,Player_22280,9,35,Batsman
22281,Player_22281,17,31,Batsman
22282,Player_22282,3,25,All-Rounder
22283,Player_22283,13,22,Batsman
22284,Player_22284,12,22,Batsman
22285,Player_22285,16,25,Batsman
22286,Player_22286,4,28,Defender
22287,Player_22287,18,38,Defender
22288,Player_22288,3,24,Batsman
22289,Player_22289,17,30,Defender
22290,Player_22290,1,34,Goalkeeper
22291,Player_22291,19,36,Bowler
22292,Player_22292,4,20,Bowler
22293,Player_22293,17,19,Defender
22294,Player_22294,7,23,Bowler
22295,Player_22295,2,36,Defender
22296,Player_22296,12,32,All-Rounder
22297,Player_22297,5,21,Batsman
22298,Player_22298,16,36,Bowler
22299,Player_22299,8,24,Batsman
22300,Player_22300,8,37,Bowler
22301,Player_22301,13,38,Goalkeeper
22302,Player_22302,14,31,Goalkeeper
22303,Player_22303,11,24,Defender
22304,Player_22304,6,37,Batsman
22305,Player_22305,16,31,Defender
22306,Player_22306,15,39,All-Rounder
22307,Player_22307,16,39,Defender
22308,Player_22308,13,22,Defender
22309,Player_22309,12,32,Defender
22310,Player_22310,18,29,Bowler
22311,Player_22311,18,34,Bowler
22312,Player_22312,14,38,All-Rounder
22313,Player_22313,2,22,Batsman
22314,Player_22314,2,36,Goalkeeper
22315,Player_22315,3,27,Batsman
22316,Player_22316,8,29,Goalkeeper
22317,Player_22317,11,19,Bowler
22318,Player_22318,12,34,Defender
22319,Player_22319,4,22,All-Rounder
22320,Player_22320,9,32,All-Rounder
22321,Player_22321,17,37,All-Rounder
22322,Player_22322,16,30,Batsman
22323,Player_22323,17,37,Bowler
22324,Player_22324,15,28,Bowler
22325,Player_22325,20,35,Defender
22326,Player_22326,7,26,Batsman
22327,Player_22327,10,33,Defender
22328,Player_22328,4,32,Goalkeeper
22329,Player_22329,14,21,Bowler
22330,Player_22330,14,29,All-Rounder
22331,Player_22331,14,30,Defender
22332,Player_22332,14,26,Goalkeeper
22333,Player_22333,20,32,All-Rounder
22334,Player_22334,18,35,All-Rounder
22335,Player_22335,15,37,Defender
22336,Player_22336,19,39,Defender
22337,Player_22337,13,24,Defender
22338,Player_22338,12,38,Bowler
22339,Player_22339,19,29,Batsman
22340,Player_22340,19,27,Defender
22341,Player_22341,20,24,Bowler
22342,Player_22342,2,31,Batsman
22343,Player_22343,3,32,Goalkeeper
22344,Player_22344,10,21,Batsman
22345,Player_22345,5,25,Bowler
22346,Player_22346,12,36,Bowler
22347,Player_22347,7,36,Batsman
22348,Player_22348,9,22,Batsman
22349,Player_22349,2,39,Bowler
22350,Player_22350,10,20,Bowler
22351,Player_22351,6,27,Goalkeeper
22352,Player_22352,12,32,Bowler
22353,Player_22353,6,19,Bowler
22354,Player_22354,3,38,All-Rounder
22355,Player_22355,10,27,All-Rounder
22356,Player_22356,9,39,All-Rounder
22357,Player_22357,20,33,Defender
22358,Player_22358,5,20,Defender
22359,Player_22359,3,24,Bowler
22360,Player_22360,5,36,All-Rounder
22361,Player_22361,8,32,Goalkeeper
22362,Player_22362,8,29,Goalkeeper
22363,Player_22363,14,19,Goalkeeper
22364,Player_22364,17,30,Bowler
22365,Player_22365,11,37,All-Rounder
22366,Player_22366,16,36,Bowler
22367,Player_22367,6,24,Bowler
22368,Player_22368,11,20,Goalkeeper
22369,Player_22369,10,23,All-Rounder
22370,Player_22370,9,18,Defender
22371,Player_22371,15,38,Batsman
22372,Player_22372,7,19,Bowler
22373,Player_22373,18,18,All-Rounder
22374,Player_22374,1,21,Batsman
22375,Player_22375,15,22,Batsman
22376,Player_22376,2,19,Defender
22377,Player_22377,2,33,Defender
22378,Player_22378,10,25,Bowler
22379,Player_22379,20,32,Bowler
22380,Player_22380,15,28,All-Rounder
22381,Player_22381,10,27,Defender
22382,Player_22382,19,20,Defender
22383,Player_22383,13,28,All-Rounder
22384,Player_22384,11,34,Defender
22385,Player_22385,2,27,Goalkeeper
22386,Player_22386,13,34,Batsman
22387,Player_22387,1,31,Goalkeeper
22388,Player_22388,5,18,Batsman
22389,Player_22389,7,26,All-Rounder
22390,Player_22390,13,32,All-Rounder
22391,Player_22391,13,21,Batsman
22392,Player_22392,20,37,Batsman
22393,Player_22393,6,38,Batsman
22394,Player_22394,20,20,Batsman
22395,Player_22395,12,37,Bowler
22396,Player_22396,8,38,Defender
22397,Player_22397,9,24,Defender
22398,Player_22398,18,38,All-Rounder
22399,Player_22399,11,39,Bowler
22400,Player_22400,20,20,Batsman
22401,Player_22401,11,39,Bowler
22402,Player_22402,15,39,Batsman
22403,Player_22403,9,32,Defender
22404,Player_22404,3,27,Batsman
22405,Player_22405,17,33,Defender
22406,Player_22406,17,34,Batsman
22407,Player_22407,3,36,All-Rounder
22408,Player_22408,19,18,Defender
22409,Player_22409,9,18,All-Rounder
22410,Player_22410,17,38,Bowler
22411,Player_22411,18,31,Batsman
22412,Player_22412,15,19,Bowler
22413,Player_22413,1,19,Batsman
22414,Player_22414,10,37,Defender
22415,Player_22415,8,27,Batsman
22416,Player_22416,10,32,Goalkeeper
22417,Player_22417,2,32,Goalkeeper
22418,Player_22418,19,24,Goalkeeper
22419,Player_22419,14,25,All-Rounder
22420,Player_22420,8,28,Goalkeeper
22421,Player_22421,19,33,Batsman
22422,Player_22422,1,24,Bowler
22423,Player_22423,16,37,All-Rounder
22424,Player_22424,15,26,Defender
22425,Player_22425,20,36,All-Rounder
22426,Player_22426,5,18,Bowler
22427,Player_22427,3,35,Goalkeeper
22428,Player_22428,17,25,Bowler
22429,Player_22429,10,25,All-Rounder
22430,Player_22430,5,39,All-Rounder
22431,Player_22431,11,25,All-Rounder
22432,Player_22432,6,31,Bowler
22433,Player_22433,4,19,Batsman
22434,Player_22434,7,20,Batsman
22435,Player_22435,19,24,Goalkeeper
22436,Player_22436,7,20,Defender
22437,Player_22437,14,32,Bowler
22438,Player_22438,17,28,Batsman
22439,Player_22439,17,19,Goalkeeper
22440,Player_22440,13,39,Defender
22441,Player_22441,1,35,Goalkeeper
22442,Player_22442,2,31,Goalkeeper
22443,Player_22443,18,35,Defender
22444,Player_22444,4,19,All-Rounder
22445,Player_22445,13,21,Batsman
22446,Player_22446,1,31,Batsman
22447,Player_22447,4,24,Defender
22448,Player_22448,2,32,Batsman
22449,Player_22449,4,23,Bowler
22450,Player_22450,16,22,Bowler
22451,Player_22451,4,37,Bowler
22452,Player_22452,9,35,Defender
22453,Player_22453,17,28,Goalkeeper
22454,Player_22454,20,25,Goalkeeper
22455,Player_22455,2,29,All-Rounder
22456,Player_22456,3,35,All-Rounder
22457,Player_22457,15,32,Bowler
22458,Player_22458,7,25,Bowler
22459,Player_22459,4,21,Defender
22460,Player_22460,12,38,Bowler
22461,Player_22461,1,32,Bowler
22462,Player_22462,17,28,Bowler
22463,Player_22463,4,18,Batsman
22464,Player_22464,4,19,Goalkeeper
22465,Player_22465,9,25,Batsman
22466,Player_22466,10,33,Bowler
22467,Player_22467,19,18,Bowler
22468,Player_22468,19,20,Batsman
22469,Player_22469,15,35,Batsman
22470,Player_22470,17,33,Defender
22471,Player_22471,7,38,Defender
22472,Player_22472,3,37,Bowler
22473,Player_22473,5,37,Batsman
22474,Player_22474,16,30,Defender
22475,Player_22475,7,37,All-Rounder
22476,Player_22476,16,21,Batsman
22477,Player_22477,9,21,Goalkeeper
22478,Player_22478,1,39,All-Rounder
22479,Player_22479,3,19,All-Rounder
22480,Player_22480,8,30,Batsman
22481,Player_22481,18,30,Bowler
22482,Player_22482,18,37,Goalkeeper
22483,Player_22483,19,24,Defender
22484,Player_22484,7,24,Defender
22485,Player_22485,20,34,Bowler
22486,Player_22486,6,27,Goalkeeper
22487,Player_22487,11,29,Goalkeeper
22488,Player_22488,5,39,All-Rounder
22489,Player_22489,12,33,All-Rounder
22490,Player_22490,1,19,Goalkeeper
22491,Player_22491,19,39,Batsman
22492,Player_22492,11,38,Batsman
22493,Player_22493,15,26,Batsman
22494,Player_22494,16,29,Goalkeeper
22495,Player_22495,3,34,Defender
22496,Player_22496,11,33,Batsman
22497,Player_22497,11,22,Defender
22498,Player_22498,10,36,Batsman
22499,Player_22499,2,34,Goalkeeper
22500,Player_22500,20,39,Batsman
22501,Player_22501,5,20,Defender
22502,Player_22502,8,34,Bowler
22503,Player_22503,13,32,Defender
22504,Player_22504,15,36,Bowler
22505,Player_22505,2,32,Defender
22506,Player_22506,12,35,Batsman
22507,Player_22507,8,29,Batsman
22508,Player_22508,19,29,Defender
22509,Player_22509,1,20,Batsman
22510,Player_22510,8,28,Batsman
22511,Player_22511,10,27,Goalkeeper
22512,Player_22512,13,39,All-Rounder
22513,Player_22513,5,32,All-Rounder
22514,Player_22514,9,28,Defender
22515,Player_22515,10,18,All-Rounder
22516,Player_22516,14,37,Bowler
22517,Player_22517,11,21,Defender
22518,Player_22518,14,38,Defender
22519,Player_22519,3,38,Bowler
22520,Player_22520,16,25,All-Rounder
22521,Player_22521,20,37,Bowler
22522,Player_22522,17,30,Batsman
22523,Player_22523,5,34,Defender
22524,Player_22524,7,32,Goalkeeper
22525,Player_22525,17,38,Bowler
22526,Player_22526,20,18,Defender
22527,Player_22527,11,20,Defender
22528,Player_22528,12,38,Bowler
22529,Player_22529,2,34,Goalkeeper
22530,Player_22530,19,39,Defender
22531,Player_22531,5,39,Batsman
22532,Player_22532,11,21,Batsman
22533,Player_22533,19,25,Batsman
22534,Player_22534,7,32,Goalkeeper
22535,Player_22535,6,25,All-Rounder
22536,Player_22536,11,31,Batsman
22537,Player_22537,14,23,Bowler
22538,Player_22538,4,39,All-Rounder
22539,Player_22539,8,32,Bowler
22540,Player_22540,9,37,Goalkeeper
22541,Player_22541,2,39,Batsman
22542,Player_22542,11,26,Defender
22543,Player_22543,20,22,Batsman
22544,Player_22544,7,30,Goalkeeper
22545,Player_22545,4,24,Batsman
22546,Player_22546,14,34,Batsman
22547,Player_22547,1,25,Batsman
22548,Player_22548,12,22,Goalkeeper
22549,Player_22549,19,24,Batsman
22550,Player_22550,5,25,Defender
22551,Player_22551,8,24,Defender
22552,Player_22552,11,39,All-Rounder
22553,Player_22553,4,29,All-Rounder
22554,Player_22554,15,23,All-Rounder
22555,Player_22555,20,38,All-Rounder
22556,Player_22556,12,38,Defender
22557,Player_22557,20,21,All-Rounder
22558,Player_22558,10,20,Bowler
22559,Player_22559,16,22,Goalkeeper
22560,Player_22560,8,36,Goalkeeper
22561,Player_22561,20,25,Defender
22562,Player_22562,8,22,Goalkeeper
22563,Player_22563,6,30,Goalkeeper
22564,Player_22564,3,27,Batsman
22565,Player_22565,8,23,All-Rounder
22566,Player_22566,10,18,All-Rounder
22567,Player_22567,5,28,Batsman
22568,Player_22568,11,37,Defender
22569,Player_22569,4,26,Bowler
22570,Player_22570,17,33,Defender
22571,Player_22571,3,32,Bowler
22572,Player_22572,18,22,Bowler
22573,Player_22573,8,32,Batsman
22574,Player_22574,12,18,Defender
22575,Player_22575,16,32,All-Rounder
22576,Player_22576,14,21,Defender
22577,Player_22577,16,33,Defender
22578,Player_22578,4,39,Bowler
22579,Player_22579,1,24,Bowler
22580,Player_22580,1,25,All-Rounder
22581,Player_22581,15,38,All-Rounder
22582,Player_22582,20,39,Bowler
22583,Player_22583,20,19,Defender
22584,Player_22584,3,29,Bowler
22585,Player_22585,14,19,Goalkeeper
22586,Player_22586,9,31,Goalkeeper
22587,Player_22587,19,36,Bowler
22588,Player_22588,8,37,All-Rounder
22589,Player_22589,2,23,Bowler
22590,Player_22590,4,39,Defender
22591,Player_22591,1,36,Goalkeeper
22592,Player_22592,11,34,Batsman
22593,Player_22593,5,20,All-Rounder
22594,Player_22594,2,37,Batsman
22595,Player_22595,13,27,All-Rounder
22596,Player_22596,17,30,Batsman
22597,Player_22597,17,37,Batsman
22598,Player_22598,18,35,Bowler
22599,Player_22599,9,36,All-Rounder
22600,Player_22600,6,34,Goalkeeper
22601,Player_22601,20,25,Batsman
22602,Player_22602,3,35,Bowler
22603,Player_22603,8,24,Defender
22604,Player_22604,3,28,All-Rounder
22605,Player_22605,1,20,All-Rounder
22606,Player_22606,20,19,Goalkeeper
22607,Player_22607,13,36,Batsman
22608,Player_22608,5,28,Bowler
22609,Player_22609,16,25,Batsman
22610,Player_22610,16,28,Bowler
22611,Player_22611,12,19,Goalkeeper
22612,Player_22612,13,29,Batsman
22613,Player_22613,4,26,Defender
22614,Player_22614,9,23,Goalkeeper
22615,Player_22615,16,29,Goalkeeper
22616,Player_22616,1,35,All-Rounder
22617,Player_22617,5,22,Bowler
22618,Player_22618,5,39,Batsman
22619,Player_22619,19,34,Bowler
22620,Player_22620,9,33,Goalkeeper
22621,Player_22621,8,29,Batsman
22622,Player_22622,19,19,Defender
22623,Player_22623,18,33,Bowler
22624,Player_22624,15,18,Bowler
22625,Player_22625,4,37,Defender
22626,Player_22626,15,19,Goalkeeper
22627,Player_22627,13,30,Bowler
22628,Player_22628,18,33,All-Rounder
22629,Player_22629,20,18,All-Rounder
22630,Player_22630,5,36,Batsman
22631,Player_22631,18,21,Defender
22632,Player_22632,8,37,Goalkeeper
22633,Player_22633,1,20,All-Rounder
22634,Player_22634,19,19,Batsman
22635,Player_22635,17,29,Batsman
22636,Player_22636,2,30,Bowler
22637,Player_22637,19,35,Goalkeeper
22638,Player_22638,16,22,All-Rounder
22639,Player_22639,18,29,Defender
22640,Player_22640,2,36,Bowler
22641,Player_22641,6,18,All-Rounder
22642,Player_22642,7,26,Batsman
22643,Player_22643,6,18,Defender
22644,Player_22644,6,35,Batsman
22645,Player_22645,9,20,Bowler
22646,Player_22646,8,23,Defender
22647,Player_22647,9,39,Defender
22648,Player_22648,12,21,Bowler
22649,Player_22649,18,29,Batsman
22650,Player_22650,6,29,Defender
22651,Player_22651,4,22,Goalkeeper
22652,Player_22652,7,38,Goalkeeper
22653,Player_22653,18,30,Batsman
22654,Player_22654,20,29,Defender
22655,Player_22655,5,21,Batsman
22656,Player_22656,18,23,Goalkeeper
22657,Player_22657,10,36,Defender
22658,Player_22658,8,23,Defender
22659,Player_22659,1,23,Batsman
22660,Player_22660,15,28,Defender
22661,Player_22661,3,39,Batsman
22662,Player_22662,15,31,All-Rounder
22663,Player_22663,14,20,All-Rounder
22664,Player_22664,1,25,Goalkeeper
22665,Player_22665,8,21,Goalkeeper
22666,Player_22666,7,33,Bowler
22667,Player_22667,9,35,All-Rounder
22668,Player_22668,18,24,All-Rounder
22669,Player_22669,12,28,Bowler
22670,Player_22670,8,25,Batsman
22671,Player_22671,8,37,All-Rounder
22672,Player_22672,6,23,All-Rounder
22673,Player_22673,3,33,Goalkeeper
22674,Player_22674,2,22,Bowler
22675,Player_22675,14,23,Bowler
22676,Player_22676,8,23,Goalkeeper
22677,Player_22677,6,19,All-Rounder
22678,Player_22678,4,24,Defender
22679,Player_22679,5,26,Bowler
22680,Player_22680,13,32,All-Rounder
22681,Player_22681,9,38,Batsman
22682,Player_22682,13,31,Bowler
22683,Player_22683,9,38,Goalkeeper
22684,Player_22684,16,30,Bowler
22685,Player_22685,12,22,Goalkeeper
22686,Player_22686,2,34,Batsman
22687,Player_22687,19,22,All-Rounder
22688,Player_22688,16,20,Goalkeeper
22689,Player_22689,13,26,Goalkeeper
22690,Player_22690,5,26,Batsman
22691,Player_22691,6,39,Defender
22692,Player_22692,17,21,Bowler
22693,Player_22693,17,37,Defender
22694,Player_22694,17,28,Bowler
22695,Player_22695,3,34,Batsman
22696,Player_22696,13,31,Batsman
22697,Player_22697,12,27,Defender
22698,Player_22698,6,22,Batsman
22699,Player_22699,13,38,All-Rounder
22700,Player_22700,14,38,Defender
22701,Player_22701,7,34,Goalkeeper
22702,Player_22702,5,33,Goalkeeper
22703,Player_22703,14,18,Batsman
22704,Player_22704,18,27,Batsman
22705,Player_22705,4,29,Bowler
22706,Player_22706,1,35,Defender
22707,Player_22707,7,18,Defender
22708,Player_22708,20,29,All-Rounder
22709,Player_22709,13,37,Goalkeeper
22710,Player_22710,4,23,Goalkeeper
22711,Player_22711,13,25,All-Rounder
22712,Player_22712,4,31,Bowler
22713,Player_22713,3,22,All-Rounder
22714,Player_22714,8,39,Bowler
22715,Player_22715,20,21,Bowler
22716,Player_22716,8,39,Bowler
22717,Player_22717,17,33,Batsman
22718,Player_22718,15,23,Batsman
22719,Player_22719,4,20,Bowler
22720,Player_22720,6,21,All-Rounder
22721,Player_22721,6,39,All-Rounder
22722,Player_22722,10,25,All-Rounder
22723,Player_22723,4,31,Batsman
22724,Player_22724,9,24,Bowler
22725,Player_22725,16,21,Goalkeeper
22726,Player_22726,7,36,All-Rounder
22727,Player_22727,14,28,Batsman
22728,Player_22728,6,32,Defender
22729,Player_22729,1,33,Bowler
22730,Player_22730,18,23,All-Rounder
22731,Player_22731,12,29,Batsman
22732,Player_22732,15,25,Defender
22733,Player_22733,1,27,Bowler
22734,Player_22734,15,28,Goalkeeper
22735,Player_22735,15,26,Bowler
22736,Player_22736,16,34,Bowler
22737,Player_22737,1,31,All-Rounder
22738,Player_22738,3,20,Bowler
22739,Player_22739,12,26,Defender
22740,Player_22740,7,37,Defender
22741,Player_22741,5,35,Bowler
22742,Player_22742,1,34,Bowler
22743,Player_22743,1,22,Defender
22744,Player_22744,15,37,Defender
22745,Player_22745,8,38,All-Rounder
22746,Player_22746,11,38,Goalkeeper
22747,Player_22747,14,23,Defender
22748,Player_22748,13,20,Goalkeeper
22749,Player_22749,19,33,Goalkeeper
22750,Player_22750,12,32,Defender
22751,Player_22751,19,25,All-Rounder
22752,Player_22752,4,26,Bowler
22753,Player_22753,4,21,Batsman
22754,Player_22754,3,30,Bowler
22755,Player_22755,6,20,Batsman
22756,Player_22756,5,38,Defender
22757,Player_22757,11,24,Bowler
22758,Player_22758,9,33,Bowler
22759,Player_22759,3,34,Batsman
22760,Player_22760,9,34,All-Rounder
22761,Player_22761,12,36,Defender
22762,Player_22762,3,37,Defender
22763,Player_22763,20,34,Defender
22764,Player_22764,17,19,Bowler
22765,Player_22765,12,22,Goalkeeper
22766,Player_22766,18,33,Batsman
22767,Player_22767,4,39,Bowler
22768,Player_22768,10,28,All-Rounder
22769,Player_22769,18,39,All-Rounder
22770,Player_22770,8,23,Bowler
22771,Player_22771,9,28,Batsman
22772,Player_22772,19,18,Defender
22773,Player_22773,13,36,Defender
22774,Player_22774,6,20,Goalkeeper
22775,Player_22775,7,25,Bowler
22776,Player_22776,6,39,Goalkeeper
22777,Player_22777,11,35,All-Rounder
22778,Player_22778,17,30,Defender
22779,Player_22779,19,18,Defender
22780,Player_22780,12,37,Goalkeeper
22781,Player_22781,13,34,Bowler
22782,Player_22782,18,22,Goalkeeper
22783,Player_22783,7,29,All-Rounder
22784,Player_22784,5,28,Bowler
22785,Player_22785,16,35,All-Rounder
22786,Player_22786,4,25,Bowler
22787,Player_22787,1,39,Goalkeeper
22788,Player_22788,4,30,Batsman
22789,Player_22789,3,19,Goalkeeper
22790,Player_22790,4,33,Bowler
22791,Player_22791,1,29,All-Rounder
22792,Player_22792,12,25,Goalkeeper
22793,Player_22793,13,21,Bowler
22794,Player_22794,2,31,All-Rounder
22795,Player_22795,9,26,All-Rounder
22796,Player_22796,7,28,All-Rounder
22797,Player_22797,13,33,Bowler
22798,Player_22798,2,23,All-Rounder
22799,Player_22799,1,29,All-Rounder
22800,Player_22800,18,36,Goalkeeper
22801,Player_22801,7,33,All-Rounder
22802,Player_22802,18,30,Batsman
22803,Player_22803,19,21,Bowler
22804,Player_22804,8,29,All-Rounder
22805,Player_22805,12,21,All-Rounder
22806,Player_22806,11,34,Defender
22807,Player_22807,9,31,Goalkeeper
22808,Player_22808,4,34,All-Rounder
22809,Player_22809,7,18,Goalkeeper
22810,Player_22810,17,37,Goalkeeper
22811,Player_22811,11,18,Batsman
22812,Player_22812,2,39,Bowler
22813,Player_22813,18,19,Batsman
22814,Player_22814,12,34,Bowler
22815,Player_22815,9,39,Defender
22816,Player_22816,11,18,Batsman
22817,Player_22817,5,29,Goalkeeper
22818,Player_22818,7,30,All-Rounder
22819,Player_22819,1,31,Defender
22820,Player_22820,5,27,Bowler
22821,Player_22821,6,29,Batsman
22822,Player_22822,13,39,Defender
22823,Player_22823,11,35,Batsman
22824,Player_22824,8,24,Goalkeeper
22825,Player_22825,20,36,Batsman
22826,Player_22826,2,32,Bowler
22827,Player_22827,15,24,Bowler
22828,Player_22828,10,31,All-Rounder
22829,Player_22829,8,26,All-Rounder
22830,Player_22830,2,22,Bowler
22831,Player_22831,15,18,Bowler
22832,Player_22832,6,33,Bowler
22833,Player_22833,5,22,Defender
22834,Player_22834,3,25,Batsman
22835,Player_22835,11,36,Defender
22836,Player_22836,11,37,Goalkeeper
22837,Player_22837,16,29,All-Rounder
22838,Player_22838,3,25,Batsman
22839,Player_22839,9,25,All-Rounder
22840,Player_22840,3,23,Goalkeeper
22841,Player_22841,19,37,Bowler
22842,Player_22842,11,26,All-Rounder
22843,Player_22843,14,19,Bowler
22844,Player_22844,2,35,All-Rounder
22845,Player_22845,7,18,Goalkeeper
22846,Player_22846,10,28,All-Rounder
22847,Player_22847,10,32,Goalkeeper
22848,Player_22848,20,29,Batsman
22849,Player_22849,1,20,Defender
22850,Player_22850,6,36,Goalkeeper
22851,Player_22851,14,37,All-Rounder
22852,Player_22852,2,36,Batsman
22853,Player_22853,6,27,Goalkeeper
22854,Player_22854,1,33,All-Rounder
22855,Player_22855,3,23,Goalkeeper
22856,Player_22856,4,26,Goalkeeper
22857,Player_22857,13,25,Bowler
22858,Player_22858,3,39,All-Rounder
22859,Player_22859,15,33,Defender
22860,Player_22860,13,25,Goalkeeper
22861,Player_22861,11,39,Batsman
22862,Player_22862,4,35,All-Rounder
22863,Player_22863,17,22,Defender
22864,Player_22864,5,37,All-Rounder
22865,Player_22865,8,29,Defender
22866,Player_22866,10,23,Defender
22867,Player_22867,7,19,Goalkeeper
22868,Player_22868,17,21,Bowler
22869,Player_22869,7,33,All-Rounder
22870,Player_22870,19,31,Batsman
22871,Player_22871,9,34,Batsman
22872,Player_22872,2,36,Bowler
22873,Player_22873,20,21,Batsman
22874,Player_22874,19,35,All-Rounder
22875,Player_22875,6,29,Batsman
22876,Player_22876,10,19,All-Rounder
22877,Player_22877,13,23,Defender
22878,Player_22878,2,23,Goalkeeper
22879,Player_22879,10,20,Bowler
22880,Player_22880,10,25,Bowler
22881,Player_22881,5,29,Batsman
22882,Player_22882,4,20,All-Rounder
22883,Player_22883,2,19,Goalkeeper
22884,Player_22884,7,38,Batsman
22885,Player_22885,18,18,Goalkeeper
22886,Player_22886,17,35,All-Rounder
22887,Player_22887,11,35,Batsman
22888,Player_22888,18,25,Batsman
22889,Player_22889,8,39,Goalkeeper
22890,Player_22890,12,31,Batsman
22891,Player_22891,1,30,Goalkeeper
22892,Player_22892,20,32,All-Rounder
22893,Player_22893,12,32,Goalkeeper
22894,Player_22894,6,30,All-Rounder
22895,Player_22895,3,21,All-Rounder
22896,Player_22896,5,21,Defender
22897,Player_22897,14,22,Goalkeeper
22898,Player_22898,12,20,Bowler
22899,Player_22899,13,29,Defender
22900,Player_22900,13,37,Defender
22901,Player_22901,17,29,Goalkeeper
22902,Player_22902,15,37,Defender
22903,Player_22903,6,24,Defender
22904,Player_22904,12,24,Batsman
22905,Player_22905,2,18,All-Rounder
22906,Player_22906,4,29,Bowler
22907,Player_22907,20,20,Goalkeeper
22908,Player_22908,12,32,Batsman
22909,Player_22909,3,26,Bowler
22910,Player_22910,17,39,Bowler
22911,Player_22911,6,39,Batsman
22912,Player_22912,17,37,Goalkeeper
22913,Player_22913,17,26,All-Rounder
22914,Player_22914,11,31,Batsman
22915,Player_22915,7,20,Defender
22916,Player_22916,2,25,Bowler
22917,Player_22917,19,23,Defender
22918,Player_22918,2,29,Goalkeeper
22919,Player_22919,13,19,All-Rounder
22920,Player_22920,16,20,All-Rounder
22921,Player_22921,17,31,All-Rounder
22922,Player_22922,11,34,Defender
22923,Player_22923,9,20,Goalkeeper
22924,Player_22924,9,21,Defender
22925,Player_22925,14,32,Bowler
22926,Player_22926,13,39,All-Rounder
22927,Player_22927,11,24,Goalkeeper
22928,Player_22928,12,36,Defender
22929,Player_22929,3,31,Defender
22930,Player_22930,1,33,Defender
22931,Player_22931,8,30,Defender
22932,Player_22932,19,37,Defender
22933,Player_22933,13,34,Bowler
22934,Player_22934,7,34,All-Rounder
22935,Player_22935,13,27,Defender
22936,Player_22936,6,24,Bowler
22937,Player_22937,3,37,Goalkeeper
22938,Player_22938,6,34,Goalkeeper
22939,Player_22939,3,39,Bowler
22940,Player_22940,13,29,Bowler
22941,Player_22941,13,28,Bowler
22942,Player_22942,13,27,Goalkeeper
22943,Player_22943,1,39,Defender
22944,Player_22944,8,39,All-Rounder
22945,Player_22945,5,25,Defender
22946,Player_22946,20,32,Batsman
22947,Player_22947,17,39,Bowler
22948,Player_22948,9,35,Defender
22949,Player_22949,13,30,All-Rounder
22950,Player_22950,13,33,Defender
22951,Player_22951,5,30,Batsman
22952,Player_22952,14,21,Batsman
22953,Player_22953,11,28,Defender
22954,Player_22954,14,36,All-Rounder
22955,Player_22955,7,25,Defender
22956,Player_22956,17,27,Bowler
22957,Player_22957,4,29,All-Rounder
22958,Player_22958,10,38,Goalkeeper
22959,Player_22959,10,37,All-Rounder
22960,Player_22960,15,28,Defender
22961,Player_22961,20,37,Defender
22962,Player_22962,12,38,Goalkeeper
22963,Player_22963,9,21,Batsman
22964,Player_22964,3,36,Defender
22965,Player_22965,15,37,Batsman
22966,Player_22966,12,27,Batsman
22967,Player_22967,15,32,Bowler
22968,Player_22968,1,30,Batsman
22969,Player_22969,15,30,All-Rounder
22970,Player_22970,11,38,Batsman
22971,Player_22971,5,35,Bowler
22972,Player_22972,7,24,Defender
22973,Player_22973,12,31,Defender
22974,Player_22974,20,22,Goalkeeper
22975,Player_22975,6,26,Batsman
22976,Player_22976,3,39,All-Rounder
22977,Player_22977,10,34,Goalkeeper
22978,Player_22978,4,22,Goalkeeper
22979,Player_22979,13,33,Bowler
22980,Player_22980,19,26,Defender
22981,Player_22981,5,34,Batsman
22982,Player_22982,18,35,Batsman
22983,Player_22983,1,20,Defender
22984,Player_22984,16,22,Bowler
22985,Player_22985,16,39,Bowler
22986,Player_22986,16,38,Bowler
22987,Player_22987,19,34,All-Rounder
22988,Player_22988,16,37,Batsman
22989,Player_22989,1,39,Bowler
22990,Player_22990,20,21,Bowler
22991,Player_22991,20,21,Defender
22992,Player_22992,10,38,Goalkeeper
22993,Player_22993,2,38,Goalkeeper
22994,Player_22994,14,24,Goalkeeper
22995,Player_22995,8,25,Batsman
22996,Player_22996,6,39,All-Rounder
22997,Player_22997,3,39,Batsman
22998,Player_22998,16,19,Defender
22999,Player_22999,17,27,Bowler
23000,Player_23000,12,22,Batsman
23001,Player_23001,19,34,Goalkeeper
23002,Player_23002,20,24,All-Rounder
23003,Player_23003,3,19,Defender
23004,Player_23004,13,23,Bowler
23005,Player_23005,16,27,All-Rounder
23006,Player_23006,11,26,Batsman
23007,Player_23007,20,22,Batsman
23008,Player_23008,16,20,All-Rounder
23009,Player_23009,20,28,All-Rounder
23010,Player_23010,2,27,Bowler
23011,Player_23011,4,33,Goalkeeper
23012,Player_23012,4,37,All-Rounder
23013,Player_23013,17,36,Bowler
23014,Player_23014,1,18,All-Rounder
23015,Player_23015,1,28,All-Rounder
23016,Player_23016,5,32,Goalkeeper
23017,Player_23017,12,24,Bowler
23018,Player_23018,6,25,Batsman
23019,Player_23019,6,33,Bowler
23020,Player_23020,17,35,Bowler
23021,Player_23021,13,28,Bowler
23022,Player_23022,8,18,Goalkeeper
23023,Player_23023,12,33,Goalkeeper
23024,Player_23024,15,21,Defender
23025,Player_23025,19,23,Batsman
23026,Player_23026,20,28,Goalkeeper
23027,Player_23027,17,23,Goalkeeper
23028,Player_23028,9,27,Bowler
23029,Player_23029,18,23,Bowler
23030,Player_23030,2,27,All-Rounder
23031,Player_23031,11,39,All-Rounder
23032,Player_23032,20,22,All-Rounder
23033,Player_23033,17,26,Goalkeeper
23034,Player_23034,18,24,All-Rounder
23035,Player_23035,15,34,Batsman
23036,Player_23036,7,29,All-Rounder
23037,Player_23037,16,28,Defender
23038,Player_23038,1,23,Defender
23039,Player_23039,18,28,Bowler
23040,Player_23040,8,28,Goalkeeper
23041,Player_23041,7,31,Defender
23042,Player_23042,2,33,Batsman
23043,Player_23043,12,19,Bowler
23044,Player_23044,16,19,Defender
23045,Player_23045,9,22,All-Rounder
23046,Player_23046,20,31,Defender
23047,Player_23047,11,38,Defender
23048,Player_23048,15,27,Bowler
23049,Player_23049,3,27,Goalkeeper
23050,Player_23050,13,35,All-Rounder
23051,Player_23051,13,37,All-Rounder
23052,Player_23052,2,26,All-Rounder
23053,Player_23053,6,21,All-Rounder
23054,Player_23054,6,34,Goalkeeper
23055,Player_23055,12,38,All-Rounder
23056,Player_23056,4,19,Goalkeeper
23057,Player_23057,5,31,Bowler
23058,Player_23058,8,39,Batsman
23059,Player_23059,6,18,Goalkeeper
23060,Player_23060,3,24,All-Rounder
23061,Player_23061,8,21,Bowler
23062,Player_23062,19,26,Bowler
23063,Player_23063,11,20,Defender
23064,Player_23064,18,22,Defender
23065,Player_23065,10,38,Batsman
23066,Player_23066,20,27,Batsman
23067,Player_23067,12,27,Defender
23068,Player_23068,20,21,Defender
23069,Player_23069,8,34,Bowler
23070,Player_23070,19,38,Goalkeeper
23071,Player_23071,16,34,Defender
23072,Player_23072,18,36,All-Rounder
23073,Player_23073,9,23,Goalkeeper
23074,Player_23074,4,18,Goalkeeper
23075,Player_23075,9,31,All-Rounder
23076,Player_23076,2,30,All-Rounder
23077,Player_23077,9,20,All-Rounder
23078,Player_23078,9,19,Bowler
23079,Player_23079,18,39,Defender
23080,Player_23080,11,24,Defender
23081,Player_23081,13,29,Bowler
23082,Player_23082,6,19,Goalkeeper
23083,Player_23083,9,28,Bowler
23084,Player_23084,16,33,Defender
23085,Player_23085,4,22,Batsman
23086,Player_23086,2,34,Bowler
23087,Player_23087,7,20,Batsman
23088,Player_23088,15,31,Batsman
23089,Player_23089,6,33,All-Rounder
23090,Player_23090,11,34,All-Rounder
23091,Player_23091,20,36,All-Rounder
23092,Player_23092,17,21,Batsman
23093,Player_23093,4,38,Defender
23094,Player_23094,19,37,All-Rounder
23095,Player_23095,7,37,All-Rounder
23096,Player_23096,11,26,Goalkeeper
23097,Player_23097,13,28,Batsman
23098,Player_23098,3,22,Batsman
23099,Player_23099,14,28,All-Rounder
23100,Player_23100,2,30,Goalkeeper
23101,Player_23101,18,38,Goalkeeper
23102,Player_23102,5,19,Bowler
23103,Player_23103,13,39,Bowler
23104,Player_23104,13,19,All-Rounder
23105,Player_23105,14,27,Batsman
23106,Player_23106,12,30,Goalkeeper
23107,Player_23107,13,22,Goalkeeper
23108,Player_23108,18,28,Goalkeeper
23109,Player_23109,13,32,Batsman
23110,Player_23110,4,22,Bowler
23111,Player_23111,10,37,All-Rounder
23112,Player_23112,5,22,Bowler
23113,Player_23113,18,24,Goalkeeper
23114,Player_23114,8,27,Goalkeeper
23115,Player_23115,14,19,Batsman
23116,Player_23116,2,18,Batsman
23117,Player_23117,8,37,Batsman
23118,Player_23118,16,18,All-Rounder
23119,Player_23119,7,21,Defender
23120,Player_23120,3,32,Defender
23121,Player_23121,4,32,All-Rounder
23122,Player_23122,7,23,All-Rounder
23123,Player_23123,4,23,All-Rounder
23124,Player_23124,9,18,Bowler
23125,Player_23125,17,24,All-Rounder
23126,Player_23126,17,22,Bowler
23127,Player_23127,20,39,Batsman
23128,Player_23128,14,34,Goalkeeper
23129,Player_23129,14,24,Defender
23130,Player_23130,13,21,Goalkeeper
23131,Player_23131,4,20,Defender
23132,Player_23132,13,29,Batsman
23133,Player_23133,17,32,Defender
23134,Player_23134,15,37,Batsman
23135,Player_23135,18,26,Goalkeeper
23136,Player_23136,11,38,Bowler
23137,Player_23137,4,29,Defender
23138,Player_23138,20,22,All-Rounder
23139,Player_23139,11,25,Bowler
23140,Player_23140,10,32,Bowler
23141,Player_23141,13,24,Batsman
23142,Player_23142,8,36,Goalkeeper
23143,Player_23143,13,30,All-Rounder
23144,Player_23144,9,18,Goalkeeper
23145,Player_23145,1,28,Goalkeeper
23146,Player_23146,1,30,Bowler
23147,Player_23147,15,19,All-Rounder
23148,Player_23148,4,36,Defender
23149,Player_23149,20,28,All-Rounder
23150,Player_23150,1,18,Batsman
23151,Player_23151,12,18,Bowler
23152,Player_23152,11,25,All-Rounder
23153,Player_23153,19,30,Batsman
23154,Player_23154,15,25,Defender
23155,Player_23155,10,19,Goalkeeper
23156,Player_23156,1,25,Goalkeeper
23157,Player_23157,3,31,Batsman
23158,Player_23158,14,19,Bowler
23159,Player_23159,15,30,Goalkeeper
23160,Player_23160,1,22,Bowler
23161,Player_23161,10,18,Bowler
23162,Player_23162,1,26,Goalkeeper
23163,Player_23163,15,37,Defender
23164,Player_23164,3,27,All-Rounder
23165,Player_23165,20,28,Goalkeeper
23166,Player_23166,12,35,All-Rounder
23167,Player_23167,19,34,Bowler
23168,Player_23168,16,23,Defender
23169,Player_23169,8,28,Bowler
23170,Player_23170,14,21,Defender
23171,Player_23171,18,18,Batsman
23172,Player_23172,1,18,Defender
23173,Player_23173,2,39,Defender
23174,Player_23174,12,35,Bowler
23175,Player_23175,17,22,Goalkeeper
23176,Player_23176,2,33,Goalkeeper
23177,Player_23177,17,19,All-Rounder
23178,Player_23178,7,26,Batsman
23179,Player_23179,6,19,Defender
23180,Player_23180,6,22,All-Rounder
23181,Player_23181,8,37,Defender
23182,Player_23182,5,34,Defender
23183,Player_23183,15,36,Batsman
23184,Player_23184,7,27,Batsman
23185,Player_23185,3,25,All-Rounder
23186,Player_23186,10,37,Goalkeeper
23187,Player_23187,3,28,Defender
23188,Player_23188,14,30,Bowler
23189,Player_23189,3,30,All-Rounder
23190,Player_23190,1,26,Defender
23191,Player_23191,1,22,Batsman
23192,Player_23192,19,35,Batsman
23193,Player_23193,4,25,Batsman
23194,Player_23194,2,37,Batsman
23195,Player_23195,11,31,Goalkeeper
23196,Player_23196,12,19,Goalkeeper
23197,Player_23197,13,39,Defender
23198,Player_23198,16,33,Defender
23199,Player_23199,16,18,All-Rounder
23200,Player_23200,19,30,Batsman
23201,Player_23201,20,35,Batsman
23202,Player_23202,20,18,Bowler
23203,Player_23203,9,24,Bowler
23204,Player_23204,16,21,Batsman
23205,Player_23205,7,27,Bowler
23206,Player_23206,13,25,Bowler
23207,Player_23207,4,20,Batsman
23208,Player_23208,13,24,Goalkeeper
23209,Player_23209,8,33,Goalkeeper
23210,Player_23210,2,37,Defender
23211,Player_23211,7,27,Goalkeeper
23212,Player_23212,11,30,Batsman
23213,Player_23213,17,18,Bowler
23214,Player_23214,14,24,Batsman
23215,Player_23215,13,27,All-Rounder
23216,Player_23216,15,29,Bowler
23217,Player_23217,9,31,Batsman
23218,Player_23218,3,39,Defender
23219,Player_23219,13,28,Defender
23220,Player_23220,13,34,Bowler
23221,Player_23221,9,26,Goalkeeper
23222,Player_23222,18,25,Defender
23223,Player_23223,5,27,All-Rounder
23224,Player_23224,11,21,Bowler
23225,Player_23225,2,22,All-Rounder
23226,Player_23226,17,35,Bowler
23227,Player_23227,20,23,Goalkeeper
23228,Player_23228,4,27,Batsman
23229,Player_23229,18,35,Bowler
23230,Player_23230,20,28,Batsman
23231,Player_23231,8,22,Bowler
23232,Player_23232,19,20,Goalkeeper
23233,Player_23233,12,35,All-Rounder
23234,Player_23234,11,21,Batsman
23235,Player_23235,16,25,All-Rounder
23236,Player_23236,5,34,Bowler
23237,Player_23237,3,27,Bowler
23238,Player_23238,12,36,Goalkeeper
23239,Player_23239,15,18,Bowler
23240,Player_23240,16,19,Goalkeeper
23241,Player_23241,13,28,Bowler
23242,Player_23242,7,32,All-Rounder
23243,Player_23243,15,18,Bowler
23244,Player_23244,3,26,Batsman
23245,Player_23245,12,25,Defender
23246,Player_23246,8,18,Batsman
23247,Player_23247,12,27,Batsman
23248,Player_23248,18,34,Goalkeeper
23249,Player_23249,3,35,Bowler
23250,Player_23250,12,33,All-Rounder
23251,Player_23251,2,19,Bowler
23252,Player_23252,14,39,Defender
23253,Player_23253,14,34,Bowler
23254,Player_23254,4,21,Defender
23255,Player_23255,17,24,Defender
23256,Player_23256,15,26,Batsman
23257,Player_23257,16,20,Defender
23258,Player_23258,5,37,Defender
23259,Player_23259,17,38,All-Rounder
23260,Player_23260,7,22,Goalkeeper
23261,Player_23261,15,35,Bowler
23262,Player_23262,17,38,All-Rounder
23263,Player_23263,12,34,Goalkeeper
23264,Player_23264,11,24,Batsman
23265,Player_23265,19,31,All-Rounder
23266,Player_23266,11,32,All-Rounder
23267,Player_23267,2,38,Batsman
23268,Player_23268,15,39,Defender
23269,Player_23269,5,31,Batsman
23270,Player_23270,18,26,Bowler
23271,Player_23271,16,33,Batsman
23272,Player_23272,4,36,All-Rounder
23273,Player_23273,10,18,Batsman
23274,Player_23274,2,25,Bowler
23275,Player_23275,15,35,Defender
23276,Player_23276,4,19,Defender
23277,Player_23277,16,21,Goalkeeper
23278,Player_23278,7,38,Goalkeeper
23279,Player_23279,12,18,Bowler
23280,Player_23280,3,36,Goalkeeper
23281,Player_23281,17,28,Defender
23282,Player_23282,9,23,Defender
23283,Player_23283,8,36,Goalkeeper
23284,Player_23284,6,31,Batsman
23285,Player_23285,15,39,Defender
23286,Player_23286,10,38,Goalkeeper
23287,Player_23287,6,36,Goalkeeper
23288,Player_23288,15,30,Bowler
23289,Player_23289,14,29,Bowler
23290,Player_23290,19,27,Defender
23291,Player_23291,13,36,All-Rounder
23292,Player_23292,14,28,Goalkeeper
23293,Player_23293,3,29,Batsman
23294,Player_23294,4,24,All-Rounder
23295,Player_23295,14,25,Goalkeeper
23296,Player_23296,14,34,All-Rounder
23297,Player_23297,8,20,Goalkeeper
23298,Player_23298,10,23,Goalkeeper
23299,Player_23299,9,29,All-Rounder
23300,Player_23300,14,32,Bowler
23301,Player_23301,8,24,Goalkeeper
23302,Player_23302,11,23,Defender
23303,Player_23303,10,29,All-Rounder
23304,Player_23304,18,29,Bowler
23305,Player_23305,4,21,Batsman
23306,Player_23306,4,38,Goalkeeper
23307,Player_23307,12,26,Goalkeeper
23308,Player_23308,18,34,Defender
23309,Player_23309,8,19,Bowler
23310,Player_23310,3,22,Goalkeeper
23311,Player_23311,18,38,Bowler
23312,Player_23312,7,27,Goalkeeper
23313,Player_23313,1,23,Batsman
23314,Player_23314,13,23,Defender
23315,Player_23315,3,38,Batsman
23316,Player_23316,3,22,Batsman
23317,Player_23317,15,25,All-Rounder
23318,Player_23318,19,38,Batsman
23319,Player_23319,4,39,Defender
23320,Player_23320,13,20,Defender
23321,Player_23321,13,31,Goalkeeper
23322,Player_23322,15,22,Batsman
23323,Player_23323,19,32,Bowler
23324,Player_23324,16,26,All-Rounder
23325,Player_23325,7,32,All-Rounder
23326,Player_23326,3,36,All-Rounder
23327,Player_23327,20,33,Defender
23328,Player_23328,2,25,Defender
23329,Player_23329,18,32,Goalkeeper
23330,Player_23330,11,28,Batsman
23331,Player_23331,1,21,Defender
23332,Player_23332,16,38,All-Rounder
23333,Player_23333,17,27,Defender
23334,Player_23334,16,27,Batsman
23335,Player_23335,10,19,Defender
23336,Player_23336,17,25,Batsman
23337,Player_23337,3,25,Goalkeeper
23338,Player_23338,18,26,Defender
23339,Player_23339,19,19,Batsman
23340,Player_23340,14,31,Batsman
23341,Player_23341,2,37,Bowler
23342,Player_23342,12,19,Goalkeeper
23343,Player_23343,11,21,Defender
23344,Player_23344,17,20,Bowler
23345,Player_23345,6,31,Defender
23346,Player_23346,19,38,All-Rounder
23347,Player_23347,13,33,All-Rounder
23348,Player_23348,7,32,Batsman
23349,Player_23349,11,24,Bowler
23350,Player_23350,7,35,Batsman
23351,Player_23351,13,37,Batsman
23352,Player_23352,13,23,Batsman
23353,Player_23353,1,38,All-Rounder
23354,Player_23354,19,33,Batsman
23355,Player_23355,19,28,Batsman
23356,Player_23356,15,19,Batsman
23357,Player_23357,14,19,Batsman
23358,Player_23358,3,31,Bowler
23359,Player_23359,20,26,Defender
23360,Player_23360,4,29,Bowler
23361,Player_23361,7,20,Goalkeeper
23362,Player_23362,1,39,Bowler
23363,Player_23363,19,22,Goalkeeper
23364,Player_23364,3,26,All-Rounder
23365,Player_23365,20,20,Defender
23366,Player_23366,15,35,Batsman
23367,Player_23367,13,19,Goalkeeper
23368,Player_23368,14,21,All-Rounder
23369,Player_23369,7,30,Defender
23370,Player_23370,1,34,Goalkeeper
23371,Player_23371,13,26,All-Rounder
23372,Player_23372,4,36,Batsman
23373,Player_23373,12,31,All-Rounder
23374,Player_23374,7,30,All-Rounder
23375,Player_23375,2,22,Batsman
23376,Player_23376,17,35,Goalkeeper
23377,Player_23377,1,32,All-Rounder
23378,Player_23378,14,28,Batsman
23379,Player_23379,1,36,Goalkeeper
23380,Player_23380,3,22,Batsman
23381,Player_23381,11,24,Bowler
23382,Player_23382,7,19,Goalkeeper
23383,Player_23383,9,36,Bowler
23384,Player_23384,3,33,All-Rounder
23385,Player_23385,1,20,All-Rounder
23386,Player_23386,19,27,All-Rounder
23387,Player_23387,2,29,Goalkeeper
23388,Player_23388,5,19,Defender
23389,Player_23389,17,25,Goalkeeper
23390,Player_23390,19,26,Goalkeeper
23391,Player_23391,5,37,Defender
23392,Player_23392,14,29,Goalkeeper
23393,Player_23393,10,22,Bowler
23394,Player_23394,7,30,Defender
23395,Player_23395,8,22,Defender
23396,Player_23396,8,32,Bowler
23397,Player_23397,7,38,Defender
23398,Player_23398,13,22,Defender
23399,Player_23399,14,22,Bowler
23400,Player_23400,19,21,Batsman
23401,Player_23401,11,33,Batsman
23402,Player_23402,2,35,Batsman
23403,Player_23403,17,27,Bowler
23404,Player_23404,6,37,All-Rounder
23405,Player_23405,9,20,Goalkeeper
23406,Player_23406,19,27,Defender
23407,Player_23407,5,30,Bowler
23408,Player_23408,9,20,Goalkeeper
23409,Player_23409,7,21,Bowler
23410,Player_23410,4,30,Defender
23411,Player_23411,18,31,All-Rounder
23412,Player_23412,18,21,Bowler
23413,Player_23413,20,29,Goalkeeper
23414,Player_23414,17,33,Goalkeeper
23415,Player_23415,4,27,Defender
23416,Player_23416,16,37,Batsman
23417,Player_23417,5,34,Defender
23418,Player_23418,9,24,Defender
23419,Player_23419,2,21,Batsman
23420,Player_23420,2,29,All-Rounder
23421,Player_23421,4,27,Bowler
23422,Player_23422,20,19,Goalkeeper
23423,Player_23423,20,31,Bowler
23424,Player_23424,17,25,Bowler
23425,Player_23425,20,27,Goalkeeper
23426,Player_23426,19,23,Batsman
23427,Player_23427,3,19,Goalkeeper
23428,Player_23428,5,31,Batsman
23429,Player_23429,10,28,Batsman
23430,Player_23430,6,19,Defender
23431,Player_23431,3,21,All-Rounder
23432,Player_23432,17,23,Defender
23433,Player_23433,10,21,All-Rounder
23434,Player_23434,12,39,Batsman
23435,Player_23435,1,22,Defender
23436,Player_23436,18,23,Bowler
23437,Player_23437,19,26,Goalkeeper
23438,Player_23438,20,39,Goalkeeper
23439,Player_23439,4,39,Goalkeeper
23440,Player_23440,15,33,All-Rounder
23441,Player_23441,9,28,Goalkeeper
23442,Player_23442,6,28,All-Rounder
23443,Player_23443,12,38,All-Rounder
23444,Player_23444,18,38,All-Rounder
23445,Player_23445,15,27,Bowler
23446,Player_23446,19,18,Batsman
23447,Player_23447,9,39,Bowler
23448,Player_23448,13,34,Batsman
23449,Player_23449,16,25,Bowler
23450,Player_23450,13,33,All-Rounder
23451,Player_23451,1,23,Batsman
23452,Player_23452,18,31,Goalkeeper
23453,Player_23453,3,19,Bowler
23454,Player_23454,17,26,Batsman
23455,Player_23455,5,21,Goalkeeper
23456,Player_23456,6,36,Defender
23457,Player_23457,17,34,All-Rounder
23458,Player_23458,17,18,Bowler
23459,Player_23459,1,19,Bowler
23460,Player_23460,7,34,Defender
23461,Player_23461,16,19,Batsman
23462,Player_23462,5,20,Bowler
23463,Player_23463,16,21,Bowler
23464,Player_23464,4,30,Bowler
23465,Player_23465,11,29,Bowler
23466,Player_23466,14,38,Defender
23467,Player_23467,13,22,All-Rounder
23468,Player_23468,8,31,Bowler
23469,Player_23469,20,23,Defender
23470,Player_23470,15,18,Goalkeeper
23471,Player_23471,18,33,Bowler
23472,Player_23472,7,23,Batsman
23473,Player_23473,19,30,Defender
23474,Player_23474,9,30,Batsman
23475,Player_23475,11,28,All-Rounder
23476,Player_23476,10,33,Goalkeeper
23477,Player_23477,14,39,Batsman
23478,Player_23478,16,31,Bowler
23479,Player_23479,8,28,Defender
23480,Player_23480,1,22,Goalkeeper
23481,Player_23481,12,27,Defender
23482,Player_23482,3,38,Goalkeeper
23483,Player_23483,2,32,Batsman
23484,Player_23484,16,24,All-Rounder
23485,Player_23485,4,20,Defender
23486,Player_23486,2,28,Bowler
23487,Player_23487,12,26,Defender
23488,Player_23488,17,27,All-Rounder
23489,Player_23489,20,21,Batsman
23490,Player_23490,10,39,Bowler
23491,Player_23491,20,37,Bowler
23492,Player_23492,8,35,Batsman
23493,Player_23493,18,31,Defender
23494,Player_23494,18,26,Bowler
23495,Player_23495,18,37,Defender
23496,Player_23496,2,33,Defender
23497,Player_23497,12,19,Batsman
23498,Player_23498,10,24,All-Rounder
23499,Player_23499,8,22,All-Rounder
23500,Player_23500,19,38,Defender
23501,Player_23501,10,39,Batsman
23502,Player_23502,11,34,All-Rounder
23503,Player_23503,14,28,Defender
23504,Player_23504,15,21,Bowler
23505,Player_23505,10,34,Bowler
23506,Player_23506,4,38,Goalkeeper
23507,Player_23507,7,22,Goalkeeper
23508,Player_23508,11,21,Goalkeeper
23509,Player_23509,3,27,All-Rounder
23510,Player_23510,5,20,Bowler
23511,Player_23511,2,38,Bowler
23512,Player_23512,12,23,All-Rounder
23513,Player_23513,5,38,Bowler
23514,Player_23514,7,25,Bowler
23515,Player_23515,4,22,Defender
23516,Player_23516,11,25,Bowler
23517,Player_23517,9,27,Defender
23518,Player_23518,4,36,Goalkeeper
23519,Player_23519,9,38,Batsman
23520,Player_23520,12,21,Defender
23521,Player_23521,16,23,Bowler
23522,Player_23522,1,20,Goalkeeper
23523,Player_23523,8,21,Batsman
23524,Player_23524,1,21,Batsman
23525,Player_23525,20,22,Goalkeeper
23526,Player_23526,19,32,Goalkeeper
23527,Player_23527,4,33,Batsman
23528,Player_23528,14,23,Batsman
23529,Player_23529,14,35,Bowler
23530,Player_23530,9,29,Defender
23531,Player_23531,9,37,Defender
23532,Player_23532,17,24,Batsman
23533,Player_23533,15,29,Batsman
23534,Player_23534,10,31,All-Rounder
23535,Player_23535,17,30,Batsman
23536,Player_23536,9,28,Defender
23537,Player_23537,4,28,Bowler
23538,Player_23538,14,19,All-Rounder
23539,Player_23539,3,31,Defender
23540,Player_23540,12,32,Bowler
23541,Player_23541,1,18,All-Rounder
23542,Player_23542,1,29,All-Rounder
23543,Player_23543,13,31,All-Rounder
23544,Player_23544,14,35,All-Rounder
23545,Player_23545,16,38,All-Rounder
23546,Player_23546,7,20,All-Rounder
23547,Player_23547,10,29,Goalkeeper
23548,Player_23548,15,22,Bowler
23549,Player_23549,8,20,Defender
23550,Player_23550,11,24,Batsman
23551,Player_23551,14,33,Defender
23552,Player_23552,13,37,Goalkeeper
23553,Player_23553,13,34,Goalkeeper
23554,Player_23554,9,38,All-Rounder
23555,Player_23555,17,25,Goalkeeper
23556,Player_23556,18,32,Defender
23557,Player_23557,19,37,Goalkeeper
23558,Player_23558,13,32,Defender
23559,Player_23559,12,25,All-Rounder
23560,Player_23560,20,28,All-Rounder
23561,Player_23561,20,38,Goalkeeper
23562,Player_23562,8,39,Batsman
23563,Player_23563,11,27,All-Rounder
23564,Player_23564,7,35,Bowler
23565,Player_23565,1,26,Bowler
23566,Player_23566,10,33,All-Rounder
23567,Player_23567,15,18,Goalkeeper
23568,Player_23568,4,39,All-Rounder
23569,Player_23569,1,23,Goalkeeper
23570,Player_23570,11,19,Defender
23571,Player_23571,5,30,Batsman
23572,Player_23572,19,39,Batsman
23573,Player_23573,19,23,Defender
23574,Player_23574,4,26,Defender
23575,Player_23575,2,31,Defender
23576,Player_23576,7,38,Batsman
23577,Player_23577,13,24,All-Rounder
23578,Player_23578,20,22,Bowler
23579,Player_23579,12,24,Goalkeeper
23580,Player_23580,2,20,Bowler
23581,Player_23581,9,30,Goalkeeper
23582,Player_23582,16,39,Batsman
23583,Player_23583,8,29,All-Rounder
23584,Player_23584,18,23,Bowler
23585,Player_23585,4,19,Defender
23586,Player_23586,11,32,Defender
23587,Player_23587,17,32,Defender
23588,Player_23588,8,35,Bowler
23589,Player_23589,19,34,All-Rounder
23590,Player_23590,8,20,All-Rounder
23591,Player_23591,6,39,Defender
23592,Player_23592,2,20,Bowler
23593,Player_23593,15,26,Defender
23594,Player_23594,1,27,Goalkeeper
23595,Player_23595,6,29,Goalkeeper
23596,Player_23596,19,18,Bowler
23597,Player_23597,4,21,Goalkeeper
23598,Player_23598,13,38,Batsman
23599,Player_23599,15,22,Batsman
23600,Player_23600,9,34,Batsman
23601,Player_23601,3,38,Goalkeeper
23602,Player_23602,2,22,All-Rounder
23603,Player_23603,16,21,Batsman
23604,Player_23604,18,39,Defender
23605,Player_23605,18,32,All-Rounder
23606,Player_23606,6,27,Bowler
23607,Player_23607,18,22,Goalkeeper
23608,Player_23608,11,31,Defender
23609,Player_23609,7,38,Bowler
23610,Player_23610,14,30,Goalkeeper
23611,Player_23611,18,36,Goalkeeper
23612,Player_23612,7,25,Defender
23613,Player_23613,10,29,Goalkeeper
23614,Player_23614,8,37,Goalkeeper
23615,Player_23615,14,36,Goalkeeper
23616,Player_23616,18,36,All-Rounder
23617,Player_23617,5,23,Batsman
23618,Player_23618,14,25,Defender
23619,Player_23619,10,27,All-Rounder
23620,Player_23620,15,38,Defender
23621,Player_23621,6,34,All-Rounder
23622,Player_23622,9,18,Goalkeeper
23623,Player_23623,10,36,Goalkeeper
23624,Player_23624,17,29,All-Rounder
23625,Player_23625,1,39,Goalkeeper
23626,Player_23626,14,19,Batsman
23627,Player_23627,4,34,Defender
23628,Player_23628,2,24,Goalkeeper
23629,Player_23629,3,31,Bowler
23630,Player_23630,7,31,All-Rounder
23631,Player_23631,14,29,All-Rounder
23632,Player_23632,12,33,Goalkeeper
23633,Player_23633,19,35,All-Rounder
23634,Player_23634,18,25,Bowler
23635,Player_23635,15,19,All-Rounder
23636,Player_23636,1,28,Bowler
23637,Player_23637,3,18,All-Rounder
23638,Player_23638,15,27,All-Rounder
23639,Player_23639,4,35,Bowler
23640,Player_23640,15,33,Defender
23641,Player_23641,10,19,Batsman
23642,Player_23642,6,34,Bowler
23643,Player_23643,13,33,Batsman
23644,Player_23644,7,36,All-Rounder
23645,Player_23645,1,22,Defender
23646,Player_23646,11,23,Bowler
23647,Player_23647,14,34,Defender
23648,Player_23648,6,33,Bowler
23649,Player_23649,5,33,Goalkeeper
23650,Player_23650,19,24,Bowler
23651,Player_23651,19,33,Batsman
23652,Player_23652,13,26,Goalkeeper
23653,Player_23653,7,23,All-Rounder
23654,Player_23654,8,33,Bowler
23655,Player_23655,14,26,Batsman
23656,Player_23656,19,21,All-Rounder
23657,Player_23657,19,39,Batsman
23658,Player_23658,12,23,All-Rounder
23659,Player_23659,9,31,Bowler
23660,Player_23660,14,20,Defender
23661,Player_23661,6,34,All-Rounder
23662,Player_23662,15,28,Defender
23663,Player_23663,13,25,All-Rounder
23664,Player_23664,7,25,Defender
23665,Player_23665,11,21,Bowler
23666,Player_23666,10,32,Batsman
23667,Player_23667,1,33,Bowler
23668,Player_23668,7,39,All-Rounder
23669,Player_23669,18,28,Goalkeeper
23670,Player_23670,3,24,Batsman
23671,Player_23671,9,35,Defender
23672,Player_23672,5,23,Batsman
23673,Player_23673,13,21,Batsman
23674,Player_23674,16,22,Bowler
23675,Player_23675,16,20,All-Rounder
23676,Player_23676,12,23,Bowler
23677,Player_23677,18,31,All-Rounder
23678,Player_23678,11,18,Goalkeeper
23679,Player_23679,17,37,Bowler
23680,Player_23680,7,31,Goalkeeper
23681,Player_23681,15,23,All-Rounder
23682,Player_23682,6,20,Batsman
23683,Player_23683,6,34,Goalkeeper
23684,Player_23684,18,39,Goalkeeper
23685,Player_23685,19,31,All-Rounder
23686,Player_23686,20,36,All-Rounder
23687,Player_23687,19,24,Bowler
23688,Player_23688,2,28,Bowler
23689,Player_23689,3,24,All-Rounder
23690,Player_23690,14,30,Goalkeeper
23691,Player_23691,4,38,Defender
23692,Player_23692,17,31,Bowler
23693,Player_23693,6,28,All-Rounder
23694,Player_23694,19,25,Defender
23695,Player_23695,9,29,Defender
23696,Player_23696,4,32,Defender
23697,Player_23697,7,27,Defender
23698,Player_23698,4,39,Batsman
23699,Player_23699,11,19,Bowler
23700,Player_23700,2,30,Defender
23701,Player_23701,10,27,Defender
23702,Player_23702,6,34,All-Rounder
23703,Player_23703,8,39,All-Rounder
23704,Player_23704,15,27,Batsman
23705,Player_23705,13,39,Defender
23706,Player_23706,2,23,Batsman
23707,Player_23707,20,37,All-Rounder
23708,Player_23708,1,18,Bowler
23709,Player_23709,15,34,Goalkeeper
23710,Player_23710,7,18,Goalkeeper
23711,Player_23711,18,22,Batsman
23712,Player_23712,10,32,All-Rounder
23713,Player_23713,15,18,Goalkeeper
23714,Player_23714,5,34,Defender
23715,Player_23715,11,31,Bowler
23716,Player_23716,8,30,All-Rounder
23717,Player_23717,8,28,Batsman
23718,Player_23718,6,29,All-Rounder
23719,Player_23719,15,23,Bowler
23720,Player_23720,15,28,All-Rounder
23721,Player_23721,5,19,Batsman
23722,Player_23722,13,35,Defender
23723,Player_23723,14,29,All-Rounder
23724,Player_23724,11,32,Batsman
23725,Player_23725,20,26,Defender
23726,Player_23726,12,25,Goalkeeper
23727,Player_23727,20,35,All-Rounder
23728,Player_23728,1,33,Defender
23729,Player_23729,3,38,Goalkeeper
23730,Player_23730,8,27,All-Rounder
23731,Player_23731,12,29,All-Rounder
23732,Player_23732,15,37,Bowler
23733,Player_23733,3,29,All-Rounder
23734,Player_23734,8,27,All-Rounder
23735,Player_23735,19,31,Defender
23736,Player_23736,20,21,Batsman
23737,Player_23737,6,32,Bowler
23738,Player_23738,18,37,All-Rounder
23739,Player_23739,11,26,Defender
23740,Player_23740,12,24,Defender
23741,Player_23741,2,24,Batsman
23742,Player_23742,5,37,Goalkeeper
23743,Player_23743,4,26,All-Rounder
23744,Player_23744,9,27,Goalkeeper
23745,Player_23745,13,37,Batsman
23746,Player_23746,13,30,Defender
23747,Player_23747,15,23,Goalkeeper
23748,Player_23748,2,21,Batsman
23749,Player_23749,13,34,Goalkeeper
23750,Player_23750,7,38,Defender
23751,Player_23751,17,31,All-Rounder
23752,Player_23752,8,20,Bowler
23753,Player_23753,18,18,Defender
23754,Player_23754,15,35,Goalkeeper
23755,Player_23755,15,19,All-Rounder
23756,Player_23756,5,25,Bowler
23757,Player_23757,2,33,Batsman
23758,Player_23758,16,21,All-Rounder
23759,Player_23759,5,36,Defender
23760,Player_23760,6,37,Goalkeeper
23761,Player_23761,12,27,Bowler
23762,Player_23762,5,34,All-Rounder
23763,Player_23763,20,34,Bowler
23764,Player_23764,8,38,Bowler
23765,Player_23765,11,24,All-Rounder
23766,Player_23766,14,26,Goalkeeper
23767,Player_23767,17,24,Batsman
23768,Player_23768,10,38,All-Rounder
23769,Player_23769,2,20,Batsman
23770,Player_23770,3,29,Bowler
23771,Player_23771,13,21,Bowler
23772,Player_23772,17,34,Goalkeeper
23773,Player_23773,3,20,All-Rounder
23774,Player_23774,10,28,All-Rounder
23775,Player_23775,8,25,Defender
23776,Player_23776,4,19,Goalkeeper
23777,Player_23777,13,31,All-Rounder
23778,Player_23778,7,21,Bowler
23779,Player_23779,7,33,Goalkeeper
23780,Player_23780,16,31,Defender
23781,Player_23781,5,24,Defender
23782,Player_23782,17,27,Bowler
23783,Player_23783,10,29,All-Rounder
23784,Player_23784,4,25,Bowler
23785,Player_23785,14,28,Defender
23786,Player_23786,5,37,Goalkeeper
23787,Player_23787,2,30,All-Rounder
23788,Player_23788,14,29,Bowler
23789,Player_23789,18,24,All-Rounder
23790,Player_23790,11,38,Goalkeeper
23791,Player_23791,16,29,Defender
23792,Player_23792,18,27,Bowler
23793,Player_23793,16,24,Defender
23794,Player_23794,4,36,Bowler
23795,Player_23795,1,24,All-Rounder
23796,Player_23796,14,35,Batsman
23797,Player_23797,12,29,Bowler
23798,Player_23798,10,21,Bowler
23799,Player_23799,19,18,Defender
23800,Player_23800,4,22,Batsman
23801,Player_23801,20,27,Batsman
23802,Player_23802,3,24,Batsman
23803,Player_23803,4,37,Batsman
23804,Player_23804,15,24,Goalkeeper
23805,Player_23805,11,30,All-Rounder
23806,Player_23806,16,31,Bowler
23807,Player_23807,4,22,All-Rounder
23808,Player_23808,6,38,All-Rounder
23809,Player_23809,8,19,All-Rounder
23810,Player_23810,13,31,All-Rounder
23811,Player_23811,20,38,Goalkeeper
23812,Player_23812,4,25,Defender
23813,Player_23813,5,37,Goalkeeper
23814,Player_23814,10,19,Bowler
23815,Player_23815,5,25,Batsman
23816,Player_23816,12,37,Defender
23817,Player_23817,1,22,Bowler
23818,Player_23818,10,29,Batsman
23819,Player_23819,5,24,Goalkeeper
23820,Player_23820,19,38,All-Rounder
23821,Player_23821,19,30,Bowler
23822,Player_23822,20,32,All-Rounder
23823,Player_23823,12,27,All-Rounder
23824,Player_23824,16,21,All-Rounder
23825,Player_23825,5,33,Defender
23826,Player_23826,17,24,Batsman
23827,Player_23827,14,30,All-Rounder
23828,Player_23828,12,21,Bowler
23829,Player_23829,13,29,Defender
23830,Player_23830,14,37,Batsman
23831,Player_23831,5,19,Bowler
23832,Player_23832,5,22,Defender
23833,Player_23833,18,25,Defender
23834,Player_23834,14,21,Batsman
23835,Player_23835,18,19,All-Rounder
23836,Player_23836,20,23,Bowler
23837,Player_23837,1,20,Goalkeeper
23838,Player_23838,7,31,All-Rounder
23839,Player_23839,17,27,Goalkeeper
23840,Player_23840,3,28,Bowler
23841,Player_23841,10,22,Goalkeeper
23842,Player_23842,7,39,Goalkeeper
23843,Player_23843,12,33,Batsman
23844,Player_23844,15,26,Batsman
23845,Player_23845,16,38,Batsman
23846,Player_23846,8,33,Goalkeeper
23847,Player_23847,6,26,Goalkeeper
23848,Player_23848,4,34,Defender
23849,Player_23849,11,29,Defender
23850,Player_23850,17,32,Batsman
23851,Player_23851,2,27,Defender
23852,Player_23852,6,21,All-Rounder
23853,Player_23853,4,34,Defender
23854,Player_23854,3,35,Defender
23855,Player_23855,7,35,All-Rounder
23856,Player_23856,7,27,All-Rounder
23857,Player_23857,16,28,Bowler
23858,Player_23858,2,38,Goalkeeper
23859,Player_23859,8,18,Goalkeeper
23860,Player_23860,15,27,Batsman
23861,Player_23861,16,20,Bowler
23862,Player_23862,1,23,Bowler
23863,Player_23863,10,34,Bowler
23864,Player_23864,7,29,Bowler
23865,Player_23865,16,28,Defender
23866,Player_23866,10,34,Bowler
23867,Player_23867,12,20,Batsman
23868,Player_23868,17,26,Goalkeeper
23869,Player_23869,13,35,Bowler
23870,Player_23870,12,23,Goalkeeper
23871,Player_23871,15,20,All-Rounder
23872,Player_23872,14,23,Batsman
23873,Player_23873,19,28,All-Rounder
23874,Player_23874,19,28,Bowler
23875,Player_23875,14,24,Defender
23876,Player_23876,18,30,Defender
23877,Player_23877,5,30,Batsman
23878,Player_23878,20,24,Bowler
23879,Player_23879,6,31,Bowler
23880,Player_23880,18,19,Bowler
23881,Player_23881,14,20,Bowler
23882,Player_23882,4,21,Batsman
23883,Player_23883,1,25,Batsman
23884,Player_23884,13,38,Batsman
23885,Player_23885,11,18,Defender
23886,Player_23886,3,26,Bowler
23887,Player_23887,17,34,All-Rounder
23888,Player_23888,18,35,Goalkeeper
23889,Player_23889,10,24,Batsman
23890,Player_23890,16,20,Batsman
23891,Player_23891,13,39,Defender
23892,Player_23892,20,33,Defender
23893,Player_23893,12,25,Goalkeeper
23894,Player_23894,4,22,Defender
23895,Player_23895,8,34,Batsman
23896,Player_23896,12,36,Bowler
23897,Player_23897,19,35,Bowler
23898,Player_23898,15,39,Defender
23899,Player_23899,16,22,Goalkeeper
23900,Player_23900,12,24,Bowler
23901,Player_23901,20,35,Batsman
23902,Player_23902,18,30,Bowler
23903,Player_23903,12,39,Goalkeeper
23904,Player_23904,16,28,Defender
23905,Player_23905,20,22,All-Rounder
23906,Player_23906,11,39,Bowler
23907,Player_23907,20,32,Batsman
23908,Player_23908,14,38,Goalkeeper
23909,Player_23909,2,24,Bowler
23910,Player_23910,13,22,All-Rounder
23911,Player_23911,14,24,Defender
23912,Player_23912,6,34,Bowler
23913,Player_23913,12,26,Goalkeeper
23914,Player_23914,7,23,Bowler
23915,Player_23915,4,26,Defender
23916,Player_23916,7,34,Goalkeeper
23917,Player_23917,13,19,All-Rounder
23918,Player_23918,11,37,Batsman
23919,Player_23919,8,30,Defender
23920,Player_23920,19,34,Bowler
23921,Player_23921,2,38,All-Rounder
23922,Player_23922,18,37,Goalkeeper
23923,Player_23923,10,23,Goalkeeper
23924,Player_23924,6,36,Goalkeeper
23925,Player_23925,4,23,Bowler
23926,Player_23926,19,19,Defender
23927,Player_23927,14,30,All-Rounder
23928,Player_23928,14,37,Goalkeeper
23929,Player_23929,18,27,Batsman
23930,Player_23930,17,26,Defender
23931,Player_23931,18,30,All-Rounder
23932,Player_23932,18,24,All-Rounder
23933,Player_23933,5,35,Goalkeeper
23934,Player_23934,9,39,Batsman
23935,Player_23935,1,31,Goalkeeper
23936,Player_23936,4,21,Defender
23937,Player_23937,7,25,Bowler
23938,Player_23938,11,29,Defender
23939,Player_23939,14,25,Batsman
23940,Player_23940,10,33,Bowler
23941,Player_23941,19,18,All-Rounder
23942,Player_23942,8,27,Goalkeeper
23943,Player_23943,3,24,Defender
23944,Player_23944,8,31,Goalkeeper
23945,Player_23945,18,34,Defender
23946,Player_23946,5,36,Goalkeeper
23947,Player_23947,20,22,Bowler
23948,Player_23948,11,36,Goalkeeper
23949,Player_23949,9,20,Batsman
23950,Player_23950,19,18,Batsman
23951,Player_23951,12,25,Goalkeeper
23952,Player_23952,5,26,All-Rounder
23953,Player_23953,16,22,Batsman
23954,Player_23954,13,18,Defender
23955,Player_23955,6,34,Goalkeeper
23956,Player_23956,16,31,Goalkeeper
23957,Player_23957,18,34,Batsman
23958,Player_23958,17,26,All-Rounder
23959,Player_23959,12,20,Defender
23960,Player_23960,1,20,Batsman
23961,Player_23961,7,30,Batsman
23962,Player_23962,14,37,Bowler
23963,Player_23963,18,22,Batsman
23964,Player_23964,1,23,Defender
23965,Player_23965,20,31,Bowler
23966,Player_23966,10,23,All-Rounder
23967,Player_23967,15,34,All-Rounder
23968,Player_23968,11,26,Batsman
23969,Player_23969,4,21,Defender
23970,Player_23970,15,32,All-Rounder
23971,Player_23971,16,39,Defender
23972,Player_23972,15,35,Defender
23973,Player_23973,17,32,Bowler
23974,Player_23974,11,35,Batsman
23975,Player_23975,18,24,Defender
23976,Player_23976,16,32,Defender
23977,Player_23977,15,22,Defender
23978,Player_23978,11,28,Batsman
23979,Player_23979,13,31,Bowler
23980,Player_23980,18,25,Defender
23981,Player_23981,8,21,Goalkeeper
23982,Player_23982,9,27,Bowler
23983,Player_23983,11,24,Batsman
23984,Player_23984,17,18,All-Rounder
23985,Player_23985,1,37,Defender
23986,Player_23986,11,29,Goalkeeper
23987,Player_23987,7,30,All-Rounder
23988,Player_23988,8,33,All-Rounder
23989,Player_23989,19,31,Defender
23990,Player_23990,4,30,Defender
23991,Player_23991,4,22,All-Rounder
23992,Player_23992,19,31,Goalkeeper
23993,Player_23993,9,30,Bowler
23994,Player_23994,17,31,Defender
23995,Player_23995,18,29,Defender
23996,Player_23996,1,39,Batsman
23997,Player_23997,14,37,Defender
23998,Player_23998,4,32,Batsman
23999,Player_23999,10,36,All-Rounder
24000,Player_24000,14,28,Goalkeeper
24001,Player_24001,7,39,Batsman
24002,Player_24002,12,32,Batsman
24003,Player_24003,16,38,Bowler
24004,Player_24004,5,29,All-Rounder
24005,Player_24005,11,36,Batsman
24006,Player_24006,4,33,Batsman
24007,Player_24007,13,21,All-Rounder
24008,Player_24008,8,35,Defender
24009,Player_24009,7,26,Goalkeeper
24010,Player_24010,11,33,All-Rounder
24011,Player_24011,11,24,Bowler
24012,Player_24012,17,36,Bowler
24013,Player_24013,14,28,Goalkeeper
24014,Player_24014,2,34,Bowler
24015,Player_24015,20,38,All-Rounder
24016,Player_24016,8,22,Defender
24017,Player_24017,2,29,Bowler
24018,Player_24018,15,36,All-Rounder
24019,Player_24019,5,19,Bowler
24020,Player_24020,6,18,Batsman
24021,Player_24021,17,21,Batsman
24022,Player_24022,8,28,Defender
24023,Player_24023,19,35,Batsman
24024,Player_24024,5,38,Batsman
24025,Player_24025,19,33,Bowler
24026,Player_24026,14,27,Bowler
24027,Player_24027,10,29,Goalkeeper
24028,Player_24028,13,19,Defender
24029,Player_24029,5,18,Batsman
24030,Player_24030,7,27,Goalkeeper
24031,Player_24031,10,27,Bowler
24032,Player_24032,11,27,Goalkeeper
24033,Player_24033,3,19,Batsman
24034,Player_24034,13,37,Goalkeeper
24035,Player_24035,2,20,All-Rounder
24036,Player_24036,4,18,Defender
24037,Player_24037,3,35,Batsman
24038,Player_24038,15,28,All-Rounder
24039,Player_24039,4,29,Goalkeeper
24040,Player_24040,4,18,Batsman
24041,Player_24041,15,23,Goalkeeper
24042,Player_24042,6,33,Defender
24043,Player_24043,5,37,Defender
24044,Player_24044,12,20,Bowler
24045,Player_24045,7,34,All-Rounder
24046,Player_24046,3,33,Defender
24047,Player_24047,7,28,All-Rounder
24048,Player_24048,12,33,Goalkeeper
24049,Player_24049,15,29,All-Rounder
24050,Player_24050,19,18,Batsman
24051,Player_24051,6,28,Bowler
24052,Player_24052,8,23,All-Rounder
24053,Player_24053,6,36,All-Rounder
24054,Player_24054,3,29,Defender
24055,Player_24055,5,19,Batsman
24056,Player_24056,9,27,Defender
24057,Player_24057,16,36,All-Rounder
24058,Player_24058,16,32,Goalkeeper
24059,Player_24059,9,25,Defender
24060,Player_24060,18,28,Defender
24061,Player_24061,13,33,Batsman
24062,Player_24062,11,30,Defender
24063,Player_24063,10,30,Defender
24064,Player_24064,10,22,Bowler
24065,Player_24065,6,29,All-Rounder
24066,Player_24066,16,27,Batsman
24067,Player_24067,12,36,Defender
24068,Player_24068,4,34,All-Rounder
24069,Player_24069,5,18,Batsman
24070,Player_24070,2,39,Defender
24071,Player_24071,19,32,Goalkeeper
24072,Player_24072,1,33,Bowler
24073,Player_24073,4,37,Batsman
24074,Player_24074,12,27,Goalkeeper
24075,Player_24075,2,27,Batsman
24076,Player_24076,12,34,Batsman
24077,Player_24077,16,39,Bowler
24078,Player_24078,2,34,Goalkeeper
24079,Player_24079,17,19,Defender
24080,Player_24080,2,26,All-Rounder
24081,Player_24081,4,39,Goalkeeper
24082,Player_24082,6,21,Batsman
24083,Player_24083,7,24,Goalkeeper
24084,Player_24084,15,22,All-Rounder
24085,Player_24085,20,36,Goalkeeper
24086,Player_24086,12,21,All-Rounder
24087,Player_24087,5,35,Bowler
24088,Player_24088,14,39,Batsman
24089,Player_24089,16,20,Defender
24090,Player_24090,11,21,Goalkeeper
24091,Player_24091,12,31,Bowler
24092,Player_24092,19,31,Goalkeeper
24093,Player_24093,17,34,Bowler
24094,Player_24094,7,26,All-Rounder
24095,Player_24095,9,36,Bowler
24096,Player_24096,14,20,All-Rounder
24097,Player_24097,20,32,Bowler
24098,Player_24098,12,38,Goalkeeper
24099,Player_24099,15,18,Defender
24100,Player_24100,12,36,Batsman
24101,Player_24101,13,21,Defender
24102,Player_24102,9,31,Bowler
24103,Player_24103,7,35,All-Rounder
24104,Player_24104,1,29,Goalkeeper
24105,Player_24105,10,23,Batsman
24106,Player_24106,6,27,Batsman
24107,Player_24107,15,21,Goalkeeper
24108,Player_24108,15,33,Bowler
24109,Player_24109,9,18,Batsman
24110,Player_24110,13,20,Goalkeeper
24111,Player_24111,1,24,Bowler
24112,Player_24112,9,20,Goalkeeper
24113,Player_24113,3,39,Batsman
24114,Player_24114,9,32,Defender
24115,Player_24115,20,23,Batsman
24116,Player_24116,15,33,Batsman
24117,Player_24117,7,34,Defender
24118,Player_24118,4,19,Bowler
24119,Player_24119,20,27,Goalkeeper
24120,Player_24120,17,28,Bowler
24121,Player_24121,4,23,Bowler
24122,Player_24122,19,35,Goalkeeper
24123,Player_24123,5,32,Bowler
24124,Player_24124,16,33,All-Rounder
24125,Player_24125,3,30,Batsman
24126,Player_24126,11,33,All-Rounder
24127,Player_24127,15,19,Goalkeeper
24128,Player_24128,19,37,Defender
24129,Player_24129,14,29,Defender
24130,Player_24130,16,31,Goalkeeper
24131,Player_24131,6,25,Goalkeeper
24132,Player_24132,5,23,Bowler
24133,Player_24133,17,31,Batsman
24134,Player_24134,16,32,All-Rounder
24135,Player_24135,2,37,Goalkeeper
24136,Player_24136,11,20,Defender
24137,Player_24137,4,24,Batsman
24138,Player_24138,6,33,Batsman
24139,Player_24139,7,19,Bowler
24140,Player_24140,17,34,Defender
24141,Player_24141,8,28,Batsman
24142,Player_24142,1,20,Defender
24143,Player_24143,15,39,All-Rounder
24144,Player_24144,20,25,Defender
24145,Player_24145,12,39,Batsman
24146,Player_24146,15,38,Defender
24147,Player_24147,15,36,Defender
24148,Player_24148,9,35,Defender
24149,Player_24149,16,24,Batsman
24150,Player_24150,2,33,All-Rounder
24151,Player_24151,15,31,Defender
24152,Player_24152,15,25,All-Rounder
24153,Player_24153,7,30,Batsman
24154,Player_24154,13,20,Goalkeeper
24155,Player_24155,17,19,Defender
24156,Player_24156,11,30,All-Rounder
24157,Player_24157,10,39,Defender
24158,Player_24158,1,20,Bowler
24159,Player_24159,14,38,Bowler
24160,Player_24160,5,18,Batsman
24161,Player_24161,8,19,All-Rounder
24162,Player_24162,1,27,All-Rounder
24163,Player_24163,7,28,Defender
24164,Player_24164,2,20,Bowler
24165,Player_24165,7,25,Defender
24166,Player_24166,7,32,Defender
24167,Player_24167,9,22,Batsman
24168,Player_24168,4,25,Goalkeeper
24169,Player_24169,7,35,Batsman
24170,Player_24170,20,35,Batsman
24171,Player_24171,18,29,Batsman
24172,Player_24172,13,21,Defender
24173,Player_24173,11,25,Defender
24174,Player_24174,9,19,Defender
24175,Player_24175,14,37,Defender
24176,Player_24176,8,20,Bowler
24177,Player_24177,14,25,All-Rounder
24178,Player_24178,17,29,Bowler
24179,Player_24179,14,19,All-Rounder
24180,Player_24180,5,34,Defender
24181,Player_24181,10,31,Bowler
24182,Player_24182,6,31,All-Rounder
24183,Player_24183,10,23,Goalkeeper
24184,Player_24184,11,25,Batsman
24185,Player_24185,6,27,All-Rounder
24186,Player_24186,10,35,Bowler
24187,Player_24187,14,18,Bowler
24188,Player_24188,20,24,Goalkeeper
24189,Player_24189,3,24,All-Rounder
24190,Player_24190,7,30,Batsman
24191,Player_24191,2,33,Bowler
24192,Player_24192,7,29,Defender
24193,Player_24193,17,36,Defender
24194,Player_24194,13,23,All-Rounder
24195,Player_24195,9,24,Goalkeeper
24196,Player_24196,13,34,Batsman
24197,Player_24197,15,36,All-Rounder
24198,Player_24198,13,22,All-Rounder
24199,Player_24199,17,20,Batsman
24200,Player_24200,8,39,Bowler
24201,Player_24201,9,35,Defender
24202,Player_24202,9,34,Bowler
24203,Player_24203,8,38,Goalkeeper
24204,Player_24204,16,28,Batsman
24205,Player_24205,20,26,Bowler
24206,Player_24206,7,34,All-Rounder
24207,Player_24207,17,36,All-Rounder
24208,Player_24208,7,30,Goalkeeper
24209,Player_24209,6,23,Goalkeeper
24210,Player_24210,5,38,Batsman
24211,Player_24211,17,21,Bowler
24212,Player_24212,8,35,All-Rounder
24213,Player_24213,1,29,Batsman
24214,Player_24214,16,21,Batsman
24215,Player_24215,17,22,All-Rounder
24216,Player_24216,3,29,Bowler
24217,Player_24217,13,35,Defender
24218,Player_24218,8,34,Goalkeeper
24219,Player_24219,16,27,Bowler
24220,Player_24220,7,23,Defender
24221,Player_24221,15,34,Defender
24222,Player_24222,2,25,All-Rounder
24223,Player_24223,2,19,Defender
24224,Player_24224,10,29,Goalkeeper
24225,Player_24225,5,20,Batsman
24226,Player_24226,4,37,Bowler
24227,Player_24227,15,38,Goalkeeper
24228,Player_24228,13,24,Defender
24229,Player_24229,17,18,Batsman
24230,Player_24230,1,34,Batsman
24231,Player_24231,18,25,Defender
24232,Player_24232,15,27,Goalkeeper
24233,Player_24233,14,34,Defender
24234,Player_24234,9,33,Bowler
24235,Player_24235,12,27,Batsman
24236,Player_24236,5,32,All-Rounder
24237,Player_24237,2,33,Batsman
24238,Player_24238,7,35,Defender
24239,Player_24239,9,21,Defender
24240,Player_24240,18,24,All-Rounder
24241,Player_24241,4,29,All-Rounder
24242,Player_24242,2,29,Batsman
24243,Player_24243,1,38,Defender
24244,Player_24244,12,18,Batsman
24245,Player_24245,13,38,Goalkeeper
24246,Player_24246,14,29,Defender
24247,Player_24247,5,24,Batsman
24248,Player_24248,3,32,Defender
24249,Player_24249,4,19,Defender
24250,Player_24250,17,18,Bowler
24251,Player_24251,19,21,Batsman
24252,Player_24252,11,25,Defender
24253,Player_24253,8,34,All-Rounder
24254,Player_24254,12,35,All-Rounder
24255,Player_24255,18,22,Bowler
24256,Player_24256,18,23,Defender
24257,Player_24257,9,29,Batsman
24258,Player_24258,5,33,Batsman
24259,Player_24259,17,26,All-Rounder
24260,Player_24260,13,32,Goalkeeper
24261,Player_24261,6,25,Defender
24262,Player_24262,14,29,Bowler
24263,Player_24263,15,31,Bowler
24264,Player_24264,14,34,Defender
24265,Player_24265,4,31,Defender
24266,Player_24266,18,37,Bowler
24267,Player_24267,1,22,Bowler
24268,Player_24268,12,30,Batsman
24269,Player_24269,9,23,Bowler
24270,Player_24270,10,31,All-Rounder
24271,Player_24271,18,23,Bowler
24272,Player_24272,17,20,Bowler
24273,Player_24273,19,33,All-Rounder
24274,Player_24274,4,29,All-Rounder
24275,Player_24275,16,31,Defender
24276,Player_24276,7,19,Bowler
24277,Player_24277,9,35,All-Rounder
24278,Player_24278,8,24,Batsman
24279,Player_24279,7,22,Goalkeeper
24280,Player_24280,10,29,All-Rounder
24281,Player_24281,8,34,Goalkeeper
24282,Player_24282,17,29,Bowler
24283,Player_24283,12,38,Batsman
24284,Player_24284,14,28,Batsman
24285,Player_24285,12,18,Defender
24286,Player_24286,2,26,Defender
24287,Player_24287,12,25,Bowler
24288,Player_24288,14,31,All-Rounder
24289,Player_24289,7,21,Batsman
24290,Player_24290,13,28,Bowler
24291,Player_24291,4,34,Bowler
24292,Player_24292,1,25,All-Rounder
24293,Player_24293,17,38,Batsman
24294,Player_24294,3,18,Batsman
24295,Player_24295,17,35,Batsman
24296,Player_24296,8,22,Defender
24297,Player_24297,3,25,Batsman
24298,Player_24298,10,25,Goalkeeper
24299,Player_24299,2,26,All-Rounder
24300,Player_24300,4,35,Batsman
24301,Player_24301,14,24,All-Rounder
24302,Player_24302,11,27,All-Rounder
24303,Player_24303,14,38,Goalkeeper
24304,Player_24304,13,33,Batsman
24305,Player_24305,4,20,All-Rounder
24306,Player_24306,2,27,Batsman
24307,Player_24307,2,25,Goalkeeper
24308,Player_24308,11,35,Defender
24309,Player_24309,5,21,Defender
24310,Player_24310,9,29,Defender
24311,Player_24311,20,38,Defender
24312,Player_24312,17,22,Bowler
24313,Player_24313,12,21,All-Rounder
24314,Player_24314,18,36,Bowler
24315,Player_24315,3,36,Batsman
24316,Player_24316,5,22,Defender
24317,Player_24317,20,32,Batsman
24318,Player_24318,14,29,Goalkeeper
24319,Player_24319,16,30,All-Rounder
24320,Player_24320,19,23,Goalkeeper
24321,Player_24321,9,34,All-Rounder
24322,Player_24322,17,37,Goalkeeper
24323,Player_24323,7,27,Goalkeeper
24324,Player_24324,10,31,All-Rounder
24325,Player_24325,4,32,Batsman
24326,Player_24326,10,27,Goalkeeper
24327,Player_24327,3,23,All-Rounder
24328,Player_24328,9,33,All-Rounder
24329,Player_24329,13,19,Goalkeeper
24330,Player_24330,1,27,Batsman
24331,Player_24331,15,22,Defender
24332,Player_24332,15,26,Bowler
24333,Player_24333,11,36,Defender
24334,Player_24334,10,36,Goalkeeper
24335,Player_24335,7,26,Goalkeeper
24336,Player_24336,1,33,All-Rounder
24337,Player_24337,7,36,Batsman
24338,Player_24338,5,37,Batsman
24339,Player_24339,16,21,Goalkeeper
24340,Player_24340,8,22,Batsman
24341,Player_24341,2,35,Bowler
24342,Player_24342,8,25,Batsman
24343,Player_24343,14,30,Batsman
24344,Player_24344,4,26,All-Rounder
24345,Player_24345,15,27,Goalkeeper
24346,Player_24346,7,21,Batsman
24347,Player_24347,20,36,Goalkeeper
24348,Player_24348,8,21,Batsman
24349,Player_24349,11,30,Batsman
24350,Player_24350,2,34,Batsman
24351,Player_24351,9,28,All-Rounder
24352,Player_24352,6,19,Batsman
24353,Player_24353,1,22,Defender
24354,Player_24354,3,30,Bowler
24355,Player_24355,10,39,Batsman
24356,Player_24356,5,20,Defender
24357,Player_24357,12,36,Goalkeeper
24358,Player_24358,1,36,All-Rounder
24359,Player_24359,9,33,Goalkeeper
24360,Player_24360,13,33,All-Rounder
24361,Player_24361,19,20,Goalkeeper
24362,Player_24362,7,26,Goalkeeper
24363,Player_24363,16,36,Bowler
24364,Player_24364,8,18,Bowler
24365,Player_24365,19,31,Bowler
24366,Player_24366,7,28,Goalkeeper
24367,Player_24367,4,35,All-Rounder
24368,Player_24368,10,37,Bowler
24369,Player_24369,1,24,All-Rounder
24370,Player_24370,17,23,All-Rounder
24371,Player_24371,13,29,Batsman
24372,Player_24372,19,19,Defender
24373,Player_24373,13,30,Goalkeeper
24374,Player_24374,9,37,Defender
24375,Player_24375,5,18,Goalkeeper
24376,Player_24376,1,32,All-Rounder
24377,Player_24377,2,37,Defender
24378,Player_24378,11,25,Batsman
24379,Player_24379,4,35,Defender
24380,Player_24380,9,32,Defender
24381,Player_24381,5,25,Batsman
24382,Player_24382,5,19,Batsman
24383,Player_24383,8,28,Bowler
24384,Player_24384,2,25,Goalkeeper
24385,Player_24385,7,30,All-Rounder
24386,Player_24386,17,18,Defender
24387,Player_24387,11,35,Defender
24388,Player_24388,15,22,All-Rounder
24389,Player_24389,3,18,Batsman
24390,Player_24390,13,29,Batsman
24391,Player_24391,18,22,Defender
24392,Player_24392,20,38,Defender
24393,Player_24393,20,33,All-Rounder
24394,Player_24394,3,35,All-Rounder
24395,Player_24395,2,19,Goalkeeper
24396,Player_24396,5,32,Batsman
24397,Player_24397,20,39,Bowler
24398,Player_24398,5,28,Bowler
24399,Player_24399,13,27,All-Rounder
24400,Player_24400,8,20,Goalkeeper
24401,Player_24401,16,30,Defender
24402,Player_24402,18,30,All-Rounder
24403,Player_24403,16,20,All-Rounder
24404,Player_24404,1,27,All-Rounder
24405,Player_24405,8,21,Bowler
24406,Player_24406,2,31,All-Rounder
24407,Player_24407,5,34,Goalkeeper
24408,Player_24408,15,18,Bowler
24409,Player_24409,14,32,Goalkeeper
24410,Player_24410,3,39,Bowler
24411,Player_24411,7,38,Goalkeeper
24412,Player_24412,4,19,Batsman
24413,Player_24413,11,35,Batsman
24414,Player_24414,12,24,Bowler
24415,Player_24415,15,39,Batsman
24416,Player_24416,6,30,Defender
24417,Player_24417,1,20,Goalkeeper
24418,Player_24418,18,20,Bowler
24419,Player_24419,14,30,Batsman
24420,Player_24420,7,38,Bowler
24421,Player_24421,10,21,Defender
24422,Player_24422,9,33,Bowler
24423,Player_24423,2,25,Bowler
24424,Player_24424,8,39,All-Rounder
24425,Player_24425,1,25,All-Rounder
24426,Player_24426,20,33,All-Rounder
24427,Player_24427,2,19,All-Rounder
24428,Player_24428,7,26,Goalkeeper
24429,Player_24429,16,30,Defender
24430,Player_24430,4,39,Bowler
24431,Player_24431,17,39,Defender
24432,Player_24432,4,29,Bowler
24433,Player_24433,3,19,All-Rounder
24434,Player_24434,9,26,Goalkeeper
24435,Player_24435,15,18,Bowler
24436,Player_24436,20,23,Bowler
24437,Player_24437,3,19,Batsman
24438,Player_24438,12,20,Goalkeeper
24439,Player_24439,15,32,Goalkeeper
24440,Player_24440,20,24,Goalkeeper
24441,Player_24441,8,30,Defender
24442,Player_24442,12,33,All-Rounder
24443,Player_24443,13,30,Batsman
24444,Player_24444,15,29,Defender
24445,Player_24445,11,34,All-Rounder
24446,Player_24446,17,38,Bowler
24447,Player_24447,12,28,Batsman
24448,Player_24448,20,39,Defender
24449,Player_24449,18,24,Batsman
24450,Player_24450,16,30,All-Rounder
24451,Player_24451,3,27,Defender
24452,Player_24452,9,27,Defender
24453,Player_24453,7,30,Batsman
24454,Player_24454,19,36,Bowler
24455,Player_24455,5,34,Bowler
24456,Player_24456,19,37,Bowler
24457,Player_24457,10,24,All-Rounder
24458,Player_24458,20,21,Batsman
24459,Player_24459,12,34,All-Rounder
24460,Player_24460,8,21,All-Rounder
24461,Player_24461,3,35,Bowler
24462,Player_24462,19,37,Bowler
24463,Player_24463,11,25,Bowler
24464,Player_24464,8,25,Batsman
24465,Player_24465,13,38,Batsman
24466,Player_24466,10,33,Bowler
24467,Player_24467,18,32,All-Rounder
24468,Player_24468,12,35,Batsman
24469,Player_24469,7,36,Defender
24470,Player_24470,11,23,All-Rounder
24471,Player_24471,10,26,All-Rounder
24472,Player_24472,3,33,Goalkeeper
24473,Player_24473,7,38,Batsman
24474,Player_24474,4,26,Defender
24475,Player_24475,8,37,Batsman
24476,Player_24476,8,34,All-Rounder
24477,Player_24477,6,21,Batsman
24478,Player_24478,13,32,All-Rounder
24479,Player_24479,12,28,Defender
24480,Player_24480,3,31,All-Rounder
24481,Player_24481,6,34,Bowler
24482,Player_24482,19,30,All-Rounder
24483,Player_24483,11,26,Bowler
24484,Player_24484,4,33,Defender
24485,Player_24485,15,25,Defender
24486,Player_24486,2,31,All-Rounder
24487,Player_24487,15,32,Bowler
24488,Player_24488,17,24,All-Rounder
24489,Player_24489,2,28,Defender
24490,Player_24490,7,20,Bowler
24491,Player_24491,16,24,Goalkeeper
24492,Player_24492,5,39,Goalkeeper
24493,Player_24493,16,22,Defender
24494,Player_24494,19,26,Bowler
24495,Player_24495,2,37,All-Rounder
24496,Player_24496,15,36,Defender
24497,Player_24497,4,30,Defender
24498,Player_24498,2,36,Batsman
24499,Player_24499,10,33,All-Rounder
24500,Player_24500,5,19,All-Rounder
24501,Player_24501,18,18,Goalkeeper
24502,Player_24502,4,20,Batsman
24503,Player_24503,1,29,All-Rounder
24504,Player_24504,18,23,All-Rounder
24505,Player_24505,20,19,Goalkeeper
24506,Player_24506,6,33,Batsman
24507,Player_24507,20,22,Batsman
24508,Player_24508,20,29,Bowler
24509,Player_24509,14,21,Defender
24510,Player_24510,10,31,Bowler
24511,Player_24511,18,34,Batsman
24512,Player_24512,9,29,Goalkeeper
24513,Player_24513,12,30,Bowler
24514,Player_24514,10,34,Goalkeeper
24515,Player_24515,19,37,Batsman
24516,Player_24516,6,32,Goalkeeper
24517,Player_24517,14,26,Bowler
24518,Player_24518,8,27,Batsman
24519,Player_24519,14,23,Batsman
24520,Player_24520,11,34,Bowler
24521,Player_24521,16,29,Defender
24522,Player_24522,20,26,Bowler
24523,Player_24523,6,19,Bowler
24524,Player_24524,15,33,All-Rounder
24525,Player_24525,15,33,Batsman
24526,Player_24526,14,39,All-Rounder
24527,Player_24527,12,18,All-Rounder
24528,Player_24528,2,38,All-Rounder
24529,Player_24529,8,28,Goalkeeper
24530,Player_24530,19,38,Bowler
24531,Player_24531,14,20,All-Rounder
24532,Player_24532,5,19,Goalkeeper
24533,Player_24533,9,31,Goalkeeper
24534,Player_24534,13,18,Batsman
24535,Player_24535,9,23,Bowler
24536,Player_24536,14,24,Defender
24537,Player_24537,5,19,Bowler
24538,Player_24538,2,19,Goalkeeper
24539,Player_24539,7,32,Bowler
24540,Player_24540,16,38,Batsman
24541,Player_24541,11,22,Bowler
24542,Player_24542,11,30,Goalkeeper
24543,Player_24543,12,36,Goalkeeper
24544,Player_24544,13,36,All-Rounder
24545,Player_24545,8,32,Goalkeeper
24546,Player_24546,16,18,Batsman
24547,Player_24547,1,20,Goalkeeper
24548,Player_24548,13,35,Bowler
24549,Player_24549,11,34,Defender
24550,Player_24550,4,38,Goalkeeper
24551,Player_24551,4,25,Batsman
24552,Player_24552,15,28,Batsman
24553,Player_24553,3,37,Batsman
24554,Player_24554,19,25,Batsman
24555,Player_24555,2,38,Bowler
24556,Player_24556,6,23,All-Rounder
24557,Player_24557,8,23,Defender
24558,Player_24558,17,23,All-Rounder
24559,Player_24559,5,19,All-Rounder
24560,Player_24560,2,27,All-Rounder
24561,Player_24561,12,27,Bowler
24562,Player_24562,5,26,Defender
24563,Player_24563,10,20,Goalkeeper
24564,Player_24564,9,19,Goalkeeper
24565,Player_24565,20,21,Defender
24566,Player_24566,8,25,Defender
24567,Player_24567,1,26,Batsman
24568,Player_24568,6,19,All-Rounder
24569,Player_24569,11,33,Batsman
24570,Player_24570,3,23,Bowler
24571,Player_24571,15,25,Bowler
24572,Player_24572,11,20,Defender
24573,Player_24573,5,28,Bowler
24574,Player_24574,16,37,Defender
24575,Player_24575,7,22,Goalkeeper
24576,Player_24576,6,29,All-Rounder
24577,Player_24577,9,28,Bowler
24578,Player_24578,7,22,Batsman
24579,Player_24579,3,37,Bowler
24580,Player_24580,11,37,All-Rounder
24581,Player_24581,12,38,Bowler
24582,Player_24582,11,20,Defender
24583,Player_24583,2,26,Bowler
24584,Player_24584,1,35,Goalkeeper
24585,Player_24585,2,29,Goalkeeper
24586,Player_24586,14,21,Bowler
24587,Player_24587,13,24,Batsman
24588,Player_24588,5,37,Bowler
24589,Player_24589,2,28,Defender
24590,Player_24590,19,19,Defender
24591,Player_24591,17,29,Defender
24592,Player_24592,11,26,Batsman
24593,Player_24593,16,23,Goalkeeper
24594,Player_24594,20,24,Defender
24595,Player_24595,18,23,Defender
24596,Player_24596,20,35,Bowler
24597,Player_24597,8,30,Goalkeeper
24598,Player_24598,2,26,Defender
24599,Player_24599,17,38,Defender
24600,Player_24600,11,36,Bowler
24601,Player_24601,14,21,Bowler
24602,Player_24602,16,21,All-Rounder
24603,Player_24603,15,30,Bowler
24604,Player_24604,15,28,Bowler
24605,Player_24605,3,38,All-Rounder
24606,Player_24606,7,19,Defender
24607,Player_24607,12,23,Bowler
24608,Player_24608,3,29,Batsman
24609,Player_24609,19,25,All-Rounder
24610,Player_24610,10,22,All-Rounder
24611,Player_24611,8,37,Defender
24612,Player_24612,16,26,Bowler
24613,Player_24613,16,21,Batsman
24614,Player_24614,12,26,Defender
24615,Player_24615,5,29,Bowler
24616,Player_24616,20,21,Defender
24617,Player_24617,6,34,All-Rounder
24618,Player_24618,6,37,All-Rounder
24619,Player_24619,8,19,Bowler
24620,Player_24620,17,39,Defender
24621,Player_24621,12,30,Bowler
24622,Player_24622,14,32,Goalkeeper
24623,Player_24623,2,25,Bowler
24624,Player_24624,19,23,Goalkeeper
24625,Player_24625,6,26,All-Rounder
24626,Player_24626,18,39,Batsman
24627,Player_24627,4,28,All-Rounder
24628,Player_24628,5,29,Batsman
24629,Player_24629,6,38,Defender
24630,Player_24630,15,19,Batsman
24631,Player_24631,6,19,Defender
24632,Player_24632,8,28,Goalkeeper
24633,Player_24633,9,25,Defender
24634,Player_24634,6,23,Bowler
24635,Player_24635,2,35,Bowler
24636,Player_24636,16,39,Bowler
24637,Player_24637,20,28,All-Rounder
24638,Player_24638,1,23,Bowler
24639,Player_24639,16,26,Defender
24640,Player_24640,1,39,Defender
24641,Player_24641,1,31,Defender
24642,Player_24642,7,36,Bowler
24643,Player_24643,16,38,Goalkeeper
24644,Player_24644,17,23,Goalkeeper
24645,Player_24645,16,37,All-Rounder
24646,Player_24646,16,36,Defender
24647,Player_24647,6,27,Defender
24648,Player_24648,18,31,All-Rounder
24649,Player_24649,3,22,Defender
24650,Player_24650,8,29,Batsman
24651,Player_24651,4,36,All-Rounder
24652,Player_24652,4,19,Defender
24653,Player_24653,17,32,All-Rounder
24654,Player_24654,5,23,Batsman
24655,Player_24655,14,25,Batsman
24656,Player_24656,15,31,Bowler
24657,Player_24657,12,20,Defender
24658,Player_24658,13,23,Batsman
24659,Player_24659,18,28,Batsman
24660,Player_24660,14,26,Batsman
24661,Player_24661,19,34,Bowler
24662,Player_24662,7,36,Defender
24663,Player_24663,6,19,All-Rounder
24664,Player_24664,5,25,Bowler
24665,Player_24665,4,27,Defender
24666,Player_24666,18,39,Batsman
24667,Player_24667,14,20,Bowler
24668,Player_24668,16,27,Goalkeeper
24669,Player_24669,20,19,Goalkeeper
24670,Player_24670,14,24,Batsman
24671,Player_24671,5,18,Defender
24672,Player_24672,11,29,Defender
24673,Player_24673,12,22,Bowler
24674,Player_24674,18,26,Goalkeeper
24675,Player_24675,4,29,Defender
24676,Player_24676,13,28,Bowler
24677,Player_24677,20,29,Bowler
24678,Player_24678,13,20,Goalkeeper
24679,Player_24679,4,29,Batsman
24680,Player_24680,7,18,Bowler
24681,Player_24681,2,23,Batsman
24682,Player_24682,18,28,Goalkeeper
24683,Player_24683,6,19,Bowler
24684,Player_24684,16,25,All-Rounder
24685,Player_24685,3,39,Goalkeeper
24686,Player_24686,15,28,Goalkeeper
24687,Player_24687,20,29,All-Rounder
24688,Player_24688,10,36,Goalkeeper
24689,Player_24689,9,37,All-Rounder
24690,Player_24690,11,26,All-Rounder
24691,Player_24691,14,28,Goalkeeper
24692,Player_24692,12,35,All-Rounder
24693,Player_24693,7,26,All-Rounder
24694,Player_24694,11,32,Goalkeeper
24695,Player_24695,17,39,All-Rounder
24696,Player_24696,9,35,Batsman
24697,Player_24697,13,25,Goalkeeper
24698,Player_24698,16,21,Goalkeeper
24699,Player_24699,3,30,Batsman
24700,Player_24700,5,32,Defender
24701,Player_24701,17,25,Bowler
24702,Player_24702,1,33,All-Rounder
24703,Player_24703,9,28,All-Rounder
24704,Player_24704,17,30,Bowler
24705,Player_24705,13,24,All-Rounder
24706,Player_24706,15,35,All-Rounder
24707,Player_24707,8,25,Batsman
24708,Player_24708,8,19,Batsman
24709,Player_24709,2,20,Batsman
24710,Player_24710,10,27,Batsman
24711,Player_24711,5,24,Goalkeeper
24712,Player_24712,16,24,All-Rounder
24713,Player_24713,19,21,Bowler
24714,Player_24714,1,38,All-Rounder
24715,Player_24715,13,25,Goalkeeper
24716,Player_24716,4,36,Goalkeeper
24717,Player_24717,7,39,All-Rounder
24718,Player_24718,1,29,All-Rounder
24719,Player_24719,2,27,Batsman
24720,Player_24720,16,31,Goalkeeper
24721,Player_24721,14,29,All-Rounder
24722,Player_24722,5,38,Bowler
24723,Player_24723,14,37,Bowler
24724,Player_24724,17,21,Batsman
24725,Player_24725,12,36,Batsman
24726,Player_24726,20,24,All-Rounder
24727,Player_24727,12,38,Bowler
24728,Player_24728,3,18,Goalkeeper
24729,Player_24729,2,25,Defender
24730,Player_24730,15,28,Bowler
24731,Player_24731,11,18,Goalkeeper
24732,Player_24732,10,18,Bowler
24733,Player_24733,18,21,All-Rounder
24734,Player_24734,2,21,Defender
24735,Player_24735,7,28,Defender
24736,Player_24736,7,18,All-Rounder
24737,Player_24737,7,27,All-Rounder
24738,Player_24738,14,21,Batsman
24739,Player_24739,2,24,Goalkeeper
24740,Player_24740,2,19,Goalkeeper
24741,Player_24741,15,39,Batsman
24742,Player_24742,11,30,Goalkeeper
24743,Player_24743,10,39,Defender
24744,Player_24744,3,36,Bowler
24745,Player_24745,17,21,Defender
24746,Player_24746,9,23,Batsman
24747,Player_24747,15,39,Goalkeeper
24748,Player_24748,14,34,Goalkeeper
24749,Player_24749,19,26,Bowler
24750,Player_24750,17,19,Bowler
24751,Player_24751,20,37,Bowler
24752,Player_24752,17,23,Defender
24753,Player_24753,16,35,Batsman
24754,Player_24754,20,39,Batsman
24755,Player_24755,8,32,Batsman
24756,Player_24756,7,33,Defender
24757,Player_24757,12,18,All-Rounder
24758,Player_24758,1,27,Goalkeeper
24759,Player_24759,12,27,Defender
24760,Player_24760,6,38,Batsman
24761,Player_24761,16,23,Defender
24762,Player_24762,18,21,Defender
24763,Player_24763,19,31,All-Rounder
24764,Player_24764,3,34,Bowler
24765,Player_24765,3,20,Batsman
24766,Player_24766,5,19,Defender
24767,Player_24767,3,35,Bowler
24768,Player_24768,19,34,Goalkeeper
24769,Player_24769,5,30,Goalkeeper
24770,Player_24770,14,36,Goalkeeper
24771,Player_24771,16,27,Defender
24772,Player_24772,1,38,Defender
24773,Player_24773,17,39,All-Rounder
24774,Player_24774,11,21,Batsman
24775,Player_24775,9,34,Bowler
24776,Player_24776,4,33,Goalkeeper
24777,Player_24777,2,36,Bowler
24778,Player_24778,9,31,All-Rounder
24779,Player_24779,5,37,Goalkeeper
24780,Player_24780,4,32,Bowler
24781,Player_24781,5,36,Batsman
24782,Player_24782,18,20,Batsman
24783,Player_24783,13,37,All-Rounder
24784,Player_24784,5,37,Bowler
24785,Player_24785,19,33,All-Rounder
24786,Player_24786,3,24,All-Rounder
24787,Player_24787,18,35,All-Rounder
24788,Player_24788,6,25,Defender
24789,Player_24789,6,31,Batsman
24790,Player_24790,5,35,Defender
24791,Player_24791,1,18,Defender
24792,Player_24792,8,37,Batsman
24793,Player_24793,1,23,All-Rounder
24794,Player_24794,6,30,Bowler
24795,Player_24795,20,18,All-Rounder
24796,Player_24796,14,36,All-Rounder
24797,Player_24797,11,24,Defender
24798,Player_24798,2,33,Bowler
24799,Player_24799,4,31,Batsman
24800,Player_24800,13,19,Goalkeeper
24801,Player_24801,7,24,Batsman
24802,Player_24802,6,37,Bowler
24803,Player_24803,3,39,Batsman
24804,Player_24804,9,37,Defender
24805,Player_24805,14,32,Bowler
24806,Player_24806,20,31,Goalkeeper
24807,Player_24807,11,18,Goalkeeper
24808,Player_24808,5,34,Bowler
24809,Player_24809,14,33,Batsman
24810,Player_24810,19,22,Goalkeeper
24811,Player_24811,8,38,Bowler
24812,Player_24812,7,20,Bowler
24813,Player_24813,7,37,Bowler
24814,Player_24814,3,36,All-Rounder
24815,Player_24815,3,19,Batsman
24816,Player_24816,18,31,Bowler
24817,Player_24817,13,38,Bowler
24818,Player_24818,1,36,All-Rounder
24819,Player_24819,5,30,Defender
24820,Player_24820,4,30,All-Rounder
24821,Player_24821,16,23,Bowler
24822,Player_24822,15,26,Batsman
24823,Player_24823,18,37,All-Rounder
24824,Player_24824,17,18,Bowler
24825,Player_24825,14,27,Batsman
24826,Player_24826,14,20,All-Rounder
24827,Player_24827,19,23,Goalkeeper
24828,Player_24828,6,33,Batsman
24829,Player_24829,13,37,Bowler
24830,Player_24830,18,23,Batsman
24831,Player_24831,15,29,Batsman
24832,Player_24832,7,20,Bowler
24833,Player_24833,19,35,Goalkeeper
24834,Player_24834,17,38,Batsman
24835,Player_24835,9,20,Bowler
24836,Player_24836,11,22,Batsman
24837,Player_24837,5,36,Defender
24838,Player_24838,2,35,Goalkeeper
24839,Player_24839,15,25,Defender
24840,Player_24840,12,27,Batsman
24841,Player_24841,10,36,Goalkeeper
24842,Player_24842,10,27,Bowler
24843,Player_24843,20,38,Defender
24844,Player_24844,11,19,Goalkeeper
24845,Player_24845,10,27,Goalkeeper
24846,Player_24846,7,39,Batsman
24847,Player_24847,14,35,Defender
24848,Player_24848,13,21,Bowler
24849,Player_24849,5,20,All-Rounder
24850,Player_24850,19,34,Batsman
24851,Player_24851,10,34,Goalkeeper
24852,Player_24852,8,39,Defender
24853,Player_24853,18,29,All-Rounder
24854,Player_24854,1,34,Goalkeeper
24855,Player_24855,5,30,Defender
24856,Player_24856,11,26,Defender
24857,Player_24857,20,18,All-Rounder
24858,Player_24858,11,32,Goalkeeper
24859,Player_24859,16,36,All-Rounder
24860,Player_24860,10,26,Bowler
24861,Player_24861,15,34,Batsman
24862,Player_24862,7,32,Batsman
24863,Player_24863,15,19,Bowler
24864,Player_24864,16,21,Goalkeeper
24865,Player_24865,6,24,All-Rounder
24866,Player_24866,11,25,Batsman
24867,Player_24867,17,18,Bowler
24868,Player_24868,15,18,Defender
24869,Player_24869,16,22,Batsman
24870,Player_24870,2,25,Batsman
24871,Player_24871,4,18,Bowler
24872,Player_24872,19,20,All-Rounder
24873,Player_24873,6,39,Batsman
24874,Player_24874,18,34,All-Rounder
24875,Player_24875,11,20,Bowler
24876,Player_24876,9,18,Defender
24877,Player_24877,3,21,Batsman
24878,Player_24878,2,26,All-Rounder
24879,Player_24879,18,30,All-Rounder
24880,Player_24880,15,22,Goalkeeper
24881,Player_24881,18,31,All-Rounder
24882,Player_24882,19,36,All-Rounder
24883,Player_24883,15,31,Bowler
24884,Player_24884,17,39,All-Rounder
24885,Player_24885,18,21,Goalkeeper
24886,Player_24886,18,21,Defender
24887,Player_24887,11,26,Goalkeeper
24888,Player_24888,18,19,Defender
24889,Player_24889,3,27,Batsman
24890,Player_24890,13,35,Defender
24891,Player_24891,14,24,Defender
24892,Player_24892,4,38,Goalkeeper
24893,Player_24893,18,31,Bowler
24894,Player_24894,5,38,Bowler
24895,Player_24895,14,32,Defender
24896,Player_24896,12,27,Goalkeeper
24897,Player_24897,7,22,Bowler
24898,Player_24898,12,25,Bowler
24899,Player_24899,8,39,Goalkeeper
24900,Player_24900,3,38,Defender
24901,Player_24901,1,22,Batsman
24902,Player_24902,3,22,Goalkeeper
24903,Player_24903,11,31,Goalkeeper
24904,Player_24904,18,18,Goalkeeper
24905,Player_24905,7,22,Defender
24906,Player_24906,9,36,Defender
24907,Player_24907,4,39,Goalkeeper
24908,Player_24908,10,29,Bowler
24909,Player_24909,18,32,Batsman
24910,Player_24910,16,20,All-Rounder
24911,Player_24911,12,18,Goalkeeper
24912,Player_24912,19,29,Goalkeeper
24913,Player_24913,3,30,Defender
24914,Player_24914,8,31,Defender
24915,Player_24915,19,27,All-Rounder
24916,Player_24916,9,37,Defender
24917,Player_24917,19,31,Defender
24918,Player_24918,17,31,Bowler
24919,Player_24919,13,30,Batsman
24920,Player_24920,2,38,Bowler
24921,Player_24921,4,20,Goalkeeper
24922,Player_24922,11,36,Bowler
24923,Player_24923,2,37,All-Rounder
24924,Player_24924,4,27,Bowler
24925,Player_24925,4,29,Defender
24926,Player_24926,20,19,All-Rounder
24927,Player_24927,1,18,All-Rounder
24928,Player_24928,11,21,Goalkeeper
24929,Player_24929,2,25,Goalkeeper
24930,Player_24930,19,34,Defender
24931,Player_24931,8,31,Batsman
24932,Player_24932,20,31,All-Rounder
24933,Player_24933,4,36,Defender
24934,Player_24934,16,21,Goalkeeper
24935,Player_24935,15,37,Goalkeeper
24936,Player_24936,5,33,Batsman
24937,Player_24937,5,36,All-Rounder
24938,Player_24938,15,36,All-Rounder
24939,Player_24939,17,30,Defender
24940,Player_24940,3,24,Batsman
24941,Player_24941,18,31,Bowler
24942,Player_24942,11,27,Defender
24943,Player_24943,6,31,All-Rounder
24944,Player_24944,12,37,Defender
24945,Player_24945,17,28,Defender
24946,Player_24946,14,28,Defender
24947,Player_24947,6,32,Defender
24948,Player_24948,10,25,All-Rounder
24949,Player_24949,16,39,Batsman
24950,Player_24950,18,34,Batsman
24951,Player_24951,20,38,Goalkeeper
24952,Player_24952,6,23,Goalkeeper
24953,Player_24953,19,31,Bowler
24954,Player_24954,3,26,Batsman
24955,Player_24955,12,20,Defender
24956,Player_24956,16,29,Goalkeeper
24957,Player_24957,3,21,Defender
24958,Player_24958,16,32,Bowler
24959,Player_24959,4,30,Batsman
24960,Player_24960,20,35,All-Rounder
24961,Player_24961,13,31,Bowler
24962,Player_24962,4,30,All-Rounder
24963,Player_24963,4,26,Batsman
24964,Player_24964,7,22,All-Rounder
24965,Player_24965,12,36,Batsman
24966,Player_24966,2,25,Defender
24967,Player_24967,16,30,Bowler
24968,Player_24968,7,26,Defender
24969,Player_24969,19,34,Batsman
24970,Player_24970,11,22,Batsman
24971,Player_24971,1,26,Defender
24972,Player_24972,9,28,Defender
24973,Player_24973,5,19,Defender
24974,Player_24974,17,30,Bowler
24975,Player_24975,1,18,Bowler
24976,Player_24976,17,25,Batsman
24977,Player_24977,12,32,Goalkeeper
24978,Player_24978,13,39,Defender
24979,Player_24979,11,19,All-Rounder
24980,Player_24980,13,20,All-Rounder
24981,Player_24981,13,38,All-Rounder
24982,Player_24982,6,34,Defender
24983,Player_24983,6,35,Goalkeeper
24984,Player_24984,20,34,Goalkeeper
24985,Player_24985,10,31,Bowler
24986,Player_24986,19,28,Goalkeeper
24987,Player_24987,3,31,All-Rounder
24988,Player_24988,7,22,All-Rounder
24989,Player_24989,5,23,Defender
24990,Player_24990,8,36,Bowler
24991,Player_24991,5,28,Batsman
24992,Player_24992,12,19,Bowler
24993,Player_24993,4,27,Batsman
24994,Player_24994,19,30,Bowler
24995,Player_24995,18,19,Goalkeeper
24996,Player_24996,3,31,Bowler
24997,Player_24997,7,34,Defender
24998,Player_24998,8,26,Batsman
24999,Player_24999,15,25,Goalkeeper
25000,Player_25000,17,25,Goalkeeper
