performance_id,player_id,match_id,points_scored,assists,minutes_played
1,5912,1042,84,5,25
2,12732,17531,68,7,43
3,7047,24360,48,7,82
4,17665,4859,128,7,51
5,2108,14351,83,6,31
6,7106,21957,81,0,32
7,3888,22588,116,8,34
8,4938,13782,101,9,47
9,2900,4315,33,8,45
10,8696,20898,81,4,24
11,19555,8099,94,6,89
12,14257,19673,100,1,53
13,24149,5053,75,7,51
14,3504,8251,7,6,42
15,9247,11650,22,5,57
16,15923,13056,85,2,75
17,22737,5783,115,6,15
18,11452,20860,130,8,48
19,19660,1426,74,1,43
20,24392,14370,139,1,47
21,17468,19556,104,2,21
22,23776,21102,72,3,55
23,6223,4582,8,1,79
24,16715,11059,54,2,65
25,14531,9116,12,1,13
26,10470,22607,142,5,69
27,21983,2047,112,7,79
28,22424,16089,41,2,6
29,13554,23185,24,8,31
30,22935,8577,39,6,39
31,16476,18459,93,4,64
32,13127,14395,52,8,0
33,2935,18890,88,1,76
34,9504,807,110,1,12
35,13821,5942,149,4,49
36,14129,10954,78,8,25
37,14120,23392,62,9,83
38,1780,19382,113,4,2
39,17482,8149,118,1,0
40,20533,15176,130,8,72
41,14526,11890,138,3,55
42,17027,3602,106,8,7
43,2562,23813,117,9,3
44,20582,8110,37,4,68
45,7011,15991,138,3,25
46,14822,16854,31,3,16
47,8927,20558,53,1,44
48,24595,7776,8,4,59
49,16022,8048,126,1,77
50,4757,22944,86,9,80
51,24347,7038,32,1,85
52,2548,10437,32,7,62
53,4735,19828,130,5,50
54,7829,18908,112,7,77
55,5712,6556,62,8,27
56,9757,22237,50,0,74
57,18721,12666,50,0,88
58,4555,2290,132,2,14
59,20746,8418,81,0,76
60,16529,822,2,4,13
61,16186,4750,63,0,66
62,21695,18088,32,9,46
63,19902,6352,93,0,21
64,13130,24155,43,3,21
65,19293,23404,50,1,39
66,6918,3079,30,5,83
67,1674,14163,127,0,1
68,5934,15510,124,2,89
69,13639,402,146,7,70
70,16907,6646,32,1,12
71,13307,19165,117,0,61
72,24614,14680,64,8,82
73,23016,2440,82,0,71
74,23959,15843,33,2,59
75,21280,867,42,5,55
76,3801,1252,57,3,46
77,13251,22655,29,8,51
78,16092,806,129,9,77
79,3209,13898,74,6,34
80,12548,951,4,5,69
81,11314,5809,94,8,30
82,23493,12522,35,4,63
83,7245,23582,91,3,61
84,3145,24976,132,0,86
85,18447,8806,72,1,81
86,1467,4183,134,1,33
87,14194,18255,121,2,68
88,19413,10950,20,2,73
89,8212,21199,132,3,7
90,747,10549,97,7,0
91,4804,8624,134,4,1
92,11116,21887,30,1,84
93,996,12238,1,4,78
94,22491,19733,14,4,54
95,23094,11657,67,9,42
96,9101,22584,22,1,57
97,11005,20009,23,5,66
98,20632,24363,45,1,82
99,19996,17176,102,9,26
100,9991,21292,31,1,56
101,12392,16916,27,8,47
102,17,19619,121,1,88
103,9907,10844,24,5,69
104,17737,13105,52,3,89
105,23778,133,114,1,45
106,9702,15408,102,1,68
107,3496,6063,141,9,31
108,4770,17234,34,8,12
109,14190,16311,84,5,61
110,24198,14406,41,4,63
111,23374,24135,74,1,27
112,7785,3439,67,8,56
113,19526,24833,47,7,83
114,4829,17023,3,3,80
115,6896,16662,136,8,8
116,2478,15457,37,9,42
117,2093,6052,12,8,67
118,3496,14321,138,9,0
119,12032,23157,70,7,79
120,14616,14127,77,9,40
121,12224,14427,63,1,4
122,1970,8498,96,3,24
123,9781,22968,106,2,26
124,16787,9069,97,6,61
125,4331,15360,146,9,79
126,15035,22754,140,4,72
127,11558,15268,92,2,55
128,20860,15445,3,3,50
129,13683,5135,131,5,74
130,8552,19505,65,1,9
131,20373,13654,105,0,23
132,12274,22183,102,2,47
133,10277,15430,64,9,71
134,1367,22637,13,9,25
135,19247,17424,56,6,16
136,22526,310,105,6,24
137,5919,7022,107,6,41
138,5611,22364,125,3,64
139,7718,18590,3,5,47
140,2563,5962,131,0,80
141,20451,1091,126,2,6
142,21935,16982,123,1,25
143,6077,18495,65,4,27
144,11596,1437,81,1,7
145,18591,24764,23,2,20
146,9045,6005,97,1,10
147,12584,5576,124,7,78
148,18535,17930,9,4,41
149,20785,13113,29,9,53
150,6500,19527,84,0,57
151,19252,16380,118,9,3
152,18165,16103,68,9,60
153,17379,11667,34,9,17
154,15563,10126,23,0,58
155,8842,4385,89,4,56
156,7463,11132,137,8,12
157,12255,12655,120,5,74
158,14100,24532,87,4,88
159,18045,16364,143,9,79
160,14596,11457,87,7,51
161,2222,23514,148,3,18
162,4044,17440,25,2,52
163,21937,1009,44,8,7
164,3590,4256,28,9,28
165,7093,18964,71,2,58
166,4080,22052,74,8,10
167,5619,8670,99,3,54
168,7460,21282,127,9,56
169,11749,8225,12,6,64
170,6775,23574,106,2,39
171,19990,19486,111,1,51
172,6391,19825,57,1,11
173,16089,7471,126,6,24
174,20854,14600,24,3,15
175,1312,22101,35,3,47
176,23476,7241,45,0,8
177,9805,2989,12,3,10
178,18798,17529,27,9,8
179,13214,5328,44,5,49
180,10397,21432,112,0,22
181,15201,6108,60,2,80
182,17724,17335,137,5,38
183,18463,9537,19,2,24
184,21662,24076,91,8,12
185,20046,10450,101,5,76
186,18071,6351,53,2,43
187,4580,18733,72,0,66
188,2529,12791,94,0,16
189,19996,21879,73,5,72
190,3240,23928,22,2,81
191,4073,10484,104,0,20
192,11768,18039,121,1,23
193,5978,14160,55,5,68
194,7959,10057,126,2,40
195,17038,13149,112,0,51
196,21445,4432,33,0,23
197,17610,2536,148,6,59
198,9992,15100,142,9,79
199,9933,13606,29,8,12
200,7353,17057,53,2,22
201,7856,24430,71,6,33
202,14806,13017,18,9,24
203,20770,21207,29,1,88
204,4662,6087,88,6,68
205,13108,1583,77,9,45
206,13541,8033,130,2,70
207,1676,5895,18,3,50
208,19511,7691,104,4,80
209,15210,9170,125,3,42
210,4142,11979,69,9,28
211,6817,4437,55,0,16
212,10873,2035,83,5,43
213,10251,4077,120,0,52
214,695,16780,80,5,57
215,21157,20166,135,1,3
216,10519,5070,36,2,13
217,10084,6064,29,6,62
218,3367,15476,35,5,58
219,16599,5455,45,5,24
220,10829,19352,74,5,24
221,14295,17301,13,9,58
222,19001,9185,144,7,66
223,4430,7444,126,1,21
224,23777,14714,62,9,77
225,11124,22448,72,9,81
226,22031,23046,47,0,1
227,5497,7495,23,0,68
228,6525,12580,134,2,16
229,10311,22108,111,0,76
230,24870,23461,81,3,37
231,20209,1314,26,1,88
232,5982,24946,109,4,69
233,16241,8920,29,0,52
234,12188,21860,28,6,8
235,9027,15366,11,8,88
236,17251,18392,139,9,12
237,150,2892,90,4,60
238,9878,22076,97,0,12
239,17756,19743,31,7,48
240,13141,7454,52,6,86
241,20933,6163,56,3,75
242,5553,16534,38,6,12
243,16261,4509,26,9,69
244,11863,5267,65,6,18
245,10051,5334,137,2,54
246,11395,8056,84,7,83
247,22025,2224,8,4,40
248,6810,13877,23,8,3
249,395,1316,137,2,12
250,20794,2436,47,7,58
251,19104,16015,65,0,83
252,12435,21248,45,5,74
253,10973,10943,61,5,41
254,14775,23430,99,8,48
255,13895,15742,109,6,37
256,7005,18133,141,2,53
257,10254,6270,3,1,4
258,17,4176,51,4,58
259,23692,8444,115,3,81
260,4537,2688,53,0,76
261,16091,5216,114,4,11
262,21133,24916,56,7,29
263,15811,3332,63,8,15
264,2000,15316,13,0,26
265,11638,4071,139,0,68
266,9889,21764,48,8,61
267,18703,14029,95,7,6
268,10533,2029,12,6,82
269,5392,6899,61,7,46
270,1840,16307,102,0,5
271,18053,21435,3,3,76
272,3304,23369,73,4,68
273,17424,3221,41,0,29
274,14001,5310,23,0,23
275,17924,528,75,7,70
276,4219,24986,95,7,59
277,23511,38,32,4,67
278,1092,22682,77,4,54
279,14808,13794,44,6,69
280,14383,6228,136,4,68
281,6962,1148,65,0,59
282,19549,17248,146,1,53
283,7263,5995,91,8,62
284,3711,6872,138,7,8
285,14283,1021,95,7,31
286,7810,12984,121,6,16
287,2228,18412,16,0,26
288,21837,16451,4,2,16
289,9439,1880,146,4,84
290,13592,9193,43,1,1
291,15499,20383,80,0,59
292,18607,8470,17,5,59
293,14284,6906,129,1,29
294,7104,9337,143,3,39
295,12732,3990,100,9,37
296,15448,11128,0,4,56
297,10794,11448,33,5,60
298,8611,7433,45,1,42
299,9852,9047,117,4,38
300,3783,1879,76,7,38
301,14427,7828,126,2,68
302,22974,9499,21,7,50
303,7680,1563,97,0,34
304,10970,14397,126,6,80
305,6799,18205,121,0,33
306,7971,17332,20,9,79
307,9811,3343,125,2,73
308,2045,135,3,9,32
309,1720,3156,60,2,21
310,8171,22729,66,0,21
311,7206,1024,102,0,73
312,23294,21872,97,7,13
313,23914,24541,73,3,19
314,21084,6987,46,7,71
315,22767,6466,52,3,82
316,23812,20802,6,9,48
317,19636,23418,125,4,46
318,22820,20473,85,5,73
319,9897,16204,132,0,20
320,16463,3781,92,1,29
321,22144,4039,55,4,76
322,13528,9224,132,3,82
323,6581,12851,29,1,62
324,1910,1876,137,2,26
325,17546,11642,47,4,27
326,20066,23534,73,6,62
327,5542,20049,113,1,24
328,18250,2770,22,2,72
329,15390,8657,5,8,55
330,6063,6192,26,3,19
331,19505,20736,116,9,44
332,15536,23727,77,2,14
333,19665,7224,111,1,8
334,22773,23491,80,6,64
335,2626,15494,97,1,15
336,2606,11720,30,9,10
337,22077,11371,21,6,20
338,1142,8784,132,0,87
339,5209,413,72,5,5
340,5023,21204,17,1,48
341,11057,19728,20,2,84
342,23270,12541,60,3,6
343,23646,6551,44,1,1
344,8687,20385,69,7,20
345,21242,15710,107,6,14
346,17761,3027,28,8,36
347,21410,19337,110,9,78
348,8137,18393,102,5,61
349,8836,13316,131,5,55
350,11215,22885,102,7,83
351,10612,22952,127,6,48
352,11809,11751,33,0,83
353,9428,18695,66,2,44
354,5967,14631,109,0,38
355,11880,23750,57,4,38
356,15988,4075,75,9,45
357,15311,20487,122,5,47
358,2741,23686,137,6,87
359,19872,22010,12,6,62
360,19641,13227,28,4,34
361,22003,9304,22,0,78
362,11337,15086,90,8,78
363,10449,20210,107,4,74
364,166,20020,54,6,60
365,7007,4824,54,8,69
366,22188,24002,59,6,31
367,2104,20534,45,4,64
368,7912,13608,82,9,13
369,22538,21007,42,1,35
370,20860,8701,20,7,12
371,3049,15009,99,5,10
372,20856,1082,89,2,6
373,22907,23842,86,4,23
374,3825,15435,67,3,26
375,15582,20664,15,2,35
376,7890,21815,83,6,78
377,24981,20505,127,6,22
378,23102,20470,48,4,41
379,3003,20300,39,5,87
380,7210,22999,111,1,0
381,17143,22625,46,7,37
382,23804,22265,114,6,79
383,2064,14714,30,5,38
384,22247,2688,28,4,74
385,18653,7049,133,5,58
386,22177,19982,10,7,33
387,23172,9150,63,5,61
388,8921,11401,127,0,43
389,12447,12909,67,6,89
390,24798,19163,120,1,10
391,1364,6858,123,6,68
392,18402,24943,145,8,11
393,2276,964,33,0,34
394,6537,11623,54,6,4
395,11303,15784,125,6,37
396,14240,8088,31,7,59
397,23835,22907,109,7,61
398,16119,23548,114,0,13
399,24928,20974,70,0,43
400,22556,22602,149,5,33
401,12716,23860,112,2,69
402,9262,15461,31,9,68
403,6065,5814,115,0,22
404,11094,1558,56,0,22
405,4644,15315,8,0,10
406,6310,19973,106,7,6
407,3418,8302,32,9,78
408,6341,8000,5,5,52
409,23508,10909,87,4,74
410,12356,10464,119,4,25
411,17817,22329,142,9,41
412,14448,11882,12,4,5
413,17915,19133,141,2,7
414,12063,1808,13,0,86
415,9385,15841,90,5,60
416,7755,6824,12,1,51
417,5809,19659,57,5,71
418,22843,15400,108,8,40
419,6072,23369,11,6,14
420,4244,1500,103,8,28
421,6267,15608,30,2,40
422,12068,9053,94,8,42
423,1393,14877,82,5,88
424,5017,2279,112,4,68
425,5468,11369,95,7,69
426,1761,22564,128,7,9
427,19581,18512,12,3,62
428,5919,2149,34,1,21
429,1161,4529,136,3,46
430,17141,18589,140,2,12
431,6417,13655,49,1,4
432,3596,13420,34,4,3
433,16099,12010,71,9,1
434,3487,21678,138,6,66
435,19219,3437,106,9,5
436,16943,21207,47,2,14
437,15516,4266,142,5,63
438,20652,24049,39,5,87
439,14971,18765,22,3,61
440,16653,18419,14,4,0
441,17283,14351,94,5,73
442,13647,6811,85,1,22
443,17478,24326,69,2,23
444,7771,9153,11,5,47
445,16185,4545,89,5,40
446,11387,24323,75,4,58
447,7427,17096,14,1,16
448,21320,15410,17,9,40
449,23410,23865,91,4,45
450,17609,8576,72,3,47
451,14181,6379,99,3,80
452,17465,6432,80,4,14
453,6039,3764,148,0,76
454,3705,15931,90,5,39
455,11698,18448,28,8,31
456,14162,19635,106,0,79
457,4819,4595,38,3,15
458,15484,4432,9,0,17
459,6268,19198,97,1,4
460,19831,481,141,6,51
461,16455,12669,30,9,66
462,3712,4973,113,8,4
463,20968,548,66,5,66
464,10949,16071,12,8,58
465,11648,10077,146,3,46
466,5773,9782,97,4,71
467,12704,12776,133,4,37
468,3434,6379,52,3,63
469,15955,8066,133,6,42
470,16705,6332,7,4,61
471,13433,4794,76,3,27
472,4113,3556,34,1,19
473,15162,389,1,2,79
474,2444,12301,96,5,47
475,12840,19955,15,2,3
476,9554,5115,36,4,33
477,4654,7560,137,3,51
478,3462,4610,56,9,82
479,5481,16227,94,1,59
480,6715,14474,140,5,44
481,6269,18274,57,1,53
482,22855,22788,127,4,4
483,615,803,56,1,77
484,8878,9137,127,8,23
485,6498,19559,25,3,5
486,3483,15320,67,2,79
487,18691,9842,142,9,40
488,21385,9107,43,2,73
489,7908,8967,37,6,84
490,18530,5534,91,6,79
491,4058,3351,23,2,61
492,5228,1179,120,5,18
493,21410,8050,140,2,63
494,6056,7958,131,5,62
495,16655,18829,32,5,82
496,5950,5707,123,4,11
497,673,2080,74,6,42
498,24004,8879,33,6,79
499,17310,17982,65,8,2
500,21008,13888,39,2,25
501,17911,9638,9,2,6
502,1533,17543,13,7,29
503,11803,8127,130,2,81
504,1164,20764,72,4,22
505,4830,15912,95,5,68
506,5344,5403,2,1,63
507,1151,11552,144,0,27
508,10351,22217,85,3,27
509,22754,6120,109,4,80
510,2922,3220,51,0,67
511,17450,11479,140,5,21
512,18298,18732,81,8,80
513,24150,19173,149,9,73
514,21235,4832,14,0,52
515,2287,14706,135,0,25
516,22607,9850,124,4,25
517,24128,8691,46,8,43
518,23880,16951,91,7,55
519,9018,14400,122,6,7
520,19534,11564,83,0,12
521,961,3003,57,6,39
522,12049,19276,107,6,7
523,19277,22690,38,2,48
524,22711,3291,149,2,19
525,15054,4099,30,1,64
526,9872,8680,77,9,84
527,12079,13286,43,3,26
528,4073,7808,89,5,42
529,8406,17849,119,2,70
530,14140,18992,45,8,54
531,1458,10680,18,5,46
532,21219,22516,14,7,56
533,4563,19475,47,1,70
534,20185,9025,35,2,38
535,244,19639,33,4,8
536,20750,607,141,3,68
537,4207,11086,64,0,82
538,19254,1313,107,0,61
539,14445,17053,126,9,34
540,22465,5056,92,2,68
541,439,16878,49,8,87
542,1702,14485,24,0,11
543,16762,17280,144,5,56
544,18163,19270,60,8,49
545,53,9833,69,9,45
546,9558,10899,90,0,10
547,24666,12302,20,0,82
548,21247,1585,59,1,23
549,3524,7099,73,9,35
550,12584,20538,97,3,49
551,21931,21506,45,7,9
552,3187,19942,142,6,11
553,11259,23380,31,3,80
554,9064,11005,41,3,6
555,23989,11395,111,6,44
556,9097,2898,93,0,27
557,9919,542,49,9,59
558,15131,20695,90,0,81
559,19609,441,94,8,31
560,17893,17408,67,6,68
561,23483,22153,127,2,46
562,22539,6618,39,5,69
563,23840,1172,24,3,75
564,2708,12204,109,2,69
565,8721,8727,147,6,26
566,24087,17586,23,7,10
567,17284,625,44,5,2
568,24662,19169,133,9,83
569,14823,1253,120,6,0
570,8672,18391,68,2,89
571,11350,23014,64,9,16
572,12299,5797,8,6,72
573,3678,7100,16,1,5
574,21669,15694,94,4,34
575,19788,754,69,2,54
576,19104,7718,73,0,37
577,16939,14951,133,6,46
578,23220,11568,128,1,56
579,15172,24573,23,7,22
580,17265,5870,127,6,32
581,8520,16504,114,7,85
582,9163,20731,135,6,41
583,98,13516,82,7,74
584,21311,8120,29,5,72
585,4397,13005,97,0,0
586,14224,15744,43,2,31
587,12216,13648,129,9,89
588,14785,6462,109,5,33
589,12404,22875,7,7,89
590,19962,23353,78,0,32
591,19469,22309,1,3,1
592,9909,4082,22,6,74
593,22753,24764,16,0,80
594,5231,6345,76,5,4
595,9590,23825,9,3,70
596,12793,17579,92,7,6
597,5376,18688,144,1,71
598,17960,13527,74,9,8
599,14763,12684,95,4,44
600,11572,15108,108,0,88
601,8747,12019,68,7,80
602,17273,3167,59,0,21
603,16464,19847,40,1,42
604,8883,22455,133,0,19
605,3393,1867,72,5,48
606,22357,23033,5,3,49
607,10684,22860,64,9,59
608,20504,22182,40,2,58
609,2870,20353,120,6,19
610,17326,81,82,8,89
611,3860,13108,96,6,89
612,5098,18453,125,6,3
613,433,24703,34,8,37
614,10254,15153,133,2,23
615,1665,10140,98,4,21
616,10326,9055,59,4,4
617,23221,9013,123,1,86
618,16199,10800,19,6,27
619,20863,12543,135,3,38
620,17125,16429,52,7,36
621,5536,2145,110,9,30
622,17284,2788,50,4,83
623,16272,21400,62,1,80
624,8180,14260,19,2,52
625,19153,20857,6,1,18
626,11422,17088,143,5,84
627,16071,13316,20,2,53
628,21524,207,138,6,22
629,10428,8609,110,2,50
630,10017,23685,43,8,6
631,4964,19843,5,4,16
632,17996,21216,22,6,76
633,17465,22709,46,8,86
634,7695,2666,115,6,19
635,7316,8981,53,1,78
636,20177,5941,123,6,66
637,14634,18842,79,0,86
638,8302,8347,89,3,61
639,17373,2020,89,5,80
640,12713,11823,4,9,84
641,23567,22561,11,2,49
642,2444,19669,124,9,33
643,2835,14046,19,0,78
644,16525,15148,49,0,77
645,6514,4437,137,3,69
646,9205,4112,60,1,57
647,16545,21285,12,3,58
648,8820,2441,60,0,39
649,23902,1181,146,3,49
650,11911,1940,21,1,70
651,22399,19336,115,5,10
652,4140,22222,0,1,80
653,7442,16815,59,3,34
654,13034,19686,51,2,81
655,22766,9002,120,3,47
656,13616,5692,96,9,5
657,7065,12177,24,4,41
658,18237,1226,22,4,31
659,12108,18238,133,6,3
660,1621,12531,82,4,39
661,2503,21880,114,0,54
662,9246,23257,48,5,14
663,11856,19543,107,7,55
664,2747,13612,36,3,10
665,7737,4981,17,1,49
666,4566,18920,49,3,57
667,23414,23790,100,5,48
668,4496,2340,3,7,66
669,24261,14825,31,6,37
670,9066,17088,14,1,33
671,21087,14322,55,8,70
672,21012,15530,84,3,39
673,24574,14878,45,7,21
674,8082,13287,125,7,10
675,6481,8710,25,8,41
676,15134,24911,138,5,41
677,676,1048,104,2,27
678,3150,11293,87,5,56
679,7409,4714,14,8,29
680,21017,2285,93,3,67
681,10749,2121,98,8,70
682,11432,454,93,9,87
683,22404,9806,65,3,83
684,9054,7057,8,1,56
685,14618,19256,30,2,32
686,1606,14219,36,9,27
687,2342,12001,121,9,62
688,12883,12957,86,5,31
689,13907,22594,62,4,42
690,17355,12788,50,6,66
691,23607,19358,139,2,86
692,21866,6572,57,9,15
693,19001,8760,126,4,16
694,3518,12094,17,8,50
695,4422,18540,13,2,54
696,20061,2033,38,9,4
697,15845,10239,53,1,29
698,7002,18634,139,3,16
699,21746,24385,68,4,64
700,15199,18019,43,7,73
701,9133,9809,6,6,67
702,9787,9698,50,1,43
703,10532,16741,14,8,71
704,18122,17657,63,1,48
705,18714,696,67,5,76
706,6666,6800,74,2,43
707,16852,4421,116,7,35
708,3131,117,6,7,82
709,10099,3533,53,6,2
710,20818,3910,87,2,80
711,11788,11966,61,6,38
712,1156,14015,105,9,82
713,14811,8300,23,2,7
714,8939,2637,11,4,11
715,6812,13833,146,8,33
716,308,23207,115,3,28
717,1483,11122,43,7,64
718,14122,14818,23,9,59
719,15868,21556,19,1,13
720,458,15497,141,4,72
721,21489,13762,117,4,74
722,20507,3020,96,0,41
723,2204,3374,123,3,73
724,10367,1751,130,0,4
725,14364,21000,97,9,5
726,18024,9118,14,4,37
727,22275,2764,99,4,46
728,8719,15875,25,0,36
729,14049,10741,77,7,62
730,2385,21362,127,1,87
731,12021,15518,136,5,55
732,14619,21216,32,0,27
733,19044,17585,58,0,76
734,8279,11111,104,4,13
735,7657,949,2,2,36
736,17179,17102,5,8,15
737,18515,10731,71,9,86
738,12362,1248,94,1,34
739,19022,21901,115,6,7
740,4097,15147,48,9,69
741,1126,3148,144,6,60
742,23089,16481,102,3,26
743,19160,553,11,2,80
744,2389,7593,149,9,28
745,11214,20266,138,4,79
746,10849,869,21,8,76
747,17708,23044,88,9,81
748,11191,2861,3,6,40
749,15080,1842,81,5,83
750,9740,1552,122,8,89
751,20433,18937,14,6,86
752,19618,10808,40,0,69
753,15385,11183,97,8,76
754,5818,5437,120,4,61
755,13170,14510,149,4,24
756,13884,2460,67,6,37
757,2556,22149,103,5,30
758,8493,16456,53,6,10
759,14327,21240,6,3,62
760,22623,23718,22,8,75
761,5944,19051,40,9,77
762,153,4221,60,6,17
763,21560,18283,138,5,67
764,1186,12369,113,4,5
765,12347,6675,142,1,66
766,15525,8297,99,6,1
767,2214,24000,76,4,82
768,13054,1641,146,2,7
769,2551,19681,78,8,71
770,11565,18262,45,5,2
771,23628,24637,105,8,86
772,21699,18977,16,6,56
773,18366,17290,65,8,41
774,8196,20688,5,6,34
775,6192,3369,73,0,59
776,7816,16119,149,6,29
777,19872,4223,106,3,51
778,20332,1137,18,7,15
779,24389,1822,30,2,8
780,5271,2511,3,1,70
781,10170,21286,141,6,57
782,16462,18499,52,5,43
783,11027,18002,114,3,22
784,19415,14038,37,2,89
785,17723,9657,121,7,39
786,485,14447,124,7,47
787,7317,9120,132,7,40
788,17035,16612,8,6,34
789,10916,22776,131,4,22
790,24361,13381,115,4,48
791,13224,7216,76,1,20
792,18443,56,114,8,34
793,18521,1712,105,5,43
794,440,16156,7,6,45
795,472,24181,13,4,57
796,9240,9350,27,6,48
797,14667,14807,86,1,67
798,24364,8129,52,9,0
799,6894,24502,77,5,27
800,5208,23439,73,2,55
801,10769,3133,66,0,44
802,23018,6094,65,1,80
803,17018,4976,110,9,54
804,18920,16109,81,3,44
805,17769,9178,132,0,83
806,11922,2129,94,1,13
807,3289,20436,136,2,45
808,22836,1190,15,5,82
809,6152,17386,23,0,41
810,8487,6172,114,8,54
811,9757,11487,143,6,47
812,3975,24932,31,3,31
813,20046,17186,52,1,87
814,8089,837,132,0,84
815,7589,8264,119,8,39
816,19778,23221,46,0,3
817,16147,7111,126,5,53
818,9410,974,21,0,20
819,19160,15697,49,3,5
820,11320,17167,138,3,10
821,16129,8519,91,6,66
822,12943,7625,17,9,35
823,8629,1525,18,7,75
824,23943,6114,57,0,38
825,24552,4447,21,9,77
826,16382,14448,134,9,24
827,6224,8741,26,8,51
828,3079,9943,1,6,53
829,1874,1700,147,0,65
830,23743,24254,76,6,39
831,2958,17247,148,2,88
832,10705,788,41,7,13
833,24855,9364,62,6,20
834,1304,2670,3,0,45
835,13530,15390,136,8,20
836,15396,21771,100,1,20
837,6071,22818,12,0,38
838,19357,15205,105,3,55
839,14535,10689,132,1,47
840,13880,4710,120,4,63
841,14417,4843,14,1,51
842,22155,18928,130,0,72
843,22839,15265,23,1,68
844,13849,23600,110,1,39
845,24880,5524,147,0,25
846,9224,1128,9,8,73
847,8580,22923,63,9,86
848,20901,20086,122,4,15
849,16371,10820,26,1,26
850,1993,226,51,4,12
851,10597,12902,145,7,66
852,9934,8054,48,0,72
853,10544,10006,58,9,4
854,14,24377,130,5,44
855,13463,7980,15,4,39
856,19489,10613,18,3,71
857,17618,24480,112,7,38
858,10362,15941,60,5,0
859,1482,15260,144,4,12
860,13336,9230,88,3,48
861,21880,8506,35,5,9
862,750,7727,26,9,38
863,20376,9045,48,8,87
864,3504,9135,93,4,57
865,3248,22241,104,2,50
866,11510,11539,94,0,77
867,17130,2792,100,1,18
868,19829,24327,105,8,22
869,22339,15854,25,0,49
870,12116,1163,91,6,75
871,2179,5711,79,9,9
872,7291,14437,96,2,29
873,20874,18326,79,8,43
874,24538,22019,109,1,65
875,16485,1861,5,9,50
876,1084,5281,108,7,65
877,6608,1995,95,1,48
878,5866,21396,34,5,41
879,18052,17744,31,0,24
880,24754,24649,31,2,23
881,929,6213,37,0,86
882,21540,20436,82,3,86
883,7925,8412,63,4,63
884,19001,8275,76,4,13
885,1532,10194,49,9,41
886,11722,21389,20,4,26
887,20475,13451,128,2,65
888,8109,4741,19,7,3
889,6161,23268,42,2,30
890,456,12288,21,2,84
891,15327,14796,117,2,3
892,8546,12629,128,6,87
893,18497,11205,18,5,21
894,20564,12990,59,1,18
895,3013,6625,103,3,33
896,7323,19329,9,5,54
897,2286,20555,44,4,41
898,17678,11242,6,6,59
899,1978,4229,145,5,54
900,7002,4031,119,3,9
901,13919,6603,77,1,56
902,12652,1414,73,4,29
903,14082,4097,49,0,71
904,23661,4526,145,8,58
905,10396,10509,7,4,13
906,2070,21943,112,0,29
907,16648,11411,36,3,36
908,4851,5206,121,1,89
909,20784,11549,34,0,18
910,20667,8286,143,9,67
911,13259,17155,130,7,57
912,23039,23559,99,1,4
913,21367,22877,47,9,88
914,3329,15750,149,2,10
915,8817,24126,109,1,51
916,5753,6410,126,7,52
917,22938,17478,68,1,44
918,10631,23622,19,2,86
919,4733,14483,145,3,33
920,6113,15554,71,7,77
921,1104,4467,32,8,60
922,24205,5297,116,9,17
923,24864,6574,149,5,36
924,11651,5590,19,7,8
925,14485,13991,57,4,20
926,19871,19364,136,0,4
927,15995,15232,148,4,49
928,24135,1082,95,0,85
929,2674,20321,27,2,51
930,24999,5247,142,9,2
931,18295,5021,90,3,77
932,22124,11273,79,7,53
933,19784,22057,30,0,61
934,1525,5975,32,0,17
935,10694,16410,27,4,57
936,3854,7871,22,3,69
937,13652,1180,55,3,64
938,10044,7733,21,5,80
939,12354,21195,121,6,17
940,3790,10614,57,1,32
941,19161,10911,128,6,62
942,5231,20978,87,0,83
943,21138,21197,28,8,46
944,5736,8848,46,4,87
945,5830,19147,86,9,17
946,4380,15850,103,3,3
947,16409,23014,43,9,56
948,24519,21296,58,9,39
949,23459,13729,70,2,71
950,8976,8947,28,3,50
951,10836,24035,82,8,39
952,20039,17810,43,7,28
953,9875,24223,84,8,51
954,24834,22772,37,2,54
955,11613,12683,32,7,87
956,10972,17095,89,1,73
957,24911,12114,39,6,84
958,23223,11366,140,0,0
959,19550,18687,129,8,58
960,10654,17427,42,9,47
961,8811,21329,64,3,71
962,21310,2074,33,1,34
963,3548,23683,19,7,38
964,8183,17131,0,1,12
965,6916,6601,83,7,45
966,24456,13078,81,6,21
967,20642,7970,99,7,24
968,23114,9058,91,3,68
969,22564,17382,145,6,30
970,22941,1590,28,2,5
971,1259,17915,119,4,47
972,16964,7103,41,8,86
973,14115,10756,25,0,24
974,11548,16771,90,0,83
975,7190,8410,12,0,68
976,6397,19188,99,1,32
977,10298,12720,58,3,64
978,3866,23443,32,5,62
979,16006,22453,122,0,54
980,19992,21974,6,4,20
981,23108,1542,96,1,39
982,21806,21993,146,6,6
983,16592,928,65,1,75
984,5157,13478,47,3,35
985,2372,16517,149,7,12
986,6780,7411,32,9,16
987,12695,15796,70,8,68
988,18592,13091,29,2,87
989,17079,20455,6,6,76
990,16981,15468,87,9,0
991,8075,8295,122,2,74
992,24400,12372,42,8,24
993,15400,13968,88,2,56
994,16581,16398,123,3,26
995,10031,15847,3,6,84
996,10187,3687,122,4,49
997,8172,11096,130,7,73
998,13691,5896,144,6,51
999,2431,3627,109,1,21
1000,13686,15082,76,5,28
1001,5155,7971,97,5,10
1002,8111,5442,8,0,51
1003,21808,13889,20,7,56
1004,20250,9330,38,4,80
1005,23995,14237,79,4,9
1006,1551,6652,41,6,2
1007,6087,5000,58,9,6
1008,18257,22636,21,5,88
1009,22373,20279,69,0,16
1010,5256,418,115,9,65
1011,3113,13624,136,7,74
1012,1409,15948,86,2,13
1013,14752,2074,40,2,14
1014,5635,15664,91,4,32
1015,7504,4414,75,3,39
1016,19133,20626,11,8,46
1017,8633,24840,24,8,89
1018,2283,3379,39,1,63
1019,20282,5095,79,4,75
1020,17432,8299,108,0,87
1021,19835,3046,91,9,82
1022,3426,10088,119,0,31
1023,8676,15735,25,3,50
1024,19274,11785,33,8,49
1025,3378,6951,10,1,2
1026,15770,9130,35,3,23
1027,22705,13920,111,8,5
1028,23501,15780,65,0,51
1029,6880,21564,76,5,19
1030,17664,4211,32,8,1
1031,938,24178,108,3,81
1032,20865,20851,98,1,4
1033,12477,15256,117,5,83
1034,19099,21038,63,4,19
1035,7114,9561,47,4,9
1036,11072,9818,47,6,88
1037,14033,22092,21,2,50
1038,24788,4643,125,8,3
1039,19890,3950,138,0,26
1040,7244,8876,125,6,61
1041,12241,536,0,6,25
1042,21973,953,109,2,81
1043,2165,21648,19,6,72
1044,19677,17964,6,3,15
1045,9040,3046,19,0,7
1046,14604,3974,18,0,40
1047,3593,8360,105,6,24
1048,19121,21095,132,8,34
1049,14714,22882,133,8,78
1050,23157,10420,53,3,33
1051,23989,4854,148,3,55
1052,8238,14458,73,1,11
1053,10815,2171,108,8,16
1054,12044,18198,48,9,11
1055,5604,253,135,1,16
1056,14784,3463,100,6,16
1057,15190,23150,109,5,71
1058,2984,7125,78,8,60
1059,14441,12763,50,7,68
1060,1559,23304,111,7,58
1061,16721,2304,41,6,67
1062,14224,9010,68,6,31
1063,1875,14368,41,2,10
1064,24398,4878,75,4,11
1065,6882,18353,28,4,12
1066,12508,514,81,6,71
1067,11417,16039,36,0,82
1068,745,18445,2,1,39
1069,19626,23638,107,0,57
1070,1140,16779,121,3,25
1071,16758,16617,109,1,42
1072,12596,13662,21,2,81
1073,6810,8452,69,6,50
1074,4574,9909,146,6,13
1075,1568,14364,103,2,28
1076,15728,5067,89,9,8
1077,10722,19780,100,6,5
1078,7549,10000,67,3,7
1079,12436,9754,47,0,71
1080,21123,5241,145,6,36
1081,8039,10871,79,5,13
1082,8441,6839,41,9,7
1083,8005,6535,139,0,55
1084,20053,8368,119,9,57
1085,14290,16698,65,7,41
1086,16004,4852,122,7,18
1087,18453,3441,19,4,86
1088,1195,5595,78,7,6
1089,24074,7935,107,2,33
1090,24427,23718,38,1,85
1091,13395,22640,63,0,43
1092,18727,269,60,3,32
1093,12953,1878,33,6,0
1094,9329,24246,1,2,86
1095,21085,15552,33,4,22
1096,21568,919,91,9,48
1097,22910,18515,18,0,52
1098,16546,23558,59,0,61
1099,24888,19832,95,0,84
1100,949,4748,28,2,23
1101,2538,10891,1,9,2
1102,18296,7470,43,8,19
1103,18549,23436,64,7,78
1104,11131,18632,23,6,86
1105,9436,10762,136,6,8
1106,6259,20765,114,6,30
1107,13656,9039,114,2,75
1108,23345,4221,126,6,50
1109,23424,19565,21,0,71
1110,650,7778,111,8,5
1111,18565,22081,139,8,6
1112,12982,9127,125,0,23
1113,4362,14854,115,4,1
1114,19893,21037,121,7,40
1115,15186,24244,5,6,26
1116,15551,19421,78,4,1
1117,15698,14683,146,0,87
1118,15766,14882,8,4,7
1119,10623,5550,89,2,27
1120,22300,4921,113,7,7
1121,10675,19056,62,2,7
1122,1668,167,60,1,20
1123,21231,8210,83,9,10
1124,13414,18830,114,1,2
1125,4443,16277,50,5,57
1126,15484,19616,17,1,11
1127,9089,6912,130,3,8
1128,23373,24686,66,8,80
1129,24087,2909,24,2,68
1130,13220,24989,11,4,39
1131,9457,10084,20,6,47
1132,12359,15299,41,7,23
1133,21943,23640,110,0,75
1134,12512,17979,12,6,34
1135,13608,19301,118,6,6
1136,20731,17046,11,2,54
1137,4285,894,74,5,25
1138,12404,7682,19,9,77
1139,14410,7192,30,4,62
1140,3859,6207,87,5,72
1141,19897,12132,13,6,44
1142,10510,15476,31,9,83
1143,24572,7134,114,4,68
1144,8040,15845,62,2,79
1145,13278,17207,78,2,73
1146,23327,14210,113,9,26
1147,20845,23972,146,5,38
1148,14095,3046,140,9,24
1149,14653,8500,7,2,48
1150,4370,24154,131,9,63
1151,8726,13429,30,3,51
1152,24900,11681,129,3,0
1153,12249,5571,99,0,80
1154,3083,619,111,8,87
1155,15977,17064,27,8,33
1156,9401,5243,146,1,49
1157,6926,9231,52,5,23
1158,1932,14967,107,8,0
1159,13576,7257,84,6,0
1160,7810,17087,90,7,14
1161,12129,19050,29,8,10
1162,9500,4263,20,0,15
1163,7258,14760,119,8,82
1164,12640,8735,77,1,7
1165,5631,18321,64,5,13
1166,15152,13402,127,8,1
1167,23702,1912,142,3,72
1168,3813,5030,130,9,89
1169,5316,12720,30,7,63
1170,16648,1247,73,1,62
1171,5147,20143,132,9,38
1172,5353,18447,94,5,50
1173,20429,7495,18,0,10
1174,12628,22445,27,7,18
1175,15544,24640,11,3,86
1176,14934,4426,18,3,27
1177,4564,13573,66,2,6
1178,6397,8117,131,5,45
1179,2287,23177,45,0,71
1180,22419,8880,130,9,78
1181,20992,11039,92,5,35
1182,7132,21483,38,1,31
1183,22824,10051,73,4,18
1184,14500,5803,98,9,34
1185,4160,24449,2,1,24
1186,24478,19866,50,6,85
1187,17125,14235,29,9,9
1188,15354,13055,15,2,7
1189,5469,541,146,1,14
1190,2030,5294,123,5,50
1191,19558,3296,4,8,1
1192,7033,11634,54,3,73
1193,5498,16988,149,6,46
1194,24092,9814,25,2,42
1195,14477,3928,148,0,39
1196,14246,2669,108,6,40
1197,18072,8602,136,0,47
1198,4258,1991,88,9,35
1199,21643,173,30,6,38
1200,8039,23361,44,6,79
1201,566,14888,62,3,36
1202,2882,2135,130,0,7
1203,7995,22826,24,9,22
1204,23242,630,30,2,2
1205,9437,24263,18,3,20
1206,8004,18318,65,5,46
1207,14266,3007,61,9,7
1208,16846,10881,136,4,86
1209,13837,4635,93,5,24
1210,735,4219,95,4,73
1211,12998,10179,20,7,21
1212,16108,22144,130,1,81
1213,16173,3941,108,6,50
1214,4807,23387,16,2,36
1215,5057,12520,88,8,24
1216,11580,1166,65,8,50
1217,9425,10866,33,0,78
1218,20190,23581,105,9,11
1219,12606,2597,103,0,57
1220,20190,15785,117,7,55
1221,5265,22482,113,9,70
1222,3168,8854,148,2,47
1223,23810,23454,138,6,13
1224,11757,6272,97,4,0
1225,15663,4876,9,9,10
1226,19479,7906,126,0,5
1227,18470,6074,114,0,80
1228,6336,14332,119,1,39
1229,10071,5360,115,2,57
1230,15882,7954,15,5,31
1231,24220,14269,11,8,74
1232,16771,19133,15,7,89
1233,606,4633,97,2,56
1234,18852,12763,20,9,54
1235,5582,17317,0,9,61
1236,13861,16460,37,4,5
1237,14955,19367,117,0,48
1238,18769,4374,63,6,0
1239,11090,8395,94,5,11
1240,8309,14602,43,4,54
1241,19779,16294,51,4,48
1242,4096,17728,102,7,78
1243,19752,6994,35,0,73
1244,10282,1273,94,6,62
1245,8766,5876,147,7,15
1246,4333,8812,147,8,22
1247,22958,3895,5,7,16
1248,14031,9232,116,5,4
1249,21958,10393,138,5,2
1250,4276,14647,22,2,41
1251,20540,7107,123,5,9
1252,5697,14530,146,9,8
1253,22264,15534,34,2,2
1254,19443,7307,126,9,66
1255,20944,22172,20,2,68
1256,21481,6083,88,7,56
1257,10980,1196,1,3,1
1258,9682,23887,122,1,55
1259,24436,9670,43,4,30
1260,13508,8527,15,8,0
1261,8901,14948,110,2,56
1262,2291,1809,0,9,2
1263,24174,23006,53,1,37
1264,12773,18472,32,5,41
1265,6406,24369,72,8,33
1266,7731,587,149,4,72
1267,14338,13038,77,2,33
1268,22473,18741,144,2,80
1269,7448,18129,50,9,73
1270,10550,1089,121,7,8
1271,20395,21377,122,3,70
1272,14468,16252,138,4,25
1273,14816,17319,24,7,46
1274,15030,5406,83,6,73
1275,20718,16596,72,4,11
1276,23504,20907,94,4,65
1277,23905,3351,70,0,35
1278,15362,8954,112,3,2
1279,16461,8437,44,2,30
1280,14204,4588,7,2,20
1281,14833,16415,13,9,65
1282,22513,21463,34,2,42
1283,2626,5829,133,6,29
1284,20499,9396,59,4,1
1285,17470,22327,94,2,40
1286,18771,3462,73,6,86
1287,970,8495,110,4,65
1288,11208,15460,10,3,42
1289,24497,22545,91,2,2
1290,11962,10287,44,6,0
1291,11621,18551,130,0,0
1292,16525,12335,111,7,12
1293,6693,16091,101,5,26
1294,13943,7593,99,0,54
1295,9186,8248,45,3,8
1296,20642,17147,132,6,16
1297,12521,22855,51,6,54
1298,12426,16520,135,8,47
1299,12536,14116,50,3,12
1300,2063,17313,112,9,38
1301,13313,6465,13,3,39
1302,16957,5663,45,9,83
1303,23467,8652,145,2,72
1304,13160,14005,53,0,52
1305,22850,9048,1,1,2
1306,5367,5614,103,1,47
1307,70,1203,94,6,8
1308,8030,21643,104,1,37
1309,23322,22435,128,9,27
1310,5717,20324,32,3,17
1311,6776,24244,117,3,8
1312,6270,20045,65,3,42
1313,6360,5031,142,7,16
1314,21571,5956,39,5,51
1315,13075,5749,87,9,55
1316,5274,4,63,8,76
1317,234,5807,141,3,6
1318,15787,4156,39,3,0
1319,24470,10680,94,7,68
1320,15145,20873,86,0,40
1321,20600,17008,78,6,11
1322,13639,4972,140,6,33
1323,8385,11342,60,2,23
1324,4556,1732,114,4,55
1325,2105,6308,20,7,86
1326,20956,6359,46,7,19
1327,4144,17574,4,4,29
1328,16513,5396,128,8,16
1329,22622,18015,0,4,50
1330,6161,18050,98,6,39
1331,19539,16976,72,8,38
1332,4525,19334,31,7,52
1333,10571,21222,10,1,69
1334,3682,14426,126,0,4
1335,24416,9558,145,3,0
1336,15799,15089,23,9,16
1337,5087,11909,102,0,65
1338,24756,8750,2,9,43
1339,19663,10053,45,7,3
1340,9597,8570,19,6,3
1341,17285,14830,60,8,47
1342,539,6183,18,8,66
1343,11879,10808,52,4,41
1344,5803,8968,31,3,40
1345,20306,24073,6,2,73
1346,17636,19100,44,3,21
1347,620,11248,57,3,20
1348,1705,21888,113,4,68
1349,24899,16600,65,9,34
1350,18134,15312,140,8,88
1351,14484,2493,47,8,55
1352,15578,9256,24,8,22
1353,11835,23956,85,9,15
1354,9624,2612,122,5,10
1355,15770,6967,115,6,41
1356,6222,18943,114,5,32
1357,6770,24827,136,9,57
1358,24837,10139,125,6,22
1359,12442,15650,120,0,31
1360,21040,21353,127,4,51
1361,16672,5862,112,7,60
1362,22333,14623,7,1,55
1363,13348,3037,41,0,88
1364,4335,6592,15,3,16
1365,761,20881,29,6,52
1366,6743,7215,96,0,34
1367,296,24013,86,1,14
1368,403,9920,134,1,77
1369,4483,19831,41,2,67
1370,24687,13853,108,4,20
1371,24848,20370,91,1,28
1372,10355,14823,109,7,6
1373,11452,7049,10,3,76
1374,24971,12603,20,4,12
1375,8225,22750,70,1,69
1376,16234,6603,60,1,69
1377,20296,18994,60,5,5
1378,20360,17982,149,2,76
1379,1936,18313,112,7,0
1380,10355,15195,134,8,1
1381,8637,8717,60,6,47
1382,18970,9513,111,8,84
1383,5623,494,71,5,84
1384,9744,14742,55,6,22
1385,9838,3467,10,6,27
1386,16028,13971,72,8,33
1387,14362,22744,147,1,84
1388,7317,3124,35,1,80
1389,11229,349,46,7,83
1390,11381,409,105,3,43
1391,17268,11549,7,2,68
1392,480,12862,23,2,75
1393,3889,14765,149,7,47
1394,14450,20750,93,9,12
1395,7164,5691,133,2,78
1396,18514,7704,125,4,8
1397,5166,16528,66,9,39
1398,14453,8683,60,7,49
1399,1074,24882,112,6,47
1400,13477,11806,47,4,72
1401,12482,13730,42,4,3
1402,13662,1643,132,1,0
1403,17891,20367,120,0,16
1404,4857,24589,15,9,58
1405,4652,5893,49,8,75
1406,24553,15267,63,5,3
1407,15767,8363,96,4,40
1408,17044,17403,4,1,2
1409,1854,1403,74,0,4
1410,20986,3422,28,3,69
1411,7345,15829,130,1,49
1412,21985,11656,89,8,50
1413,382,16135,39,5,68
1414,23558,2555,104,1,30
1415,21482,4684,23,9,9
1416,9608,16177,52,6,45
1417,225,22799,121,9,21
1418,4033,1598,5,1,67
1419,1150,5287,147,8,6
1420,1235,18561,28,7,2
1421,8897,23441,42,8,17
1422,10080,247,64,0,37
1423,7479,6296,91,8,55
1424,21361,20765,113,8,69
1425,6420,20472,4,1,59
1426,4087,18651,13,1,45
1427,18744,19804,93,2,76
1428,19827,21515,116,4,78
1429,23142,7912,59,9,51
1430,4456,2309,75,8,14
1431,23473,21934,101,5,83
1432,13474,22291,1,1,62
1433,20330,18922,99,8,13
1434,8851,21368,110,4,55
1435,2313,5752,43,7,4
1436,16333,22642,37,1,69
1437,22594,9967,21,8,63
1438,13056,4828,49,0,53
1439,8738,5754,143,1,46
1440,5889,18290,84,6,26
1441,11359,13239,116,5,13
1442,13512,8284,22,9,4
1443,14565,21383,71,3,27
1444,18095,3881,63,6,77
1445,17667,3748,62,1,46
1446,8227,20123,109,6,48
1447,13771,8534,123,5,26
1448,6052,815,3,1,22
1449,4341,21046,95,4,84
1450,8344,1482,116,2,23
1451,4935,5288,13,8,85
1452,20629,6040,23,1,19
1453,6957,15803,70,4,65
1454,24772,13989,58,6,1
1455,21207,11766,146,7,35
1456,22992,9485,108,7,35
1457,14475,8677,142,4,73
1458,22007,19015,105,2,19
1459,17615,24468,130,9,68
1460,22200,21786,2,0,9
1461,21569,13418,47,6,28
1462,21312,4568,84,5,51
1463,15118,20061,115,0,38
1464,24280,3418,101,6,20
1465,1016,4152,140,2,85
1466,16782,12384,116,2,8
1467,24324,5672,97,9,70
1468,24072,16184,145,7,60
1469,1211,7912,109,6,18
1470,13390,13939,141,8,24
1471,5235,6973,114,5,24
1472,11247,3642,13,5,8
1473,15187,960,102,9,84
1474,2385,17569,138,6,5
1475,6497,15971,53,4,16
1476,15265,5351,101,2,12
1477,1759,5295,14,7,16
1478,6960,12692,13,4,81
1479,19443,3435,98,3,37
1480,13978,16838,45,3,76
1481,11312,4748,130,6,9
1482,6389,5479,66,4,18
1483,13242,7825,45,6,20
1484,20868,6977,126,8,68
1485,23853,21448,47,5,28
1486,18419,4807,144,2,61
1487,18269,10995,44,7,8
1488,4566,4938,85,6,50
1489,9363,11992,33,9,35
1490,5856,7642,116,6,0
1491,24766,14723,77,0,6
1492,6963,24162,67,4,43
1493,8043,2428,91,1,74
1494,22174,15191,36,6,52
1495,5798,13539,35,7,30
1496,14626,24975,34,8,9
1497,21232,6209,60,7,8
1498,6811,5046,57,4,20
1499,13072,13376,54,3,36
1500,2214,13620,47,6,34
1501,23092,10953,46,3,26
1502,2885,816,142,9,77
1503,13857,2801,129,9,21
1504,2791,5907,78,9,43
1505,23082,3675,50,5,65
1506,837,5688,82,9,52
1507,14403,8155,25,7,37
1508,10348,20043,67,4,29
1509,23646,15976,116,0,82
1510,23713,24155,50,9,49
1511,11558,5334,95,7,29
1512,6929,8782,84,6,44
1513,12536,12694,107,9,5
1514,15276,11482,103,9,84
1515,550,15350,72,8,52
1516,14417,5315,44,7,37
1517,16996,14566,20,9,69
1518,10281,2979,69,7,60
1519,22824,17028,73,9,36
1520,23227,8798,113,6,86
1521,9698,15308,129,2,19
1522,20529,6239,43,5,37
1523,19983,15931,97,2,36
1524,22056,21006,102,7,16
1525,17443,1504,135,1,42
1526,6068,23352,121,4,55
1527,14719,11679,105,9,0
1528,14551,10049,42,9,88
1529,22597,1253,124,0,47
1530,15238,3541,18,1,47
1531,4888,19629,15,9,81
1532,9004,15403,129,4,85
1533,9611,9159,84,9,37
1534,24896,13906,109,2,2
1535,18593,12629,27,4,73
1536,20457,23349,112,6,82
1537,5400,18362,139,3,19
1538,19672,7461,18,1,26
1539,1626,7701,62,9,45
1540,23421,16842,149,0,54
1541,14647,12536,22,9,65
1542,8897,14884,32,1,66
1543,20135,6691,135,8,29
1544,18915,11179,146,4,76
1545,12876,22522,13,0,11
1546,3078,9330,149,1,60
1547,7989,6273,39,0,73
1548,2595,9775,80,1,78
1549,7526,9103,17,4,12
1550,12778,3021,21,0,24
1551,3939,15113,13,5,79
1552,5465,9188,70,4,43
1553,17922,18252,28,0,31
1554,8495,12809,19,6,27
1555,22211,20359,115,2,13
1556,21488,10833,136,0,15
1557,10612,21162,117,0,31
1558,19743,10949,89,4,56
1559,20576,24838,137,0,47
1560,6581,21160,17,3,32
1561,4333,10907,6,8,72
1562,5908,7974,18,3,19
1563,9472,1864,140,0,62
1564,6781,20353,64,3,41
1565,16318,23651,66,5,31
1566,17382,18049,42,9,76
1567,4568,1038,105,4,68
1568,20403,9337,1,3,2
1569,5736,1715,77,3,16
1570,9934,7794,15,2,84
1571,17960,21815,126,1,34
1572,23870,13422,108,1,22
1573,8996,19004,137,9,8
1574,17673,2322,63,0,1
1575,21444,7515,11,1,86
1576,14681,1868,62,7,87
1577,22108,1958,117,1,77
1578,24241,18816,117,7,75
1579,10312,13732,113,6,79
1580,7538,5888,62,0,19
1581,8411,16264,130,2,78
1582,11817,12135,112,6,84
1583,6574,15559,24,2,19
1584,4013,6403,115,7,38
1585,6598,24072,33,0,38
1586,9,11550,133,7,80
1587,956,10024,134,7,74
1588,24645,12328,116,1,29
1589,13723,5675,92,1,25
1590,1960,5468,118,2,10
1591,20713,7531,23,8,39
1592,6913,5203,131,7,55
1593,3027,9363,36,7,18
1594,17528,23317,42,1,71
1595,1017,17861,113,7,72
1596,13348,21785,131,4,4
1597,13940,10993,31,3,51
1598,11992,22237,124,4,86
1599,3585,3857,86,5,38
1600,1731,7807,52,4,64
1601,4184,21909,65,2,38
1602,2905,4546,76,9,66
1603,9063,10422,122,4,22
1604,24664,5379,139,2,66
1605,22106,17261,14,1,86
1606,8139,17723,113,7,4
1607,6525,7524,64,9,33
1608,3715,320,93,6,80
1609,21887,2141,70,0,86
1610,18196,12123,70,4,59
1611,22252,14133,15,0,10
1612,6857,1786,46,3,60
1613,20841,15183,80,1,53
1614,18324,15372,75,3,84
1615,13499,9071,14,5,69
1616,11272,13039,91,7,37
1617,14524,19426,26,3,48
1618,2068,15172,59,7,14
1619,18129,9232,5,4,41
1620,22372,2661,114,8,31
1621,12683,8165,51,2,64
1622,5601,3387,110,7,73
1623,7022,22474,93,0,18
1624,6214,12818,62,1,61
1625,15874,10951,8,2,26
1626,360,6403,56,0,65
1627,4719,5161,21,0,74
1628,1686,19554,33,8,69
1629,19758,8830,72,2,36
1630,15641,21437,122,5,51
1631,22948,18951,118,7,73
1632,18990,21892,27,7,43
1633,15224,6679,136,3,27
1634,99,8734,37,9,5
1635,12377,4918,68,1,8
1636,23436,22347,10,2,47
1637,14726,18457,100,7,34
1638,16150,2315,28,9,42
1639,22225,13636,74,4,22
1640,4181,13830,140,0,69
1641,17743,11168,30,2,38
1642,20121,21116,109,0,23
1643,4558,18692,48,1,78
1644,18184,2859,112,0,81
1645,10105,18544,65,4,85
1646,16958,17802,70,8,26
1647,9281,12608,57,3,6
1648,23747,23580,88,5,85
1649,23984,16561,58,6,7
1650,2130,24946,112,1,3
1651,8948,15231,91,8,27
1652,20192,15279,21,6,44
1653,7992,7968,87,1,6
1654,24560,7032,49,5,42
1655,20678,21301,64,8,74
1656,21076,23974,112,0,61
1657,10438,4012,30,4,73
1658,4997,9782,99,3,41
1659,5452,19921,31,5,89
1660,12640,8082,17,8,11
1661,15837,6087,89,6,24
1662,8687,21774,23,4,0
1663,14597,17760,81,0,42
1664,16904,7531,1,8,30
1665,14863,10698,122,0,82
1666,24061,15221,75,1,24
1667,10359,9179,22,0,7
1668,22704,5568,65,6,76
1669,5272,10217,67,8,28
1670,21548,10281,7,0,11
1671,1894,14982,91,1,47
1672,1716,2241,115,4,80
1673,1627,6689,136,1,56
1674,4858,23946,57,4,6
1675,12097,8626,42,9,2
1676,22538,10666,97,8,14
1677,23633,1087,23,6,52
1678,6127,14160,83,7,42
1679,4350,24715,6,3,55
1680,12783,9427,49,2,69
1681,16905,19036,128,7,53
1682,1607,12161,26,9,4
1683,14652,230,97,7,20
1684,24028,3736,45,1,49
1685,22488,16687,90,5,61
1686,672,15007,79,4,27
1687,5810,7547,38,2,15
1688,8795,23115,77,7,19
1689,6933,19469,121,0,20
1690,12310,8486,16,2,72
1691,8512,20804,132,5,60
1692,12778,12697,112,4,75
1693,20631,4800,146,1,46
1694,4670,9898,105,9,20
1695,8471,15889,133,6,61
1696,18949,18950,88,0,31
1697,24703,21540,127,2,87
1698,2688,19163,36,2,51
1699,19662,9289,63,8,73
1700,17485,3129,126,1,81
1701,7647,5650,68,4,14
1702,22597,4029,147,9,23
1703,22943,14207,149,1,3
1704,17420,11059,5,0,73
1705,16268,17783,7,4,74
1706,19326,21418,28,6,38
1707,22516,22094,53,2,21
1708,10328,13853,87,6,70
1709,14948,18052,22,3,5
1710,21401,5128,147,2,24
1711,18915,19784,10,5,44
1712,24313,505,13,8,0
1713,24092,12572,38,8,11
1714,17175,21218,28,0,21
1715,6878,17591,139,4,88
1716,20058,14488,118,1,18
1717,24021,1416,71,0,62
1718,12993,10177,104,6,9
1719,20221,20560,58,7,68
1720,21403,15256,106,8,66
1721,17556,21309,116,6,0
1722,19356,24602,10,7,14
1723,16694,1900,39,5,59
1724,6347,14143,100,9,6
1725,16641,1581,54,1,49
1726,6117,22802,9,1,0
1727,24559,1146,137,4,40
1728,17097,7480,7,6,20
1729,15478,16207,109,5,27
1730,13422,10404,68,1,56
1731,4628,15194,149,2,42
1732,15466,19238,82,2,10
1733,4727,21686,34,3,81
1734,16756,6986,133,3,46
1735,6109,13720,145,6,61
1736,14803,19093,35,0,49
1737,24803,17095,97,2,29
1738,9596,173,68,7,53
1739,2857,21871,11,1,24
1740,7647,13238,77,0,84
1741,469,2453,108,9,57
1742,21610,22464,133,8,8
1743,4824,2965,105,4,44
1744,11876,5426,80,0,6
1745,21619,24201,15,1,66
1746,8144,22845,94,3,43
1747,9637,23160,116,9,6
1748,23740,7932,107,6,60
1749,2166,7284,90,6,40
1750,20583,9266,134,4,88
1751,3822,12316,87,9,47
1752,13759,8944,19,9,57
1753,21231,11847,91,0,16
1754,4170,24441,115,9,53
1755,5302,18999,104,5,77
1756,8691,17021,73,5,65
1757,11507,20326,16,5,39
1758,8242,3353,118,6,65
1759,19744,17935,118,6,19
1760,12746,16987,149,4,65
1761,14577,23555,101,6,80
1762,9918,6906,126,9,29
1763,8460,5522,61,0,46
1764,2429,12105,129,6,5
1765,24380,20165,22,0,57
1766,1299,857,140,4,67
1767,14772,12623,42,5,70
1768,20244,14972,111,2,60
1769,24318,20943,64,1,2
1770,11978,7312,101,7,2
1771,18661,3814,5,3,53
1772,18561,8344,69,5,35
1773,10142,10021,9,7,55
1774,12103,17998,84,8,15
1775,7375,10737,121,1,42
1776,3403,4063,71,8,6
1777,23487,18207,0,8,77
1778,15685,19562,112,4,36
1779,17316,22956,78,0,64
1780,16799,5526,132,9,40
1781,22286,1197,95,4,27
1782,9071,3669,18,0,69
1783,6217,23163,67,9,5
1784,4470,17185,98,8,87
1785,445,8417,27,7,33
1786,13244,23519,36,5,33
1787,14605,20413,8,2,48
1788,22148,2142,115,0,56
1789,18042,13451,3,6,83
1790,13759,313,27,5,69
1791,5045,14756,149,7,53
1792,13672,16629,113,1,2
1793,10588,23791,17,8,81
1794,19025,3109,12,4,52
1795,22602,2778,106,5,30
1796,16020,4364,2,2,61
1797,18404,11566,45,1,81
1798,13439,556,147,5,5
1799,17630,10820,10,8,17
1800,11154,22780,104,0,60
1801,22089,6871,114,4,30
1802,20263,18164,100,1,3
1803,20961,7717,8,6,44
1804,10071,8723,118,1,52
1805,24186,4221,33,6,35
1806,5270,22194,66,2,80
1807,21661,9940,135,8,59
1808,16383,4615,76,0,83
1809,18497,22127,112,2,83
1810,14358,23026,33,1,50
1811,23641,10272,132,5,81
1812,18162,9734,72,0,46
1813,5124,10144,19,4,65
1814,7175,20780,147,6,68
1815,8157,3889,109,0,5
1816,2580,4827,94,6,41
1817,3568,18642,14,7,23
1818,12744,6196,77,4,68
1819,13897,22872,14,8,86
1820,14758,1059,71,6,83
1821,15942,7931,7,1,36
1822,21729,984,93,5,9
1823,7839,9620,79,9,0
1824,23603,23851,72,1,76
1825,5604,20277,36,4,3
1826,7674,3308,100,4,24
1827,20335,20406,62,3,79
1828,17876,11600,63,8,27
1829,5946,5267,83,9,77
1830,3639,7286,2,0,56
1831,14945,20049,33,5,64
1832,4129,16202,70,5,55
1833,16829,15427,2,5,88
1834,6820,18024,19,0,88
1835,18065,24658,136,6,4
1836,7295,12536,72,9,18
1837,685,21366,36,2,32
1838,23726,10139,77,0,8
1839,10106,22084,112,7,9
1840,2749,19839,66,1,34
1841,10633,10029,95,8,34
1842,9819,22258,63,2,8
1843,13092,19389,4,0,49
1844,16523,22563,81,9,9
1845,16280,22146,84,2,74
1846,8179,13706,84,2,33
1847,8946,8575,16,8,21
1848,22119,15725,137,9,66
1849,3702,14868,66,4,1
1850,10755,1269,130,0,59
1851,22802,22751,52,4,75
1852,4205,16059,67,5,29
1853,20326,4716,57,8,26
1854,24826,8549,57,2,79
1855,18594,18801,117,3,27
1856,8234,9465,146,0,44
1857,67,16251,66,7,13
1858,24456,21317,82,2,79
1859,2620,15250,30,2,12
1860,18362,12628,117,5,60
1861,23400,2629,7,7,63
1862,3469,7206,94,4,15
1863,4048,15215,33,7,86
1864,19627,24329,63,9,59
1865,1328,9893,71,2,26
1866,4233,17533,20,3,89
1867,21869,13888,92,8,59
1868,6358,12400,39,5,23
1869,7245,12355,10,0,79
1870,10948,16860,120,0,89
1871,7598,20977,75,6,21
1872,4147,2179,51,0,33
1873,10355,23949,88,5,19
1874,9142,5196,108,4,27
1875,23400,5742,82,5,84
1876,24486,19069,48,2,8
1877,7750,17669,64,2,88
1878,23590,12496,122,2,7
1879,10230,12907,81,3,16
1880,5433,13075,54,1,51
1881,9783,10185,76,9,28
1882,3827,5822,134,9,88
1883,17541,23370,37,9,75
1884,4748,23039,142,2,25
1885,22717,17305,30,5,71
1886,24579,7478,124,6,43
1887,10571,18989,18,0,75
1888,24850,6647,116,5,83
1889,20081,22284,41,9,39
1890,22916,7945,74,9,42
1891,12987,15899,148,6,61
1892,21271,566,43,3,75
1893,797,1126,122,6,64
1894,18351,18074,136,3,81
1895,12764,11041,16,2,23
1896,15175,19868,134,4,0
1897,8555,657,105,9,42
1898,13750,14333,120,7,7
1899,13072,7662,19,8,45
1900,8873,4115,145,8,67
1901,4456,2344,103,4,68
1902,5179,22826,80,7,32
1903,758,23859,111,4,82
1904,12587,9844,136,6,30
1905,16301,12223,37,7,3
1906,24729,13113,31,5,58
1907,11418,14453,4,9,80
1908,19136,18768,7,4,2
1909,15323,13337,109,9,86
1910,15264,5713,38,6,61
1911,11452,12237,54,9,18
1912,3720,6089,93,4,70
1913,53,3292,63,3,76
1914,1143,5151,149,4,63
1915,23341,8181,27,4,84
1916,11753,7879,146,2,41
1917,8072,10951,139,6,66
1918,23104,750,71,8,34
1919,24827,4041,130,2,19
1920,22870,22675,85,5,46
1921,1856,2124,111,4,85
1922,19191,2020,60,6,28
1923,21045,14235,10,2,37
1924,12838,9122,13,5,80
1925,17719,384,53,6,76
1926,1718,12122,142,7,14
1927,12324,9088,99,2,38
1928,4011,22422,126,4,65
1929,20000,16455,0,7,6
1930,16985,24486,25,0,1
1931,20060,12542,115,8,38
1932,12382,16967,89,5,43
1933,22854,236,66,9,60
1934,20330,9275,54,3,89
1935,976,18720,92,1,18
1936,1755,22267,139,2,41
1937,22743,5210,22,2,45
1938,14868,21448,15,0,25
1939,23139,1486,146,1,54
1940,4242,7887,12,5,3
1941,19056,11134,76,9,24
1942,5918,3007,138,3,34
1943,20695,4241,2,4,37
1944,18127,17721,143,3,89
1945,24618,6546,119,4,57
1946,4376,5466,99,3,51
1947,20059,24016,22,2,51
1948,20769,19622,19,6,31
1949,18118,16998,19,9,20
1950,10687,7941,15,8,83
1951,12553,9317,24,3,30
1952,16220,3282,95,4,8
1953,16077,11575,36,7,28
1954,19819,10408,33,6,71
1955,21329,19680,72,5,51
1956,21501,21455,141,8,50
1957,20432,12890,105,1,46
1958,1952,6890,115,0,48
1959,2515,21635,131,7,75
1960,17497,3777,61,4,55
1961,12914,6481,19,6,59
1962,4397,4938,145,6,51
1963,15809,17702,98,9,70
1964,1719,24173,20,4,20
1965,4586,5763,45,1,25
1966,22643,24122,113,3,79
1967,9384,3857,121,5,61
1968,4,8965,98,5,9
1969,8388,20733,49,0,82
1970,684,7422,31,2,10
1971,13555,21425,131,4,11
1972,1530,2270,34,1,33
1973,9635,14125,143,3,34
1974,11260,11312,105,4,26
1975,16598,60,144,0,76
1976,22174,4217,103,9,17
1977,8321,24276,136,4,28
1978,24125,15825,107,3,59
1979,19611,19210,121,6,18
1980,11138,13701,126,4,30
1981,12431,21759,123,0,36
1982,9346,5702,147,0,70
1983,8325,20059,133,3,25
1984,8241,23465,54,8,61
1985,15790,13079,130,7,83
1986,16437,22879,102,3,41
1987,20395,913,93,4,69
1988,13480,22406,92,6,65
1989,23596,19686,59,2,50
1990,6037,13159,42,8,76
1991,4704,20865,34,9,24
1992,18130,17004,62,3,49
1993,19230,11429,71,8,14
1994,18692,16012,33,2,2
1995,12506,2949,64,5,52
1996,15037,4547,36,1,51
1997,936,6887,60,4,11
1998,5025,4099,91,2,78
1999,17445,5765,88,4,16
2000,14664,17002,86,8,81
2001,14202,4132,87,9,37
2002,12394,20072,138,3,49
2003,9376,20716,58,2,86
2004,13183,377,34,0,40
2005,24938,12880,16,1,66
2006,8601,24212,121,0,16
2007,22791,14109,13,1,86
2008,18065,16746,149,9,81
2009,4214,2930,99,5,79
2010,18215,20729,91,3,88
2011,20581,7600,97,7,81
2012,12482,369,62,1,15
2013,16292,24741,49,4,44
2014,981,23130,104,6,52
2015,18661,2630,104,0,3
2016,23155,7242,119,1,14
2017,13085,2578,50,0,16
2018,15303,6208,97,4,74
2019,5917,11121,73,9,88
2020,403,24463,76,5,85
2021,5946,17429,123,4,20
2022,4184,5424,98,9,14
2023,24004,16150,20,4,37
2024,19855,24089,148,0,14
2025,9878,13857,2,0,80
2026,13365,7546,6,1,2
2027,1047,21540,116,4,27
2028,3410,7167,62,8,44
2029,5351,2502,9,2,20
2030,2927,6676,119,6,25
2031,5173,4443,89,7,81
2032,23725,13312,101,4,26
2033,13799,379,126,8,4
2034,15062,9867,60,3,56
2035,2862,6521,136,0,54
2036,9067,20728,42,7,60
2037,6527,13784,69,3,67
2038,15006,19949,14,2,83
2039,10566,13545,69,6,62
2040,20259,13588,58,3,67
2041,14330,9431,27,1,43
2042,9309,69,104,1,74
2043,3195,18289,114,9,59
2044,12209,11743,7,5,80
2045,3994,12531,128,1,50
2046,12875,3959,54,0,2
2047,17092,13631,82,1,74
2048,11017,13151,73,4,54
2049,8521,1357,36,8,6
2050,1242,300,102,8,55
2051,3676,21359,10,1,45
2052,14696,14464,119,7,40
2053,1827,20604,107,4,44
2054,16491,18550,76,2,57
2055,23763,21102,95,2,84
2056,15446,22169,147,1,9
2057,8806,21726,24,2,42
2058,7466,11345,68,8,37
2059,20199,3184,116,9,76
2060,24403,10614,27,2,86
2061,20000,9666,70,5,59
2062,5111,1360,21,6,31
2063,24319,14870,131,6,0
2064,8929,17193,18,3,62
2065,22211,11126,15,0,5
2066,13193,99,121,4,15
2067,1051,10969,136,5,45
2068,717,8730,18,7,78
2069,15218,17516,71,4,86
2070,5654,23967,125,1,59
2071,15538,2806,28,3,54
2072,11381,20641,105,4,82
2073,18586,20977,100,8,40
2074,14963,3032,0,7,47
2075,14271,24590,128,5,18
2076,19861,21272,79,3,79
2077,24562,5803,66,1,24
2078,16741,16744,15,8,86
2079,17465,20279,89,9,32
2080,21882,2117,124,2,88
2081,2633,9946,54,0,50
2082,2969,8002,28,3,52
2083,5528,22156,50,4,30
2084,19056,1721,105,7,6
2085,2740,11127,47,1,22
2086,14156,7523,112,1,57
2087,16100,7837,24,7,21
2088,12752,16182,73,8,29
2089,17958,18809,51,6,74
2090,13643,4510,37,1,89
2091,18111,6480,109,7,52
2092,7030,12838,132,6,74
2093,4133,24497,6,6,23
2094,5601,5685,116,5,77
2095,18758,7022,78,1,53
2096,11250,19137,76,5,74
2097,1259,7796,123,0,73
2098,6136,10581,37,7,51
2099,687,3483,9,5,55
2100,797,2295,121,8,2
2101,19727,18292,138,8,38
2102,15495,16767,4,0,27
2103,23024,3192,124,5,30
2104,8559,12087,28,2,56
2105,2070,11999,53,2,62
2106,2730,10842,7,2,8
2107,9043,12100,9,2,1
2108,6463,15824,140,5,33
2109,1,6460,72,1,65
2110,2180,13175,45,5,73
2111,1147,10339,16,8,51
2112,7623,11168,98,7,79
2113,1257,10861,14,4,42
2114,12423,6858,65,2,44
2115,14275,17734,56,3,40
2116,1506,8535,77,4,5
2117,23564,14490,112,1,77
2118,22148,14341,70,1,50
2119,11275,17048,0,5,27
2120,5885,17358,112,0,54
2121,11858,5122,10,2,53
2122,12226,14894,18,6,76
2123,10682,3226,12,3,57
2124,11221,9323,99,3,86
2125,4845,19871,2,1,46
2126,2764,21919,140,2,49
2127,1297,2843,52,0,64
2128,915,1909,46,9,67
2129,2448,15208,51,7,21
2130,1427,20243,92,0,87
2131,11757,3830,70,6,23
2132,4546,5374,107,0,88
2133,14972,9614,110,3,64
2134,279,5068,130,5,66
2135,3466,903,41,4,6
2136,5155,17872,90,2,63
2137,22998,15251,22,8,17
2138,18155,8441,102,8,33
2139,15666,14266,59,7,65
2140,22323,21155,119,7,20
2141,13824,20987,45,7,48
2142,6587,20895,149,2,70
2143,16936,15014,128,4,27
2144,18892,21320,61,7,31
2145,4008,11114,10,9,73
2146,1852,13102,59,0,83
2147,18970,3153,74,8,60
2148,18035,14502,61,5,56
2149,1966,15582,144,5,49
2150,23631,2043,116,1,64
2151,9926,17701,17,5,6
2152,2840,2688,101,7,29
2153,17046,2588,131,3,31
2154,11186,12526,81,0,36
2155,17184,8706,138,0,8
2156,20023,2488,99,0,29
2157,13814,2107,137,6,68
2158,12950,22175,8,4,15
2159,10425,9564,30,9,46
2160,21777,9376,6,4,36
2161,4724,19325,43,9,50
2162,4097,20618,31,4,31
2163,14485,3891,49,7,22
2164,23310,22906,144,4,38
2165,16614,8444,30,0,11
2166,5240,3844,82,2,26
2167,339,2515,100,7,34
2168,24643,13261,131,6,66
2169,7663,13476,56,0,50
2170,604,12631,93,1,4
2171,23635,21438,10,3,37
2172,16064,3088,20,0,49
2173,5129,2518,149,8,57
2174,16159,8201,27,2,8
2175,19323,6357,55,8,23
2176,18284,16762,47,9,52
2177,14894,17074,19,6,86
2178,9902,17409,1,9,54
2179,4552,9863,58,1,6
2180,23840,4910,66,1,29
2181,7705,22625,73,2,70
2182,9750,9618,77,9,0
2183,5334,11590,56,5,13
2184,22244,9880,71,3,21
2185,9341,13850,62,5,34
2186,4265,7944,13,1,60
2187,3045,8232,105,9,70
2188,7430,17607,25,8,8
2189,23798,5410,103,8,25
2190,18320,5470,62,3,81
2191,16445,2291,103,9,51
2192,12369,22715,26,2,21
2193,14132,5460,29,5,53
2194,18885,23906,4,2,42
2195,15853,24617,142,3,66
2196,10132,5020,55,4,62
2197,15673,3737,57,2,29
2198,11509,2535,139,4,73
2199,21425,24437,138,7,68
2200,1423,21381,12,8,40
2201,13050,152,75,8,20
2202,14679,4637,146,5,61
2203,4921,19613,105,7,82
2204,16520,20094,45,1,19
2205,5364,18444,58,0,22
2206,22449,4616,112,0,9
2207,10742,9139,101,0,26
2208,21211,22062,94,8,89
2209,4167,6640,27,7,60
2210,10721,1154,143,1,29
2211,402,23912,112,2,34
2212,23988,4214,1,4,70
2213,14060,15086,126,9,57
2214,9310,15536,133,6,33
2215,8906,11807,86,8,26
2216,11299,18737,93,5,39
2217,21278,11985,141,4,17
2218,4274,24661,15,0,10
2219,4048,24361,60,5,52
2220,6242,23308,12,3,44
2221,11713,2166,111,1,88
2222,601,9718,73,5,50
2223,18213,21608,93,2,50
2224,5132,18563,14,7,41
2225,17666,24643,104,2,63
2226,23163,12057,69,3,70
2227,9117,14461,118,8,3
2228,24825,15640,19,2,87
2229,6841,552,68,1,65
2230,12060,22303,54,6,13
2231,16171,3587,106,4,87
2232,13640,21258,7,5,15
2233,23175,19702,118,8,81
2234,19694,21596,73,0,36
2235,19915,23616,28,7,45
2236,19793,17889,134,2,34
2237,6405,17022,92,8,17
2238,13633,1681,1,0,73
2239,1485,4265,83,8,31
2240,5161,16692,103,6,29
2241,11606,10884,109,6,63
2242,1232,6521,113,1,65
2243,21053,10386,25,4,0
2244,10819,22742,49,7,1
2245,17718,23173,13,0,50
2246,22843,24247,149,0,3
2247,4041,18384,105,9,20
2248,1460,22314,47,5,28
2249,22878,6697,113,6,15
2250,24036,16709,14,5,3
2251,1954,7939,40,3,16
2252,19171,23840,147,3,4
2253,14492,13612,89,0,68
2254,23098,6332,105,0,30
2255,6927,21057,148,6,47
2256,20755,20610,32,6,3
2257,10528,9773,39,0,24
2258,20440,4104,68,3,2
2259,24026,563,108,6,89
2260,24679,17336,22,0,39
2261,21968,6979,148,9,43
2262,12513,10712,30,6,40
2263,19842,24677,122,5,89
2264,14648,14744,93,2,0
2265,9296,5271,19,4,75
2266,8366,3350,15,0,28
2267,20571,12098,83,9,61
2268,13773,10765,116,6,24
2269,21250,19209,7,8,64
2270,97,16665,74,6,65
2271,11582,9174,66,0,68
2272,5684,11323,57,3,71
2273,24255,15028,50,4,42
2274,20180,2345,146,5,4
2275,11331,23441,131,1,79
2276,2809,10664,88,4,31
2277,7857,19484,32,4,53
2278,6308,9214,25,8,81
2279,13465,22862,15,2,22
2280,14574,9222,50,8,9
2281,17621,21505,139,8,70
2282,377,2534,94,6,25
2283,17801,2784,87,8,28
2284,8796,7513,122,2,50
2285,1874,19995,135,8,79
2286,1290,2959,100,9,64
2287,2692,3169,11,6,42
2288,12570,5164,79,1,35
2289,22475,15986,32,7,13
2290,23861,23365,100,6,36
2291,11637,10940,7,6,30
2292,1047,12023,26,9,49
2293,17154,21100,29,0,75
2294,2292,9953,11,1,51
2295,8065,13356,12,1,67
2296,6075,1487,72,9,12
2297,11465,703,106,2,23
2298,16724,21405,88,3,61
2299,10165,24932,24,1,84
2300,24653,12558,79,7,85
2301,9258,14036,73,7,11
2302,6809,10973,133,4,27
2303,10378,21255,39,7,2
2304,4497,16643,30,1,20
2305,16517,21173,128,1,35
2306,12379,24535,141,4,33
2307,9869,2047,115,5,78
2308,3519,24292,77,6,2
2309,22589,1945,77,7,77
2310,11877,16416,46,7,59
2311,16868,365,95,5,66
2312,6038,20752,116,2,36
2313,22578,1996,143,9,68
2314,9100,3272,52,1,78
2315,18195,554,141,9,69
2316,16214,9858,89,4,19
2317,2566,17926,40,8,60
2318,13112,19044,48,7,79
2319,3673,13429,139,1,4
2320,12272,11546,8,0,76
2321,8452,14318,132,8,12
2322,17945,14941,129,6,17
2323,23827,298,65,7,71
2324,5642,21298,114,3,17
2325,23513,18338,20,9,25
2326,8210,9337,142,3,84
2327,7283,3135,128,7,13
2328,11886,14171,56,1,43
2329,9034,8164,91,7,2
2330,16131,7679,21,0,47
2331,7205,1540,30,3,57
2332,6635,22817,94,8,69
2333,21410,23389,7,5,28
2334,8071,13366,76,2,67
2335,281,10728,142,3,66
2336,19909,13934,127,0,81
2337,244,10057,55,6,43
2338,14046,16583,107,4,65
2339,23937,7904,123,5,12
2340,23312,3025,93,2,9
2341,495,17474,112,1,50
2342,9295,1474,63,6,80
2343,15645,284,142,3,57
2344,5819,483,88,8,59
2345,20495,14820,39,3,59
2346,23649,22644,123,0,37
2347,23459,3607,38,9,42
2348,12102,218,55,4,44
2349,21349,6991,8,1,23
2350,5171,17835,1,5,69
2351,11907,21385,46,2,35
2352,2766,18530,59,9,59
2353,7297,16269,13,7,23
2354,4282,2247,63,4,49
2355,1186,14727,46,4,75
2356,4894,23730,1,8,75
2357,13224,16936,138,2,32
2358,22602,23633,149,0,21
2359,3937,15347,8,5,56
2360,8305,16218,48,9,7
2361,18830,5030,44,2,49
2362,11020,18211,114,5,26
2363,16820,16173,43,9,59
2364,5893,7556,63,5,73
2365,4375,2896,61,8,47
2366,128,21051,127,8,7
2367,3901,9394,96,9,10
2368,6310,10216,34,7,48
2369,8411,2648,4,1,27
2370,13317,4756,55,6,21
2371,9540,6408,135,4,20
2372,5770,4726,83,0,3
2373,16877,10312,17,9,54
2374,9269,24802,49,8,74
2375,12621,9621,59,7,77
2376,13503,20634,65,2,88
2377,9364,22643,64,4,11
2378,5850,3,90,4,21
2379,19902,14872,70,6,41
2380,19047,4172,100,0,41
2381,15996,9020,73,9,42
2382,8716,22416,99,6,69
2383,5842,17101,116,5,19
2384,18745,19737,34,8,16
2385,4149,5056,101,6,32
2386,3933,23463,15,9,14
2387,2204,12109,83,2,43
2388,12997,20960,56,2,75
2389,2873,2224,52,0,64
2390,19964,21060,137,9,35
2391,386,12336,46,1,34
2392,7752,2804,87,9,23
2393,9616,742,132,0,45
2394,13399,16133,101,8,65
2395,16507,8155,108,4,0
2396,9552,18805,76,9,8
2397,15486,1098,113,9,14
2398,11103,9149,133,4,54
2399,23984,19636,91,3,85
2400,15632,10231,100,6,25
2401,8675,13800,60,1,4
2402,8291,12648,132,4,57
2403,14585,6967,129,1,73
2404,16539,9604,60,6,55
2405,17619,7754,82,2,74
2406,3716,18881,131,8,10
2407,6379,18243,56,2,85
2408,26,4565,89,1,41
2409,2245,10920,85,3,40
2410,6497,11147,51,3,4
2411,13792,354,21,6,47
2412,847,11877,81,9,8
2413,7479,11462,101,1,22
2414,24535,12052,9,5,40
2415,7430,276,52,8,62
2416,8014,13224,35,3,48
2417,3130,20080,61,0,43
2418,23794,16391,125,7,1
2419,1532,22191,8,7,17
2420,21151,304,21,5,12
2421,4186,8221,65,5,2
2422,23792,47,110,8,19
2423,8177,8194,133,3,81
2424,22184,5764,13,5,27
2425,15300,3921,124,6,69
2426,6483,183,122,4,66
2427,18441,19349,82,1,56
2428,14984,6211,39,9,51
2429,15192,18217,33,8,33
2430,13960,19634,5,7,58
2431,21013,10394,1,2,61
2432,2565,5355,119,4,31
2433,1020,21781,83,2,46
2434,19503,21780,132,0,56
2435,18776,9775,90,6,11
2436,6616,19186,14,4,3
2437,10290,13532,99,9,71
2438,24236,20167,8,3,84
2439,10594,3991,89,5,21
2440,1958,22289,134,4,84
2441,19679,13727,36,7,4
2442,10588,14152,128,4,65
2443,20447,681,37,0,62
2444,19371,741,45,2,48
2445,19700,392,91,5,36
2446,12418,8831,10,4,42
2447,19355,4813,23,5,4
2448,11923,7831,9,1,21
2449,11532,1400,76,1,57
2450,5641,19801,1,8,60
2451,3254,17587,0,2,82
2452,4317,5721,113,0,40
2453,23645,23605,55,6,79
2454,17113,1705,120,9,20
2455,827,18587,26,9,24
2456,24115,21586,92,1,77
2457,16696,5551,1,6,44
2458,13082,20446,2,1,19
2459,1114,19599,53,0,5
2460,2508,20470,17,8,48
2461,10149,18544,9,2,80
2462,9559,24527,86,6,2
2463,655,3332,106,5,55
2464,12105,18596,147,4,2
2465,21852,23558,4,3,8
2466,3672,7318,126,6,67
2467,367,20028,116,3,0
2468,4271,6871,111,0,55
2469,16051,13850,28,4,85
2470,6430,8203,114,7,4
2471,23923,17365,12,1,59
2472,17375,7730,88,3,27
2473,3697,20212,127,3,68
2474,22541,24200,22,2,27
2475,6535,15812,100,6,48
2476,5150,7597,85,9,62
2477,13436,9181,44,9,38
2478,8569,11181,101,4,45
2479,19333,21721,112,7,45
2480,23391,10086,0,1,49
2481,11770,21904,5,2,82
2482,13551,18862,108,7,89
2483,20758,20611,72,6,40
2484,3445,20284,81,4,83
2485,13846,23339,48,9,76
2486,19606,11425,118,7,10
2487,2056,5362,116,1,71
2488,4597,3944,33,8,84
2489,8849,20352,108,4,77
2490,20197,9339,50,4,77
2491,19739,3599,5,9,2
2492,12138,13768,72,2,53
2493,6882,6425,94,8,54
2494,22881,14337,44,3,56
2495,11050,4288,146,3,70
2496,14276,2762,20,7,0
2497,3221,10478,106,6,79
2498,1305,12472,111,9,74
2499,1428,22999,76,0,65
2500,17366,846,115,4,51
2501,3616,16520,68,8,81
2502,9954,16474,119,1,9
2503,11603,6594,88,6,56
2504,22270,14316,11,5,65
2505,11777,15945,139,5,1
2506,18006,7424,128,1,40
2507,13478,14633,28,4,50
2508,19813,21180,89,3,38
2509,18282,7142,48,9,29
2510,13778,11735,144,3,49
2511,13799,6005,98,3,20
2512,1520,10830,62,1,89
2513,16651,13114,131,0,76
2514,14669,12518,148,7,31
2515,3400,20591,34,9,15
2516,5856,5084,52,6,66
2517,24632,16764,71,8,14
2518,15021,5556,131,4,20
2519,1036,1887,22,3,59
2520,18548,22450,41,5,34
2521,14524,8860,149,9,51
2522,7564,23138,102,2,87
2523,20463,10734,140,2,55
2524,19207,22722,128,3,22
2525,13272,15171,103,9,73
2526,18979,7205,124,7,89
2527,22785,3167,37,7,50
2528,7720,2112,64,6,11
2529,9071,464,68,0,32
2530,18300,17901,134,0,48
2531,12456,6072,61,0,43
2532,21484,1159,27,5,34
2533,5913,21164,0,0,81
2534,16263,16749,140,8,26
2535,17976,15035,50,9,79
2536,6401,10876,55,8,55
2537,20631,3700,149,3,77
2538,2176,14283,20,6,57
2539,11399,12333,143,4,38
2540,13283,15290,57,1,23
2541,14262,19226,76,4,14
2542,15645,13945,142,5,13
2543,4198,292,104,4,15
2544,15814,20546,147,0,61
2545,7780,22511,111,9,36
2546,18784,924,94,2,14
2547,23817,8955,52,7,13
2548,4628,2390,22,1,87
2549,9692,1943,110,8,67
2550,21598,11621,82,3,58
2551,10287,18348,19,2,62
2552,8901,21415,118,7,34
2553,786,18229,30,0,35
2554,3334,14576,119,8,48
2555,8391,22367,47,9,28
2556,9219,21655,8,5,41
2557,20660,20945,132,4,53
2558,4453,21485,102,0,53
2559,21053,3223,118,3,64
2560,23756,5169,13,6,61
2561,8575,16179,115,3,42
2562,15124,8604,112,8,60
2563,2266,10273,48,6,49
2564,19140,4437,9,8,57
2565,13919,10570,103,8,21
2566,3890,16708,69,9,35
2567,21150,9865,117,1,9
2568,18833,17630,129,9,2
2569,23199,13941,120,1,9
2570,5480,13534,83,8,69
2571,23694,15703,50,5,43
2572,12705,22360,66,5,52
2573,14926,11731,7,4,62
2574,16175,14442,5,2,70
2575,875,8545,55,4,63
2576,15334,9369,21,4,23
2577,15339,3605,122,9,84
2578,696,21008,89,9,82
2579,4049,7426,106,0,18
2580,15841,6948,49,9,36
2581,2574,12683,107,3,73
2582,23581,14449,35,1,74
2583,24070,12244,36,1,41
2584,19096,6697,102,0,18
2585,22884,14087,103,0,53
2586,13112,13877,28,2,57
2587,17283,2038,64,8,28
2588,5624,5963,134,8,40
2589,13344,23154,8,5,65
2590,21235,319,115,5,50
2591,21877,20156,80,2,72
2592,20681,20137,85,4,74
2593,7661,22875,138,4,13
2594,17200,14881,60,9,19
2595,18252,17928,131,9,62
2596,6834,10557,62,8,13
2597,1762,4896,39,6,42
2598,19297,479,20,1,68
2599,14117,19925,81,5,11
2600,11643,2501,24,6,57
2601,3945,21676,41,8,49
2602,9071,15246,48,5,89
2603,17337,24498,28,6,12
2604,10331,4120,79,4,67
2605,23360,15584,9,8,31
2606,23376,23504,40,2,42
2607,7544,20210,102,1,55
2608,24863,10189,117,4,40
2609,18988,24501,96,2,73
2610,8690,14601,57,3,54
2611,11448,14577,3,5,31
2612,5508,11088,40,1,5
2613,12003,1259,16,8,37
2614,3618,23808,53,5,19
2615,14670,12781,110,1,52
2616,18548,7720,121,7,49
2617,5933,11993,91,0,4
2618,9921,21918,46,1,25
2619,10382,18602,124,8,68
2620,1343,269,54,1,0
2621,21002,8124,119,2,66
2622,23970,1900,40,7,82
2623,7743,10773,140,4,85
2624,16189,18767,122,6,79
2625,22072,5624,49,9,83
2626,22655,20112,57,7,35
2627,16965,6009,31,6,37
2628,5491,19869,44,5,50
2629,5051,979,138,6,29
2630,446,7793,72,2,66
2631,1092,18800,79,6,15
2632,1842,18459,124,8,0
2633,15888,6204,116,2,30
2634,9207,20075,111,2,72
2635,20235,9584,117,7,41
2636,18734,5178,38,4,81
2637,4398,9479,59,6,37
2638,6592,9804,2,0,61
2639,812,15656,86,5,58
2640,22382,17302,76,3,13
2641,23981,12193,18,7,22
2642,18153,16972,96,1,55
2643,13704,15679,98,1,24
2644,23644,4956,59,3,51
2645,4916,24853,149,1,80
2646,23494,9064,141,1,6
2647,8426,15409,34,4,41
2648,7910,11552,132,0,89
2649,5407,14406,85,1,44
2650,2789,289,97,3,66
2651,12516,8275,40,4,28
2652,11979,6642,78,8,7
2653,20560,15074,137,1,3
2654,24939,12446,103,9,16
2655,4021,8219,138,1,49
2656,11432,10522,51,4,17
2657,18805,824,105,9,89
2658,22304,14935,89,2,52
2659,2946,699,74,5,81
2660,9726,1692,26,6,50
2661,10124,7172,76,4,82
2662,8483,22219,64,0,50
2663,9774,12693,73,1,2
2664,21779,2415,12,0,0
2665,17985,15372,117,7,68
2666,15301,7937,65,8,86
2667,2047,16309,107,7,87
2668,23663,12172,129,8,84
2669,17169,1751,31,6,47
2670,154,5097,75,4,57
2671,5085,7494,103,2,76
2672,20148,19059,115,5,55
2673,3524,3059,38,0,11
2674,15244,9447,32,7,13
2675,17827,2230,35,2,17
2676,15900,3612,20,3,19
2677,6999,4816,118,9,30
2678,10295,11381,4,0,83
2679,1873,8829,79,9,88
2680,8983,10580,141,8,75
2681,10545,17720,53,0,66
2682,6746,11069,139,6,10
2683,15739,13080,34,9,55
2684,7657,14942,66,8,71
2685,5894,11610,19,1,83
2686,20023,20040,71,1,26
2687,4268,8474,125,4,28
2688,10250,2966,16,9,53
2689,3571,12712,55,2,52
2690,5799,6540,91,2,80
2691,5753,6720,101,0,73
2692,4794,20873,142,4,72
2693,18507,4318,91,7,69
2694,6475,1170,21,5,10
2695,5118,16680,65,8,76
2696,22373,291,10,5,46
2697,24083,4756,117,1,49
2698,1154,2493,40,6,80
2699,1689,24716,118,2,25
2700,14466,4029,93,8,29
2701,14194,7150,8,1,20
2702,9283,8312,72,4,37
2703,14207,7333,48,0,16
2704,14171,14631,77,0,3
2705,18246,19614,141,4,5
2706,13110,3651,63,2,27
2707,9279,11378,64,5,62
2708,18530,14664,11,2,76
2709,24684,565,88,5,58
2710,16265,3754,70,8,78
2711,191,10524,44,9,88
2712,23378,11831,6,6,67
2713,8535,24769,87,4,20
2714,77,1617,64,7,19
2715,17697,8716,35,1,74
2716,13118,3048,9,5,64
2717,13326,24893,12,5,48
2718,21977,11515,62,2,11
2719,4073,4006,57,8,16
2720,1334,6104,30,6,17
2721,19299,7546,74,2,73
2722,20577,301,95,8,77
2723,4731,107,94,0,76
2724,21094,9740,93,5,21
2725,6840,17480,54,4,12
2726,10830,20704,77,9,44
2727,11885,21846,84,8,74
2728,20196,17360,108,2,79
2729,22955,17403,146,8,63
2730,22276,7447,109,9,9
2731,6467,17870,113,3,27
2732,24657,13553,143,5,31
2733,4090,3280,38,3,63
2734,14161,10914,98,0,40
2735,24337,939,66,3,5
2736,14625,2169,132,6,53
2737,18998,13692,27,4,56
2738,11205,6819,126,9,80
2739,12133,10421,103,0,70
2740,24349,12430,33,4,53
2741,12700,13928,67,0,61
2742,13963,7735,85,8,12
2743,4779,11562,6,8,82
2744,4641,6230,108,0,74
2745,22871,23897,84,2,68
2746,8877,9882,105,3,76
2747,20934,19611,80,0,31
2748,10560,17190,114,2,34
2749,18664,24925,44,5,38
2750,10720,12393,43,9,87
2751,7109,7738,4,3,67
2752,4042,22790,44,5,67
2753,2820,14380,39,3,5
2754,20787,10465,73,8,30
2755,12626,2924,24,2,33
2756,22846,18078,9,9,23
2757,19739,10236,43,3,65
2758,3646,15056,148,4,22
2759,21112,16079,82,1,81
2760,5566,24127,20,5,30
2761,21818,24605,38,8,21
2762,788,10320,93,8,61
2763,18249,8720,75,8,80
2764,10086,12117,37,7,4
2765,12601,7038,131,5,24
2766,9233,20910,103,0,64
2767,2341,5784,94,6,73
2768,21714,11374,53,6,82
2769,14352,18147,146,7,36
2770,11100,748,17,5,58
2771,8585,19499,145,3,89
2772,13969,9551,54,6,54
2773,9721,16932,87,2,7
2774,19217,3535,132,0,80
2775,12783,4134,26,2,46
2776,16707,17045,132,0,20
2777,18784,20353,8,9,69
2778,5824,2678,0,2,5
2779,4650,10713,75,9,39
2780,8065,24057,107,5,77
2781,486,19609,108,0,43
2782,13474,14003,37,0,21
2783,4432,22679,20,3,66
2784,9788,21657,140,6,84
2785,23194,24566,104,6,10
2786,15271,10398,144,7,34
2787,4088,2271,75,3,72
2788,1735,5334,23,4,30
2789,3928,13518,85,5,65
2790,5457,8305,92,7,33
2791,13382,4270,35,9,48
2792,3857,18470,42,9,41
2793,22569,4898,32,2,21
2794,15684,8785,103,5,15
2795,23479,11980,87,6,13
2796,20755,16442,67,1,22
2797,23642,7920,140,7,62
2798,14014,2348,85,0,35
2799,5451,7972,29,6,85
2800,15403,23653,93,5,14
2801,23769,8737,104,5,46
2802,672,579,26,7,12
2803,11746,22144,117,6,89
2804,23832,21470,66,3,30
2805,6846,11193,60,6,41
2806,17456,13567,42,4,45
2807,18278,22896,76,1,7
2808,11240,12297,92,1,23
2809,10863,21250,109,5,64
2810,1023,22158,10,7,44
2811,14568,9134,29,0,60
2812,19435,17514,130,2,77
2813,16929,1304,98,4,16
2814,14629,10665,73,1,89
2815,19240,15901,103,2,75
2816,20977,3159,7,8,40
2817,22197,3376,110,8,71
2818,2678,1690,47,4,68
2819,15191,22998,111,8,12
2820,61,12136,101,7,55
2821,4707,2711,36,1,28
2822,23269,11871,139,7,33
2823,22162,13086,146,0,76
2824,3273,188,26,5,55
2825,12562,14054,148,2,34
2826,24257,14013,119,0,29
2827,21876,312,70,4,72
2828,22228,1907,74,8,35
2829,6718,494,121,7,13
2830,15156,6406,69,7,22
2831,12006,3265,48,5,50
2832,6782,19220,70,6,85
2833,18069,12059,43,9,23
2834,6215,7713,124,3,81
2835,4687,7243,98,9,31
2836,1513,10734,40,6,60
2837,5638,8257,8,6,41
2838,13424,6770,67,0,1
2839,5886,22158,41,3,73
2840,18598,19411,119,9,76
2841,5765,17565,95,5,32
2842,4926,11893,72,9,13
2843,21642,4278,12,3,45
2844,12611,23216,77,4,55
2845,21052,1729,93,7,23
2846,20324,10974,64,6,55
2847,14506,10250,48,7,12
2848,21429,13699,27,9,39
2849,1609,8912,104,6,5
2850,3099,22922,56,2,28
2851,12438,6777,42,5,39
2852,4011,10056,115,1,76
2853,11558,3164,67,1,42
2854,4768,23168,13,6,77
2855,13369,3901,137,3,66
2856,6427,17781,19,8,89
2857,13199,17274,41,9,23
2858,2794,8029,102,8,22
2859,6960,18061,30,0,51
2860,24838,11249,92,1,43
2861,13265,19930,99,4,42
2862,19519,1265,33,1,77
2863,13229,3832,51,1,49
2864,5232,14074,41,4,79
2865,1350,260,115,6,2
2866,848,20642,149,1,67
2867,21467,843,68,8,15
2868,4685,21577,57,1,5
2869,13860,12386,40,7,55
2870,22629,16041,50,4,74
2871,21124,8786,93,1,71
2872,20417,15510,96,2,1
2873,11407,6922,93,1,19
2874,13166,24412,115,7,7
2875,11028,20158,1,0,80
2876,8412,22295,90,0,75
2877,9130,7939,120,3,74
2878,14854,23675,47,4,57
2879,22771,9159,115,8,58
2880,19379,5320,130,9,65
2881,8357,864,56,1,26
2882,2051,22205,40,7,73
2883,22126,11564,88,8,71
2884,22397,8129,17,7,64
2885,16336,23740,78,1,30
2886,8919,18329,100,1,56
2887,7516,5018,96,0,35
2888,9347,6051,55,1,83
2889,18797,17995,47,3,68
2890,10016,9462,16,4,87
2891,20132,24972,103,1,24
2892,12418,10355,69,1,48
2893,16465,5115,53,4,82
2894,4259,18329,14,3,80
2895,20392,21174,104,0,36
2896,9274,6139,102,4,70
2897,20389,19636,42,4,2
2898,15071,14081,96,2,67
2899,21458,8360,107,9,53
2900,10769,18519,69,1,31
2901,697,23193,80,1,28
2902,16183,1553,63,4,54
2903,8750,23559,149,7,88
2904,16304,19178,127,5,89
2905,4731,442,89,2,67
2906,9223,8926,34,6,5
2907,871,607,76,1,87
2908,9750,22856,149,4,47
2909,21717,7965,102,8,21
2910,21951,1580,34,6,31
2911,9517,24537,69,6,44
2912,6561,14388,109,6,88
2913,17321,16927,72,3,88
2914,22226,12590,86,4,51
2915,20025,23539,48,1,80
2916,12767,1716,108,5,23
2917,23673,942,92,1,5
2918,4104,8422,47,0,44
2919,13173,24605,138,4,19
2920,5959,720,36,7,70
2921,18822,23397,48,7,59
2922,14296,15813,121,2,72
2923,1671,15972,143,7,14
2924,12776,1852,118,9,1
2925,23525,23506,18,9,84
2926,8919,10755,29,2,86
2927,22318,12002,73,4,54
2928,17419,12872,18,7,62
2929,20840,4133,84,8,36
2930,5946,19547,89,7,46
2931,13065,5995,5,2,14
2932,16385,20015,44,1,57
2933,13630,1747,61,0,29
2934,5418,11496,84,5,64
2935,22876,22642,18,0,69
2936,7587,21202,28,8,61
2937,6291,4964,83,1,87
2938,6287,5960,47,9,54
2939,8503,21661,106,8,82
2940,1518,23365,41,9,35
2941,24240,3901,123,1,11
2942,10391,5053,70,9,82
2943,23322,2881,49,5,88
2944,16812,23246,122,3,74
2945,14553,24521,120,2,54
2946,13518,8881,61,9,71
2947,21103,4096,126,7,58
2948,5365,21039,35,8,58
2949,21109,13189,137,0,20
2950,9169,15768,100,7,24
2951,13366,15174,15,1,17
2952,7232,20945,72,1,31
2953,24141,7868,48,6,69
2954,18844,11387,91,6,82
2955,6953,12619,142,2,42
2956,2966,2590,4,0,1
2957,21759,23692,123,2,21
2958,491,4239,135,7,13
2959,10974,15496,53,2,43
2960,8934,11149,4,7,65
2961,13796,14108,6,5,73
2962,9898,24404,5,7,84
2963,6646,14897,55,1,39
2964,3136,24090,146,7,4
2965,4945,440,120,2,80
2966,17345,15145,37,3,78
2967,1500,382,96,9,23
2968,2833,9239,68,5,68
2969,13653,16911,79,1,62
2970,18565,14300,46,7,49
2971,8989,14849,137,0,75
2972,21659,3580,50,9,65
2973,343,22738,6,1,60
2974,23599,22065,15,3,67
2975,1287,8649,29,4,58
2976,18589,23874,61,9,54
2977,16159,4658,141,4,73
2978,8497,10573,103,4,70
2979,3070,9230,16,3,58
2980,9722,23066,135,0,15
2981,17533,14816,140,0,65
2982,10570,4995,66,1,10
2983,10026,24978,132,9,43
2984,5136,20949,74,5,63
2985,20810,1311,4,9,89
2986,7899,1314,12,7,40
2987,18758,24874,23,5,5
2988,10211,3397,82,5,87
2989,13580,16255,88,8,84
2990,24171,17109,94,0,9
2991,23112,3822,24,4,58
2992,4875,5659,136,4,58
2993,9235,9441,23,3,86
2994,10090,17283,101,0,73
2995,19322,3283,27,3,84
2996,22023,11257,85,7,37
2997,1882,18669,17,9,69
2998,20186,6468,59,1,51
2999,12936,13114,136,6,50
3000,654,2267,82,6,19
3001,7569,6327,46,9,88
3002,1620,8426,52,0,58
3003,9138,3159,68,7,4
3004,16292,580,133,2,53
3005,17011,19604,40,4,81
3006,15806,652,61,4,69
3007,16343,18527,33,3,52
3008,8844,20041,149,7,19
3009,4703,2765,123,4,24
3010,2775,930,82,2,45
3011,2030,23265,37,2,73
3012,21543,10998,130,8,6
3013,23670,2478,25,8,65
3014,15635,14494,147,5,25
3015,2343,17327,137,6,74
3016,10858,13947,95,0,49
3017,944,11182,77,9,46
3018,20663,23559,60,2,86
3019,14031,14545,94,7,4
3020,5266,4617,102,9,3
3021,11975,22660,91,8,29
3022,4404,4087,2,8,85
3023,16749,21404,69,7,81
3024,24624,8160,74,2,46
3025,19154,19189,25,2,60
3026,20109,16642,16,0,65
3027,20586,779,62,7,79
3028,10446,24734,140,3,30
3029,14770,20652,13,9,51
3030,12647,4955,127,2,70
3031,21308,1039,78,0,68
3032,22889,15064,19,7,49
3033,1922,21715,48,1,86
3034,2558,19880,87,7,88
3035,10163,24449,72,0,17
3036,14013,7604,52,3,48
3037,2851,12956,85,4,11
3038,746,13244,83,2,85
3039,10436,16153,127,4,23
3040,4665,6395,6,7,45
3041,16670,14034,98,0,12
3042,3479,18603,22,2,19
3043,13178,14847,62,3,70
3044,10534,7426,24,6,70
3045,3748,23677,129,7,76
3046,4056,16505,91,0,79
3047,6854,11493,22,2,25
3048,20701,20323,118,1,6
3049,5846,9158,30,3,36
3050,17161,12631,12,0,66
3051,22134,24683,53,6,76
3052,2379,7987,38,7,53
3053,16404,24746,10,3,80
3054,6857,6808,65,6,50
3055,13476,13322,116,9,54
3056,2099,15868,29,0,25
3057,21395,10706,64,6,35
3058,13276,14765,138,9,2
3059,18251,9874,72,8,12
3060,16865,6765,94,2,12
3061,19992,24152,57,6,56
3062,7796,14361,92,1,65
3063,19877,24127,13,4,61
3064,10594,23743,8,3,13
3065,15094,10687,47,2,35
3066,24698,9152,128,2,46
3067,18252,24457,39,0,36
3068,22686,10275,57,2,84
3069,24203,1180,69,8,37
3070,3936,20877,46,6,5
3071,11761,8160,33,9,32
3072,8445,13143,18,7,11
3073,4688,16076,64,6,8
3074,925,19546,81,7,54
3075,5543,9472,1,9,40
3076,16682,19733,146,4,13
3077,2646,10552,102,1,10
3078,8785,12169,110,9,50
3079,20602,20086,100,4,9
3080,16808,2862,46,3,2
3081,22000,17263,7,4,19
3082,14454,4439,114,6,26
3083,23338,8767,98,8,33
3084,15231,29,110,8,60
3085,6615,1601,118,3,66
3086,16952,3721,83,0,85
3087,21983,24003,67,9,42
3088,1162,5001,112,1,60
3089,10398,14616,109,0,17
3090,16428,13804,68,9,1
3091,24702,3548,13,4,72
3092,17190,22263,43,1,72
3093,11027,16656,27,4,20
3094,18859,6343,96,5,42
3095,24389,3601,82,0,51
3096,12178,19429,5,4,84
3097,6600,3106,142,6,51
3098,9341,16659,83,1,63
3099,7180,3856,113,4,40
3100,13466,19026,77,7,46
3101,21488,21593,36,2,86
3102,22391,9277,56,5,72
3103,5103,22071,72,7,81
3104,23082,18383,132,3,41
3105,18066,24876,29,0,85
3106,21031,13081,18,0,75
3107,4072,3296,23,5,46
3108,604,24089,138,1,37
3109,9665,9532,137,8,71
3110,6152,21785,52,2,66
3111,1191,5311,133,5,21
3112,6813,10468,63,3,42
3113,18395,5940,14,7,0
3114,13134,10852,25,3,38
3115,8001,1145,96,7,54
3116,9907,7933,77,1,52
3117,11138,10344,148,9,33
3118,13999,24912,59,1,79
3119,14132,18566,108,4,32
3120,2789,18958,30,2,29
3121,18726,4825,97,6,30
3122,20538,5484,10,3,79
3123,22311,16732,84,0,68
3124,164,7424,8,4,46
3125,2521,15269,134,2,77
3126,12320,12014,36,8,60
3127,20281,9095,131,2,59
3128,15643,12363,125,1,31
3129,10725,18188,50,8,76
3130,7434,6153,50,4,72
3131,23149,20399,88,8,89
3132,3879,16773,121,9,67
3133,23613,1946,21,0,17
3134,1719,20699,6,2,55
3135,23090,16639,134,4,9
3136,19256,6121,47,3,38
3137,2597,14442,6,5,51
3138,16832,17455,131,5,2
3139,6695,8232,50,7,74
3140,13931,9468,73,0,83
3141,10683,10225,146,8,50
3142,7516,13757,139,7,62
3143,23267,1352,111,2,72
3144,2552,17834,131,7,47
3145,8064,5062,47,7,79
3146,1153,12064,113,4,5
3147,6941,10286,61,3,38
3148,20603,21061,31,3,61
3149,1770,14719,43,5,52
3150,8866,12693,41,6,63
3151,542,5103,43,0,38
3152,6977,2013,6,4,11
3153,22181,10126,62,0,14
3154,23643,16357,33,8,10
3155,7840,8873,46,7,89
3156,765,22841,90,8,69
3157,20726,22755,67,1,75
3158,23436,17456,137,9,38
3159,15149,7542,99,4,26
3160,12676,10843,73,7,84
3161,16808,4807,133,2,20
3162,1306,21722,112,1,67
3163,16278,19989,118,7,56
3164,20485,17829,100,2,85
3165,15168,6416,31,7,55
3166,7832,10133,106,2,11
3167,6516,10678,120,8,19
3168,20707,21117,30,8,67
3169,15118,1282,24,2,70
3170,18716,10000,66,2,38
3171,14089,12047,132,2,67
3172,8615,21373,108,1,12
3173,23005,7904,97,3,37
3174,19174,3652,43,0,47
3175,16750,19130,70,7,24
3176,9077,18005,124,7,69
3177,4056,6939,89,8,0
3178,19134,16582,71,5,35
3179,16496,20642,48,6,52
3180,11442,14246,17,3,72
3181,13486,5547,138,7,14
3182,4378,1234,99,4,5
3183,1673,8469,14,2,71
3184,782,17359,124,9,43
3185,17365,16542,109,9,45
3186,15340,6185,48,6,60
3187,8331,14074,78,3,15
3188,10830,17400,141,4,78
3189,13729,3334,28,3,13
3190,18600,12222,47,1,77
3191,615,16805,92,8,78
3192,23537,13327,105,6,8
3193,18036,14354,125,0,86
3194,17179,21002,145,5,77
3195,8232,4675,62,5,10
3196,24374,1371,24,0,37
3197,22927,20312,127,0,77
3198,20591,17150,13,3,9
3199,1662,15422,120,3,20
3200,12357,1374,61,5,17
3201,18120,19954,36,4,27
3202,20553,385,110,8,60
3203,4806,19784,59,7,51
3204,9360,1355,49,1,72
3205,21318,22287,135,6,51
3206,22436,17836,25,3,10
3207,24702,16040,3,3,83
3208,4522,21196,12,6,40
3209,23418,1336,24,5,9
3210,11540,2054,25,6,66
3211,20114,12493,91,7,51
3212,23888,4883,50,6,27
3213,16655,20423,143,9,52
3214,4298,18364,126,7,87
3215,16044,2333,136,7,33
3216,20884,19761,114,4,10
3217,10811,23137,43,1,63
3218,19855,3936,36,0,18
3219,16579,24193,2,2,26
3220,15730,24442,100,8,45
3221,21919,3202,22,8,37
3222,3862,4654,42,1,40
3223,19597,5373,65,1,2
3224,3626,11742,58,7,58
3225,7343,23420,143,8,15
3226,10605,16210,18,1,9
3227,3173,20520,1,8,73
3228,15796,9988,22,8,44
3229,18359,7696,1,1,1
3230,13937,14589,93,3,69
3231,17082,18551,56,0,41
3232,4616,19776,86,7,19
3233,23010,17448,101,4,58
3234,18455,13600,127,4,32
3235,10450,9302,45,7,51
3236,15300,1055,96,7,33
3237,16298,16719,49,0,82
3238,19589,21675,91,1,81
3239,23531,6680,85,8,54
3240,11895,8162,122,0,0
3241,20082,5698,45,5,7
3242,8054,23912,140,5,12
3243,18286,7007,11,8,55
3244,23081,7067,107,2,72
3245,6386,24681,146,6,88
3246,11348,6016,2,8,38
3247,5051,8806,17,6,21
3248,12760,3929,3,5,58
3249,13758,13963,142,2,12
3250,22535,4475,143,7,83
3251,9261,14173,26,4,16
3252,5614,10915,149,7,67
3253,19239,15026,149,1,52
3254,18834,8540,92,5,5
3255,987,13089,74,9,21
3256,8020,1038,54,6,29
3257,15841,20959,111,4,18
3258,5137,3291,47,4,77
3259,14744,10020,51,3,89
3260,14393,10221,64,8,11
3261,3183,13663,3,7,42
3262,4604,24960,57,5,0
3263,272,3755,125,2,77
3264,9347,4703,107,3,45
3265,6844,17976,48,6,17
3266,11051,17820,86,7,40
3267,1205,9634,80,0,65
3268,23888,17056,102,6,84
3269,19686,24302,15,8,33
3270,1778,977,87,5,56
3271,22829,2899,46,0,24
3272,18807,15973,61,1,64
3273,16974,19392,20,6,56
3274,22012,13596,19,0,66
3275,20144,13728,95,3,1
3276,18420,8643,124,9,47
3277,9434,24353,18,4,14
3278,16206,20180,23,3,41
3279,13304,5283,138,9,61
3280,15702,3226,144,1,33
3281,3819,10478,142,2,37
3282,3115,6950,88,6,19
3283,23839,11346,70,5,42
3284,4349,3098,129,1,2
3285,23534,13304,110,1,53
3286,14863,18567,2,0,57
3287,8790,5043,48,4,19
3288,137,7185,33,2,42
3289,1112,11786,70,3,89
3290,5304,17674,83,8,88
3291,8543,21963,49,7,26
3292,14313,16848,128,0,56
3293,7334,19953,64,8,76
3294,15532,326,132,1,61
3295,12346,24356,74,7,8
3296,17977,20966,144,5,73
3297,16205,2524,38,0,61
3298,24490,13605,122,4,37
3299,8075,16491,54,4,39
3300,6277,4218,84,1,53
3301,6336,7577,121,6,39
3302,17670,16364,91,2,60
3303,17233,15385,3,1,65
3304,14496,19969,125,5,38
3305,9946,22583,39,6,23
3306,13042,9968,120,5,4
3307,6943,11699,78,6,73
3308,9115,21539,100,2,88
3309,1143,18853,51,9,76
3310,17178,20974,139,1,72
3311,5843,17675,124,2,78
3312,24756,12638,133,5,53
3313,14025,16769,111,6,63
3314,19776,15674,60,5,38
3315,9912,9565,40,0,41
3316,1199,23225,117,2,12
3317,15752,9117,43,5,89
3318,23301,6387,44,5,38
3319,6195,11091,9,3,24
3320,20843,6294,7,9,70
3321,16149,8720,127,8,32
3322,21271,8572,22,8,46
3323,1088,15702,131,0,80
3324,17976,1916,142,1,9
3325,9043,13668,11,5,36
3326,5361,16429,19,0,82
3327,17087,21186,113,6,0
3328,13304,8852,97,0,38
3329,24370,3525,34,5,1
3330,4343,22804,30,4,66
3331,18683,14427,106,4,87
3332,14051,1808,55,6,51
3333,7319,19303,70,8,39
3334,22875,20262,42,2,67
3335,12388,11989,108,7,68
3336,24030,16991,63,1,36
3337,16128,20649,22,5,47
3338,22372,9180,88,7,42
3339,22661,13289,120,7,50
3340,3207,12138,108,4,38
3341,2613,22859,43,8,75
3342,14097,545,34,1,31
3343,14599,10669,37,0,10
3344,13168,22333,84,1,74
3345,10731,3315,126,3,70
3346,5668,18823,3,5,8
3347,12178,15162,79,7,36
3348,16319,4,139,8,72
3349,13591,5817,117,1,21
3350,23598,11149,139,0,68
3351,13776,14133,107,8,7
3352,3764,18197,120,2,7
3353,14786,1256,30,1,86
3354,5544,19401,109,9,31
3355,11671,8758,70,5,24
3356,18210,6839,22,1,19
3357,15536,11303,57,1,48
3358,10240,16665,43,5,58
3359,14529,10044,119,5,13
3360,9778,15022,144,4,7
3361,14537,15563,75,8,29
3362,24140,14487,60,1,74
3363,9079,5885,118,3,83
3364,21663,21220,97,1,2
3365,7178,9113,7,9,66
3366,15326,13044,55,9,40
3367,22493,19737,81,4,34
3368,9394,18032,83,1,50
3369,18810,15245,88,7,63
3370,11918,1990,146,2,20
3371,9061,903,125,2,72
3372,18005,17172,30,3,71
3373,19820,10118,130,9,60
3374,20156,135,15,9,40
3375,10277,11361,90,6,1
3376,1416,19043,108,5,54
3377,20015,4711,91,7,58
3378,9163,10429,1,9,70
3379,5247,16938,37,8,16
3380,22472,4741,63,0,11
3381,9727,23347,17,6,1
3382,21921,16931,79,4,36
3383,6054,15161,109,2,82
3384,6840,6396,130,9,37
3385,15975,1525,141,4,25
3386,11337,10233,20,2,29
3387,260,18874,43,6,38
3388,14199,12091,63,6,52
3389,3851,6344,61,2,8
3390,14867,3121,48,2,17
3391,19240,10086,109,9,37
3392,17738,24358,105,2,70
3393,11328,3093,33,5,77
3394,24898,7076,97,8,5
3395,16006,1635,70,9,86
3396,6169,24526,55,7,82
3397,7805,2221,53,9,46
3398,16968,6886,68,6,70
3399,23482,3195,99,7,11
3400,9469,20910,39,4,42
3401,973,19470,131,2,28
3402,3164,15251,96,1,79
3403,5287,19782,67,3,39
3404,5565,7546,17,6,29
3405,3568,11903,114,3,87
3406,17672,13678,94,1,10
3407,5632,20227,53,1,79
3408,3563,14083,45,9,39
3409,9855,11699,48,8,79
3410,4344,5814,128,3,16
3411,17960,1570,131,1,81
3412,6944,17082,91,8,87
3413,15672,4331,63,4,30
3414,22248,22531,32,7,2
3415,13394,18005,31,2,25
3416,24649,6659,99,4,3
3417,22597,14501,21,8,0
3418,22279,2065,4,5,66
3419,1059,7062,141,7,76
3420,13322,23818,132,5,77
3421,1617,4659,3,4,19
3422,20821,6792,119,3,17
3423,22012,114,41,2,49
3424,7946,18124,139,0,81
3425,21711,2574,106,2,4
3426,762,23185,31,8,58
3427,9847,11001,100,9,36
3428,11526,2398,36,3,49
3429,11786,1196,123,3,2
3430,24089,13581,79,9,56
3431,8346,6662,69,0,87
3432,7636,7545,37,5,18
3433,16806,3789,111,5,7
3434,8401,17653,21,5,11
3435,8659,8862,148,7,20
3436,576,9446,94,8,60
3437,10099,23319,69,7,58
3438,18363,7877,44,7,32
3439,19835,9072,69,8,31
3440,18652,523,115,3,63
3441,9856,1790,15,7,31
3442,1824,6103,60,6,35
3443,812,4369,108,4,30
3444,9559,12137,47,1,45
3445,3157,3860,53,8,29
3446,18413,24094,116,3,32
3447,6561,2509,139,8,26
3448,9219,12371,138,5,32
3449,1907,15647,114,2,4
3450,10394,13549,130,4,53
3451,14325,4168,97,0,54
3452,13241,1548,128,7,71
3453,13780,3472,108,6,3
3454,18854,4089,37,6,78
3455,17861,649,10,3,81
3456,706,2994,135,2,40
3457,5862,17161,91,7,12
3458,4504,23804,1,5,12
3459,24496,24412,8,2,84
3460,6197,1869,61,8,18
3461,19632,12462,11,4,3
3462,21863,9537,44,2,51
3463,3326,17187,99,7,85
3464,24987,22040,14,2,0
3465,13404,24411,48,0,45
3466,4072,16933,58,9,71
3467,22979,411,120,6,0
3468,20558,16704,105,5,51
3469,9695,24738,42,1,59
3470,3172,21448,73,1,16
3471,6885,17634,7,5,69
3472,5718,7701,68,1,23
3473,8217,19363,65,3,81
3474,15389,16401,9,1,4
3475,23321,19961,56,0,32
3476,258,19792,0,4,85
3477,5805,10668,120,4,3
3478,1982,4108,90,1,80
3479,15139,3294,66,3,13
3480,5829,4063,83,7,9
3481,758,13171,87,6,31
3482,15862,13674,79,4,20
3483,12922,6924,103,0,84
3484,4936,14358,57,8,15
3485,9099,4305,113,6,9
3486,11280,13764,91,3,84
3487,10258,601,123,5,62
3488,9378,8760,97,8,41
3489,3773,18831,38,8,45
3490,6540,6505,64,0,44
3491,13466,1363,56,4,27
3492,10494,13136,42,9,20
3493,6382,10910,6,2,11
3494,15006,2377,15,7,54
3495,13119,16086,45,3,49
3496,4325,4513,110,3,16
3497,13579,483,10,9,40
3498,2251,20528,102,0,27
3499,6048,15271,29,2,83
3500,15930,4710,104,0,18
3501,4224,6569,33,9,3
3502,3500,13840,31,7,29
3503,12756,3001,134,9,50
3504,22387,23270,78,6,8
3505,19888,14159,53,6,86
3506,11835,19119,119,6,14
3507,8298,8569,113,1,77
3508,4199,1445,93,6,85
3509,747,13487,108,1,50
3510,3950,18424,36,4,86
3511,15,2761,7,0,26
3512,22318,9116,53,5,84
3513,12465,20396,9,0,3
3514,13407,14718,139,9,31
3515,2303,5167,127,6,74
3516,10353,13140,131,5,74
3517,9699,20012,48,5,13
3518,13276,7644,44,4,65
3519,20840,21636,33,7,29
3520,18737,15724,120,3,0
3521,53,12924,142,3,72
3522,20006,16082,13,9,32
3523,10835,20625,15,0,65
3524,4914,9570,126,3,4
3525,22875,18442,14,5,43
3526,23672,12702,66,2,55
3527,21331,992,88,3,13
3528,9091,2653,69,7,61
3529,18948,7117,25,7,47
3530,6084,6323,72,8,78
3531,21967,21193,88,6,51
3532,8350,8308,86,7,5
3533,17525,17990,109,9,37
3534,20724,18068,30,7,77
3535,14593,24855,130,1,79
3536,5473,16699,93,9,66
3537,7880,20619,77,4,3
3538,2198,2785,123,9,46
3539,22085,1364,21,8,43
3540,6673,14040,94,9,40
3541,1312,23152,91,2,41
3542,21321,17602,33,2,34
3543,949,5963,128,7,85
3544,23475,9704,75,1,79
3545,18125,3092,52,0,29
3546,10344,23329,3,7,4
3547,14446,20226,128,4,68
3548,23487,5287,46,5,85
3549,7951,3539,38,1,85
3550,21378,12301,32,6,89
3551,22776,13069,89,5,67
3552,3994,4608,41,3,87
3553,22892,16645,120,3,74
3554,15925,2722,69,5,71
3555,4479,22768,7,5,9
3556,24042,3380,18,0,42
3557,8151,13404,19,4,32
3558,9889,971,65,8,71
3559,1644,6455,126,3,68
3560,5415,20572,110,4,14
3561,5245,8050,59,3,7
3562,17615,1519,124,0,84
3563,23509,79,48,4,88
3564,23876,3426,26,8,8
3565,12005,24661,134,3,17
3566,16709,25000,121,8,57
3567,14684,15506,51,2,12
3568,18184,17615,66,7,64
3569,5142,23400,29,3,55
3570,16329,3306,25,5,75
3571,20752,3235,130,9,42
3572,17004,11628,121,2,87
3573,14113,3466,42,3,10
3574,9322,6010,40,9,12
3575,17773,14599,69,4,25
3576,18869,568,124,3,88
3577,8652,17377,1,4,76
3578,19179,24574,26,2,71
3579,22502,24909,56,5,22
3580,20502,10113,4,3,54
3581,20227,19066,51,1,58
3582,17002,6033,31,7,12
3583,997,17686,1,2,20
3584,8638,5503,56,3,16
3585,4460,17014,56,0,41
3586,13750,19756,126,0,45
3587,21507,14555,85,6,32
3588,18801,12227,138,2,2
3589,21831,20095,68,9,40
3590,15727,11501,49,1,39
3591,9419,20861,25,1,35
3592,7237,2131,96,6,23
3593,18624,14903,57,6,79
3594,663,15612,1,5,52
3595,8686,4146,97,3,74
3596,180,6140,130,8,21
3597,2184,11282,142,6,59
3598,12365,19705,15,1,51
3599,8878,13595,69,6,32
3600,5773,629,58,3,86
3601,2072,5795,0,5,79
3602,6571,14303,100,8,37
3603,437,673,77,8,69
3604,3275,11732,102,5,3
3605,96,1049,65,3,81
3606,15853,22100,113,6,11
3607,13007,9600,82,2,37
3608,20102,5837,129,3,63
3609,22489,855,140,6,19
3610,18078,14812,142,8,89
3611,21546,15124,71,2,39
3612,6844,511,64,2,7
3613,13431,22677,101,1,29
3614,13207,21286,45,6,7
3615,18872,16696,91,0,14
3616,17012,8387,50,3,64
3617,4575,12630,114,4,17
3618,9178,20459,93,5,34
3619,21902,10166,110,2,60
3620,9890,9994,112,1,56
3621,20122,24882,71,5,24
3622,6443,1681,146,1,12
3623,5929,3155,33,4,62
3624,12645,16060,28,8,33
3625,21925,3141,125,6,72
3626,15508,16034,130,8,54
3627,16490,10031,88,2,12
3628,12230,9121,44,6,52
3629,13520,23311,57,2,14
3630,22508,17135,39,5,59
3631,9000,22074,123,3,88
3632,3314,386,8,5,28
3633,19423,824,42,6,12
3634,21220,2724,12,2,46
3635,20098,21382,96,7,19
3636,5985,19178,104,4,50
3637,2827,1382,148,4,16
3638,674,3613,84,4,17
3639,16382,20864,15,2,41
3640,16424,17657,47,5,69
3641,6798,13411,56,0,32
3642,14989,17449,68,4,87
3643,20184,20138,22,8,38
3644,6664,21062,84,8,16
3645,13282,19307,23,2,1
3646,2033,9705,3,8,40
3647,12510,290,9,3,3
3648,4891,12147,139,8,43
3649,8767,5542,41,8,20
3650,22696,14221,29,8,44
3651,20412,19085,0,0,54
3652,13397,16807,146,8,67
3653,5071,24250,149,9,32
3654,21499,24131,126,5,53
3655,14640,5814,1,2,42
3656,21137,3556,65,1,86
3657,15997,6780,38,6,58
3658,17352,18741,105,5,42
3659,13002,8627,102,7,7
3660,3702,5661,134,9,63
3661,14035,17735,94,6,64
3662,23187,4741,17,8,35
3663,16788,5427,0,9,25
3664,2940,2365,64,6,14
3665,11,18470,81,9,68
3666,14816,650,66,1,86
3667,18675,9727,17,8,5
3668,8140,14785,149,8,78
3669,9622,8456,135,4,78
3670,11951,19286,37,4,52
3671,16630,4467,73,8,22
3672,13810,7290,130,3,87
3673,2611,3712,16,4,65
3674,13112,19798,6,9,30
3675,10093,20666,104,3,56
3676,14621,11087,138,0,60
3677,10532,3559,47,2,50
3678,23877,20766,18,2,76
3679,9497,19474,35,2,68
3680,2116,14406,107,0,22
3681,5876,19318,74,5,27
3682,23780,20620,120,0,5
3683,13946,117,7,0,77
3684,9945,6503,47,2,3
3685,10381,11118,145,8,24
3686,15683,8770,39,3,27
3687,11054,8518,11,1,52
3688,5720,20408,51,8,77
3689,13156,19670,91,1,13
3690,16324,4996,119,9,77
3691,21064,12470,122,1,41
3692,714,5263,122,4,27
3693,5287,9253,7,9,38
3694,24292,7538,18,6,40
3695,7793,13985,113,0,70
3696,10570,18718,138,8,58
3697,3868,13499,78,1,18
3698,10598,12521,129,2,31
3699,12799,14866,73,8,81
3700,11736,23336,27,4,7
3701,18516,7019,138,4,80
3702,13738,15859,123,7,30
3703,20352,740,26,5,9
3704,3292,24822,94,7,13
3705,5115,240,106,8,85
3706,9611,23665,71,5,26
3707,10631,7637,42,3,17
3708,11450,16037,134,0,46
3709,24436,4124,16,5,51
3710,19535,3601,57,4,73
3711,7093,7907,147,5,23
3712,3936,8466,65,1,59
3713,17689,13210,65,4,31
3714,1418,8061,141,0,56
3715,16231,22824,118,2,9
3716,19413,20318,14,3,41
3717,7766,2115,108,3,6
3718,8524,1888,121,8,31
3719,3036,15789,102,1,63
3720,21486,15871,98,1,84
3721,23681,17679,57,0,88
3722,6777,4729,18,3,82
3723,22078,20960,99,1,72
3724,17194,4081,46,5,22
3725,17330,14888,34,3,40
3726,16195,22074,133,5,67
3727,10222,6318,71,7,49
3728,24998,20696,42,0,72
3729,156,14637,98,5,58
3730,4721,16121,29,7,32
3731,1997,17877,143,1,18
3732,6034,4169,20,8,59
3733,24058,21018,70,3,29
3734,16108,19287,10,3,31
3735,18896,21914,33,4,3
3736,13501,4189,122,9,67
3737,9105,17019,44,1,78
3738,15850,23300,91,0,62
3739,9648,5477,139,5,70
3740,7044,16518,66,0,10
3741,15600,8211,123,3,61
3742,16648,17584,89,7,49
3743,24167,1765,55,7,58
3744,24095,4613,49,2,75
3745,6689,7479,32,5,87
3746,24501,14877,85,3,23
3747,21681,20084,146,2,62
3748,6433,8648,107,6,2
3749,7962,7815,88,0,54
3750,1434,3597,117,5,5
3751,4979,3514,38,2,30
3752,23781,3370,137,3,79
3753,24360,18274,105,6,68
3754,18156,1871,88,7,36
3755,2872,13061,133,7,72
3756,8684,5125,97,5,48
3757,17247,2553,101,7,86
3758,19089,19880,146,3,85
3759,12298,1915,79,0,7
3760,13700,19508,84,9,48
3761,22786,6054,133,5,45
3762,14492,2239,3,4,5
3763,2599,24998,106,6,16
3764,16774,11709,122,0,0
3765,9441,16765,38,8,49
3766,22162,7978,139,8,18
3767,13088,10546,86,6,20
3768,8688,12289,50,3,9
3769,10728,14561,8,3,79
3770,22357,19925,84,7,30
3771,7745,18436,69,0,29
3772,9310,18561,127,7,88
3773,9862,7395,37,9,88
3774,23660,22058,80,3,50
3775,13364,13312,97,0,73
3776,756,2584,104,8,2
3777,10720,14613,42,6,56
3778,6901,22181,52,3,75
3779,8914,22531,94,0,50
3780,22946,14493,29,6,18
3781,6568,10626,34,4,20
3782,22217,18865,124,9,2
3783,12029,4952,26,5,79
3784,17265,10694,55,5,60
3785,123,22106,91,8,22
3786,9828,2217,132,3,24
3787,10799,10670,81,0,27
3788,14245,16535,107,5,0
3789,3571,21808,69,5,13
3790,2900,6439,77,5,12
3791,8991,22571,52,5,14
3792,4573,3818,76,0,25
3793,24163,23654,0,9,54
3794,7115,13098,148,2,27
3795,4447,3540,145,6,3
3796,1252,5853,101,3,55
3797,5761,6816,102,5,37
3798,9977,13460,15,1,21
3799,19380,11198,132,4,45
3800,8125,21080,79,8,26
3801,20596,6791,136,3,24
3802,17012,10650,82,6,87
3803,21970,24082,143,6,37
3804,1858,24806,32,9,16
3805,7169,4591,45,0,59
3806,17305,21177,91,6,36
3807,22616,12457,133,0,12
3808,19439,9399,52,4,26
3809,6227,1484,61,9,33
3810,5548,9266,121,6,83
3811,12107,23064,62,0,17
3812,12116,20488,91,2,24
3813,23794,7049,131,1,78
3814,17825,8201,1,7,28
3815,4938,3126,103,3,6
3816,14025,20595,89,8,21
3817,1748,1598,77,5,49
3818,3186,11904,13,0,29
3819,21145,7312,92,1,22
3820,9093,1122,28,5,68
3821,13874,11644,95,6,37
3822,10070,1519,35,6,75
3823,14731,16724,110,9,71
3824,7257,17074,7,1,67
3825,10370,18813,117,0,80
3826,4453,18972,121,8,61
3827,19667,20693,49,5,26
3828,5013,21707,13,7,57
3829,3869,1880,108,8,84
3830,12972,14604,140,6,47
3831,9585,23270,61,0,82
3832,16995,9916,121,4,50
3833,14408,20078,95,9,19
3834,10712,6980,99,4,79
3835,11577,17328,101,9,36
3836,18143,21422,10,8,22
3837,22000,11466,11,9,88
3838,4338,3932,63,7,87
3839,16411,5863,8,1,49
3840,15635,842,36,0,22
3841,45,21546,111,1,6
3842,8951,24336,25,1,31
3843,14950,18958,86,1,61
3844,4383,21679,128,8,39
3845,4031,21892,67,5,86
3846,21338,7872,141,6,83
3847,5962,23082,31,6,47
3848,18541,19447,110,5,45
3849,15012,4360,107,2,77
3850,17435,16087,117,6,79
3851,19452,19686,84,6,87
3852,21744,17532,130,5,42
3853,10891,17010,36,6,72
3854,23787,18857,94,6,15
3855,20105,24016,127,7,48
3856,12081,22043,144,8,25
3857,8209,10797,105,4,59
3858,7273,7958,32,3,80
3859,15861,11483,65,2,29
3860,22309,15256,3,5,33
3861,18369,11403,6,5,52
3862,8174,4944,90,1,84
3863,5764,18672,109,6,60
3864,6545,18869,103,3,15
3865,2056,19484,6,0,39
3866,1297,8715,94,3,0
3867,6560,5300,58,3,62
3868,5096,4436,83,8,76
3869,5374,14881,101,3,67
3870,12013,3847,14,3,51
3871,472,11133,15,6,41
3872,15601,9703,46,6,13
3873,7106,8149,110,2,2
3874,15294,176,97,5,29
3875,15400,13034,123,2,2
3876,7595,15349,83,9,47
3877,10046,21123,124,0,44
3878,24708,22758,69,6,56
3879,18147,7681,143,4,23
3880,219,12452,82,3,77
3881,12360,21260,31,7,84
3882,21031,24026,42,6,65
3883,17561,2925,56,2,16
3884,21524,807,18,9,20
3885,15344,14544,145,6,29
3886,9770,17387,1,9,16
3887,8133,15844,100,6,74
3888,16518,3575,33,9,62
3889,13155,17285,32,6,46
3890,11741,4417,54,1,5
3891,8168,5482,54,2,46
3892,23595,16277,122,2,3
3893,19538,17032,18,2,8
3894,9393,6804,114,6,51
3895,9270,11043,2,6,57
3896,15150,7474,17,3,76
3897,16113,12719,124,0,36
3898,18737,7836,76,5,44
3899,1529,17691,81,0,31
3900,1195,18270,147,6,81
3901,20113,438,141,0,73
3902,11625,11813,29,8,7
3903,24691,12435,61,6,53
3904,20160,14271,15,8,86
3905,19331,16821,121,5,27
3906,5586,10174,60,8,56
3907,17104,12390,64,5,74
3908,19650,3204,48,6,37
3909,20017,11715,116,4,25
3910,18212,4471,74,6,14
3911,17365,3147,14,1,6
3912,24607,10285,48,8,35
3913,7697,4508,52,5,55
3914,15282,488,4,0,77
3915,11731,14660,134,0,73
3916,13265,9138,20,8,61
3917,10016,167,43,7,44
3918,21059,23939,126,8,35
3919,9126,7381,62,5,58
3920,20089,2585,112,8,10
3921,19794,6957,132,6,84
3922,9436,6211,86,0,76
3923,24572,1534,149,3,13
3924,2631,19601,121,2,59
3925,23728,10837,0,3,71
3926,18630,20943,27,0,22
3927,15926,8183,128,0,25
3928,7469,19571,109,3,11
3929,241,8953,77,6,85
3930,24788,2834,36,3,70
3931,22371,17718,136,1,51
3932,7827,3857,33,3,63
3933,21691,10317,59,4,62
3934,19659,2432,116,4,51
3935,20842,16955,52,8,8
3936,22116,12075,47,1,88
3937,24646,8373,124,5,39
3938,9367,21433,44,8,49
3939,18763,16275,84,2,32
3940,21987,4940,25,6,8
3941,8157,11929,136,1,45
3942,13113,10606,59,4,22
3943,10525,21450,133,0,40
3944,15994,11703,92,2,29
3945,7568,23869,99,4,31
3946,19937,9911,18,5,80
3947,6417,21368,27,5,79
3948,22307,18765,113,5,38
3949,16945,7490,2,0,14
3950,18410,11953,100,2,21
3951,10003,1134,141,2,14
3952,4549,23058,14,0,87
3953,12419,354,8,5,27
3954,21191,162,70,9,38
3955,4275,11904,44,1,42
3956,15855,10645,61,0,86
3957,21145,23211,122,7,13
3958,23134,18889,144,0,82
3959,3243,787,48,5,55
3960,11088,1162,0,9,71
3961,17161,14370,67,9,77
3962,19541,17614,98,6,24
3963,18996,2030,97,9,81
3964,10636,17856,41,0,23
3965,8487,10504,137,9,35
3966,7938,22945,34,2,47
3967,15166,5218,21,3,63
3968,15413,24720,18,8,14
3969,11548,20173,93,6,84
3970,21043,13671,1,4,48
3971,16152,7591,60,5,49
3972,15667,24481,36,6,4
3973,12243,2785,32,6,35
3974,24846,11780,77,7,24
3975,8595,7269,24,9,25
3976,14246,16971,15,8,70
3977,24983,13195,25,2,11
3978,18606,20886,148,5,81
3979,3344,16974,13,6,53
3980,8775,7335,75,6,81
3981,17,2434,40,5,76
3982,9246,14690,55,1,82
3983,11784,18443,91,6,18
3984,14695,19256,49,5,58
3985,22716,16621,93,9,14
3986,2699,11571,29,5,7
3987,22581,23259,108,2,49
3988,23463,14546,83,3,41
3989,8430,17376,135,3,60
3990,24989,6979,9,5,2
3991,20273,952,45,1,50
3992,13377,6258,131,8,84
3993,22557,22999,3,2,33
3994,10698,22984,85,6,20
3995,16671,23342,126,5,19
3996,4944,23114,87,4,49
3997,7650,22428,46,8,70
3998,19174,11942,147,6,87
3999,4942,17432,127,7,18
4000,11636,19192,110,9,40
4001,12723,17304,37,5,50
4002,21613,2599,65,0,62
4003,23802,7299,102,3,58
4004,6313,12132,16,1,82
4005,1403,8294,35,6,43
4006,1876,18671,81,9,69
4007,7466,20250,23,4,54
4008,3500,12175,3,4,21
4009,18540,24825,8,8,30
4010,4819,20292,3,3,71
4011,12877,20099,137,2,36
4012,14268,23014,14,0,16
4013,21613,15193,2,4,48
4014,9798,3031,97,2,76
4015,16608,13684,75,5,51
4016,15290,4681,94,7,66
4017,1640,18025,97,1,29
4018,687,1206,92,0,82
4019,24562,3972,109,3,32
4020,23926,6742,121,8,17
4021,14742,5816,80,3,52
4022,18965,13927,121,3,52
4023,8155,8733,71,4,7
4024,17230,4018,35,1,64
4025,3839,1917,74,1,22
4026,19358,21490,114,1,2
4027,22092,3647,63,6,31
4028,15368,9868,26,9,83
4029,10547,7342,133,6,58
4030,17842,3806,104,8,39
4031,13513,19666,26,9,54
4032,3731,2535,24,8,68
4033,12402,3358,149,1,86
4034,16047,13485,108,3,75
4035,7126,20395,112,6,73
4036,666,11157,116,3,29
4037,23250,9328,21,1,5
4038,100,15513,124,2,34
4039,120,19910,45,5,15
4040,24016,20857,50,3,55
4041,20389,9517,88,3,75
4042,19705,23097,26,6,35
4043,19163,12573,11,8,14
4044,18720,2183,48,6,66
4045,15165,8477,79,8,58
4046,3008,24547,84,5,86
4047,8813,13939,95,0,80
4048,5764,2825,84,4,61
4049,8897,7889,133,3,14
4050,2074,10034,33,1,87
4051,14681,10261,16,9,50
4052,7848,8981,145,3,57
4053,6247,5422,80,6,79
4054,22421,12433,74,4,49
4055,4559,13203,128,7,49
4056,5662,12633,24,1,48
4057,22072,2038,108,2,69
4058,14130,14689,46,5,12
4059,18755,5661,51,2,11
4060,13200,24057,142,4,78
4061,22549,10713,104,5,89
4062,17323,17077,21,9,16
4063,1741,9136,47,3,50
4064,24771,9054,86,5,26
4065,7126,3079,65,1,39
4066,21198,17150,47,1,41
4067,23342,24477,44,8,13
4068,8817,19625,62,4,46
4069,14235,8441,107,7,70
4070,535,10377,34,3,49
4071,23877,16945,114,2,1
4072,5616,8289,91,2,15
4073,24962,8421,0,7,2
4074,3283,6834,144,9,49
4075,9866,20997,124,9,60
4076,4826,16549,149,8,66
4077,12386,24911,1,3,73
4078,10434,3745,54,5,41
4079,3832,16655,100,1,27
4080,19732,13889,79,8,46
4081,8870,12596,87,6,34
4082,232,16418,50,6,20
4083,13413,23461,33,8,77
4084,11682,14026,110,2,36
4085,8380,2833,70,7,20
4086,458,2100,114,6,57
4087,22789,18928,145,7,15
4088,204,12908,43,4,49
4089,17789,2876,76,4,5
4090,10550,12857,77,2,1
4091,23697,16178,145,7,18
4092,4154,8119,1,1,39
4093,3106,21377,44,7,7
4094,17942,2260,111,5,19
4095,18932,16949,129,8,19
4096,18134,7795,149,3,43
4097,11518,11259,79,6,35
4098,20740,22725,72,9,18
4099,19748,23865,78,1,33
4100,13300,20790,96,1,47
4101,18856,14059,2,2,5
4102,24446,21515,131,6,53
4103,18501,24056,9,8,21
4104,19086,792,59,5,87
4105,17297,16714,113,5,62
4106,182,5221,138,9,20
4107,8395,23248,35,6,82
4108,15969,3963,110,1,35
4109,9565,379,17,8,83
4110,17987,11982,17,2,46
4111,19782,10483,8,5,60
4112,19924,8713,80,4,27
4113,19531,10463,84,6,40
4114,9631,2904,49,9,11
4115,22562,9317,80,9,45
4116,3656,1034,112,9,29
4117,16390,19774,10,3,5
4118,17168,6723,22,2,64
4119,6834,15214,83,8,36
4120,13501,6018,111,5,79
4121,14623,10778,75,7,83
4122,8872,10354,3,7,78
4123,13126,20711,121,1,10
4124,6687,13109,143,4,44
4125,10184,14591,124,0,47
4126,19224,3525,11,2,40
4127,24129,18023,98,5,39
4128,5770,21036,42,3,40
4129,18746,23498,39,9,15
4130,19424,17039,82,2,35
4131,24939,11596,97,7,83
4132,12274,15175,40,1,36
4133,5502,21187,127,0,78
4134,21234,16914,96,5,66
4135,11327,19741,6,4,24
4136,19848,9978,42,9,18
4137,5556,6823,17,0,38
4138,4940,1078,141,9,86
4139,6607,14393,3,8,48
4140,1449,23565,17,5,23
4141,2789,8397,33,3,89
4142,5550,15301,123,8,79
4143,11378,14078,78,7,85
4144,20653,11507,11,8,25
4145,20346,14231,106,4,77
4146,14645,10521,83,7,44
4147,21148,11854,90,1,7
4148,16526,17628,25,9,24
4149,3864,14803,2,0,34
4150,21845,7566,84,7,40
4151,6182,4852,36,5,66
4152,17328,5358,146,2,19
4153,5559,14325,35,8,49
4154,19675,2831,108,2,1
4155,21849,2624,65,9,76
4156,6944,19349,141,3,51
4157,20805,18548,50,8,72
4158,5128,7514,130,4,86
4159,21397,20049,143,5,64
4160,11232,9653,98,3,18
4161,14748,10084,104,2,41
4162,12739,22203,102,5,9
4163,24740,18280,43,4,82
4164,24240,5597,60,1,83
4165,20605,16211,103,6,50
4166,2035,3042,87,4,80
4167,11477,10678,93,7,27
4168,9028,6078,55,0,62
4169,16596,24650,95,8,79
4170,10065,24400,46,8,75
4171,14192,13497,18,7,19
4172,4522,19974,36,7,83
4173,20332,3932,141,5,19
4174,17858,24761,136,7,72
4175,15377,13124,146,4,84
4176,14093,11746,81,8,83
4177,15788,7809,38,8,0
4178,4173,10980,53,0,79
4179,18722,7184,49,8,14
4180,11204,16224,43,0,51
4181,9267,1797,83,5,88
4182,2403,2553,45,0,10
4183,7480,18661,126,5,8
4184,10255,10208,37,7,81
4185,17371,11293,112,4,38
4186,16885,12611,6,3,41
4187,11192,11690,112,3,8
4188,19973,16020,31,5,47
4189,20746,14261,55,9,53
4190,19541,22661,77,0,75
4191,13720,7337,10,7,14
4192,1826,18251,105,6,15
4193,9769,21174,32,0,22
4194,24656,24038,15,4,67
4195,923,17658,66,2,34
4196,24790,12774,124,9,68
4197,1727,11417,110,0,23
4198,10176,21347,9,2,19
4199,13877,1297,6,8,56
4200,21051,12963,59,6,25
4201,8458,1561,19,4,67
4202,17086,15426,4,2,74
4203,2653,24565,83,9,71
4204,3187,21300,73,0,27
4205,16563,5845,37,0,61
4206,247,3524,131,1,75
4207,2812,16147,55,1,73
4208,10305,21260,144,1,89
4209,4025,21147,41,0,18
4210,16009,14572,92,8,21
4211,19332,23757,116,0,81
4212,1920,11896,113,2,17
4213,6312,14941,80,9,35
4214,24605,19859,4,2,36
4215,2464,10762,143,6,40
4216,15405,22674,21,8,51
4217,10851,13824,12,2,84
4218,3860,19384,129,0,42
4219,19838,10760,52,7,81
4220,19665,19381,12,5,33
4221,22237,5424,59,0,0
4222,6548,10338,48,2,18
4223,24542,20730,38,2,57
4224,15008,13768,85,6,13
4225,7254,6436,41,4,9
4226,13546,24171,88,8,84
4227,6557,24693,52,0,64
4228,14342,342,2,7,16
4229,13556,22575,114,7,49
4230,14991,22596,122,7,33
4231,18656,9626,87,8,48
4232,15696,9742,17,4,68
4233,21500,11183,90,2,13
4234,11262,3548,36,3,36
4235,20104,5153,35,5,69
4236,2199,5718,30,4,37
4237,18703,11726,79,5,70
4238,17393,15625,128,2,5
4239,24097,15904,72,3,83
4240,9931,20171,58,1,39
4241,10109,16038,36,8,6
4242,20921,23503,13,8,8
4243,22105,6632,92,1,23
4244,13736,23794,1,8,0
4245,17871,8966,2,0,79
4246,15113,15890,26,4,84
4247,17697,1215,5,2,32
4248,2637,5310,36,0,12
4249,23154,1736,108,6,43
4250,665,5602,12,2,80
4251,11060,1574,15,1,48
4252,24373,17664,111,1,53
4253,6833,1305,128,2,48
4254,12350,13963,42,7,70
4255,21323,11677,27,2,21
4256,5730,13211,74,7,15
4257,10981,13701,93,4,88
4258,5925,2532,22,1,67
4259,4105,2276,53,6,31
4260,2540,20604,144,7,82
4261,15029,6907,57,1,48
4262,24026,3963,102,1,53
4263,17720,6184,14,3,1
4264,13176,1237,73,8,13
4265,24515,4012,122,7,42
4266,23745,13961,22,5,74
4267,3018,16514,101,4,0
4268,22104,11353,8,1,83
4269,23933,8257,43,0,26
4270,20773,7880,45,3,21
4271,3556,10976,141,5,41
4272,14667,12565,140,8,86
4273,673,8214,110,0,17
4274,6441,1835,20,9,30
4275,18909,15498,130,8,17
4276,4521,10541,78,8,44
4277,8162,23211,133,1,89
4278,23797,4140,3,3,59
4279,24754,16055,78,9,22
4280,9512,6154,15,7,36
4281,6027,20843,96,3,31
4282,961,23428,74,3,65
4283,19753,17527,143,4,39
4284,17525,11769,146,1,52
4285,18231,12984,82,1,35
4286,17475,8730,47,0,54
4287,2302,21405,2,9,10
4288,17897,639,12,2,24
4289,20303,7350,134,5,70
4290,9690,4223,4,7,10
4291,13233,4371,134,5,9
4292,15101,6152,41,7,49
4293,16642,22028,78,9,3
4294,10037,21586,14,0,11
4295,13832,9613,18,0,2
4296,11003,20723,125,4,18
4297,4671,21698,96,6,4
4298,21637,14190,76,6,11
4299,18124,7827,110,3,53
4300,21836,21463,136,7,56
4301,1855,2272,103,5,16
4302,10910,10057,71,2,3
4303,10694,1134,92,5,63
4304,7489,7025,84,6,1
4305,8064,634,9,1,11
4306,1222,20554,103,7,17
4307,20116,1134,85,4,33
4308,9610,20309,62,1,19
4309,24426,4972,50,7,65
4310,15582,7271,7,0,68
4311,2692,913,133,6,34
4312,12944,8559,122,6,53
4313,8686,11105,107,0,85
4314,8156,13775,91,9,64
4315,19999,3395,54,1,42
4316,24330,17560,89,5,29
4317,14206,6161,62,7,69
4318,14657,12454,19,5,46
4319,4520,11257,31,1,20
4320,23935,22411,112,3,84
4321,24191,2970,95,1,15
4322,5094,14093,130,7,67
4323,9372,21324,36,7,34
4324,22409,953,75,4,86
4325,5653,20405,47,9,85
4326,10741,10131,79,3,46
4327,10705,19,143,8,56
4328,20415,20645,138,2,33
4329,7943,4423,71,2,62
4330,16945,13709,115,1,76
4331,3731,18693,17,7,11
4332,11267,7668,53,4,75
4333,18698,9297,62,9,7
4334,15343,8118,10,0,39
4335,20631,8779,87,6,28
4336,3140,8099,114,8,45
4337,23435,24768,91,6,65
4338,7572,13063,30,1,89
4339,13367,7560,95,6,71
4340,12823,20637,56,5,54
4341,17284,24745,42,4,85
4342,18062,21802,50,6,89
4343,3777,24286,101,4,33
4344,1999,6236,83,9,0
4345,21019,12022,112,4,39
4346,24465,6486,31,5,53
4347,10907,11672,20,0,2
4348,1936,2148,38,8,80
4349,1624,7464,78,9,18
4350,10573,13513,25,7,78
4351,2274,9364,134,4,12
4352,15864,8141,23,9,39
4353,12678,7493,125,7,16
4354,21602,2227,33,0,23
4355,17277,14284,94,5,59
4356,2746,20500,95,5,58
4357,13710,21100,55,5,78
4358,14668,4688,19,0,49
4359,1701,24166,121,6,29
4360,17558,5187,112,2,4
4361,17070,1299,81,4,38
4362,12218,5467,53,0,0
4363,2941,15255,146,8,4
4364,12604,7476,26,0,68
4365,19207,21077,60,0,34
4366,704,23420,125,7,19
4367,8415,6331,12,6,81
4368,5236,19541,84,8,76
4369,13683,2862,86,2,16
4370,9619,20352,149,9,83
4371,9627,4720,134,3,51
4372,14429,2335,108,0,26
4373,21668,1726,143,6,66
4374,5773,6780,14,2,13
4375,18462,18561,149,4,74
4376,11594,22504,84,2,88
4377,7471,5350,94,9,9
4378,4993,19253,34,5,73
4379,15271,5077,24,5,71
4380,14818,13338,90,9,26
4381,14110,21061,137,5,59
4382,9091,18675,149,2,74
4383,9654,9509,43,7,30
4384,14714,7626,91,4,27
4385,11483,24277,62,0,88
4386,5021,3805,105,1,89
4387,8110,22794,51,9,51
4388,13103,15710,88,6,41
4389,7782,6595,36,2,63
4390,8788,21898,31,1,10
4391,11842,8129,61,1,20
4392,17554,13205,41,0,4
4393,5343,18561,29,5,15
4394,18580,10612,8,8,13
4395,2989,13146,1,7,79
4396,24846,20214,116,7,17
4397,24946,16980,5,2,12
4398,6856,78,74,7,54
4399,1882,17680,79,1,25
4400,16253,23445,63,4,45
4401,20990,6169,106,9,72
4402,23340,3385,127,0,47
4403,12150,8478,105,5,42
4404,454,4113,84,6,70
4405,9427,12630,135,5,74
4406,16794,1836,99,9,64
4407,12803,1989,56,0,5
4408,12354,17208,136,8,25
4409,5233,21976,11,8,15
4410,16583,8830,49,9,42
4411,22651,23843,132,1,23
4412,1294,10493,92,5,54
4413,9418,7987,131,5,45
4414,2141,12129,127,2,15
4415,18908,20544,139,5,87
4416,19334,17810,146,1,29
4417,21,19607,127,0,18
4418,8906,19223,121,4,85
4419,7994,15661,98,1,69
4420,16687,17738,77,9,81
4421,20179,992,100,2,80
4422,23403,23543,66,9,35
4423,16603,23624,115,4,0
4424,9197,15567,140,6,36
4425,8721,12050,96,8,30
4426,11028,23984,136,6,26
4427,13963,11007,114,9,86
4428,6648,19736,82,3,16
4429,7255,8982,60,8,55
4430,20571,10104,40,4,63
4431,103,17960,136,1,26
4432,8478,23253,57,5,43
4433,24925,20695,124,4,4
4434,20005,1761,89,8,14
4435,23234,19466,109,3,89
4436,24339,8799,110,9,76
4437,2073,23705,62,2,35
4438,8602,1344,37,5,2
4439,409,14719,129,2,5
4440,13319,14980,131,1,59
4441,3010,12791,118,4,85
4442,23478,18939,31,4,40
4443,15323,13310,5,6,73
4444,22305,17682,46,7,82
4445,9263,11357,21,6,62
4446,700,11593,86,6,71
4447,20991,12156,6,0,26
4448,13524,21710,16,6,1
4449,2195,3475,57,1,71
4450,6841,8530,143,5,19
4451,4071,20130,31,0,77
4452,24738,13706,119,6,60
4453,20183,15500,112,0,26
4454,4015,9248,91,3,53
4455,760,18542,97,8,32
4456,3869,1256,103,3,78
4457,8324,15901,32,8,88
4458,19948,5702,146,9,84
4459,12495,7425,94,9,62
4460,9694,24458,12,8,76
4461,16856,13676,146,7,51
4462,21423,11628,1,8,44
4463,20658,21796,144,3,47
4464,1772,11473,31,2,88
4465,1229,6593,119,5,36
4466,11276,9335,37,7,39
4467,6111,17294,45,1,58
4468,19099,7714,127,5,21
4469,12723,11345,72,3,27
4470,3832,16247,98,0,29
4471,8490,16181,50,1,42
4472,20378,9289,44,8,85
4473,9005,12165,39,1,5
4474,5077,15369,42,2,21
4475,3568,2670,22,7,24
4476,24678,14750,12,9,76
4477,19748,23977,16,7,23
4478,9727,14819,8,8,9
4479,22194,18706,73,4,69
4480,23114,17836,124,4,1
4481,9809,12501,50,5,50
4482,17410,13198,30,8,88
4483,12250,17803,139,1,16
4484,23288,22361,146,0,14
4485,22463,13861,101,6,10
4486,19073,19722,13,2,34
4487,16234,24558,63,4,35
4488,6832,22288,50,4,26
4489,22402,11814,33,1,78
4490,14222,11264,42,2,37
4491,21215,3872,74,8,82
4492,11243,7300,139,9,41
4493,14582,23681,101,1,1
4494,21660,20734,62,9,14
4495,16297,5300,60,2,76
4496,18,7987,83,1,16
4497,18376,8138,35,3,36
4498,21667,22344,59,7,46
4499,16723,18720,44,5,2
4500,7344,10167,72,3,31
4501,14240,12212,37,3,82
4502,14408,10179,96,9,66
4503,16571,16181,113,8,29
4504,5372,7071,30,1,0
4505,17580,7895,120,7,57
4506,11571,11941,14,1,17
4507,1006,13425,136,9,59
4508,5731,17454,124,1,48
4509,22778,4220,111,4,67
4510,8690,5597,69,8,79
4511,23661,12732,9,3,83
4512,7826,10544,149,0,70
4513,15322,9854,47,7,15
4514,16117,1753,95,8,5
4515,9542,3248,44,0,54
4516,2701,11138,3,2,52
4517,4487,4485,107,4,53
4518,9444,21902,137,7,15
4519,11043,22691,53,7,66
4520,16835,9191,100,2,34
4521,17374,11637,18,2,48
4522,8411,6226,30,6,34
4523,2203,13305,102,1,76
4524,779,19267,99,4,39
4525,2770,2427,11,5,55
4526,6919,10252,125,2,67
4527,19586,5940,135,6,59
4528,1594,4304,20,9,83
4529,200,18322,75,0,3
4530,21336,22654,110,6,71
4531,10169,12707,52,2,81
4532,4609,17464,48,6,70
4533,14900,16160,102,5,12
4534,21104,74,32,4,83
4535,431,13985,75,4,49
4536,8544,18576,63,4,72
4537,17635,6814,79,8,39
4538,3538,23214,120,9,37
4539,3362,16712,22,7,81
4540,229,12353,121,9,53
4541,19823,865,79,6,41
4542,6791,17668,144,9,68
4543,3863,2026,140,2,26
4544,8401,11379,137,1,9
4545,16824,1287,64,5,16
4546,1606,10334,141,2,53
4547,5502,4931,13,6,14
4548,24767,13494,137,1,79
4549,10392,23239,37,0,67
4550,8875,21850,90,4,54
4551,18093,12136,62,1,57
4552,13212,9624,118,0,84
4553,4964,208,110,3,78
4554,2847,498,1,5,42
4555,12214,318,67,5,25
4556,2721,13471,103,8,71
4557,22464,1621,16,5,65
4558,8395,5899,123,5,53
4559,14980,16926,71,7,87
4560,15645,24030,9,2,60
4561,14277,10739,88,1,81
4562,21616,20875,131,3,81
4563,8352,11255,61,0,72
4564,21737,9908,7,5,77
4565,18190,15948,112,6,18
4566,17944,986,49,4,76
4567,2042,7786,100,4,58
4568,18849,18622,81,4,77
4569,16370,23242,67,0,51
4570,10649,1807,22,0,79
4571,16841,5024,86,6,64
4572,6168,15865,54,0,64
4573,22310,16249,112,8,82
4574,9798,23825,11,0,12
4575,1725,16175,128,4,82
4576,4209,22994,133,7,84
4577,22568,10170,23,7,22
4578,22011,1373,12,0,25
4579,526,24519,139,4,7
4580,3751,8345,111,3,77
4581,24212,19341,74,8,27
4582,11015,20593,27,2,61
4583,20695,6501,116,4,88
4584,21815,18477,42,9,60
4585,1076,20771,88,1,17
4586,21568,13142,100,1,3
4587,9406,23815,112,0,32
4588,4841,1734,83,3,66
4589,4117,18605,91,9,60
4590,20418,18149,56,2,51
4591,20763,22974,79,0,45
4592,13598,4913,119,8,62
4593,16981,14534,135,2,24
4594,21158,13043,72,4,84
4595,24919,17138,91,8,68
4596,12899,1107,66,0,9
4597,8725,12769,44,9,75
4598,24358,14177,101,5,71
4599,2015,18837,109,1,61
4600,13012,16975,34,3,41
4601,20897,667,102,0,9
4602,5304,8197,43,7,42
4603,5357,22679,79,9,11
4604,20064,18094,4,7,6
4605,509,5417,105,4,89
4606,8275,8661,25,4,74
4607,10012,20673,72,4,87
4608,23511,19145,45,2,87
4609,5562,21847,64,0,83
4610,6458,17041,61,5,12
4611,15969,23054,47,2,25
4612,306,19439,108,7,78
4613,9172,5674,131,0,13
4614,16848,17860,60,2,27
4615,4093,16042,47,5,80
4616,7040,18650,124,3,30
4617,1189,18630,3,6,16
4618,11344,11539,72,7,46
4619,1611,20146,30,4,27
4620,11042,4716,96,6,45
4621,270,6566,12,8,68
4622,6932,11757,36,0,79
4623,13351,12055,98,5,57
4624,9485,5770,49,7,19
4625,20677,558,48,6,26
4626,24285,1725,46,1,15
4627,10861,10489,145,1,18
4628,1724,21262,118,5,78
4629,7318,18141,105,1,51
4630,3626,17289,69,4,68
4631,1022,22782,111,0,33
4632,3707,9238,5,0,20
4633,22461,21444,130,3,77
4634,11727,1881,44,9,73
4635,1879,7791,71,8,5
4636,8623,15633,27,9,52
4637,8318,18098,111,3,65
4638,10858,15394,37,8,8
4639,22281,21871,12,0,24
4640,8972,11717,30,2,63
4641,11691,12113,90,0,30
4642,18198,24329,145,9,77
4643,2865,3439,67,6,2
4644,21987,24729,48,2,5
4645,7272,8173,108,9,45
4646,17979,15862,45,6,65
4647,23640,22849,113,7,69
4648,16664,10854,55,7,57
4649,3646,4934,42,5,64
4650,12595,12420,41,3,24
4651,22348,14444,74,7,88
4652,19211,19581,18,2,33
4653,14247,18147,14,8,35
4654,4703,19397,95,0,36
4655,15482,4868,84,9,31
4656,17322,12005,0,7,89
4657,22459,1726,120,8,60
4658,2318,16507,80,6,49
4659,7086,15440,89,2,76
4660,14799,16407,69,1,48
4661,15994,23347,134,7,65
4662,1682,17813,125,6,55
4663,14562,3674,15,8,36
4664,19655,13979,80,7,58
4665,6723,24460,113,4,68
4666,10794,4068,97,4,25
4667,11899,19877,122,8,42
4668,12299,20056,36,4,87
4669,7766,4499,62,8,22
4670,3467,6774,9,8,59
4671,20412,12434,26,9,20
4672,11022,20715,22,5,44
4673,1332,11014,129,3,14
4674,19251,5903,136,9,63
4675,838,17126,117,9,16
4676,9998,22962,112,8,43
4677,22865,17856,67,2,26
4678,7339,2209,30,3,34
4679,24782,7067,139,8,12
4680,17985,19297,55,6,67
4681,2808,3003,14,8,73
4682,11664,13033,147,4,40
4683,9416,10129,48,4,9
4684,2793,11637,107,9,59
4685,10982,23524,23,4,0
4686,723,6000,84,3,9
4687,8203,24387,141,8,68
4688,3054,11614,113,4,39
4689,24687,5544,65,0,34
4690,19699,10512,51,5,65
4691,6965,6421,2,7,41
4692,19501,6187,21,3,9
4693,2794,18614,110,4,30
4694,22823,14921,10,2,78
4695,6635,16109,84,9,8
4696,15243,11974,126,8,82
4697,2924,12638,16,2,73
4698,4670,23726,7,0,17
4699,3717,8664,64,4,43
4700,13151,12554,141,1,59
4701,21784,15030,122,1,29
4702,6497,7038,131,6,66
4703,14582,21367,45,1,29
4704,15963,24423,2,6,39
4705,12107,7456,40,8,57
4706,15922,5082,52,5,55
4707,2210,21148,25,7,24
4708,4276,13445,42,5,83
4709,19275,14582,39,1,45
4710,2545,2014,73,4,32
4711,5889,22556,71,3,67
4712,13386,20824,121,7,84
4713,16687,10265,46,1,87
4714,24919,13730,100,7,40
4715,13706,7195,141,7,31
4716,21472,12605,22,3,64
4717,22227,2873,122,4,66
4718,2801,18669,20,4,47
4719,16577,10248,43,0,3
4720,4573,12256,96,1,2
4721,15895,18664,50,3,39
4722,16677,20847,92,4,68
4723,21057,3053,54,5,6
4724,4748,21240,62,9,71
4725,17595,8616,137,3,85
4726,14562,9112,81,1,10
4727,14217,20971,121,2,43
4728,15927,9411,88,7,80
4729,23507,9242,147,7,86
4730,20958,11481,18,1,3
4731,1545,21915,3,6,25
4732,1455,21258,132,8,49
4733,16239,887,101,5,39
4734,899,4027,131,1,6
4735,23842,5179,118,0,61
4736,4528,10152,99,3,77
4737,6719,5336,123,5,20
4738,16059,6393,5,1,85
4739,4038,22125,138,3,81
4740,15656,22515,65,6,32
4741,21160,16267,8,5,35
4742,20281,16766,8,5,44
4743,22191,8833,26,5,33
4744,1430,7149,40,6,66
4745,543,22984,112,6,31
4746,20206,21773,72,5,35
4747,5669,12194,102,0,35
4748,1648,13825,25,6,55
4749,15650,22021,75,1,47
4750,14136,3497,47,4,57
4751,15514,22185,105,1,5
4752,19033,7221,22,2,59
4753,6928,11411,39,8,69
4754,5835,20940,81,3,4
4755,8024,11721,71,0,83
4756,16248,8761,149,9,17
4757,24502,21378,81,9,61
4758,10479,16712,89,6,26
4759,20655,6487,92,5,77
4760,2521,21871,105,2,12
4761,19774,829,85,2,70
4762,9549,13136,56,4,51
4763,1227,7997,14,2,49
4764,18064,12896,131,7,67
4765,15406,5382,31,8,88
4766,20447,15294,138,3,38
4767,24564,22871,134,2,55
4768,11035,21052,5,7,27
4769,1674,8024,136,1,31
4770,19616,20669,143,4,75
4771,20763,10763,146,8,27
4772,2954,6268,69,0,1
4773,11475,990,134,8,35
4774,5782,21519,103,1,73
4775,11425,15057,98,0,76
4776,23831,16662,69,9,71
4777,9312,22735,139,1,82
4778,24157,24835,106,5,2
4779,14309,18357,70,2,64
4780,9265,16294,107,7,18
4781,5146,11695,121,4,14
4782,7083,6528,141,4,59
4783,2930,9907,131,2,44
4784,101,8371,88,2,41
4785,13302,2542,122,5,88
4786,20669,23020,32,0,61
4787,4072,13952,142,8,39
4788,16263,4277,118,5,42
4789,3647,17046,105,8,80
4790,11834,11940,101,8,64
4791,15703,7351,144,2,20
4792,11764,24673,83,9,24
4793,3362,9392,92,8,13
4794,577,14421,120,5,82
4795,16064,1494,67,7,65
4796,7048,12679,101,8,88
4797,19252,24539,99,3,79
4798,11930,15685,66,1,45
4799,18251,10072,6,7,87
4800,8943,9090,62,9,82
4801,8050,7702,53,0,36
4802,7798,17222,33,6,37
4803,17471,8771,65,1,51
4804,2927,4868,22,3,39
4805,992,15224,55,7,33
4806,20493,11888,121,3,40
4807,1455,13036,81,8,8
4808,2354,318,30,3,4
4809,20039,9869,11,8,6
4810,5684,7909,12,3,80
4811,7845,1427,133,9,53
4812,24694,18733,133,8,26
4813,18775,22502,93,3,47
4814,4316,561,95,9,41
4815,13816,2604,122,9,81
4816,24260,7432,90,9,16
4817,15812,23946,41,7,79
4818,5689,23445,80,2,28
4819,13888,787,76,8,12
4820,22610,11199,79,0,6
4821,4539,12530,90,9,34
4822,14956,22587,123,0,37
4823,11704,22254,45,0,89
4824,18298,21164,48,5,84
4825,649,24916,86,7,2
4826,9449,6767,149,4,24
4827,18248,8429,109,6,8
4828,4861,19517,78,5,9
4829,8194,886,85,0,25
4830,20189,3101,9,2,77
4831,14482,12831,18,7,57
4832,3543,22251,128,2,21
4833,1422,3674,119,4,46
4834,9231,7060,30,0,41
4835,9091,22140,127,0,42
4836,17301,757,107,8,80
4837,23100,7922,48,2,33
4838,24493,8518,142,7,8
4839,21753,17648,102,8,7
4840,19449,735,11,6,85
4841,3738,20284,19,2,20
4842,759,20300,134,5,64
4843,16842,22768,72,6,1
4844,8144,3700,61,8,14
4845,236,15670,46,3,39
4846,302,14715,45,3,0
4847,16835,10877,110,2,21
4848,18064,23320,8,8,15
4849,983,12230,140,5,85
4850,23067,6714,75,8,51
4851,17169,3603,97,3,84
4852,10897,5873,40,2,21
4853,23753,3369,72,4,58
4854,20742,24622,20,8,20
4855,16072,7219,99,5,43
4856,24642,9314,73,0,51
4857,18037,6138,64,8,61
4858,12427,2051,18,7,77
4859,10094,4159,140,3,35
4860,22788,6566,80,9,76
4861,3887,2426,122,9,7
4862,14866,10486,4,7,83
4863,18386,18682,14,0,52
4864,4178,7231,27,2,35
4865,12068,4685,97,6,73
4866,24915,22537,141,0,15
4867,12015,23198,149,4,20
4868,9669,14276,82,2,79
4869,16288,13336,4,0,59
4870,8245,18104,134,2,26
4871,3077,18127,11,1,85
4872,2411,9399,127,4,23
4873,5350,20425,117,7,27
4874,23981,14740,114,4,48
4875,15087,16223,70,8,19
4876,18384,4256,26,4,48
4877,20172,8327,9,1,23
4878,12482,6948,79,6,70
4879,6929,5381,110,7,64
4880,5725,20095,16,7,82
4881,3052,10624,64,1,42
4882,20758,12098,89,9,72
4883,6665,17033,39,7,5
4884,1554,282,131,3,6
4885,3909,10208,58,2,5
4886,9932,22516,32,1,19
4887,13068,14622,57,5,64
4888,5673,4357,93,0,44
4889,4701,6315,130,3,19
4890,10318,24310,41,1,64
4891,5580,1778,100,9,12
4892,10048,6512,117,8,35
4893,3022,21640,123,8,60
4894,9588,7392,52,0,6
4895,22343,12286,74,5,67
4896,6779,23116,55,2,4
4897,12734,15548,118,0,54
4898,22852,2324,129,2,18
4899,8002,19304,101,2,2
4900,19938,2392,11,0,24
4901,11436,2786,43,9,7
4902,24361,20296,58,3,88
4903,11105,661,47,8,35
4904,23461,500,54,7,72
4905,9366,8951,132,5,35
4906,3628,15290,93,2,45
4907,19701,17494,149,8,10
4908,6811,10975,53,8,50
4909,17981,18005,52,0,33
4910,16796,18092,66,2,59
4911,9519,3416,14,2,28
4912,3784,1105,143,6,19
4913,11716,11390,94,0,7
4914,20949,10629,43,4,75
4915,23443,16779,134,9,4
4916,16167,24264,77,4,58
4917,11385,8262,83,3,8
4918,21151,10873,0,1,39
4919,9172,13052,106,6,15
4920,12088,4519,60,4,86
4921,15786,18566,62,4,72
4922,9119,4102,35,8,35
4923,16215,6299,32,2,81
4924,22088,21592,124,3,42
4925,1204,6856,148,2,3
4926,3786,13538,60,5,78
4927,24459,16451,93,4,45
4928,23184,332,42,6,5
4929,339,7005,101,6,77
4930,5180,15474,142,1,83
4931,2460,11273,72,2,30
4932,19006,14099,55,2,63
4933,10525,20266,120,8,67
4934,14860,8537,43,2,77
4935,24850,10683,14,1,23
4936,14039,15895,35,8,5
4937,20727,15910,11,0,12
4938,14422,15827,74,0,64
4939,13957,752,53,3,43
4940,5112,6159,45,4,3
4941,4296,11891,109,9,34
4942,9508,6834,10,9,35
4943,14545,3658,142,7,47
4944,1223,11789,84,2,57
4945,11773,24358,88,9,32
4946,8428,23621,2,3,1
4947,9758,16557,87,6,88
4948,18179,6096,96,4,83
4949,16419,7836,26,6,43
4950,7650,18879,64,3,18
4951,6491,9929,48,4,9
4952,11215,13451,143,0,74
4953,17480,21785,64,7,2
4954,160,13349,19,8,77
4955,10568,6546,58,2,67
4956,21376,7731,75,3,37
4957,3145,20876,3,0,84
4958,2841,6273,129,4,72
4959,24911,24849,4,5,79
4960,7372,6309,63,5,69
4961,23747,18980,89,8,34
4962,988,2205,28,4,7
4963,17366,19372,146,6,63
4964,14999,21716,129,0,48
4965,12791,13363,57,8,47
4966,19852,11452,19,6,10
4967,2242,10862,68,8,78
4968,5136,11336,17,7,42
4969,6341,7112,48,6,69
4970,22256,13559,121,0,21
4971,12580,21040,143,7,88
4972,6604,6806,62,1,68
4973,23947,9241,131,3,79
4974,13056,6985,128,4,66
4975,14271,19537,142,2,29
4976,23455,6359,115,0,49
4977,13041,18712,140,2,80
4978,18754,23939,63,8,82
4979,2262,17679,0,1,0
4980,23059,16101,87,8,32
4981,22749,14090,8,0,79
4982,24744,18623,43,9,62
4983,14512,14605,79,3,29
4984,21765,6043,108,3,55
4985,10950,8644,34,6,47
4986,4539,20692,36,0,58
4987,18327,7506,14,9,4
4988,489,4336,92,4,23
4989,9967,8705,67,5,59
4990,18885,11051,9,0,33
4991,14446,9152,41,7,58
4992,13868,3966,14,5,89
4993,20423,14177,53,8,13
4994,27,9391,44,4,55
4995,13455,18539,34,3,78
4996,14754,4626,116,0,15
4997,13877,22234,137,1,53
4998,16262,8464,141,9,56
4999,20884,8994,127,7,60
5000,13909,24364,77,3,27
5001,2034,10189,35,2,43
5002,11254,19329,16,6,60
5003,3735,14909,112,2,6
5004,24578,4019,149,6,44
5005,10883,15675,81,4,26
5006,22473,17318,136,7,60
5007,10997,19941,105,5,10
5008,18938,18524,54,2,20
5009,24728,176,137,2,81
5010,12234,8825,16,9,39
5011,16933,2579,25,7,43
5012,1049,20919,74,4,2
5013,4228,23001,13,8,55
5014,18564,17109,76,9,42
5015,14389,18022,17,2,28
5016,21423,23055,138,9,13
5017,327,20823,44,1,88
5018,1169,6175,1,7,18
5019,16130,24419,79,0,40
5020,18131,13411,24,0,80
5021,10805,4808,6,6,80
5022,22653,1246,141,4,25
5023,19344,7996,61,5,27
5024,6250,170,56,0,78
5025,15267,6067,115,8,44
5026,15127,9810,86,4,16
5027,21592,7161,74,5,72
5028,18896,3821,115,5,82
5029,10561,13230,99,8,31
5030,214,24907,140,0,8
5031,18961,12626,101,4,28
5032,24492,2320,66,1,11
5033,13837,7404,27,2,23
5034,9427,3132,29,0,37
5035,17612,22386,115,4,4
5036,13075,17479,12,3,32
5037,6893,8335,81,2,67
5038,3996,13649,74,8,70
5039,5111,3059,63,6,89
5040,4930,3193,30,6,66
5041,22106,2680,136,9,23
5042,18666,21964,28,6,69
5043,9798,8906,147,4,34
5044,23965,24698,52,8,29
5045,21799,12960,59,4,28
5046,14925,15728,71,1,50
5047,16116,12050,97,2,72
5048,4341,13781,106,8,11
5049,17620,22122,64,0,46
5050,5822,22236,94,7,12
5051,21686,7502,53,3,5
5052,9252,11100,52,5,20
5053,19875,20016,97,2,33
5054,4132,9277,27,3,50
5055,21723,2355,122,2,87
5056,4141,4989,119,4,10
5057,15599,10159,11,8,45
5058,17866,21712,26,9,6
5059,6577,8249,9,6,23
5060,655,17741,136,0,47
5061,22387,1054,76,3,26
5062,22159,677,79,8,55
5063,14157,6994,46,3,45
5064,18239,7164,133,3,58
5065,18753,5786,29,7,25
5066,6000,157,14,9,33
5067,3083,7180,136,2,54
5068,5079,20072,145,6,85
5069,13858,6364,99,5,57
5070,24446,4114,52,4,65
5071,17657,2758,101,4,35
5072,9986,10434,49,9,73
5073,2031,22345,71,0,10
5074,10628,16524,77,5,38
5075,4562,22967,83,5,22
5076,9976,9979,22,3,67
5077,11067,16241,22,9,6
5078,6321,18882,65,6,35
5079,8015,11878,100,3,35
5080,15215,20744,115,2,26
5081,16676,18993,63,0,37
5082,6312,21937,147,0,24
5083,14610,10827,107,7,15
5084,6627,16373,56,5,89
5085,11532,9659,1,2,35
5086,18393,18783,35,2,66
5087,5141,21861,80,9,35
5088,18683,10429,47,1,21
5089,742,11286,56,5,17
5090,11861,9889,72,6,60
5091,8204,17983,48,3,52
5092,3249,16777,105,6,79
5093,24820,15140,72,4,72
5094,23199,2839,132,0,51
5095,24357,21663,19,0,28
5096,12619,4309,35,6,65
5097,19043,18243,136,3,46
5098,5007,8715,74,5,5
5099,18324,20318,76,9,85
5100,1876,16345,112,7,40
5101,400,11181,89,7,52
5102,15311,24921,73,6,62
5103,2403,2513,60,5,7
5104,2792,19518,60,3,2
5105,15079,9316,17,7,27
5106,4668,3825,71,5,48
5107,13535,9639,35,3,66
5108,4239,12028,32,0,59
5109,5734,17282,48,3,65
5110,22551,9419,108,5,79
5111,3874,24652,45,5,76
5112,18698,22148,114,9,5
5113,18282,4629,122,1,24
5114,19837,6438,94,8,44
5115,17643,11781,118,7,72
5116,24080,675,101,5,12
5117,5352,10364,73,4,59
5118,22387,11062,74,3,25
5119,12611,8489,144,7,0
5120,2469,11607,80,5,37
5121,23373,1121,75,2,19
5122,17208,1229,1,6,27
5123,20681,5657,132,3,12
5124,17054,5372,138,5,68
5125,9632,3558,33,5,80
5126,15301,6745,90,6,53
5127,21139,12082,69,7,25
5128,17338,8256,22,5,8
5129,15936,3701,60,1,81
5130,7627,17548,90,0,3
5131,16915,31,16,3,32
5132,5698,23116,70,4,31
5133,6717,8351,69,4,37
5134,10321,23171,98,8,17
5135,2830,8994,35,4,24
5136,5855,5626,37,3,68
5137,21952,12507,80,4,31
5138,4825,3119,126,7,60
5139,17202,5525,64,2,16
5140,8970,769,30,9,32
5141,10688,8655,21,6,20
5142,8799,7198,39,3,83
5143,11174,197,40,1,41
5144,24182,22126,126,7,1
5145,24007,16230,73,6,14
5146,13427,18690,91,9,40
5147,4657,12356,76,3,32
5148,17310,2618,64,7,59
5149,12999,7898,52,6,5
5150,12915,3745,114,7,5
5151,9095,19567,74,2,8
5152,7772,12508,21,3,82
5153,5773,21059,132,4,25
5154,15175,22750,137,3,81
5155,4965,24999,72,2,15
5156,281,1531,80,2,46
5157,16065,10185,79,3,19
5158,13186,13736,73,5,30
5159,15065,4817,54,0,71
5160,16194,19574,148,9,86
5161,14985,9038,46,5,39
5162,1693,24063,35,3,18
5163,1634,12605,72,5,49
5164,17724,4651,144,7,75
5165,11520,11971,96,0,15
5166,1691,9594,11,8,78
5167,6466,19264,12,1,16
5168,805,15242,45,7,67
5169,23777,23811,39,2,83
5170,4990,11768,37,8,9
5171,20496,14990,48,1,69
5172,12384,15228,119,2,27
5173,24161,21624,107,5,63
5174,6138,15009,114,1,65
5175,624,14881,51,2,47
5176,16115,8116,116,1,8
5177,8353,12743,140,4,38
5178,4855,15444,64,6,64
5179,11132,19676,87,4,30
5180,3261,10028,35,5,74
5181,18180,9054,117,4,83
5182,17984,24636,139,3,76
5183,22108,10684,81,4,62
5184,14321,17306,84,7,1
5185,5740,8944,1,7,85
5186,10523,9383,67,5,88
5187,8310,22836,67,8,45
5188,24960,9147,7,1,22
5189,10773,1242,73,8,78
5190,13731,16807,92,2,3
5191,24104,20170,93,9,40
5192,8399,16668,149,7,57
5193,21012,22441,36,0,62
5194,1868,8744,12,1,56
5195,6615,24068,69,1,59
5196,14288,3727,66,1,12
5197,14950,9877,2,9,39
5198,21305,7503,73,7,77
5199,21865,15598,63,6,13
5200,10151,13388,58,9,23
5201,23520,14915,46,3,38
5202,12130,3530,95,6,23
5203,5245,21954,129,3,2
5204,17379,21259,54,2,17
5205,328,5922,16,7,79
5206,20989,3117,117,3,88
5207,8754,23189,126,5,54
5208,17447,1718,42,6,70
5209,21574,2858,39,1,81
5210,12535,4402,132,6,59
5211,22427,20364,96,2,63
5212,2964,8378,32,0,89
5213,13140,1569,61,3,24
5214,23697,2436,25,1,52
5215,12292,7025,85,3,84
5216,23084,5590,80,0,89
5217,19975,8864,26,3,65
5218,19879,8961,1,9,16
5219,8321,4344,45,4,38
5220,17087,20582,19,1,23
5221,8061,17835,36,4,16
5222,7189,10426,38,9,74
5223,22834,14564,43,0,16
5224,21559,4869,110,6,9
5225,2339,1015,142,5,38
5226,9981,1976,30,3,17
5227,15550,24814,118,0,32
5228,3723,2718,49,6,31
5229,21476,2287,104,6,73
5230,21633,14142,134,9,44
5231,10474,22628,38,3,37
5232,23127,21430,108,6,80
5233,5752,2042,109,3,2
5234,4911,20443,128,5,61
5235,17226,23354,134,1,71
5236,7824,5519,136,4,80
5237,15865,12866,121,1,70
5238,24136,4361,74,3,23
5239,6306,20392,116,6,59
5240,20384,22560,121,1,72
5241,3556,16547,121,2,6
5242,11820,12233,145,7,82
5243,23877,5768,112,1,11
5244,9871,14275,15,1,8
5245,5386,21827,4,7,75
5246,11763,4449,45,0,32
5247,13708,3068,115,0,36
5248,23108,11102,68,7,85
5249,38,21675,93,8,37
5250,15031,19535,113,2,18
5251,6676,19678,42,9,22
5252,23177,18618,114,2,64
5253,10555,15304,127,1,45
5254,16136,18243,75,7,53
5255,8973,1629,69,0,4
5256,8970,16406,144,6,1
5257,16955,7275,141,5,21
5258,13598,13418,118,3,12
5259,23996,20735,120,9,12
5260,9585,22540,74,0,67
5261,18075,24896,111,2,83
5262,12777,6653,96,0,16
5263,24183,5604,59,7,30
5264,10729,5133,65,0,35
5265,11270,13065,118,7,67
5266,21113,16798,130,8,6
5267,1371,13279,39,9,58
5268,708,16652,126,6,32
5269,424,20731,108,2,67
5270,15615,7155,4,8,25
5271,7527,23440,42,7,69
5272,18863,19797,0,5,84
5273,8881,3812,143,5,33
5274,6244,22586,24,3,89
5275,23926,2190,88,4,6
5276,12740,5576,60,1,88
5277,5118,14164,109,6,45
5278,24142,7834,81,4,55
5279,8726,18696,116,4,14
5280,8908,15686,136,4,40
5281,18697,9862,84,3,46
5282,21214,9833,29,1,84
5283,5139,23963,7,7,35
5284,17621,12113,27,0,65
5285,3587,4532,80,8,29
5286,4984,6005,126,7,57
5287,15671,10013,20,4,18
5288,14316,11697,145,2,68
5289,23891,16533,116,2,8
5290,9987,10178,137,7,61
5291,21262,1620,69,0,78
5292,9742,10815,100,2,71
5293,13022,21151,81,3,44
5294,11594,3524,120,5,21
5295,22453,23917,108,6,48
5296,11142,22919,141,4,35
5297,9170,21199,52,4,1
5298,1666,6993,56,9,30
5299,22526,15860,132,4,38
5300,10910,14306,85,3,25
5301,7350,19231,135,4,68
5302,16068,17289,34,6,27
5303,19140,3072,25,6,6
5304,14469,18866,33,6,31
5305,24080,7463,12,9,46
5306,680,24737,37,2,10
5307,9984,19615,65,9,26
5308,12684,10115,42,0,13
5309,24816,5633,140,9,6
5310,11709,23625,38,5,25
5311,23812,5253,143,1,8
5312,21453,11271,41,8,86
5313,24701,13553,112,4,25
5314,13405,16943,72,4,15
5315,21917,5639,47,4,78
5316,22528,21954,90,9,49
5317,4573,1650,102,1,28
5318,6566,2817,79,5,59
5319,4937,18242,53,4,40
5320,16589,23527,73,9,70
5321,15744,5534,148,5,64
5322,15995,4345,57,3,56
5323,15809,20136,90,1,1
5324,21126,18585,143,2,16
5325,10611,20901,50,6,18
5326,7307,9605,140,7,71
5327,19462,3068,35,1,69
5328,3078,6149,133,4,69
5329,8532,8871,96,4,73
5330,5734,24663,5,6,41
5331,3045,17041,4,8,51
5332,13908,3153,92,5,43
5333,12846,6014,81,5,2
5334,9659,6573,141,2,82
5335,9792,19653,73,6,20
5336,2797,4080,79,0,66
5337,3203,21367,110,3,11
5338,12078,12955,71,3,22
5339,16770,1959,7,7,28
5340,22856,23504,54,1,56
5341,20425,14841,82,8,73
5342,16782,14525,37,9,60
5343,19627,24197,86,0,5
5344,19172,9979,10,2,83
5345,11524,20861,112,3,51
5346,20757,450,42,8,33
5347,4116,6385,15,2,14
5348,22334,16607,3,4,40
5349,24344,11521,81,7,65
5350,9243,15824,52,1,65
5351,13149,11553,101,6,42
5352,2315,1682,108,9,57
5353,21122,18338,28,0,27
5354,3589,4848,37,9,65
5355,22570,3192,122,4,2
5356,18332,7738,55,2,85
5357,22575,18529,90,5,21
5358,410,4747,16,0,88
5359,12376,20009,138,7,32
5360,6032,7922,96,8,64
5361,12702,12450,62,2,81
5362,23198,13764,113,3,46
5363,12465,1079,135,8,89
5364,3605,13884,116,1,79
5365,2293,11279,2,0,29
5366,16991,7964,43,9,0
5367,6643,23883,73,1,64
5368,6372,3143,86,0,81
5369,22677,3813,142,2,8
5370,20137,1909,97,6,46
5371,18942,9077,144,9,57
5372,23732,4879,6,9,18
5373,6380,4946,25,4,65
5374,16185,15644,41,2,71
5375,19054,10892,142,9,57
5376,12485,15080,95,1,10
5377,4994,21805,34,9,85
5378,3178,16158,145,3,68
5379,1516,5795,61,3,37
5380,23260,8715,53,1,10
5381,23616,20900,33,9,46
5382,9951,554,0,9,7
5383,3956,21640,111,2,15
5384,21651,19778,135,7,28
5385,19622,2769,135,1,56
5386,11638,3137,88,3,68
5387,14471,9231,134,3,49
5388,14997,19786,114,7,77
5389,6519,1617,34,4,68
5390,7309,21123,144,9,5
5391,10123,12984,85,9,15
5392,6438,12908,90,0,9
5393,6824,11601,36,1,11
5394,6435,6208,74,9,18
5395,19891,4164,2,8,85
5396,8376,4627,117,8,74
5397,16038,12303,17,6,53
5398,10909,3838,60,6,0
5399,24088,7404,118,8,80
5400,9699,20048,8,6,47
5401,14682,5406,120,1,35
5402,17815,22435,7,6,82
5403,1068,17967,49,3,55
5404,5122,14423,123,6,12
5405,12870,10574,0,5,18
5406,4666,21170,141,8,6
5407,15060,23481,110,3,6
5408,8562,17741,54,3,84
5409,2850,19293,108,5,51
5410,22243,24619,136,9,69
5411,22472,5111,109,9,82
5412,23827,5952,20,8,64
5413,21827,2841,42,4,76
5414,2141,15931,58,5,30
5415,12715,18194,70,1,81
5416,8235,15858,143,6,64
5417,12084,12740,95,3,79
5418,5371,5278,116,2,32
5419,11895,14012,95,0,27
5420,24664,17436,83,0,86
5421,9873,13461,128,5,2
5422,14713,15668,99,1,5
5423,1115,10778,118,8,61
5424,19125,18262,47,8,50
5425,4179,23859,26,2,22
5426,16937,7412,1,8,6
5427,12514,9276,115,7,78
5428,19253,2322,21,9,27
5429,19243,17329,49,7,30
5430,1061,4527,103,6,57
5431,24607,18624,107,4,1
5432,3732,5178,109,3,54
5433,19380,2005,125,4,8
5434,10154,7773,43,8,13
5435,9799,17061,117,3,44
5436,9677,11959,9,8,4
5437,17004,19945,62,8,23
5438,5171,17763,123,9,10
5439,18470,14036,77,5,35
5440,6599,5313,12,4,15
5441,15179,4320,88,1,48
5442,14573,24145,12,3,35
5443,4780,3797,129,2,6
5444,3122,1370,103,9,27
5445,21339,17445,107,8,72
5446,5069,9180,91,3,37
5447,20104,12537,136,5,43
5448,2856,3356,2,5,19
5449,7727,12030,35,1,75
5450,10756,1806,68,8,21
5451,11984,22619,25,3,13
5452,2490,11744,13,2,62
5453,12614,19348,88,1,70
5454,624,10792,66,9,32
5455,20403,24615,146,7,32
5456,9829,7488,112,3,43
5457,3613,20315,127,9,64
5458,18469,21078,83,0,18
5459,5366,4766,74,6,32
5460,21135,13278,110,9,45
5461,9347,6534,75,7,16
5462,10813,14180,117,0,77
5463,10556,9987,45,3,7
5464,11918,13965,9,6,79
5465,4342,265,63,0,76
5466,20500,22304,81,9,47
5467,1330,8790,64,4,79
5468,3345,21497,31,2,45
5469,2435,3551,141,9,43
5470,7777,24025,3,0,34
5471,5815,17375,118,2,33
5472,1187,9938,118,6,54
5473,7070,5667,119,6,42
5474,24616,4117,67,9,30
5475,14988,5169,55,0,46
5476,18082,10720,0,9,25
5477,7559,24760,98,4,76
5478,11697,3437,131,9,3
5479,20445,12098,14,8,24
5480,9342,1110,96,3,68
5481,12522,8350,126,1,69
5482,13656,2154,54,6,14
5483,1203,2176,39,7,52
5484,19266,351,111,0,46
5485,21112,11115,6,9,12
5486,13064,5693,68,6,12
5487,3976,22315,137,8,2
5488,639,22346,50,0,12
5489,12293,67,75,9,75
5490,46,23948,96,6,81
5491,13743,11950,33,7,85
5492,9097,5090,55,7,87
5493,15687,1683,117,9,40
5494,23898,27,24,0,79
5495,11431,10016,146,3,75
5496,5162,21313,131,2,8
5497,2133,10160,87,7,59
5498,16148,11037,31,0,42
5499,7870,7493,103,3,32
5500,18979,13140,21,1,10
5501,17826,4584,78,1,18
5502,12590,2305,83,5,80
5503,14401,12158,117,1,72
5504,22119,15815,123,2,5
5505,19971,6673,46,8,7
5506,16884,6624,80,5,68
5507,3843,2956,99,1,17
5508,15284,2536,92,1,21
5509,14213,15616,16,1,39
5510,13500,18537,41,2,28
5511,17044,18998,147,5,67
5512,11984,21688,39,1,63
5513,18272,1721,27,9,20
5514,21005,3885,1,3,27
5515,20042,7818,3,3,72
5516,15939,22196,99,1,85
5517,2637,8479,77,1,42
5518,22244,1095,108,3,81
5519,17515,21746,37,7,4
5520,10986,198,50,5,84
5521,11156,23089,90,7,28
5522,24077,21927,13,9,68
5523,1047,18360,0,0,61
5524,51,12040,22,9,37
5525,5291,13421,37,2,3
5526,9843,13748,13,9,85
5527,1654,4796,109,6,56
5528,23642,17706,136,7,50
5529,4040,15211,21,4,16
5530,22431,12931,53,0,75
5531,12236,11169,141,1,26
5532,7370,10921,12,6,66
5533,802,1512,98,8,70
5534,23633,15088,89,1,40
5535,24925,9252,121,9,24
5536,20994,2083,17,0,85
5537,4605,16679,91,3,0
5538,5914,3758,80,3,45
5539,1385,23034,48,6,18
5540,18271,1756,130,7,30
5541,5046,11928,143,7,10
5542,11680,4752,27,6,41
5543,17374,2337,115,8,6
5544,3559,148,107,8,38
5545,18321,1849,66,6,78
5546,228,21802,143,3,78
5547,12277,1094,61,6,39
5548,14307,19957,105,4,39
5549,23825,21699,48,2,47
5550,19929,13658,46,9,46
5551,19349,4320,21,8,28
5552,10109,10462,23,3,85
5553,13059,23446,122,9,58
5554,17648,22712,8,5,2
5555,12666,18419,75,2,4
5556,23859,21274,102,4,51
5557,11138,9704,141,4,44
5558,11495,24664,109,7,50
5559,8046,6671,40,9,63
5560,14500,11143,120,4,13
5561,18372,18943,87,3,84
5562,24154,5790,15,5,78
5563,24462,3092,93,2,86
5564,22707,12807,125,1,61
5565,5545,17602,89,0,76
5566,12807,14010,21,5,7
5567,7759,19461,76,5,67
5568,22021,393,104,0,20
5569,15473,16809,110,6,15
5570,15196,17256,39,4,42
5571,13134,15539,46,2,51
5572,7949,2747,92,6,11
5573,23997,21252,109,3,78
5574,2032,10406,32,0,13
5575,20470,2405,119,9,3
5576,14140,11910,81,4,0
5577,13080,3478,18,2,88
5578,3582,242,142,8,48
5579,4826,17345,19,3,30
5580,17733,6841,4,4,73
5581,12136,17118,63,0,46
5582,8114,16955,111,1,38
5583,3483,13915,101,6,57
5584,16496,12578,91,4,52
5585,13256,1179,99,3,33
5586,2791,12676,141,7,12
5587,10455,2519,49,1,33
5588,1002,922,135,1,2
5589,14617,6398,130,0,86
5590,9546,24032,101,6,20
5591,1294,22180,8,6,62
5592,16105,19072,98,8,33
5593,6912,10355,63,9,63
5594,1346,20613,138,3,84
5595,1395,12281,134,7,52
5596,2211,7657,19,1,72
5597,15017,9067,104,6,89
5598,15306,2328,100,5,8
5599,16619,8606,82,8,10
5600,24628,4171,46,1,42
5601,6165,5303,110,5,61
5602,10907,4446,139,5,22
5603,14316,2540,48,9,50
5604,16158,22690,35,7,55
5605,14766,5675,104,6,11
5606,5675,3647,77,3,79
5607,20669,13161,124,5,11
5608,17152,6190,148,5,88
5609,23991,11854,146,3,30
5610,14881,22599,20,8,5
5611,4741,12656,101,0,65
5612,8249,5480,13,7,54
5613,4959,4708,111,3,39
5614,22448,24107,101,1,57
5615,6181,1607,4,8,75
5616,21590,20666,6,3,47
5617,741,1975,149,4,41
5618,18135,10673,27,8,78
5619,20265,15844,12,4,78
5620,13472,14511,40,0,9
5621,16454,11253,75,5,73
5622,6364,18903,32,2,29
5623,19344,21305,119,9,46
5624,18436,5444,100,4,11
5625,7341,24408,80,9,85
5626,17673,4666,130,5,2
5627,7517,19729,5,4,73
5628,2531,7639,63,0,66
5629,12699,14867,118,6,1
5630,18092,24616,115,3,49
5631,17674,4862,53,5,64
5632,8432,23163,51,0,30
5633,17344,6556,116,7,67
5634,23058,24751,131,8,78
5635,4678,10594,134,9,17
5636,3803,13719,23,7,16
5637,4061,10340,35,9,39
5638,16363,12908,108,8,5
5639,21778,11535,121,2,64
5640,6978,2316,35,8,16
5641,12131,18175,18,1,19
5642,21074,93,78,2,54
5643,21263,11636,148,1,41
5644,17794,21668,107,9,50
5645,15094,17308,125,1,45
5646,2703,16568,81,0,5
5647,16234,16521,149,9,77
5648,3422,6760,46,2,87
5649,4554,3600,87,3,32
5650,9588,13028,74,7,85
5651,14716,4880,138,9,38
5652,21083,1943,92,8,74
5653,5126,24802,52,3,30
5654,10159,1604,149,0,8
5655,6347,9589,1,4,47
5656,18709,20892,32,1,71
5657,21591,14661,86,2,60
5658,5345,10100,56,2,76
5659,22861,19684,133,7,34
5660,4851,17225,68,0,32
5661,14726,17328,57,9,41
5662,8070,16785,80,0,63
5663,23659,11374,17,6,88
5664,7361,15107,54,3,14
5665,13986,21841,68,6,15
5666,14564,7499,53,5,66
5667,3299,11338,92,7,77
5668,24536,24427,98,1,3
5669,23909,16730,10,1,2
5670,19014,19165,81,1,23
5671,11275,7371,94,0,21
5672,5051,54,0,3,48
5673,3901,16324,93,7,30
5674,14282,21360,71,9,42
5675,16239,21508,101,3,6
5676,9042,8579,143,1,24
5677,2874,1961,1,1,39
5678,19460,4441,31,1,46
5679,14982,6980,126,8,49
5680,6048,7953,92,4,15
5681,14524,8323,64,0,16
5682,12967,2577,67,6,80
5683,23908,5167,95,3,9
5684,9001,23044,121,4,34
5685,9272,24902,53,8,63
5686,22940,23588,114,0,67
5687,20151,23040,3,0,6
5688,19105,11470,68,9,57
5689,21913,17341,122,0,69
5690,22167,20529,146,2,16
5691,1177,18801,139,4,86
5692,7128,19444,76,2,41
5693,3479,8709,116,6,81
5694,12066,12531,52,5,67
5695,20124,24537,52,3,10
5696,11179,13848,147,3,74
5697,10911,5562,83,7,12
5698,2833,13613,93,2,78
5699,6418,16760,79,1,17
5700,1993,3133,131,3,24
5701,11991,5113,10,8,56
5702,12352,14133,76,4,8
5703,5168,16244,149,5,11
5704,19879,10262,82,6,57
5705,18520,13603,10,3,29
5706,5026,13756,113,0,31
5707,19593,332,51,7,37
5708,2312,20800,34,1,60
5709,18049,22333,29,0,46
5710,23244,13011,84,1,58
5711,22012,10377,0,3,2
5712,14661,23260,3,8,55
5713,12630,592,16,3,51
5714,21407,19793,42,2,48
5715,22806,20964,46,3,11
5716,15140,14496,12,7,84
5717,22448,21375,115,0,89
5718,24906,19437,42,0,20
5719,13178,23975,9,1,66
5720,12227,2317,118,4,29
5721,6735,19961,36,6,88
5722,11102,4799,6,1,74
5723,2283,3828,10,6,58
5724,7929,19688,104,4,60
5725,14798,7046,111,4,38
5726,3310,5971,56,3,29
5727,18110,5272,78,8,42
5728,2385,547,128,5,85
5729,22596,23205,122,5,31
5730,18954,10670,16,2,70
5731,9579,1706,65,8,0
5732,261,15052,103,1,38
5733,697,2646,123,3,68
5734,23669,5330,57,3,7
5735,9245,21655,47,4,8
5736,15077,18520,62,9,32
5737,11078,14732,0,6,86
5738,22703,10835,38,4,78
5739,20430,23365,121,9,63
5740,9361,16622,144,3,42
5741,21223,18279,113,4,18
5742,6397,632,144,6,30
5743,14269,7239,29,5,26
5744,19039,5784,102,1,66
5745,13857,6013,116,8,69
5746,10296,7815,10,9,87
5747,11645,10483,106,0,13
5748,5887,1989,147,6,71
5749,20464,19067,5,4,25
5750,8702,15225,130,3,88
5751,7472,11741,133,0,47
5752,22622,8037,119,1,84
5753,21924,21938,100,9,88
5754,13963,15040,21,1,59
5755,16571,8965,129,8,75
5756,13189,15062,20,1,81
5757,15333,22055,136,8,78
5758,14978,16058,101,2,14
5759,15053,5098,101,7,25
5760,17698,18868,144,2,38
5761,23979,19664,51,5,17
5762,9283,15745,2,8,41
5763,19620,8389,34,7,23
5764,5158,15111,121,6,19
5765,15863,19618,146,2,80
5766,21728,20865,91,4,64
5767,24716,24617,23,2,64
5768,22419,18334,73,3,5
5769,11667,15754,30,5,88
5770,7115,24237,45,6,39
5771,1159,17027,47,9,29
5772,10113,20495,85,8,79
5773,14516,18121,22,0,61
5774,10570,22442,95,5,24
5775,16014,19836,136,1,1
5776,10256,20483,24,1,25
5777,8710,17347,28,9,14
5778,24805,6103,88,3,55
5779,9184,6915,13,1,71
5780,5273,22246,119,2,5
5781,20403,19228,4,5,20
5782,7603,108,77,0,60
5783,18791,7837,126,1,53
5784,20806,8570,128,3,61
5785,3616,21217,29,5,75
5786,17069,5882,26,2,78
5787,9912,9557,148,0,23
5788,3525,3322,138,2,78
5789,23605,14078,41,6,70
5790,22897,7455,44,0,34
5791,7975,2335,37,6,50
5792,5116,11438,26,5,4
5793,14223,19309,67,4,83
5794,2138,17893,65,5,17
5795,8875,16515,65,5,56
5796,9002,4586,44,2,45
5797,11453,20084,95,3,8
5798,10688,24265,32,3,32
5799,6409,8244,148,8,75
5800,325,14639,51,9,6
5801,10456,9111,132,5,81
5802,10847,12009,117,2,87
5803,4334,3751,109,8,7
5804,13745,13811,84,7,22
5805,6510,11730,13,3,39
5806,21769,23692,129,9,81
5807,891,23886,54,4,45
5808,19329,21723,18,7,66
5809,4315,8876,10,7,55
5810,4773,16865,2,9,24
5811,5631,17426,145,7,12
5812,94,14199,99,8,72
5813,14644,24511,83,8,61
5814,24256,10305,4,5,52
5815,21471,16608,103,9,21
5816,13210,14548,26,6,82
5817,1587,20542,73,7,65
5818,13403,23588,115,6,56
5819,11320,11421,104,9,80
5820,18071,7257,96,6,74
5821,22351,15956,145,5,51
5822,21069,6836,112,5,85
5823,584,10142,56,7,46
5824,8191,10555,13,8,84
5825,3026,9130,138,1,5
5826,9917,13020,54,6,20
5827,14297,9624,147,8,68
5828,13621,20759,106,0,8
5829,6686,10220,39,0,88
5830,6354,23536,31,6,14
5831,16402,6304,77,1,55
5832,6951,4677,89,4,69
5833,7725,9231,97,9,29
5834,18470,3594,37,9,59
5835,10020,24609,148,7,20
5836,21858,9384,107,1,2
5837,20699,17943,64,6,22
5838,12275,21694,105,1,28
5839,4463,10470,0,7,43
5840,13186,6004,3,7,1
5841,1813,1932,73,7,49
5842,3716,13342,74,6,76
5843,5513,11787,131,1,44
5844,22079,10026,120,2,19
5845,22250,23857,25,9,3
5846,11232,22548,61,6,30
5847,11101,11238,62,4,34
5848,11493,11076,48,6,83
5849,24462,18751,5,4,24
5850,22172,7311,3,0,7
5851,24373,6801,114,3,34
5852,7430,788,60,4,70
5853,6083,1868,25,0,82
5854,18974,4582,109,8,10
5855,13024,11002,149,1,70
5856,3326,23291,37,4,11
5857,17464,5671,7,0,7
5858,1331,16165,139,0,49
5859,20234,23235,18,0,62
5860,22594,6774,147,8,29
5861,12473,22191,32,4,69
5862,24356,6758,137,6,2
5863,8749,6616,97,2,28
5864,20767,23349,19,7,43
5865,13564,15953,133,3,19
5866,15456,16515,20,6,3
5867,5053,8457,49,7,80
5868,5264,22682,33,2,87
5869,2949,9007,27,2,48
5870,18405,18318,52,2,22
5871,17069,16434,139,5,87
5872,4304,2759,85,9,38
5873,19188,20813,53,4,43
5874,21574,964,64,8,5
5875,13911,6181,50,3,22
5876,21021,11549,13,3,33
5877,13356,5281,36,3,61
5878,19951,21269,27,1,25
5879,5913,13424,101,8,4
5880,1708,2354,6,3,40
5881,1048,12755,30,0,6
5882,2858,5061,131,5,6
5883,14861,16558,114,8,60
5884,16491,21672,26,6,8
5885,12,19111,121,8,20
5886,12315,12778,38,2,84
5887,12109,14269,23,5,85
5888,6385,20632,33,7,1
5889,14506,24626,128,2,45
5890,24136,877,120,4,53
5891,6393,4220,107,4,67
5892,13076,5367,86,7,62
5893,2624,7727,90,5,12
5894,10199,2223,55,4,70
5895,6905,19426,77,3,56
5896,19939,24980,74,0,33
5897,3665,19890,60,1,14
5898,8621,14842,56,3,41
5899,15629,1281,115,6,30
5900,2005,15880,50,8,14
5901,2481,23937,134,2,64
5902,5180,20884,73,7,8
5903,7959,17765,63,0,78
5904,6258,10151,123,6,9
5905,8830,2533,145,0,14
5906,8355,14213,101,1,82
5907,15660,4634,122,0,5
5908,5754,12349,47,5,0
5909,4892,20406,135,6,2
5910,11605,16726,100,0,38
5911,1216,20729,136,7,1
5912,12932,4826,138,7,36
5913,1386,17072,135,0,83
5914,15083,13001,29,1,15
5915,14538,23815,1,4,48
5916,16890,11290,23,6,28
5917,2620,5929,52,1,7
5918,11802,1964,73,3,7
5919,13149,11282,58,3,63
5920,12731,14360,145,2,41
5921,13714,24043,70,8,81
5922,8526,8737,106,1,12
5923,5784,16760,122,4,9
5924,5687,20913,95,7,47
5925,15613,9040,16,7,38
5926,15914,24609,82,1,43
5927,13661,20095,44,4,61
5928,19810,12505,104,8,27
5929,15540,8343,60,8,61
5930,21996,4062,103,2,89
5931,9535,5699,0,6,60
5932,24648,4538,29,5,34
5933,22519,4115,127,4,18
5934,8799,8734,29,1,16
5935,16378,7384,22,7,77
5936,22840,15278,120,1,31
5937,7591,12160,109,9,16
5938,11132,2346,51,9,86
5939,16840,9181,33,9,37
5940,10368,5393,75,8,4
5941,13730,422,77,0,0
5942,6058,15337,36,5,5
5943,24736,10137,78,0,86
5944,10584,23982,86,0,16
5945,3529,15788,132,8,3
5946,10514,6721,131,4,21
5947,18126,21580,45,4,46
5948,19603,15050,29,6,37
5949,7778,14580,137,9,46
5950,23253,11139,57,8,41
5951,20393,6237,136,9,20
5952,16331,994,94,2,12
5953,13198,9284,6,5,17
5954,11317,1824,90,0,43
5955,1271,8703,60,9,66
5956,18025,2435,114,9,75
5957,19467,10418,148,3,46
5958,11299,20452,143,2,20
5959,23205,2322,145,4,36
5960,9675,8826,141,9,45
5961,745,1110,61,9,30
5962,4664,12656,21,1,87
5963,5767,622,11,2,69
5964,23051,2501,47,9,13
5965,23373,19384,84,9,20
5966,14175,19192,18,7,21
5967,11358,20954,24,0,76
5968,11589,14550,66,3,8
5969,6293,13961,45,0,72
5970,6872,2326,65,3,53
5971,6181,249,99,6,13
5972,22261,3309,34,0,87
5973,17388,20798,105,8,30
5974,18238,13175,22,8,37
5975,1184,8781,68,1,68
5976,7768,3988,10,4,88
5977,23783,19449,109,2,60
5978,11081,7557,92,9,72
5979,15965,21123,94,9,42
5980,4471,7316,58,1,66
5981,20856,1103,41,3,14
5982,1622,17628,112,2,81
5983,3821,16389,21,0,49
5984,14641,24696,144,0,28
5985,12227,17118,138,4,55
5986,18949,16846,130,7,43
5987,10441,15041,68,7,80
5988,7898,13755,96,1,88
5989,13530,1323,119,4,49
5990,17484,2887,5,9,57
5991,8166,18268,122,1,47
5992,12236,17629,12,6,64
5993,13417,6899,137,0,8
5994,7286,20552,124,2,82
5995,3088,8213,144,5,66
5996,22097,8934,9,2,31
5997,11592,547,142,5,33
5998,8601,11434,120,1,11
5999,19698,1268,65,0,79
6000,796,13659,20,0,43
6001,4133,9932,144,6,27
6002,16667,2998,111,7,40
6003,5583,10388,111,9,76
6004,3047,9511,87,5,27
6005,2606,23765,20,4,5
6006,24647,10003,87,4,82
6007,17320,20685,59,6,46
6008,17299,4867,130,2,0
6009,1063,18658,103,1,85
6010,8683,978,53,0,27
6011,7345,23555,41,1,7
6012,19348,8997,28,2,25
6013,687,18883,61,1,83
6014,7621,17190,2,9,19
6015,24918,12900,23,3,38
6016,11012,18449,13,6,68
6017,8765,15595,74,3,68
6018,12838,9690,67,1,7
6019,23226,3439,66,9,76
6020,13133,20157,139,6,52
6021,12997,7186,0,6,59
6022,7518,12117,76,2,33
6023,8787,2841,132,1,2
6024,22423,16929,34,8,52
6025,18699,13064,88,3,20
6026,1365,17378,84,4,52
6027,87,18283,36,4,26
6028,19098,5558,114,7,48
6029,478,20400,148,0,8
6030,3438,12798,26,9,38
6031,24969,12261,20,0,85
6032,3133,12716,57,1,46
6033,5013,17835,149,2,72
6034,7205,6715,81,2,50
6035,16538,14874,124,5,38
6036,7226,4720,129,1,7
6037,17915,18777,93,5,25
6038,9295,16669,1,0,32
6039,11423,22022,114,3,86
6040,23974,689,29,5,44
6041,23260,10264,80,3,74
6042,14235,3255,51,0,51
6043,10491,16487,127,2,45
6044,2731,1674,114,6,80
6045,22017,22557,140,0,13
6046,14155,24425,96,5,8
6047,19392,18099,142,6,67
6048,8745,110,130,8,17
6049,7729,6244,126,1,4
6050,11460,22861,122,6,86
6051,13056,4953,138,3,10
6052,12774,18059,89,6,34
6053,15580,6980,148,3,64
6054,14876,7824,93,7,59
6055,11356,20007,93,8,10
6056,2104,20412,77,1,28
6057,1043,4335,102,4,13
6058,10009,12264,76,4,86
6059,16939,4001,54,8,35
6060,21183,17488,77,1,27
6061,12230,820,49,6,15
6062,24851,13071,97,9,14
6063,1917,5049,130,7,23
6064,311,1124,115,1,13
6065,10067,7140,115,9,16
6066,16764,11131,40,1,81
6067,20826,16534,89,1,85
6068,18447,23347,94,6,16
6069,19475,14575,126,0,41
6070,779,4344,117,6,58
6071,3047,13941,6,3,18
6072,8203,6914,41,6,5
6073,9958,8713,73,5,71
6074,5056,12524,51,3,7
6075,13664,5148,91,5,51
6076,3912,21547,12,5,60
6077,6323,6985,85,4,40
6078,5362,21800,148,1,50
6079,23810,13730,103,9,59
6080,9189,15169,44,1,50
6081,571,1278,1,9,22
6082,844,16555,80,3,50
6083,11201,20507,11,3,24
6084,21359,8010,17,3,68
6085,14429,16493,5,0,20
6086,3663,3253,112,9,47
6087,7732,15740,6,8,15
6088,10921,17041,30,3,23
6089,21553,8771,5,7,67
6090,23201,16444,121,0,23
6091,18908,9298,99,9,86
6092,1653,24563,110,7,12
6093,11790,6160,53,6,49
6094,19479,13168,88,7,6
6095,11526,6733,41,4,24
6096,14846,1228,84,5,41
6097,17179,13888,143,8,12
6098,3724,4894,4,8,4
6099,20779,21408,146,7,89
6100,9783,22725,90,2,39
6101,16685,610,134,7,71
6102,5972,13976,67,0,73
6103,2113,3105,93,1,87
6104,18014,13930,55,3,66
6105,24573,2370,96,4,58
6106,19082,16113,63,1,70
6107,3136,6820,50,4,11
6108,13661,19314,121,0,82
6109,10637,821,52,1,53
6110,5385,19334,67,8,35
6111,17645,20905,19,8,79
6112,1876,9890,107,6,77
6113,14300,3994,71,9,1
6114,6767,5473,139,6,85
6115,18649,24514,19,5,12
6116,22121,24485,14,7,35
6117,2253,20495,50,9,56
6118,18709,6993,144,5,33
6119,23437,18555,79,9,55
6120,23629,6236,118,5,12
6121,6156,12858,71,4,82
6122,13632,16342,75,5,86
6123,5967,18153,62,7,31
6124,16037,14292,23,8,52
6125,7267,8851,43,9,11
6126,16636,3347,122,6,55
6127,19806,24317,52,0,6
6128,10660,6254,89,7,78
6129,13047,14251,3,1,12
6130,21416,3591,42,5,88
6131,7236,3469,108,8,14
6132,4475,10700,101,9,4
6133,46,11338,26,8,5
6134,14364,4593,65,3,52
6135,8779,5968,132,2,71
6136,7996,16463,56,3,0
6137,4315,16807,111,7,37
6138,8052,15518,36,7,38
6139,17343,15209,101,9,67
6140,1569,6433,143,9,29
6141,8587,4565,136,0,72
6142,24445,20429,149,6,60
6143,10724,3774,75,8,52
6144,22900,1207,114,2,32
6145,22505,17122,102,6,83
6146,17648,12866,23,1,4
6147,3769,7315,97,1,15
6148,5494,7210,13,7,79
6149,3744,2750,84,9,83
6150,24275,12315,133,9,17
6151,6338,24071,19,9,28
6152,8808,6593,149,2,56
6153,7853,15760,103,6,88
6154,2772,667,67,0,27
6155,20859,16433,46,1,18
6156,389,7954,145,1,81
6157,21626,8513,20,3,43
6158,14566,3001,85,5,20
6159,543,11392,144,6,8
6160,8541,6337,59,0,51
6161,1658,1996,91,3,15
6162,14760,9516,136,3,20
6163,17086,19467,81,1,23
6164,4932,3014,80,2,29
6165,23657,21432,77,5,69
6166,17349,13227,43,8,19
6167,11828,20132,31,1,19
6168,8306,12270,76,9,61
6169,240,1739,120,5,16
6170,17527,6709,102,8,40
6171,8647,2988,85,4,25
6172,22681,19439,30,3,30
6173,1084,5866,128,7,32
6174,9384,17204,139,7,36
6175,8873,8287,75,9,68
6176,22493,15182,64,6,58
6177,22052,2221,5,1,43
6178,16571,2679,68,2,32
6179,14250,17313,82,8,77
6180,4323,9209,95,7,46
6181,5771,20393,68,9,8
6182,6172,962,10,2,87
6183,7695,19471,107,8,35
6184,22671,17740,6,7,31
6185,8146,2568,105,8,83
6186,8765,24361,90,2,60
6187,1922,7014,147,7,52
6188,22686,23821,141,0,58
6189,24056,24411,107,8,39
6190,11520,3996,31,6,15
6191,7822,16515,16,6,56
6192,2405,21676,27,5,77
6193,444,862,92,6,32
6194,1317,24025,86,5,53
6195,2405,21915,45,9,7
6196,8801,19124,76,4,62
6197,458,4477,149,3,87
6198,23940,19570,30,4,86
6199,5213,14392,69,7,64
6200,18080,10187,31,5,55
6201,16302,13536,98,8,84
6202,2438,16743,146,5,66
6203,10955,17694,130,9,0
6204,2585,7922,39,5,62
6205,2625,5026,94,5,68
6206,18706,22467,123,6,84
6207,10563,6443,48,1,40
6208,18010,2094,79,1,32
6209,4601,18031,107,4,49
6210,18949,6877,41,5,76
6211,12293,11012,149,7,27
6212,5260,19578,76,3,21
6213,6085,9816,51,4,33
6214,16513,17565,14,3,33
6215,2107,11693,55,1,83
6216,10372,2215,139,9,85
6217,9482,657,108,6,24
6218,21685,16679,111,8,19
6219,19277,18741,110,4,18
6220,9103,24451,138,8,4
6221,16231,23247,53,7,53
6222,19364,3530,86,5,63
6223,7123,12658,34,1,46
6224,3903,2202,33,5,30
6225,20075,5608,120,1,44
6226,21276,7247,76,0,75
6227,10863,12044,36,2,0
6228,24438,18076,105,5,6
6229,22563,6482,99,8,67
6230,12552,19962,147,6,45
6231,870,21379,43,8,19
6232,21995,16794,99,8,58
6233,9110,14330,59,6,32
6234,10273,11889,64,4,5
6235,5536,16063,9,6,86
6236,11001,7481,0,3,15
6237,5444,2132,113,9,46
6238,1115,5267,120,5,17
6239,6636,15399,84,4,75
6240,2429,10474,53,6,52
6241,24924,10801,27,4,27
6242,21804,8167,64,9,19
6243,5768,16499,6,7,1
6244,14828,8933,9,1,72
6245,6923,2593,145,8,72
6246,24565,10689,140,1,83
6247,13563,21053,106,0,10
6248,19926,1455,26,4,17
6249,9918,8377,28,0,16
6250,6273,6816,141,3,43
6251,16353,8890,76,0,76
6252,3451,11950,11,1,86
6253,8230,15348,64,3,44
6254,20819,12902,49,8,50
6255,15267,4024,22,7,63
6256,22569,13181,47,4,17
6257,20798,24497,59,3,8
6258,11900,23394,146,1,16
6259,9295,4787,110,4,20
6260,24472,13134,43,8,88
6261,9580,19181,68,7,23
6262,21537,22435,108,9,87
6263,17482,13822,32,3,30
6264,13149,2534,10,6,69
6265,19841,19119,60,9,48
6266,10442,19999,113,0,81
6267,8034,7415,36,0,77
6268,12772,9104,13,6,29
6269,6522,2618,81,5,22
6270,5289,14434,87,4,70
6271,10789,15191,116,5,71
6272,2000,629,68,0,76
6273,4274,8722,23,7,43
6274,923,24074,130,0,50
6275,14527,8073,145,6,40
6276,10279,22517,124,2,48
6277,1161,20094,145,0,39
6278,22326,24881,49,6,14
6279,10244,21269,18,7,62
6280,2378,8211,129,6,24
6281,24006,3787,77,0,45
6282,5940,23175,93,8,60
6283,20964,13440,133,8,44
6284,18981,9348,87,2,16
6285,18377,21586,24,0,62
6286,21928,1582,123,8,17
6287,23361,24593,46,4,80
6288,10723,11292,57,1,73
6289,783,18972,69,7,15
6290,10842,6788,61,4,31
6291,21299,14284,94,8,76
6292,4467,20443,19,9,77
6293,19308,13406,17,9,15
6294,16899,4852,38,6,72
6295,20784,10244,92,4,30
6296,3612,15215,34,2,30
6297,4159,15243,46,3,62
6298,23346,8897,130,3,18
6299,3151,24058,86,1,83
6300,6778,15153,18,2,1
6301,19012,12251,13,4,38
6302,7277,17771,94,6,4
6303,3802,2618,140,0,39
6304,21847,12174,61,7,86
6305,9153,18519,100,9,2
6306,13767,16986,6,1,45
6307,3506,7103,106,4,48
6308,15627,1539,75,9,29
6309,17715,22175,23,0,6
6310,12823,12908,104,9,7
6311,17794,18610,63,9,31
6312,5589,13537,71,3,41
6313,15692,2751,110,9,76
6314,9776,6939,32,4,64
6315,10850,16359,114,7,86
6316,8241,3664,129,8,10
6317,6507,14982,141,3,17
6318,17163,18058,119,1,7
6319,15431,14874,46,7,83
6320,14760,2944,113,1,47
6321,18273,13290,49,5,38
6322,24477,13334,101,0,69
6323,18934,14255,28,8,64
6324,8090,10057,85,0,14
6325,20135,1448,85,7,59
6326,7149,4655,14,5,27
6327,10485,21715,30,0,83
6328,2018,22438,39,0,23
6329,10629,8476,35,5,89
6330,18024,17716,34,5,64
6331,21937,17879,94,3,89
6332,3071,14557,81,2,18
6333,1558,22540,74,1,36
6334,18394,920,4,4,18
6335,16343,16408,147,3,65
6336,8515,22469,5,7,34
6337,16578,14205,58,7,46
6338,5942,5997,114,7,86
6339,91,24713,78,2,60
6340,16356,4449,37,6,50
6341,9088,5907,125,6,56
6342,1611,3201,55,3,43
6343,5605,3691,13,8,67
6344,2836,4326,84,7,71
6345,6642,19837,93,9,42
6346,9935,2366,133,7,5
6347,229,19659,34,1,10
6348,13315,17301,97,9,20
6349,15599,16263,99,3,78
6350,24418,9601,121,3,17
6351,3977,6388,28,5,37
6352,16807,8469,66,0,66
6353,3248,16391,68,9,10
6354,20728,5686,136,4,75
6355,8985,3647,147,3,45
6356,13594,24523,35,4,58
6357,23477,820,14,3,35
6358,14060,14038,134,6,69
6359,16947,19814,82,2,58
6360,19935,23700,120,0,36
6361,15597,11844,18,2,57
6362,16260,4062,82,5,5
6363,8498,6502,108,6,60
6364,1650,13994,148,4,12
6365,16577,1308,96,1,76
6366,2778,2197,20,1,71
6367,18768,12172,25,5,78
6368,11508,5473,119,6,31
6369,14479,12035,106,6,34
6370,11652,4707,145,7,6
6371,1634,23443,133,0,8
6372,21421,21633,9,5,85
6373,9762,19944,15,0,39
6374,8892,5086,110,0,29
6375,10505,5633,129,9,74
6376,1174,11268,42,2,0
6377,20922,4863,98,3,21
6378,10253,19692,119,3,7
6379,21655,4100,89,0,8
6380,21232,24907,123,4,80
6381,8240,6907,63,3,36
6382,1702,8299,106,9,56
6383,24410,22416,49,3,65
6384,15174,3153,42,8,50
6385,22682,7714,70,5,75
6386,14346,14824,27,9,63
6387,20569,16129,36,0,49
6388,12187,20032,22,4,45
6389,7305,19604,52,3,60
6390,11732,5064,68,9,33
6391,6831,8487,13,6,59
6392,13981,22986,115,5,29
6393,18257,3112,34,2,60
6394,22399,10185,76,4,62
6395,24024,24484,67,0,23
6396,21968,18133,77,1,49
6397,16486,2217,46,5,47
6398,12184,14267,116,3,3
6399,2588,14096,62,0,49
6400,6483,7039,145,6,12
6401,3250,2339,25,4,70
6402,5281,1949,18,7,41
6403,16578,20028,36,3,0
6404,18403,9299,11,6,51
6405,8829,9439,35,3,31
6406,1906,8095,85,4,76
6407,13302,23697,37,6,69
6408,16301,7322,83,9,6
6409,7395,21436,128,0,26
6410,13075,18115,14,1,72
6411,14093,23570,2,7,81
6412,16337,14202,102,4,84
6413,11531,13237,25,8,53
6414,17565,17596,10,8,40
6415,2666,9646,60,9,74
6416,17464,23397,40,4,48
6417,11013,10461,66,0,43
6418,15940,13532,93,0,19
6419,21122,18211,125,9,30
6420,3463,9912,66,3,52
6421,8730,12762,106,4,61
6422,16968,18403,89,9,3
6423,18233,24227,17,8,23
6424,8497,5597,13,3,17
6425,24289,20613,78,6,50
6426,11196,20829,118,3,34
6427,5643,24371,52,3,40
6428,2518,4697,68,4,56
6429,22392,11680,134,2,74
6430,10741,12755,95,1,25
6431,3284,20085,1,9,35
6432,16796,17958,108,6,69
6433,8713,2143,117,8,76
6434,9250,7808,41,1,84
6435,19709,21066,98,2,66
6436,15810,16725,131,7,56
6437,20887,10361,90,4,20
6438,6007,22056,66,0,23
6439,12559,13766,63,5,17
6440,20922,10183,19,0,0
6441,21644,22046,26,3,78
6442,17604,20973,64,3,52
6443,13305,18483,2,3,45
6444,20075,16492,144,8,23
6445,19632,7320,85,2,9
6446,20915,24584,149,7,16
6447,16772,14012,42,0,29
6448,1820,13727,58,2,24
6449,9841,16447,11,1,6
6450,9775,15721,68,1,5
6451,17169,5188,22,1,86
6452,8107,2020,8,7,36
6453,1331,14573,134,2,14
6454,16410,5762,51,8,80
6455,8768,16233,134,0,59
6456,1626,3862,145,5,49
6457,21352,15523,115,1,37
6458,7943,19455,63,6,65
6459,18296,21799,0,9,87
6460,4952,15712,127,7,30
6461,13315,3129,129,7,58
6462,24012,21573,87,8,51
6463,21084,8257,141,6,17
6464,20641,15775,63,5,13
6465,8495,12634,48,7,29
6466,140,8666,102,7,85
6467,21645,4695,2,9,0
6468,2950,7401,148,6,52
6469,16691,14563,51,9,11
6470,18403,16851,98,7,47
6471,12449,22637,54,5,0
6472,6330,22467,147,2,21
6473,19588,23664,125,3,26
6474,14767,8379,37,8,8
6475,24541,23129,47,4,29
6476,4069,2717,142,7,49
6477,24574,8619,94,5,42
6478,21729,17507,104,7,75
6479,14831,16497,8,4,56
6480,5176,21641,140,2,32
6481,21315,15114,19,9,32
6482,18358,5562,148,9,51
6483,23644,18896,82,1,1
6484,6730,8159,118,3,9
6485,10036,23631,74,2,44
6486,20596,9683,14,9,10
6487,17,13163,7,7,58
6488,7360,22510,59,3,56
6489,14840,9748,72,3,80
6490,14611,4327,147,1,0
6491,4307,886,112,4,73
6492,9949,6419,118,5,63
6493,19290,13923,137,4,36
6494,3884,3819,18,6,24
6495,10241,22885,137,2,7
6496,14922,12090,149,1,4
6497,16697,17317,24,5,38
6498,19223,7454,23,0,28
6499,16193,23890,142,3,43
6500,10612,8989,94,1,39
6501,422,9561,34,7,80
6502,7316,20681,134,3,22
6503,19827,8996,53,5,77
6504,15700,3299,4,5,34
6505,9367,18486,76,2,54
6506,12639,14497,3,2,42
6507,23025,24388,10,9,60
6508,6246,10034,135,2,29
6509,17198,15897,48,5,15
6510,6700,5799,42,9,18
6511,24292,3593,97,8,28
6512,20787,23927,145,8,32
6513,23639,20210,56,5,88
6514,13172,15746,89,4,28
6515,4512,15400,17,3,37
6516,6143,8601,108,7,1
6517,16498,11942,61,6,52
6518,8854,18126,96,2,59
6519,1627,20435,81,8,66
6520,22067,3993,44,2,42
6521,23460,9777,28,8,29
6522,17611,22719,64,0,63
6523,9165,11755,113,2,71
6524,12263,569,16,8,4
6525,10314,19906,117,8,57
6526,18826,17909,63,7,68
6527,4842,2551,87,1,82
6528,14566,22635,36,8,89
6529,24181,9859,55,8,37
6530,8426,11675,149,9,56
6531,10875,17641,84,1,49
6532,14849,3870,56,8,26
6533,7154,3811,79,4,35
6534,14750,15250,102,6,24
6535,21217,15034,1,3,70
6536,18677,17435,116,9,77
6537,11370,9277,32,3,37
6538,12465,23359,30,9,21
6539,11423,12160,111,9,26
6540,4145,18515,112,2,49
6541,23740,14650,139,5,75
6542,7949,21238,144,8,72
6543,9783,23697,97,9,24
6544,6015,17636,65,0,53
6545,19144,7317,32,8,2
6546,7267,18234,142,6,85
6547,16033,14603,11,0,10
6548,16856,10514,100,1,2
6549,10125,21777,132,5,58
6550,17495,5500,52,5,56
6551,24988,21390,27,4,23
6552,17093,16270,20,8,85
6553,3045,19305,123,6,13
6554,20968,11810,112,3,53
6555,16872,22400,13,3,72
6556,15058,16060,128,6,80
6557,196,1139,21,9,49
6558,20720,22008,3,1,11
6559,12802,4162,135,5,71
6560,9485,3043,143,8,16
6561,11736,5284,143,0,58
6562,24106,8682,43,6,17
6563,7058,13212,108,0,7
6564,13133,6412,109,2,64
6565,20179,22506,139,8,71
6566,6953,12189,93,7,85
6567,14349,6729,109,3,23
6568,14026,12883,134,2,2
6569,23662,9780,59,3,77
6570,6596,19844,76,3,22
6571,192,3146,90,9,37
6572,8029,7881,71,9,46
6573,23764,23645,93,3,23
6574,23502,20460,74,5,48
6575,387,2010,36,0,37
6576,9215,6236,61,5,25
6577,15383,5172,130,3,21
6578,9273,4888,105,0,35
6579,20463,20725,48,9,34
6580,19299,7558,89,4,71
6581,8440,419,16,9,70
6582,12728,21545,15,5,48
6583,15707,8676,68,6,56
6584,20344,16030,91,2,77
6585,18497,5966,66,0,76
6586,8651,19990,25,1,20
6587,9653,5532,58,5,19
6588,8074,23887,148,7,55
6589,16170,18182,10,3,79
6590,12643,11560,110,0,41
6591,3161,9840,3,8,71
6592,784,6670,26,6,29
6593,6916,4716,60,3,74
6594,24689,8424,101,1,35
6595,23147,7867,116,1,65
6596,15182,1147,40,9,42
6597,4145,13276,68,8,32
6598,2916,17462,49,1,74
6599,632,22366,106,4,77
6600,18233,22942,3,5,81
6601,23207,4097,35,2,21
6602,6175,21960,38,9,70
6603,7971,10007,23,8,18
6604,21980,1445,28,6,46
6605,20145,6093,147,5,10
6606,3801,21421,116,3,71
6607,14236,17688,138,7,39
6608,20370,3286,113,7,50
6609,20843,2049,73,5,62
6610,17559,260,90,8,5
6611,8503,12397,138,7,85
6612,7554,18388,5,8,86
6613,6021,18634,38,7,47
6614,19338,24049,33,2,88
6615,10539,15094,138,1,53
6616,5046,20817,68,8,89
6617,7155,7288,5,5,12
6618,7475,5035,86,4,25
6619,7696,21714,38,3,33
6620,12428,14024,79,6,62
6621,2875,21245,15,2,26
6622,12923,19299,25,8,7
6623,19393,12577,48,1,86
6624,22317,9468,82,2,65
6625,11059,15443,108,2,43
6626,16935,17004,116,2,43
6627,11921,13113,12,2,85
6628,2471,10041,64,8,50
6629,2803,24601,59,5,43
6630,12262,18996,59,4,38
6631,14525,4794,55,5,32
6632,24861,3513,14,0,7
6633,17490,14658,9,4,41
6634,1915,9542,104,0,6
6635,9650,9154,94,2,80
6636,4722,20552,129,7,53
6637,353,18222,90,5,38
6638,20795,15079,106,9,53
6639,5005,8894,59,4,45
6640,16374,7530,119,5,71
6641,3430,9079,142,4,60
6642,14428,12644,58,0,5
6643,1738,20437,35,1,0
6644,11626,3929,33,2,34
6645,2431,10978,24,4,52
6646,9624,5599,117,4,2
6647,17013,20945,95,9,11
6648,10462,4160,23,8,43
6649,18560,16338,89,7,87
6650,21352,16302,131,4,1
6651,13533,24662,100,3,83
6652,5950,24613,148,5,54
6653,7453,1360,148,3,10
6654,11008,3894,15,1,66
6655,11766,22068,4,9,1
6656,1814,3494,18,1,57
6657,6836,14324,42,9,84
6658,19921,24164,47,4,80
6659,14336,15906,56,0,50
6660,902,8739,73,0,61
6661,13753,16523,111,9,52
6662,4984,17682,130,8,7
6663,17745,24902,72,8,78
6664,7671,10486,125,3,50
6665,13273,7340,52,2,86
6666,20103,729,43,2,2
6667,24161,15403,10,6,30
6668,23787,12363,60,9,41
6669,13490,17187,81,2,86
6670,8970,19039,51,0,58
6671,11879,1886,2,5,24
6672,3259,10453,41,2,53
6673,11250,21553,102,8,67
6674,21043,11075,144,4,43
6675,20585,8917,97,4,72
6676,3425,3082,136,5,69
6677,5395,24252,143,3,81
6678,7474,16416,115,8,18
6679,11321,16256,109,7,52
6680,5648,7394,127,9,24
6681,907,5177,101,5,47
6682,16398,15579,66,7,17
6683,8436,2627,102,5,72
6684,23590,19736,145,5,64
6685,14404,1179,101,7,52
6686,4056,13520,97,8,5
6687,13552,15631,79,2,66
6688,21602,8531,58,6,79
6689,14018,3439,1,3,74
6690,11041,17436,66,7,33
6691,5712,14444,14,4,58
6692,21001,11078,55,7,24
6693,17640,11383,68,1,67
6694,22026,4097,71,5,87
6695,9496,18790,64,1,33
6696,24375,7167,11,5,38
6697,15682,967,75,2,37
6698,15855,19228,91,6,63
6699,2985,18434,38,6,23
6700,727,3397,102,9,87
6701,16222,9534,121,2,63
6702,16310,4231,6,6,28
6703,1972,17404,90,1,7
6704,16585,21931,54,8,28
6705,4015,3761,133,8,87
6706,9365,4208,10,9,9
6707,23895,7260,105,5,0
6708,8215,22440,6,8,58
6709,14338,19582,137,6,37
6710,16176,11673,127,3,3
6711,3528,5824,35,4,31
6712,11092,9070,70,3,23
6713,653,11927,135,8,56
6714,23520,21435,34,6,2
6715,8221,6230,127,4,63
6716,8223,8345,89,0,88
6717,582,1185,145,2,80
6718,6153,609,78,5,62
6719,1669,1389,148,8,36
6720,13901,18561,148,2,86
6721,3480,12028,137,4,22
6722,2293,10295,101,2,70
6723,13207,8551,109,1,4
6724,20177,140,125,0,39
6725,16024,1815,64,0,73
6726,22073,1220,129,5,4
6727,21924,16290,149,4,68
6728,6638,5350,100,1,82
6729,24369,13211,96,2,66
6730,19193,21088,92,3,75
6731,7404,3547,82,8,27
6732,10766,21691,64,0,77
6733,23973,17788,145,0,44
6734,19434,1275,79,4,42
6735,18269,2753,109,5,10
6736,8254,11111,75,4,53
6737,23083,13246,121,5,41
6738,3214,12288,38,3,13
6739,23347,8135,13,9,27
6740,7420,18867,72,3,20
6741,11150,21456,122,7,12
6742,11457,3548,126,5,48
6743,10267,11315,108,0,71
6744,16306,9266,48,0,80
6745,14982,19896,59,7,60
6746,14980,18495,24,9,14
6747,16784,1130,144,2,28
6748,5140,3200,22,5,58
6749,14435,13612,52,1,61
6750,9546,14818,97,5,65
6751,7499,16521,37,9,41
6752,24353,15081,65,4,40
6753,2110,933,120,9,83
6754,8164,19670,5,3,41
6755,3167,21042,122,2,65
6756,4819,20599,71,8,74
6757,3136,14540,131,8,37
6758,6257,23879,92,6,55
6759,2312,21484,101,1,54
6760,1588,20954,82,9,26
6761,5587,16549,100,8,72
6762,17073,24006,2,0,50
6763,19183,347,31,4,30
6764,23777,7579,26,2,44
6765,12285,20125,104,9,49
6766,12501,14948,62,9,78
6767,19041,12895,106,3,83
6768,21788,14199,25,8,30
6769,22613,4829,106,9,48
6770,18337,19414,113,3,80
6771,2159,17095,129,2,40
6772,12589,969,53,8,33
6773,2241,5650,42,8,79
6774,11422,14348,54,6,71
6775,14544,16851,129,4,21
6776,13693,2019,40,6,79
6777,10048,20419,25,4,48
6778,17721,21504,65,1,50
6779,1663,20459,96,6,73
6780,20456,23072,14,8,80
6781,8229,7112,64,9,86
6782,3021,13322,123,6,19
6783,5762,8505,18,1,0
6784,23072,15971,141,4,5
6785,16170,1104,104,4,22
6786,11504,6014,139,1,66
6787,9673,21161,142,1,25
6788,24173,22111,133,2,3
6789,4998,16155,26,1,88
6790,16243,13472,90,6,57
6791,20307,15472,37,4,85
6792,8849,12320,126,3,11
6793,19155,3528,106,0,27
6794,8745,8960,119,6,2
6795,2502,23031,121,8,58
6796,3379,19941,44,3,26
6797,16574,15294,91,2,50
6798,5633,4558,118,8,52
6799,17334,11494,8,5,2
6800,2750,16771,30,3,39
6801,23516,24837,59,1,58
6802,6303,21159,131,3,34
6803,12443,3006,111,8,36
6804,21034,1327,85,5,46
6805,4284,7989,32,4,78
6806,8346,11087,0,5,28
6807,20118,19186,15,1,63
6808,13729,20275,1,3,37
6809,14432,24551,72,9,29
6810,10663,1878,5,3,4
6811,23691,12117,139,3,10
6812,2502,10821,104,4,16
6813,4900,4256,71,8,15
6814,9810,23819,0,5,66
6815,16458,13648,73,7,69
6816,20450,8986,128,9,51
6817,9878,2656,80,3,7
6818,22039,16095,84,8,8
6819,24178,24656,122,4,3
6820,6624,10656,5,7,30
6821,14201,2972,129,0,2
6822,13699,2307,121,3,28
6823,22827,17108,130,5,0
6824,763,5570,43,3,41
6825,17942,15120,145,2,46
6826,9879,22901,93,2,26
6827,2137,17673,57,5,37
6828,13362,12465,95,6,9
6829,3370,23071,115,9,88
6830,15608,24004,20,0,43
6831,7283,8981,101,5,70
6832,7634,22983,73,3,79
6833,2684,10843,109,1,44
6834,21656,8619,144,6,75
6835,10235,20774,63,6,27
6836,15617,17396,122,1,75
6837,6540,9021,65,2,60
6838,20500,8671,125,1,46
6839,18536,18249,59,9,89
6840,18602,11990,142,1,61
6841,23030,12647,92,8,47
6842,399,21461,35,4,1
6843,5298,541,47,6,33
6844,16791,13479,88,1,47
6845,6272,23048,29,5,53
6846,11425,21998,97,4,77
6847,20513,15420,134,4,58
6848,6713,4792,49,1,0
6849,17448,10623,112,0,11
6850,15509,18520,144,9,85
6851,2626,15578,132,0,75
6852,24242,7266,77,4,2
6853,20453,20916,63,5,74
6854,17484,21671,8,8,25
6855,11922,19245,18,5,17
6856,19402,10103,32,0,10
6857,2361,10152,112,2,54
6858,1103,6915,122,1,56
6859,7728,18834,145,0,6
6860,7788,18340,71,3,70
6861,18281,13637,1,9,18
6862,14759,20962,37,8,59
6863,13981,13206,131,0,30
6864,17052,15682,59,1,47
6865,17090,15031,6,0,16
6866,24173,7214,126,8,52
6867,10735,13191,64,2,3
6868,13948,20574,144,9,66
6869,2062,22293,103,3,53
6870,19571,1520,58,9,69
6871,15214,13224,117,4,16
6872,18488,6236,92,0,60
6873,12183,5538,135,1,65
6874,11,21877,80,6,13
6875,24390,3653,37,7,84
6876,17018,4000,42,4,24
6877,24424,18004,19,7,50
6878,3016,3584,31,8,17
6879,15162,12624,144,8,36
6880,20095,1406,50,0,2
6881,23473,21482,20,1,58
6882,1741,18479,22,5,8
6883,4647,2205,25,6,87
6884,23355,6688,12,9,86
6885,11118,2501,108,3,49
6886,17426,9861,49,1,58
6887,180,17477,119,6,5
6888,19932,17232,106,3,73
6889,14700,21311,101,4,42
6890,3076,17716,147,4,83
6891,15339,22398,88,4,3
6892,24141,12101,108,8,64
6893,3586,13021,76,4,31
6894,23280,5150,18,4,32
6895,18311,19110,38,6,89
6896,9854,13537,81,1,4
6897,12825,22580,24,9,25
6898,18627,1480,44,5,29
6899,19387,1958,41,7,34
6900,4071,6439,35,4,70
6901,10088,1332,15,4,80
6902,9340,3851,115,5,11
6903,24841,7700,121,3,7
6904,6862,21313,119,1,2
6905,10132,12846,88,7,69
6906,13053,4114,60,4,44
6907,15393,4916,31,4,66
6908,6026,24174,56,2,51
6909,2167,19869,73,9,67
6910,5163,7711,129,0,55
6911,15772,6518,33,5,65
6912,19602,21081,102,1,9
6913,3195,10995,61,5,58
6914,22597,18177,104,7,68
6915,4137,4742,103,5,8
6916,10594,18705,79,3,32
6917,9765,11388,93,9,46
6918,5417,11785,98,6,75
6919,4250,1089,37,5,21
6920,23924,22523,57,0,36
6921,9505,9202,42,4,13
6922,12985,18098,133,4,20
6923,12708,21403,17,5,46
6924,24105,7475,44,7,16
6925,2155,10310,6,3,7
6926,23681,15954,55,6,74
6927,2102,11205,78,5,48
6928,4834,4558,106,0,65
6929,23656,20925,28,0,73
6930,10087,24863,101,8,61
6931,8413,250,118,9,89
6932,4692,12818,3,5,34
6933,7953,12135,28,3,50
6934,6542,12710,15,2,14
6935,20887,2691,120,6,49
6936,16357,3357,62,6,10
6937,2496,14375,15,8,36
6938,12073,24756,49,4,63
6939,15173,24103,4,4,84
6940,4394,4410,145,4,65
6941,2834,24804,88,4,37
6942,5883,1513,64,8,26
6943,21013,1493,42,7,8
6944,6053,11898,67,7,72
6945,17122,9704,3,5,45
6946,20537,12782,128,3,78
6947,8995,16440,2,3,46
6948,17996,7543,59,8,4
6949,2365,6458,57,3,32
6950,22475,3716,51,9,80
6951,20932,13369,6,7,62
6952,2660,379,79,9,84
6953,24707,3941,64,2,40
6954,22424,17985,56,6,64
6955,23159,21743,107,0,1
6956,8961,3599,128,4,22
6957,20664,14740,77,7,73
6958,3749,8202,129,8,82
6959,22764,2580,95,0,86
6960,9992,357,93,6,74
6961,22935,22741,31,1,25
6962,9895,3679,15,8,84
6963,20400,19965,90,7,8
6964,21874,1960,36,5,31
6965,15092,8031,29,1,60
6966,17705,10854,0,2,18
6967,10187,11385,74,2,18
6968,2665,7946,96,5,32
6969,9378,7936,28,2,7
6970,346,23708,145,5,53
6971,7826,10716,138,6,32
6972,19694,2684,145,6,34
6973,13376,996,107,1,0
6974,15310,19777,22,7,18
6975,4376,884,34,0,67
6976,22099,890,99,4,32
6977,20728,8919,137,3,36
6978,7955,5540,57,4,50
6979,11913,4889,22,5,47
6980,9383,1894,77,2,23
6981,3131,19131,45,1,1
6982,3481,4915,17,2,74
6983,9814,8572,134,1,72
6984,20381,11592,43,2,65
6985,17385,24963,141,3,73
6986,10066,9151,1,0,77
6987,11871,9417,52,5,11
6988,4266,8299,26,9,72
6989,12773,18278,91,1,51
6990,7402,6809,69,5,16
6991,9087,10780,91,1,35
6992,738,4603,119,2,75
6993,3080,20525,130,2,84
6994,3317,1700,45,6,85
6995,20752,16017,93,4,28
6996,8393,24260,118,7,17
6997,10085,13339,53,2,50
6998,11117,11412,58,0,54
6999,6898,18239,51,2,66
7000,15816,13456,35,3,78
7001,3697,22254,2,0,79
7002,3796,20320,114,7,8
7003,238,15633,107,9,85
7004,1482,15220,43,8,83
7005,5484,20386,43,1,77
7006,7395,15793,27,0,89
7007,11950,1753,143,9,42
7008,15924,6693,10,1,13
7009,21213,9105,31,9,14
7010,2463,9516,25,9,49
7011,1263,13026,134,2,32
7012,24919,980,34,4,37
7013,5346,6202,44,5,55
7014,7137,11985,33,4,63
7015,13663,15956,27,4,79
7016,21006,348,58,8,67
7017,14521,7808,75,2,0
7018,2762,7215,90,3,5
7019,19411,24806,144,1,44
7020,22780,7161,24,3,16
7021,23138,15360,12,4,69
7022,11445,11897,135,6,59
7023,18576,16838,79,2,86
7024,5494,22444,133,6,24
7025,4206,21078,23,5,18
7026,2540,23565,91,1,5
7027,9717,15336,89,9,16
7028,19656,16644,54,3,84
7029,16143,749,142,9,60
7030,7947,7896,63,5,38
7031,3675,13066,123,5,24
7032,2361,22722,42,3,0
7033,1881,18640,10,3,42
7034,12711,15050,35,5,42
7035,23618,3319,141,9,29
7036,20237,4745,65,5,62
7037,14515,4855,43,8,84
7038,7506,18138,144,6,62
7039,4286,23102,92,1,35
7040,14344,8327,72,5,70
7041,11392,11536,0,3,84
7042,24165,15166,64,9,12
7043,14048,11010,63,7,33
7044,22729,13276,5,0,28
7045,11550,8270,89,2,17
7046,15802,3467,114,7,29
7047,11059,23117,149,8,30
7048,11046,14951,99,1,83
7049,6359,7987,3,0,61
7050,13832,5102,15,0,41
7051,11384,5702,87,7,42
7052,17345,1973,80,6,84
7053,19078,14739,77,8,74
7054,10412,16988,27,5,63
7055,24705,17176,147,0,87
7056,15297,10904,14,4,9
7057,11821,24995,96,1,73
7058,16268,3847,20,7,68
7059,24654,23497,33,6,63
7060,17707,9729,8,9,71
7061,479,20934,73,4,74
7062,3418,9962,131,6,47
7063,6528,22284,93,4,32
7064,24844,5660,37,4,20
7065,11748,24168,80,1,83
7066,8998,7165,43,3,7
7067,9323,2268,56,2,54
7068,6968,21731,22,3,58
7069,14594,5266,98,1,21
7070,6668,5595,24,0,45
7071,17235,3641,97,7,75
7072,7087,19466,78,1,9
7073,6763,16528,10,2,17
7074,6129,1352,55,9,8
7075,14207,7879,54,1,1
7076,6969,11853,54,3,48
7077,16551,12332,73,7,6
7078,12404,18992,2,3,78
7079,5039,4335,90,8,14
7080,325,17099,9,8,32
7081,853,24512,137,9,69
7082,7413,4253,0,3,48
7083,15042,18775,72,4,41
7084,4263,1332,112,2,24
7085,21176,3109,30,4,69
7086,11947,14970,6,8,80
7087,23941,17877,2,1,88
7088,23096,226,33,3,44
7089,9264,19746,92,2,89
7090,7943,13329,3,9,7
7091,24616,22455,79,0,87
7092,543,16064,38,3,22
7093,15287,15749,45,6,23
7094,18042,13557,149,6,74
7095,2107,9937,23,4,78
7096,19909,3025,46,4,6
7097,14496,7406,78,5,86
7098,2077,1616,88,8,79
7099,3863,19162,7,1,74
7100,1736,6037,79,2,14
7101,16864,22680,60,0,25
7102,11881,9714,80,7,40
7103,4080,3167,38,5,28
7104,1533,16900,111,2,81
7105,23772,7942,64,4,58
7106,16980,18594,113,5,37
7107,11474,18862,21,0,9
7108,21135,2303,46,2,77
7109,20775,2967,116,3,5
7110,8744,1969,21,1,74
7111,23205,19090,55,3,56
7112,10723,17702,1,7,16
7113,6579,15461,117,5,80
7114,11150,13814,78,9,50
7115,5860,22225,117,6,85
7116,12168,17440,85,9,61
7117,14699,2800,125,1,53
7118,4680,18495,12,1,82
7119,7858,5782,100,9,69
7120,2721,13771,125,4,76
7121,6575,15741,52,0,61
7122,16123,2925,80,0,61
7123,2845,9852,46,1,34
7124,3860,9150,33,2,44
7125,4016,19703,95,5,35
7126,2487,12939,122,4,14
7127,16621,24340,6,3,38
7128,22787,21578,80,8,9
7129,10661,10780,39,8,70
7130,22275,15676,42,7,43
7131,8518,20647,47,8,58
7132,8016,3808,69,5,36
7133,3263,629,101,7,56
7134,1339,6842,114,2,67
7135,23611,23427,52,7,11
7136,11703,647,100,0,44
7137,9502,8773,23,0,5
7138,9824,10106,96,4,36
7139,22176,15893,84,1,88
7140,18650,18961,34,3,16
7141,24425,5966,93,2,52
7142,12267,22328,29,4,31
7143,6544,7262,47,1,46
7144,23269,2502,33,1,54
7145,15829,3828,46,4,11
7146,14806,7771,24,3,70
7147,22437,7664,73,9,24
7148,15693,10244,60,5,76
7149,24377,703,139,1,84
7150,9541,7322,70,9,68
7151,21696,6635,92,8,73
7152,15767,3313,79,9,1
7153,20415,2504,82,7,79
7154,11611,18395,12,0,69
7155,20649,8438,24,2,66
7156,5316,6980,31,0,54
7157,16913,14755,24,5,12
7158,6264,12145,123,9,74
7159,24019,18313,46,5,1
7160,21762,8787,51,0,11
7161,11330,19623,101,3,19
7162,9300,5060,57,0,25
7163,14986,9960,22,1,4
7164,23628,24027,129,3,51
7165,9057,10888,58,4,12
7166,16712,20965,108,5,47
7167,2184,21853,135,4,78
7168,1321,6304,36,6,44
7169,4827,22958,132,7,65
7170,23892,13706,28,6,81
7171,5473,14099,145,9,65
7172,23078,18869,100,2,63
7173,9562,8850,52,1,15
7174,1396,15550,18,9,51
7175,11217,3838,82,5,62
7176,20213,6686,48,0,73
7177,12234,44,5,0,85
7178,17476,19631,90,8,50
7179,8993,7063,135,2,47
7180,3735,2110,9,2,1
7181,23226,16061,136,2,33
7182,23890,182,48,5,56
7183,14450,15051,122,4,14
7184,2521,9675,60,3,70
7185,9329,13407,98,8,79
7186,11218,2024,94,9,75
7187,12096,13920,108,2,66
7188,2048,15632,79,7,78
7189,20703,22255,61,5,23
7190,7553,11786,141,9,38
7191,22224,852,33,6,13
7192,11436,291,47,1,79
7193,14844,21735,100,2,14
7194,24995,2891,135,2,2
7195,20672,19970,4,8,83
7196,11232,13823,117,8,53
7197,13684,22291,143,3,27
7198,24117,7578,25,0,16
7199,5777,21411,28,4,0
7200,23789,22330,41,7,31
7201,5067,190,45,1,32
7202,4091,5101,73,4,80
7203,1099,3714,134,9,32
7204,9047,4370,91,5,68
7205,3857,20126,19,9,11
7206,16995,17173,43,5,18
7207,23464,20984,97,5,61
7208,13648,14747,92,9,29
7209,18210,17474,112,3,50
7210,9267,5500,53,7,88
7211,19051,13659,1,7,25
7212,10495,18134,65,9,36
7213,3799,20463,144,1,30
7214,21800,5535,93,1,77
7215,2439,14000,73,8,14
7216,11987,15952,31,2,39
7217,14572,14162,50,4,0
7218,6776,16897,149,5,24
7219,5540,101,14,8,28
7220,7720,17132,37,9,49
7221,13458,24323,59,6,71
7222,1736,22581,108,8,79
7223,18031,457,45,8,80
7224,20714,1356,128,9,9
7225,10982,19240,42,9,49
7226,16543,7832,29,8,89
7227,4583,22178,44,2,70
7228,5047,18040,8,2,56
7229,8913,3331,103,9,50
7230,11864,8610,54,5,23
7231,15245,17947,40,2,26
7232,18022,19653,135,2,31
7233,5053,794,101,8,26
7234,12183,23979,10,4,30
7235,539,9662,25,1,71
7236,6234,8564,9,5,11
7237,19241,20944,67,8,79
7238,6955,21581,34,2,71
7239,9367,18986,53,6,74
7240,15243,12531,100,9,41
7241,3533,1095,23,0,81
7242,14712,10424,109,2,34
7243,16383,6275,26,8,41
7244,19847,21835,105,8,78
7245,23919,21317,58,5,1
7246,9584,17868,112,9,23
7247,10107,7010,123,9,36
7248,14015,16217,25,8,62
7249,12519,2960,92,3,7
7250,10031,9620,83,5,88
7251,153,22623,23,6,9
7252,16599,16101,100,4,41
7253,21472,4140,128,3,1
7254,11514,17362,126,6,75
7255,22476,14352,149,7,41
7256,1723,4677,86,1,48
7257,3509,2546,101,0,76
7258,8122,24891,80,6,75
7259,16512,1879,110,9,6
7260,11814,10739,70,6,39
7261,17551,5075,63,4,86
7262,19792,21419,25,4,6
7263,9515,1395,48,5,55
7264,5495,4119,106,9,24
7265,12077,14533,69,4,8
7266,14368,21415,38,6,64
7267,20261,9731,40,0,77
7268,7753,23616,3,4,18
7269,7734,10867,13,2,37
7270,280,8087,116,3,82
7271,21380,8191,24,7,27
7272,4609,24561,52,0,75
7273,8767,17165,114,2,12
7274,21792,3762,30,9,47
7275,13249,1502,111,9,68
7276,13450,23881,105,3,50
7277,21870,3189,132,8,76
7278,11797,18551,62,3,5
7279,3087,10826,27,8,80
7280,5968,6504,44,3,67
7281,5549,15032,47,7,36
7282,8969,7743,88,4,2
7283,24068,1457,30,6,71
7284,7891,5329,63,5,73
7285,5338,11305,136,4,48
7286,24184,19317,93,2,50
7287,16345,22216,91,2,11
7288,22269,4705,34,3,73
7289,5296,1595,73,0,14
7290,20078,2320,99,4,84
7291,17321,1309,97,2,88
7292,20071,5754,81,8,75
7293,5652,23735,72,7,16
7294,159,21596,122,2,24
7295,396,314,1,3,64
7296,19161,2990,122,4,60
7297,19298,5651,68,7,39
7298,20278,10376,91,7,39
7299,6618,24933,102,0,45
7300,6783,1340,23,9,51
7301,5169,240,49,2,75
7302,24183,13801,100,2,59
7303,18856,13969,44,1,89
7304,4400,64,36,1,43
7305,14253,8080,147,1,66
7306,7077,15460,140,6,71
7307,3162,2354,148,5,10
7308,1312,383,108,7,49
7309,4678,4498,67,0,86
7310,22947,23771,7,0,54
7311,22384,7187,112,4,25
7312,16534,18142,99,2,64
7313,12368,11164,77,7,77
7314,18215,17765,74,1,61
7315,13972,3770,74,4,16
7316,14477,18276,2,0,40
7317,16835,12262,81,1,36
7318,9267,7517,137,7,48
7319,7360,11145,11,0,8
7320,12077,10287,119,0,19
7321,13204,15928,51,0,13
7322,22492,3718,33,6,6
7323,19186,376,148,5,36
7324,8711,23436,143,2,46
7325,20713,9518,27,1,47
7326,22833,12318,61,4,39
7327,3184,18801,28,4,66
7328,16557,5307,58,6,79
7329,9388,11052,26,7,32
7330,5514,5365,83,5,73
7331,15058,521,21,6,12
7332,14983,17320,129,9,73
7333,15221,20735,145,2,72
7334,9181,5294,127,7,46
7335,9633,6154,126,1,66
7336,21376,14700,5,5,13
7337,24020,20301,22,8,79
7338,10261,19276,97,5,4
7339,14383,24120,13,6,19
7340,21388,9647,20,4,16
7341,17314,24332,127,4,44
7342,19889,2844,39,3,78
7343,21566,21563,82,2,63
7344,21234,19620,76,1,43
7345,20592,14591,21,2,10
7346,13940,9615,8,8,67
7347,18960,17161,16,0,19
7348,3043,15826,4,7,22
7349,12078,13438,134,6,10
7350,4572,4092,30,1,14
7351,13416,13544,104,6,49
7352,8804,2651,117,2,62
7353,22500,19864,70,4,88
7354,9813,23842,49,7,24
7355,16769,2223,102,9,54
7356,12801,15984,124,6,6
7357,17645,8566,3,5,19
7358,13626,9117,45,2,42
7359,15918,14896,23,7,62
7360,8351,3154,57,2,66
7361,8661,924,11,0,27
7362,6742,10517,87,5,37
7363,13807,3299,58,6,88
7364,4931,6193,72,2,33
7365,1125,21527,4,3,29
7366,3833,17949,96,8,74
7367,10962,5092,54,8,37
7368,6334,6090,84,9,24
7369,6638,2900,134,7,29
7370,4021,8459,125,8,42
7371,14669,12991,35,8,53
7372,237,21754,13,2,36
7373,875,8213,131,8,10
7374,21726,9119,35,8,48
7375,20251,17101,60,4,9
7376,22463,2932,135,9,51
7377,326,9426,97,5,72
7378,22464,11054,32,8,9
7379,13342,18268,61,4,33
7380,24608,22938,143,8,59
7381,3912,4159,17,3,19
7382,20016,1348,99,2,4
7383,1768,11872,19,9,66
7384,16321,18103,80,7,24
7385,14228,2518,6,9,83
7386,4457,7286,128,1,13
7387,19470,707,110,4,0
7388,20012,2888,40,2,71
7389,4854,12537,123,3,18
7390,1733,17832,96,1,78
7391,7637,1629,126,8,53
7392,11566,11253,102,8,66
7393,20366,18104,67,0,67
7394,7380,10326,34,4,61
7395,24261,5273,4,4,85
7396,15550,7176,143,8,19
7397,24265,6089,1,3,64
7398,13790,15136,115,6,77
7399,2977,2605,141,5,65
7400,4637,282,122,8,48
7401,15357,9505,63,8,27
7402,18338,17549,52,1,63
7403,7605,10368,80,7,21
7404,5484,24048,80,5,51
7405,21578,2190,141,7,8
7406,9813,18745,123,1,50
7407,11283,7143,25,2,84
7408,22228,9893,29,4,73
7409,21186,18593,54,6,22
7410,9380,24979,35,2,25
7411,3349,17940,12,3,4
7412,2790,6451,76,7,15
7413,11713,691,100,1,11
7414,18078,12314,110,1,66
7415,7892,2238,52,1,55
7416,16714,5665,129,8,58
7417,23716,24327,25,5,26
7418,16257,1716,44,3,65
7419,8272,1738,64,2,49
7420,13753,18652,118,5,84
7421,5875,3326,2,0,37
7422,11439,18356,66,4,58
7423,12164,1700,14,9,4
7424,16337,17972,96,9,76
7425,3155,18577,81,5,63
7426,16789,92,62,6,28
7427,14030,21890,142,2,66
7428,20297,23382,1,0,43
7429,22863,22001,78,7,2
7430,525,6113,23,6,73
7431,521,146,95,0,68
7432,7378,7185,4,7,59
7433,11245,24639,55,2,9
7434,3006,1088,118,3,87
7435,19787,22407,53,6,49
7436,14501,10720,21,5,10
7437,11130,10279,78,9,48
7438,383,6693,18,5,27
7439,10387,38,141,7,53
7440,24163,11869,149,6,27
7441,6672,3760,10,0,84
7442,22386,16024,41,8,78
7443,17450,9338,113,0,59
7444,23715,11688,128,1,48
7445,23874,3011,85,6,13
7446,14497,17441,13,9,67
7447,22832,7147,10,6,6
7448,6486,9711,2,0,2
7449,22605,9425,139,2,26
7450,8947,1594,40,5,26
7451,21318,6041,115,5,19
7452,10064,2668,69,1,15
7453,2916,5902,133,3,45
7454,17312,19373,142,9,65
7455,7315,2716,83,0,50
7456,6396,9386,10,1,6
7457,8756,1062,137,7,63
7458,23929,13726,93,0,39
7459,21214,17531,46,1,71
7460,4014,5846,21,6,10
7461,22710,10136,27,2,74
7462,7186,22653,32,1,68
7463,22138,7682,135,3,83
7464,6232,15760,79,6,60
7465,6846,5089,117,7,28
7466,23923,14903,75,0,39
7467,12611,3629,113,5,16
7468,2501,22856,126,3,6
7469,17994,23462,65,2,59
7470,12719,10700,30,0,53
7471,17559,21387,132,2,37
7472,15359,625,22,8,28
7473,4639,1224,72,2,18
7474,24120,4110,37,6,8
7475,19602,622,76,9,18
7476,16270,10457,35,3,64
7477,14738,17056,62,0,74
7478,20809,12033,49,6,19
7479,5156,8735,61,3,44
7480,11926,7379,35,6,48
7481,4175,4017,100,4,70
7482,19543,15680,137,3,20
7483,21217,3734,84,8,67
7484,17720,1783,134,7,12
7485,22763,8592,48,1,4
7486,10810,10380,132,2,79
7487,16792,2958,46,2,70
7488,4814,22041,111,3,39
7489,8335,13770,8,7,42
7490,11825,9783,90,8,51
7491,24466,5195,2,4,46
7492,21876,14510,7,0,27
7493,7165,22953,19,1,56
7494,6294,19819,143,1,29
7495,3469,3109,11,7,64
7496,19143,20039,129,4,46
7497,3202,17480,53,8,42
7498,221,11496,124,0,69
7499,8944,15407,105,6,3
7500,5605,10764,126,0,4
7501,226,12229,24,8,15
7502,12235,24096,136,7,46
7503,14230,11314,30,4,55
7504,14127,19091,148,2,7
7505,2167,15386,70,3,17
7506,18938,2675,42,8,1
7507,7597,3323,29,7,22
7508,9192,7776,46,4,71
7509,23823,7766,102,1,69
7510,23348,24350,3,4,72
7511,12509,11744,92,0,32
7512,23445,20645,5,4,71
7513,1859,24991,119,6,4
7514,20548,18784,39,6,32
7515,20709,13081,18,9,88
7516,8397,15751,112,3,33
7517,14292,17549,9,6,59
7518,21580,14696,33,2,0
7519,6839,16139,15,9,40
7520,5951,16968,66,7,32
7521,9312,768,143,1,46
7522,22048,5959,30,9,38
7523,4944,24930,100,4,32
7524,13187,384,22,8,0
7525,16921,20356,37,1,80
7526,7636,18305,90,0,47
7527,6851,18741,74,2,10
7528,23499,1452,114,2,32
7529,10798,18580,72,3,55
7530,7513,22561,51,2,42
7531,8284,4097,87,0,54
7532,2308,17276,65,0,7
7533,18654,1536,83,6,12
7534,4994,20109,67,0,26
7535,8392,2813,33,9,80
7536,8044,16112,71,1,69
7537,8383,1365,14,5,9
7538,5422,19038,105,5,67
7539,7538,22783,71,7,12
7540,4029,13523,87,7,75
7541,13198,5648,125,8,1
7542,23940,1748,32,0,44
7543,22322,13945,127,1,27
7544,9273,3716,0,8,24
7545,3313,21090,89,6,3
7546,17447,16712,67,2,87
7547,11400,11286,129,3,58
7548,11822,2999,132,0,39
7549,11572,11086,69,1,48
7550,8955,8732,118,0,24
7551,22419,8409,26,5,49
7552,20954,20454,48,0,11
7553,16082,4095,31,0,70
7554,11638,7431,16,9,20
7555,8243,11423,35,5,18
7556,15374,774,16,6,85
7557,3595,11596,61,9,0
7558,10029,14098,116,3,38
7559,11687,23324,14,5,31
7560,18663,1471,96,2,10
7561,22046,12474,141,7,0
7562,9493,19641,89,2,76
7563,20171,18378,127,5,83
7564,22019,8232,65,8,4
7565,9960,13863,75,9,24
7566,17131,23257,59,3,47
7567,3840,22246,5,5,33
7568,9401,11920,131,3,42
7569,8900,7266,8,1,63
7570,21462,20323,145,7,15
7571,19257,11427,3,7,62
7572,11253,8553,4,6,86
7573,22935,12031,91,7,63
7574,10290,10624,87,4,16
7575,1508,12840,67,1,58
7576,3577,17424,39,0,74
7577,13818,23941,125,7,39
7578,6799,13006,55,5,74
7579,19263,18241,78,9,0
7580,22292,15340,53,4,1
7581,14697,18998,31,8,77
7582,3241,11087,82,6,31
7583,20015,13919,71,7,61
7584,22022,12139,125,8,57
7585,22082,20664,35,7,49
7586,13406,13143,57,8,36
7587,21932,24523,23,7,28
7588,17694,15717,68,1,79
7589,23665,12910,73,5,7
7590,20258,4686,141,9,64
7591,4534,24374,40,1,51
7592,14621,6864,24,6,77
7593,13124,9707,24,0,29
7594,12298,9789,85,7,55
7595,8787,3670,67,2,18
7596,16736,6280,18,5,15
7597,18332,22367,19,1,62
7598,14394,23808,26,3,70
7599,5690,7726,38,7,4
7600,10469,22538,109,3,74
7601,18299,3614,43,2,70
7602,8105,13692,46,4,19
7603,20933,7997,78,7,59
7604,19791,2500,79,8,29
7605,4293,24586,61,8,30
7606,11264,7429,47,5,22
7607,18895,23646,107,7,15
7608,13687,19211,89,5,58
7609,24517,24260,107,9,60
7610,23801,45,118,4,35
7611,3858,1263,125,2,87
7612,18424,20657,25,8,48
7613,22119,15020,134,6,38
7614,8498,5208,72,9,12
7615,16835,17332,123,8,66
7616,6421,12111,54,3,63
7617,2290,16260,112,6,37
7618,14698,9678,62,5,21
7619,9511,1722,78,1,39
7620,11986,18872,17,5,16
7621,12467,1613,55,7,46
7622,16713,3263,118,1,17
7623,5456,18470,107,2,43
7624,16497,13858,82,0,38
7625,274,24326,102,7,20
7626,8681,13671,25,0,31
7627,21230,24948,100,3,31
7628,24376,24307,120,8,1
7629,5617,6949,124,7,32
7630,16618,24268,134,2,21
7631,13078,11670,30,2,33
7632,1077,1668,149,6,71
7633,6938,4526,62,2,32
7634,4275,4095,42,9,4
7635,19741,22880,75,8,54
7636,9300,6499,39,9,33
7637,15722,21041,129,6,36
7638,5081,16689,52,7,44
7639,13465,15930,107,5,54
7640,15894,22364,31,9,45
7641,15801,22228,128,2,4
7642,9292,21277,37,1,41
7643,16716,20058,44,1,68
7644,23934,22352,131,8,22
7645,24380,13006,72,5,20
7646,17432,3869,81,0,74
7647,2408,2711,40,8,28
7648,18453,18763,47,3,45
7649,6840,18272,138,5,67
7650,16451,12003,69,1,43
7651,20175,23873,135,0,20
7652,9997,15339,146,4,22
7653,3751,11643,132,2,54
7654,40,6861,122,8,59
7655,1546,5447,24,7,72
7656,1266,22248,136,9,57
7657,7723,11901,98,1,37
7658,4320,22094,65,7,38
7659,1349,6387,43,2,3
7660,7849,19473,24,8,23
7661,9719,15965,99,9,73
7662,9460,16331,139,4,63
7663,21068,20938,28,7,40
7664,19952,10503,139,5,23
7665,21859,21780,122,9,87
7666,18260,20111,127,8,58
7667,40,21680,54,7,35
7668,20152,2487,38,6,69
7669,18508,24315,139,9,12
7670,756,836,30,4,20
7671,16291,20739,117,2,70
7672,8264,20225,115,4,85
7673,16378,7861,14,0,31
7674,24786,23943,143,7,50
7675,9512,16936,146,6,41
7676,6517,21723,79,2,71
7677,21353,10300,55,9,52
7678,12368,19770,71,6,27
7679,11343,5779,141,5,84
7680,19208,24378,17,9,9
7681,1103,2822,7,5,6
7682,7676,7033,122,0,11
7683,13374,15457,54,5,87
7684,7027,12108,102,2,38
7685,15292,22488,112,5,78
7686,14463,13822,142,4,39
7687,1318,14003,17,0,45
7688,16569,3662,139,4,6
7689,13775,2938,13,3,36
7690,9144,5329,57,9,58
7691,10905,19236,102,2,39
7692,2748,18964,82,7,7
7693,4801,17992,146,2,6
7694,18729,362,37,8,74
7695,9664,5030,63,3,17
7696,19418,20377,46,8,49
7697,17291,24516,67,3,41
7698,11820,12957,148,3,51
7699,19628,6959,35,4,23
7700,15317,24122,1,3,28
7701,21808,15519,16,1,65
7702,3054,18250,114,9,4
7703,5535,22028,6,7,65
7704,23011,236,64,6,29
7705,10261,19523,102,7,44
7706,21980,1072,43,2,44
7707,19967,6025,145,4,3
7708,14909,7246,127,3,35
7709,6428,3086,78,4,37
7710,21149,6632,53,7,34
7711,17458,19475,65,9,55
7712,643,14353,90,4,69
7713,17645,17110,137,9,69
7714,23960,21360,135,8,20
7715,22614,19605,70,1,53
7716,8563,9119,4,4,62
7717,17738,6759,9,1,87
7718,3607,13836,89,2,47
7719,13869,8635,24,1,39
7720,1219,3767,135,6,38
7721,16066,24552,54,2,38
7722,15893,23758,118,3,10
7723,3400,6098,120,5,2
7724,4144,2858,29,8,28
7725,8977,19210,9,1,14
7726,21105,1774,108,5,10
7727,22612,12660,113,6,47
7728,3768,16535,43,1,46
7729,104,1574,138,9,67
7730,11206,9610,45,7,22
7731,10327,3308,44,7,71
7732,17850,19474,38,4,24
7733,7112,11140,4,9,44
7734,10338,8131,119,4,39
7735,19254,21533,127,6,69
7736,23732,5580,89,9,21
7737,11217,17606,8,2,50
7738,5371,12006,54,0,21
7739,23596,16408,139,9,2
7740,2330,9214,123,3,64
7741,5185,376,62,1,43
7742,24901,3036,134,9,11
7743,7571,8869,28,3,76
7744,23949,9524,135,4,60
7745,10590,3653,67,1,32
7746,14137,18308,86,9,39
7747,116,10014,28,7,72
7748,17569,11931,139,0,61
7749,22199,14662,75,1,43
7750,21994,10927,67,2,61
7751,22166,23183,147,3,36
7752,11844,10389,79,2,27
7753,21786,6754,113,4,18
7754,21591,19184,5,7,34
7755,12779,6139,85,6,24
7756,11267,15134,50,3,31
7757,8293,12421,87,4,70
7758,15404,6926,102,2,17
7759,9921,17816,96,1,60
7760,20173,10532,40,6,40
7761,3563,15631,92,9,39
7762,7674,11224,18,1,58
7763,11391,20471,76,8,53
7764,5294,2268,21,2,13
7765,8310,22552,59,7,12
7766,12313,4475,41,4,29
7767,24846,23687,49,4,53
7768,12513,18506,17,6,49
7769,11017,4641,7,7,85
7770,6774,2790,124,1,8
7771,6889,8265,6,4,23
7772,19635,1775,36,1,26
7773,3715,10471,104,8,69
7774,3432,4092,99,1,3
7775,2726,1365,39,7,83
7776,14377,20189,34,9,3
7777,19331,817,132,1,2
7778,12239,19514,89,0,70
7779,24109,7104,70,0,28
7780,5944,17053,134,7,79
7781,19567,4550,139,9,40
7782,16193,13163,102,2,11
7783,20325,8452,108,1,44
7784,8910,767,121,2,55
7785,16746,4853,62,9,31
7786,3899,2097,107,4,27
7787,21234,9131,41,7,83
7788,11605,4087,105,1,33
7789,17793,15307,133,3,57
7790,5082,9235,135,2,4
7791,13888,6256,136,6,75
7792,14415,2631,0,1,26
7793,963,20651,55,6,41
7794,17294,23380,38,4,85
7795,1655,18154,61,0,56
7796,19484,9996,141,4,24
7797,519,4781,16,6,84
7798,14387,20088,102,3,1
7799,1759,2762,50,0,4
7800,4708,1195,133,5,78
7801,17332,14928,14,1,79
7802,13293,1881,107,7,11
7803,4223,18249,111,7,54
7804,19502,1153,63,4,28
7805,10290,20540,30,2,2
7806,16101,21517,38,4,27
7807,12981,3669,4,4,13
7808,683,7258,28,7,46
7809,8056,8976,135,2,82
7810,585,1153,39,4,0
7811,2849,17890,110,4,16
7812,1951,23951,114,1,58
7813,22054,21891,63,9,63
7814,11166,15353,38,8,29
7815,15784,18190,0,3,71
7816,20736,22499,19,2,15
7817,17533,148,41,8,10
7818,2238,6308,54,0,58
7819,12077,16057,114,0,11
7820,22220,17248,14,7,60
7821,23704,12063,2,4,55
7822,13534,4166,3,9,42
7823,17408,14625,106,8,8
7824,11317,23398,145,2,1
7825,23588,960,139,3,63
7826,16927,23709,140,5,72
7827,14383,19477,18,7,84
7828,10459,23464,83,3,45
7829,14698,20761,102,8,49
7830,3463,22964,72,3,23
7831,9823,2008,113,7,4
7832,21660,462,66,2,50
7833,3137,9236,116,3,4
7834,793,5153,131,4,85
7835,16165,4004,76,3,40
7836,14953,23674,9,5,49
7837,11003,3063,45,0,22
7838,19023,10979,25,8,30
7839,7268,3238,41,9,58
7840,24229,10802,49,2,83
7841,21848,14698,96,3,34
7842,12178,17927,10,9,45
7843,17468,15128,41,9,55
7844,2921,21452,56,5,16
7845,10143,23993,44,9,48
7846,13979,16208,56,8,79
7847,20048,17833,40,4,55
7848,3236,20387,26,0,8
7849,5266,9622,103,2,4
7850,839,3919,145,5,49
7851,11814,21625,50,0,80
7852,9519,23961,68,4,17
7853,3521,19092,63,9,74
7854,7460,15749,121,9,9
7855,21550,6237,136,5,28
7856,17623,9988,62,0,79
7857,1453,5344,74,9,61
7858,16647,8741,143,1,14
7859,23173,18073,6,1,17
7860,21978,19943,99,6,35
7861,3020,22959,49,0,82
7862,23317,13017,62,0,15
7863,6961,10356,43,4,55
7864,4008,2884,139,5,55
7865,10956,15535,83,1,50
7866,2474,17504,113,2,58
7867,11632,11940,80,6,51
7868,22472,22691,148,9,13
7869,20383,6432,46,6,59
7870,10648,9680,116,1,49
7871,19097,6109,80,8,63
7872,3711,22598,99,9,44
7873,5103,11975,6,5,68
7874,18500,22072,51,8,3
7875,581,11257,78,3,14
7876,21829,9427,81,3,85
7877,17552,20249,100,5,18
7878,1503,5136,42,2,50
7879,23678,17531,139,9,48
7880,12773,21383,44,8,79
7881,15413,2097,15,3,12
7882,20782,8923,23,8,10
7883,4394,7107,133,2,36
7884,6546,14626,125,2,16
7885,12305,23580,91,0,21
7886,20346,17550,18,8,27
7887,1569,6795,38,1,0
7888,15047,2567,133,6,73
7889,10395,3539,17,1,78
7890,5532,9218,64,8,13
7891,4427,8108,115,2,41
7892,9451,14409,100,3,21
7893,2930,13603,27,2,69
7894,22450,11230,24,7,59
7895,18665,7023,120,4,13
7896,10290,7521,85,9,70
7897,7929,2825,17,7,0
7898,22224,7843,14,1,51
7899,3410,3760,104,4,76
7900,18131,4452,114,4,17
7901,7438,10115,34,3,83
7902,11596,11823,89,4,32
7903,18141,2706,109,7,75
7904,7453,8009,36,0,5
7905,18227,11905,22,3,67
7906,22722,1570,52,5,75
7907,2662,15915,121,7,26
7908,3220,21806,41,9,57
7909,15723,9444,96,2,76
7910,11319,1152,84,7,37
7911,6956,22851,47,7,39
7912,24827,5317,109,1,62
7913,1875,17354,44,2,53
7914,10707,12063,80,6,7
7915,17619,16476,113,5,88
7916,12957,22000,11,8,44
7917,20876,7464,92,4,41
7918,8794,476,6,0,32
7919,16557,4789,89,0,47
7920,234,15496,136,6,22
7921,10419,17641,110,7,75
7922,10714,8465,95,9,38
7923,16011,7448,14,9,65
7924,11715,8352,130,9,65
7925,3001,6756,65,4,78
7926,15212,8215,41,2,31
7927,11306,14032,77,0,84
7928,228,12188,49,4,21
7929,13696,9400,18,2,32
7930,11437,4070,74,8,20
7931,23029,19972,114,1,64
7932,16598,13071,148,9,24
7933,23415,22683,55,0,45
7934,14241,11176,115,0,69
7935,11228,14587,49,6,68
7936,19849,6192,92,7,37
7937,931,11801,37,9,7
7938,8687,15018,7,2,48
7939,8611,23997,39,2,27
7940,1131,11905,31,9,43
7941,17493,21148,117,9,73
7942,18921,12812,111,4,23
7943,12079,21502,122,3,55
7944,6208,23788,54,4,27
7945,18613,23829,43,0,51
7946,256,13211,33,5,12
7947,2585,2457,148,8,22
7948,23719,760,19,7,3
7949,9270,4471,49,4,50
7950,10365,21661,55,9,65
7951,15783,13998,22,3,18
7952,2987,21343,116,0,5
7953,13238,14123,79,8,88
7954,16903,11342,76,7,27
7955,3506,8774,6,8,38
7956,22731,23480,88,9,88
7957,16058,6479,79,4,64
7958,4652,8577,84,4,21
7959,22813,7026,28,7,11
7960,1367,9912,48,6,13
7961,17856,19451,29,9,33
7962,5418,1718,27,1,46
7963,3713,9271,83,2,47
7964,5759,20405,2,1,78
7965,23857,7004,77,7,69
7966,20527,17726,19,1,43
7967,10768,4268,7,2,8
7968,15086,10071,17,8,73
7969,8033,8441,48,8,59
7970,15280,6853,144,4,41
7971,8899,935,63,1,35
7972,15521,3940,115,0,10
7973,23555,18213,3,7,57
7974,21360,4508,49,1,22
7975,4827,17765,0,0,10
7976,11779,4533,34,5,20
7977,17148,16595,148,5,24
7978,16979,9637,113,1,31
7979,7868,13632,34,7,26
7980,22093,18158,22,3,23
7981,18540,15958,64,1,48
7982,2110,17095,26,0,67
7983,9674,24280,83,6,35
7984,18620,23103,108,1,9
7985,3541,13333,21,7,77
7986,7279,2219,4,0,80
7987,22618,1693,130,0,9
7988,21749,14509,110,5,42
7989,5125,23047,96,6,11
7990,9786,9008,100,8,57
7991,9011,22220,80,4,16
7992,569,18347,98,2,32
7993,18324,10537,74,7,57
7994,9049,17646,99,5,63
7995,18655,12589,47,2,22
7996,19870,18902,66,5,29
7997,23612,1818,102,6,2
7998,16468,13706,58,5,80
7999,8080,1175,6,7,53
8000,21932,8086,50,7,63
8001,10010,20434,138,0,76
8002,1538,9518,46,1,65
8003,9051,12378,101,3,20
8004,9786,18053,126,8,9
8005,15334,2974,82,1,6
8006,11301,12763,73,9,24
8007,24894,20419,104,6,27
8008,8476,12162,45,4,83
8009,4790,3877,110,2,33
8010,20939,15830,82,7,66
8011,11950,23795,142,4,5
8012,5910,2199,47,9,82
8013,14093,23107,60,2,44
8014,4908,10515,113,5,60
8015,11586,10784,52,4,35
8016,2451,10877,26,2,85
8017,8644,10681,114,8,81
8018,21532,20482,64,1,55
8019,17092,5499,27,3,40
8020,11049,630,131,5,30
8021,12392,20570,12,5,40
8022,10714,8853,58,7,29
8023,4167,16414,78,4,7
8024,16341,9332,62,5,5
8025,5151,826,43,7,5
8026,7070,13484,114,3,51
8027,23852,7730,11,2,5
8028,435,280,44,8,60
8029,7628,17087,139,1,86
8030,17937,15891,104,2,68
8031,20667,20452,31,2,4
8032,7346,2399,52,9,1
8033,11382,1774,63,2,52
8034,9284,5817,30,0,4
8035,19958,6490,145,3,66
8036,9914,12263,133,3,59
8037,18000,22412,130,6,77
8038,21832,14967,140,0,14
8039,19129,2036,60,8,8
8040,11172,14854,69,8,34
8041,16953,2750,11,2,5
8042,8398,6953,134,6,49
8043,2918,22379,131,4,39
8044,14285,3287,95,9,63
8045,6741,15566,139,0,60
8046,853,5861,117,5,37
8047,555,2865,124,5,55
8048,18368,21320,70,7,33
8049,13866,8894,42,6,22
8050,4645,1364,29,3,2
8051,2000,4319,104,0,4
8052,10675,23791,50,3,87
8053,4812,22575,146,0,80
8054,7620,7881,96,7,32
8055,4460,24209,28,0,41
8056,309,4184,44,8,80
8057,6329,5239,148,2,24
8058,4275,15331,120,3,74
8059,9635,15742,66,1,65
8060,2920,9745,105,6,35
8061,11241,16763,22,6,6
8062,14885,8985,75,5,85
8063,24953,12571,17,6,22
8064,15438,13797,44,1,89
8065,14612,15789,25,1,61
8066,11695,12607,16,2,77
8067,12094,18492,18,5,44
8068,15832,6993,104,7,83
8069,22168,15552,122,8,5
8070,11580,16184,16,4,0
8071,9751,4731,139,6,24
8072,10663,14444,134,8,28
8073,18501,13153,110,4,25
8074,20467,927,130,6,87
8075,17201,16186,126,9,46
8076,14991,8390,52,4,82
8077,11985,4445,39,6,13
8078,17177,18683,109,2,41
8079,13325,12898,22,3,38
8080,20691,16566,5,6,59
8081,10623,22902,32,1,5
8082,23506,22678,149,4,48
8083,17589,12226,108,7,23
8084,15457,3673,131,6,22
8085,2190,10997,114,3,36
8086,8309,16747,35,3,75
8087,14927,1127,36,5,44
8088,236,7635,83,7,7
8089,18825,24932,57,8,65
8090,2369,15097,31,2,3
8091,16875,3009,98,6,52
8092,7488,6105,142,2,88
8093,14901,14386,113,0,34
8094,11551,1106,147,9,10
8095,21022,1865,97,1,19
8096,17657,11970,21,8,86
8097,17537,8776,117,3,48
8098,2285,11313,135,1,11
8099,10667,8725,8,9,1
8100,17672,12295,66,7,43
8101,21244,17690,42,1,24
8102,23352,14204,146,5,40
8103,17445,4005,12,4,16
8104,21018,1022,117,6,69
8105,1528,13884,93,6,88
8106,6226,21074,38,6,22
8107,1695,2762,27,9,2
8108,393,3425,86,0,55
8109,8619,3351,108,4,85
8110,7655,15110,106,0,47
8111,16751,8647,98,5,89
8112,4928,15292,24,5,46
8113,3514,20392,63,3,14
8114,1155,16056,92,0,70
8115,394,16602,111,9,16
8116,15792,23940,118,2,35
8117,23305,10721,33,8,37
8118,17133,13681,43,8,9
8119,14464,1590,74,2,26
8120,20342,16504,52,2,45
8121,16345,9349,115,2,17
8122,6778,12215,120,1,88
8123,11030,11062,97,0,44
8124,9534,8118,6,0,69
8125,1045,21230,14,8,55
8126,12356,1114,42,0,13
8127,24568,18701,37,9,73
8128,18477,15631,77,0,13
8129,7744,17582,143,7,12
8130,7267,382,124,8,48
8131,22727,12402,94,7,37
8132,12161,4635,23,3,79
8133,20960,19879,120,1,20
8134,14574,23749,51,0,29
8135,11726,12416,0,8,39
8136,21731,21939,7,6,36
8137,21994,24239,29,2,82
8138,16302,19859,37,6,80
8139,20510,14597,89,1,21
8140,18777,3735,88,5,16
8141,4925,5158,108,7,61
8142,12136,9819,39,9,65
8143,23564,24346,20,2,26
8144,24916,16356,4,5,66
8145,695,6632,64,8,3
8146,22878,341,58,5,56
8147,5997,14071,126,4,4
8148,14042,1032,2,2,89
8149,10316,14376,113,8,62
8150,20881,23526,109,7,42
8151,19242,1736,103,9,66
8152,5670,7061,61,8,40
8153,18952,12702,93,0,82
8154,12366,16274,133,5,6
8155,13949,18925,32,5,39
8156,15957,4828,121,2,5
8157,6833,11326,62,5,3
8158,4039,6363,33,7,33
8159,21330,15946,133,9,50
8160,11217,1210,71,8,86
8161,1277,24361,11,8,34
8162,8420,1064,35,2,14
8163,7576,22753,4,7,29
8164,15573,19914,93,8,37
8165,173,10488,123,2,84
8166,830,23213,65,7,79
8167,14747,2830,95,0,61
8168,11601,23698,119,9,68
8169,2049,22146,9,2,48
8170,13632,3392,142,8,65
8171,12239,12619,114,2,82
8172,16301,6355,91,3,6
8173,22284,9885,21,8,66
8174,11367,58,144,6,81
8175,15686,19475,23,1,10
8176,9322,13289,61,6,54
8177,10241,1853,83,6,71
8178,777,11342,118,9,82
8179,20353,17592,46,1,38
8180,3731,2519,73,2,82
8181,6562,21056,61,7,60
8182,8274,16969,50,9,43
8183,5974,20882,58,4,44
8184,12040,2241,30,6,67
8185,4938,20888,32,1,38
8186,17579,16708,124,2,70
8187,339,21453,129,6,22
8188,5955,24846,61,8,82
8189,20866,23092,97,4,84
8190,19795,9462,132,4,68
8191,8266,12942,72,7,34
8192,12381,12864,88,0,0
8193,24993,474,13,7,77
8194,3462,23675,24,3,86
8195,15116,11829,104,1,40
8196,1225,24069,52,0,13
8197,4856,19269,109,6,36
8198,2290,8965,137,9,88
8199,24440,13586,20,0,20
8200,20925,15038,7,7,7
8201,14316,21866,96,6,77
8202,18846,4693,50,1,55
8203,14674,7603,78,2,61
8204,12066,11545,88,0,35
8205,23568,3326,17,3,83
8206,6319,16765,147,4,35
8207,19478,18746,99,0,52
8208,20482,20410,91,8,42
8209,8321,9830,141,8,0
8210,16677,10110,138,2,61
8211,17255,24014,126,3,88
8212,11295,24425,27,7,41
8213,14469,8043,4,4,75
8214,2611,7272,70,7,43
8215,8063,12970,130,0,57
8216,2070,22320,91,5,86
8217,20566,6558,36,7,84
8218,4254,2902,67,6,85
8219,16318,10514,57,7,64
8220,18275,4568,113,8,13
8221,5735,14172,10,4,25
8222,3502,11376,3,5,27
8223,17391,4937,67,0,83
8224,9045,5081,89,8,77
8225,21539,443,72,0,54
8226,19873,23184,76,3,60
8227,1993,4107,78,8,45
8228,16997,18353,106,3,14
8229,3643,10431,8,0,66
8230,14362,4617,17,5,43
8231,8962,17980,137,4,77
8232,11648,5680,37,6,18
8233,12332,12082,9,3,46
8234,2964,6847,134,3,35
8235,12782,11454,78,5,17
8236,1413,17441,138,1,66
8237,16619,20849,42,1,31
8238,12057,4611,137,7,8
8239,16658,20161,132,5,12
8240,5604,23588,82,6,26
8241,1720,18554,71,2,84
8242,5200,21268,50,3,37
8243,13874,24,138,0,86
8244,22163,7005,129,7,82
8245,19056,2422,61,4,65
8246,14695,6272,144,8,19
8247,1438,20258,9,6,51
8248,2121,24453,11,6,37
8249,21378,8297,123,2,33
8250,19159,10428,35,0,35
8251,8746,22187,44,3,14
8252,14365,7820,80,7,29
8253,19013,17867,95,5,55
8254,12621,11222,148,0,16
8255,2299,22397,87,5,8
8256,21711,9431,84,4,67
8257,23937,6952,132,5,21
8258,16343,7870,95,4,6
8259,19958,6801,53,8,56
8260,5965,5869,14,6,44
8261,15977,20090,18,1,0
8262,18891,19624,72,8,20
8263,16972,74,115,3,67
8264,21919,267,138,0,74
8265,13076,22458,61,9,82
8266,11081,14314,47,9,28
8267,11597,8902,94,5,10
8268,14597,19828,65,1,50
8269,15973,24136,5,5,82
8270,9182,9871,32,8,63
8271,16485,8064,50,2,32
8272,9015,7371,66,7,48
8273,5920,22767,3,9,22
8274,17758,22812,6,9,17
8275,13815,20394,40,7,70
8276,23207,22772,118,8,5
8277,16645,3218,71,4,25
8278,14695,7164,138,7,35
8279,5759,15076,118,7,26
8280,3205,21998,4,4,48
8281,17796,13277,75,9,69
8282,17157,19619,127,0,46
8283,18438,24158,83,0,77
8284,22750,10945,142,6,40
8285,3819,24953,64,7,0
8286,24998,3775,126,6,21
8287,1778,3794,33,7,19
8288,24939,880,86,1,55
8289,13320,13209,89,7,2
8290,15561,1691,81,7,29
8291,7558,6644,133,5,72
8292,15441,15245,38,1,72
8293,13420,23780,86,3,16
8294,23213,6677,118,8,84
8295,7835,23047,69,7,31
8296,8658,4308,43,8,83
8297,5061,11657,17,1,77
8298,22650,16401,117,7,48
8299,14086,14761,126,3,13
8300,12500,8707,43,3,31
8301,16730,666,144,3,29
8302,13310,11081,54,0,87
8303,154,11302,35,1,58
8304,9904,4370,55,5,28
8305,8061,24261,59,0,87
8306,21160,11558,2,0,59
8307,6404,487,113,2,89
8308,20400,16532,45,6,58
8309,14292,9436,59,4,24
8310,14643,20380,32,6,5
8311,10638,13694,105,6,22
8312,21134,20786,80,7,1
8313,13564,21913,25,4,66
8314,11266,9038,140,0,56
8315,19912,2337,29,1,19
8316,16002,4248,7,9,34
8317,10881,16552,67,4,70
8318,16476,18180,88,6,56
8319,6805,15993,78,7,56
8320,15824,24941,33,3,40
8321,9147,11438,111,9,44
8322,21356,14955,123,3,45
8323,9363,5843,49,5,49
8324,22,983,110,1,42
8325,13253,24496,142,9,67
8326,22,8454,3,9,61
8327,16397,4069,27,9,3
8328,13908,12598,40,8,47
8329,20099,8079,4,5,22
8330,18873,8529,142,8,79
8331,466,2703,123,5,7
8332,1230,4891,32,3,88
8333,12773,22344,68,0,12
8334,21775,18655,37,8,42
8335,9749,22656,143,8,77
8336,11793,18855,64,2,38
8337,13159,11771,70,6,77
8338,14105,4778,149,8,14
8339,16203,15121,93,8,38
8340,12459,368,90,8,2
8341,5682,12823,52,2,43
8342,19267,11620,123,6,60
8343,8990,19245,75,5,74
8344,15821,17338,3,6,60
8345,24839,21431,10,6,89
8346,21070,119,114,4,69
8347,12913,10930,144,1,0
8348,18227,13404,136,6,54
8349,14610,10129,142,6,59
8350,24276,15718,132,7,84
8351,1616,4067,70,9,25
8352,21449,18533,30,9,33
8353,18742,157,67,5,59
8354,9567,22108,41,4,71
8355,665,281,31,7,50
8356,23117,20880,1,7,56
8357,22738,6686,121,3,71
8358,7618,3456,6,5,25
8359,6431,20781,145,9,32
8360,10516,11676,129,5,33
8361,11706,22693,101,8,42
8362,17183,10305,11,5,37
8363,9683,11502,6,6,66
8364,24138,2191,139,1,15
8365,18687,21721,77,0,73
8366,13548,11469,23,6,36
8367,3928,5635,96,1,45
8368,7060,12798,51,9,26
8369,3990,2102,73,6,30
8370,13659,21023,27,6,16
8371,15600,21937,64,3,24
8372,18295,15113,37,5,21
8373,20851,8347,39,1,62
8374,7484,722,101,7,46
8375,8573,18352,130,4,53
8376,20766,18719,92,7,76
8377,19300,8050,69,7,6
8378,19308,17252,61,3,8
8379,15075,7646,3,2,19
8380,11608,18606,105,9,31
8381,5488,5290,78,8,78
8382,22105,2748,109,4,45
8383,10499,20385,26,8,29
8384,22292,15868,25,2,79
8385,14105,485,119,6,35
8386,2341,452,26,5,58
8387,6417,1103,79,1,53
8388,2843,12750,31,0,15
8389,14233,2354,107,8,3
8390,17476,14628,19,3,41
8391,20033,15810,124,1,48
8392,13849,20147,140,9,61
8393,24210,16879,100,6,55
8394,3369,5745,100,3,42
8395,169,865,34,6,25
8396,2408,11336,38,8,51
8397,21709,9777,132,3,70
8398,1666,14605,8,2,42
8399,20229,20055,5,7,65
8400,3102,4674,40,7,82
8401,2585,11521,110,8,69
8402,9269,21878,93,2,74
8403,19699,17267,92,3,5
8404,23128,23597,21,1,9
8405,19507,13331,84,9,37
8406,8770,20153,125,4,0
8407,14066,14461,145,5,43
8408,3387,15289,62,7,85
8409,19632,4159,45,8,63
8410,5932,7177,38,7,23
8411,3377,20791,145,2,61
8412,10143,11813,69,9,28
8413,10374,4494,67,9,78
8414,5661,10774,112,2,44
8415,7556,7244,134,5,44
8416,15374,16304,96,5,48
8417,20981,5276,101,3,58
8418,23821,2797,73,2,38
8419,18913,20027,62,1,66
8420,16385,7168,77,3,26
8421,16053,8509,77,7,7
8422,14231,9000,136,7,37
8423,18113,16994,120,6,31
8424,6049,2373,27,9,2
8425,4629,15253,39,2,83
8426,14491,21820,134,9,52
8427,22996,18817,47,5,48
8428,3057,2240,118,9,72
8429,7316,22945,58,1,22
8430,12726,17945,13,6,6
8431,7433,21364,80,6,88
8432,447,3884,148,2,87
8433,18205,21400,128,8,88
8434,14162,6762,104,8,31
8435,3151,17800,1,9,75
8436,21930,11038,92,1,43
8437,22815,3406,90,8,6
8438,240,3038,37,5,59
8439,10576,14089,19,7,20
8440,11086,5336,100,2,3
8441,13680,13313,113,3,2
8442,17264,2964,120,4,25
8443,22451,16165,16,2,8
8444,16761,16670,15,3,40
8445,23142,5180,46,6,68
8446,11801,4736,1,0,69
8447,21483,21871,120,9,86
8448,18306,12398,23,7,43
8449,18810,8632,90,1,9
8450,17803,3418,67,9,58
8451,18447,17140,9,1,61
8452,13852,18406,21,5,0
8453,22895,22470,81,2,0
8454,139,11096,105,0,27
8455,5201,24167,53,1,2
8456,2088,13187,28,8,43
8457,21978,10752,19,1,0
8458,3680,16683,138,9,18
8459,20148,13793,96,5,23
8460,5527,16729,127,8,15
8461,1172,19768,80,3,11
8462,23324,9286,88,3,87
8463,2432,13339,126,5,80
8464,7271,7266,68,3,34
8465,3975,20573,105,9,81
8466,7964,20370,75,5,75
8467,23251,6328,145,3,77
8468,12755,18209,16,6,58
8469,17773,49,124,9,1
8470,2034,23229,91,2,41
8471,237,2631,82,6,7
8472,15707,9546,16,7,65
8473,21465,8704,13,8,47
8474,21859,7098,34,7,27
8475,4493,19830,72,6,63
8476,12446,8586,6,6,69
8477,6015,17534,115,2,53
8478,3780,9739,24,5,87
8479,18658,20643,70,9,72
8480,21793,486,47,4,70
8481,22060,10172,23,4,8
8482,23633,22391,146,5,3
8483,14455,9755,99,1,57
8484,14441,17166,137,8,72
8485,17032,18115,71,8,3
8486,816,19188,51,3,0
8487,16433,23890,33,7,9
8488,21813,10619,31,2,56
8489,5891,16883,53,3,66
8490,22946,3959,7,0,72
8491,4880,7067,83,0,46
8492,1277,18178,20,9,83
8493,10981,6314,76,2,75
8494,8375,22363,25,8,39
8495,12218,8245,99,7,46
8496,15809,12180,85,4,78
8497,13834,3147,42,8,88
8498,21395,17073,10,9,32
8499,537,15052,78,7,3
8500,18887,21242,148,6,5
8501,21580,2200,3,7,70
8502,23152,1422,64,0,20
8503,12085,17995,12,5,26
8504,21354,8305,54,2,37
8505,24832,13673,14,7,72
8506,8786,24020,40,2,37
8507,23252,22372,108,4,57
8508,23056,2161,76,3,28
8509,9282,6368,26,6,23
8510,981,12915,132,6,15
8511,14530,4019,18,8,89
8512,18584,15771,148,2,38
8513,20504,3244,105,5,46
8514,16110,18413,50,8,50
8515,7918,21335,91,5,65
8516,21418,15702,16,1,35
8517,23036,22063,22,8,55
8518,5834,24972,118,1,26
8519,11850,20328,81,1,10
8520,2351,7780,47,5,49
8521,21818,644,38,2,31
8522,4139,11725,65,6,47
8523,11636,22933,125,2,27
8524,24046,18278,25,2,13
8525,4619,21932,144,9,4
8526,20925,21230,71,9,3
8527,20203,22614,149,3,84
8528,18141,421,2,7,23
8529,14343,19882,133,4,61
8530,3340,1680,122,2,9
8531,2513,214,13,7,86
8532,24999,22753,80,0,73
8533,15373,24703,96,8,73
8534,5754,13134,110,5,64
8535,16318,24842,123,3,86
8536,22171,9552,59,5,49
8537,24219,9178,137,1,59
8538,13321,15310,38,3,30
8539,21188,2986,20,7,25
8540,16392,24997,32,5,9
8541,7910,9891,119,2,68
8542,19959,21601,115,1,1
8543,14102,23941,12,0,89
8544,6009,24102,35,0,63
8545,19667,20235,12,9,67
8546,16002,15986,129,3,45
8547,300,23336,129,8,34
8548,2319,15674,92,4,18
8549,9381,3453,29,5,80
8550,12838,6837,33,2,36
8551,2546,12614,38,7,62
8552,18964,10065,55,3,72
8553,15307,17512,118,7,10
8554,16745,16549,62,0,88
8555,2020,6539,51,4,3
8556,21576,21937,139,4,59
8557,18219,5545,15,6,47
8558,4664,13584,45,3,89
8559,14301,9991,119,6,7
8560,10569,6305,91,2,87
8561,20898,15149,15,0,35
8562,5513,16167,74,7,17
8563,10908,24227,108,2,49
8564,13671,22610,1,7,33
8565,7142,18478,108,8,71
8566,5688,22006,141,9,82
8567,15916,6442,88,9,72
8568,18780,3267,147,6,0
8569,20787,23456,95,9,70
8570,23762,24413,85,6,40
8571,4932,7037,141,5,18
8572,1847,22943,80,2,1
8573,10547,18553,107,1,81
8574,21832,13411,73,2,2
8575,8526,16681,85,3,3
8576,9226,12868,144,6,62
8577,4749,12543,135,3,76
8578,24263,14026,137,5,61
8579,15463,15764,98,3,0
8580,1621,24026,149,9,30
8581,12129,18013,43,7,18
8582,8719,15610,85,7,9
8583,19286,18861,38,1,16
8584,8376,5474,25,1,63
8585,21361,11609,117,3,50
8586,6645,3573,39,7,6
8587,16220,6817,44,4,30
8588,21588,24329,39,9,11
8589,2137,3977,29,3,62
8590,21292,1344,51,9,83
8591,13587,11186,143,3,67
8592,16045,20687,117,6,6
8593,2803,19035,105,2,9
8594,2090,6401,55,1,64
8595,5185,24872,118,0,85
8596,24623,21959,93,4,40
8597,16886,8906,40,0,87
8598,9634,2904,134,9,42
8599,558,23331,34,4,5
8600,1505,11175,117,5,33
8601,9698,8201,10,7,83
8602,17380,20530,30,8,31
8603,4107,7971,57,0,29
8604,8261,11300,29,0,5
8605,1961,5574,29,7,49
8606,1464,1193,85,4,85
8607,7018,11129,137,7,62
8608,21391,21910,1,0,72
8609,23049,2671,97,2,11
8610,16518,16918,144,2,38
8611,18911,13770,95,7,76
8612,5602,20488,0,3,43
8613,16998,24693,107,3,39
8614,1308,20321,57,2,47
8615,11043,1633,44,1,46
8616,24884,9882,114,0,11
8617,17855,4730,58,3,45
8618,10760,7769,37,5,59
8619,22429,1247,59,0,73
8620,4865,18002,67,9,75
8621,19114,6970,76,4,68
8622,19091,4750,2,2,49
8623,133,18825,28,0,61
8624,12859,6727,95,2,78
8625,6201,22707,29,4,72
8626,3751,13329,40,1,67
8627,24136,23469,67,9,48
8628,18375,15958,143,1,71
8629,767,949,23,5,61
8630,13350,4578,45,2,30
8631,1381,19176,28,9,35
8632,6810,14249,12,9,47
8633,2082,6064,103,1,12
8634,11479,21091,90,1,27
8635,17557,23550,103,6,45
8636,5793,5049,92,6,45
8637,18452,4713,65,7,10
8638,5526,16690,106,2,73
8639,19800,13314,9,7,22
8640,17509,10805,15,9,24
8641,4034,7494,4,2,27
8642,9275,18129,74,5,72
8643,22942,9725,37,4,46
8644,23394,9441,99,5,71
8645,17971,3661,95,7,38
8646,3587,4859,83,3,21
8647,9667,12219,29,7,31
8648,7955,3686,85,5,2
8649,17992,3958,113,2,53
8650,21910,4358,26,4,77
8651,5972,16083,102,0,50
8652,10779,24306,80,3,38
8653,10051,14036,60,0,48
8654,2043,23675,44,6,22
8655,9905,1633,143,2,68
8656,24531,13320,129,6,23
8657,4085,5183,145,7,43
8658,16013,4884,13,6,31
8659,23424,1930,123,9,50
8660,19265,24094,56,6,25
8661,14401,8644,89,3,21
8662,21750,7327,105,2,44
8663,20338,17995,145,0,82
8664,23090,4173,31,9,28
8665,11158,6967,45,7,51
8666,4153,7830,120,7,80
8667,2346,23592,68,0,66
8668,11414,22857,147,4,44
8669,8330,22447,108,5,87
8670,16532,16595,49,0,10
8671,17529,18142,115,1,84
8672,1357,14532,145,9,34
8673,3513,19798,21,5,51
8674,5044,23779,132,2,2
8675,6939,2803,127,0,49
8676,18887,956,48,5,7
8677,24886,18073,73,0,45
8678,8922,4883,32,4,62
8679,16529,11112,40,5,48
8680,7789,17507,135,4,36
8681,12209,15554,10,2,43
8682,13797,2067,76,8,42
8683,15513,19366,85,4,74
8684,24217,16547,124,1,54
8685,11934,20099,87,4,11
8686,8828,14681,94,5,15
8687,20910,14157,61,1,80
8688,15504,15477,148,9,38
8689,2000,21635,122,4,43
8690,9436,11389,25,8,0
8691,4443,4870,79,6,5
8692,1859,13089,140,7,4
8693,22980,15727,75,9,26
8694,13664,18858,130,9,82
8695,911,2372,147,4,56
8696,13695,651,5,6,87
8697,19836,9439,3,4,52
8698,24709,12847,22,7,31
8699,1770,15712,4,9,36
8700,13170,19394,139,3,41
8701,21331,13758,59,0,60
8702,4627,6453,95,1,4
8703,2071,16750,92,0,80
8704,567,24300,107,3,55
8705,5431,22641,140,2,71
8706,6201,220,136,7,0
8707,18373,24305,72,9,78
8708,8896,13895,21,8,35
8709,863,3407,81,2,56
8710,12502,17382,41,7,14
8711,10409,9348,135,4,35
8712,6134,252,20,8,31
8713,12302,5324,78,8,71
8714,12559,15562,64,8,23
8715,17286,13458,26,4,82
8716,5838,799,145,2,6
8717,19191,5724,77,9,83
8718,8381,5429,44,7,59
8719,21536,4560,73,3,57
8720,21549,4611,48,5,9
8721,15110,17764,48,8,73
8722,6534,12331,95,4,20
8723,10470,13559,132,2,40
8724,6693,8152,64,7,65
8725,624,11042,22,9,24
8726,20742,18507,110,9,75
8727,20737,24397,42,3,11
8728,15695,6349,47,8,30
8729,5246,4857,11,5,38
8730,20967,5401,111,8,54
8731,3384,5090,135,3,49
8732,4243,4871,138,9,51
8733,9635,11085,106,2,59
8734,2489,13119,84,1,27
8735,4506,475,108,8,60
8736,5427,16545,96,8,44
8737,7077,24355,73,2,46
8738,17335,5075,17,8,30
8739,12920,24567,58,2,17
8740,8890,14965,33,9,48
8741,1724,7803,142,0,57
8742,7795,21965,59,8,43
8743,23361,2945,84,9,72
8744,8117,2510,86,7,0
8745,12826,2620,55,4,76
8746,19746,12096,31,7,72
8747,41,8880,72,9,22
8748,24071,14257,132,6,81
8749,20865,19199,58,8,85
8750,9313,24327,36,2,4
8751,8546,16297,25,2,66
8752,17743,8412,147,6,24
8753,7033,21811,145,5,85
8754,10926,10451,97,1,57
8755,20890,10310,83,7,83
8756,20377,7343,122,8,83
8757,2826,11614,141,9,49
8758,16458,19166,91,9,15
8759,8778,19965,141,9,88
8760,17116,16811,25,9,77
8761,4702,3363,149,3,68
8762,14320,24611,87,9,17
8763,3363,23939,117,7,64
8764,9524,18607,39,7,44
8765,2971,8123,128,7,56
8766,22345,3799,104,9,41
8767,16970,3110,142,4,34
8768,13372,238,88,1,3
8769,11250,14418,110,2,40
8770,23573,12240,80,5,79
8771,223,21146,120,9,17
8772,6840,16473,17,8,0
8773,17850,23576,28,8,87
8774,6163,1223,6,1,61
8775,3665,4947,130,2,29
8776,7069,11377,142,8,47
8777,15748,24885,129,6,74
8778,7497,19527,106,6,24
8779,11283,14017,35,5,55
8780,19586,14475,110,5,26
8781,16018,18786,52,1,43
8782,18114,11428,70,8,53
8783,9499,10569,47,0,29
8784,511,8070,31,6,22
8785,19683,11143,119,1,77
8786,20532,14429,30,9,84
8787,23055,6952,87,1,39
8788,1332,7948,129,5,38
8789,2880,10142,10,0,37
8790,18941,11602,113,4,80
8791,12281,18831,130,1,8
8792,7246,20677,118,1,65
8793,21889,24545,83,7,79
8794,6405,17537,74,6,14
8795,10425,20917,27,3,52
8796,12249,8759,25,9,34
8797,18030,17011,60,2,22
8798,5472,12012,57,8,79
8799,21836,5744,87,7,65
8800,18301,4953,12,8,64
8801,21725,11576,19,6,72
8802,1812,10758,30,7,11
8803,1394,14339,89,5,28
8804,22121,10926,127,4,89
8805,1328,7086,115,6,69
8806,14571,9094,65,4,52
8807,7986,11273,113,6,51
8808,1867,24624,90,7,42
8809,6238,24972,130,3,66
8810,13725,22852,89,6,61
8811,12232,24065,88,4,86
8812,13804,14121,128,2,10
8813,11834,13851,0,6,67
8814,4700,19624,56,7,6
8815,15612,10156,71,4,44
8816,8234,22549,140,3,7
8817,14396,23720,131,7,24
8818,21239,20000,69,1,22
8819,22592,24321,126,9,79
8820,6699,15158,119,5,21
8821,4984,17154,12,3,72
8822,12606,17304,76,6,52
8823,4262,7245,57,0,80
8824,232,2224,41,6,71
8825,3931,16193,133,9,1
8826,6003,6757,15,9,55
8827,5830,13572,58,4,10
8828,434,19579,22,1,17
8829,18296,14345,39,2,30
8830,3229,6246,31,6,44
8831,24359,17405,2,5,17
8832,8520,4274,5,3,28
8833,82,10542,131,8,28
8834,11408,22473,147,3,63
8835,6651,20420,100,8,89
8836,4183,19560,132,0,43
8837,21134,19310,141,1,48
8838,19143,4995,2,3,22
8839,23459,4638,18,2,60
8840,11568,12992,93,3,29
8841,24410,5948,65,9,88
8842,24646,11541,142,6,83
8843,683,10168,54,4,5
8844,20917,67,94,5,7
8845,6852,19112,32,1,85
8846,20875,15036,67,6,36
8847,23576,18220,102,7,21
8848,6238,24726,137,3,53
8849,22921,3802,0,4,33
8850,318,8957,96,1,10
8851,3142,24846,58,8,79
8852,23157,9602,93,0,43
8853,18381,13951,60,7,42
8854,18276,3755,8,6,45
8855,8648,22951,41,4,35
8856,5760,837,97,4,15
8857,14665,15710,115,7,56
8858,4280,15433,109,1,3
8859,17443,14815,146,3,25
8860,3539,9986,29,1,75
8861,5058,24174,82,4,31
8862,6232,23267,62,4,6
8863,10870,14284,80,3,20
8864,17850,7968,73,7,17
8865,14986,21408,6,0,44
8866,4941,21313,116,7,42
8867,1850,24055,103,6,64
8868,15968,21067,136,9,74
8869,9140,10229,82,0,89
8870,22615,24877,119,4,54
8871,22554,18745,111,5,18
8872,1701,10915,2,1,8
8873,9126,13713,21,4,0
8874,14478,22633,68,4,75
8875,13005,6465,70,5,51
8876,17136,13616,122,7,46
8877,614,24445,104,3,35
8878,2777,6823,45,7,44
8879,22967,18371,98,1,79
8880,20813,388,109,7,69
8881,10928,24340,103,5,50
8882,8104,4481,148,3,47
8883,21867,3399,78,2,46
8884,5679,10022,93,3,7
8885,21943,24562,141,1,50
8886,2810,94,29,1,77
8887,14403,22323,3,6,89
8888,16836,22834,90,1,9
8889,23596,8647,23,3,74
8890,8780,18263,77,7,87
8891,10199,11536,131,2,68
8892,23620,24341,139,6,62
8893,19746,20789,4,6,79
8894,21584,17594,112,0,81
8895,18290,15553,99,1,67
8896,6296,18546,138,1,23
8897,4011,18878,125,5,56
8898,17150,12433,109,9,56
8899,10100,8740,16,9,11
8900,6052,5681,6,8,43
8901,22772,14914,135,6,82
8902,724,10071,25,8,22
8903,10137,5307,66,3,75
8904,24308,6092,85,4,37
8905,10662,3443,145,5,4
8906,24342,23227,72,8,6
8907,15837,16290,92,4,1
8908,21347,23889,119,2,10
8909,20526,24316,96,2,23
8910,6491,14453,44,4,41
8911,14977,7483,6,0,71
8912,14185,21146,96,8,49
8913,7836,8764,68,6,4
8914,10645,7661,73,3,13
8915,10406,3261,111,5,76
8916,16925,5618,7,7,50
8917,19732,4137,0,0,44
8918,9062,984,122,4,59
8919,5447,9677,39,3,65
8920,19361,560,144,6,62
8921,8909,23381,29,4,64
8922,20425,17081,20,7,68
8923,2704,22053,53,9,35
8924,9607,24465,84,7,45
8925,9640,1832,72,1,87
8926,873,15577,139,9,47
8927,1597,22154,93,5,80
8928,6597,15008,65,3,44
8929,10036,15759,95,5,23
8930,12,3437,130,2,1
8931,2354,19997,94,4,58
8932,22926,5103,28,8,38
8933,4987,5567,111,9,38
8934,14508,17882,77,4,31
8935,21659,7779,95,9,12
8936,19633,21074,140,0,47
8937,21814,3170,145,0,17
8938,22602,1730,149,9,62
8939,8518,15322,62,1,62
8940,22740,14014,63,7,1
8941,15727,6234,30,5,22
8942,22577,17600,109,3,70
8943,6424,21559,55,9,83
8944,22981,4130,4,0,76
8945,9011,6399,7,3,10
8946,23348,17464,13,5,39
8947,5191,18375,73,4,56
8948,1402,22934,140,0,26
8949,10540,23782,2,0,32
8950,5362,10211,9,5,16
8951,17689,19588,102,7,53
8952,4988,18785,27,8,57
8953,21626,6496,84,6,18
8954,21321,5264,108,9,84
8955,6571,984,138,4,32
8956,4777,15081,19,2,76
8957,5105,6682,23,9,54
8958,1253,9212,21,2,53
8959,10353,23273,136,3,71
8960,10551,17568,99,2,60
8961,19932,8588,52,9,56
8962,8394,21691,49,5,34
8963,14728,15118,149,1,18
8964,15807,24723,30,3,51
8965,2103,10386,100,6,65
8966,16098,11682,147,1,2
8967,5300,6509,60,3,65
8968,12871,14240,8,1,7
8969,9717,12473,36,2,46
8970,3563,18145,36,0,6
8971,15454,4798,137,2,21
8972,666,696,56,5,23
8973,7146,1608,73,5,29
8974,11579,9086,75,6,74
8975,1520,13465,105,6,70
8976,8735,24481,121,4,24
8977,12651,19140,20,3,40
8978,16664,14571,56,2,78
8979,20246,17198,78,2,64
8980,23377,17227,134,9,17
8981,16095,22847,114,2,82
8982,6612,13238,103,5,70
8983,20715,17803,117,6,77
8984,1925,689,91,9,45
8985,9960,8085,2,6,59
8986,22883,10389,119,0,71
8987,3153,13619,121,1,67
8988,22832,15094,108,5,21
8989,13747,1338,119,7,10
8990,18983,14626,19,0,17
8991,15777,16481,145,2,2
8992,21478,22417,95,9,66
8993,22687,23852,67,0,60
8994,24977,24904,143,3,37
8995,19598,15121,119,1,76
8996,15104,12634,52,2,52
8997,4298,16453,6,1,19
8998,23216,7888,16,9,42
8999,2065,5138,42,2,18
9000,11356,13242,127,5,63
9001,11227,4804,7,6,14
9002,6738,17397,146,1,24
9003,15952,18412,27,4,60
9004,8928,6988,140,7,80
9005,21063,16217,36,4,53
9006,11105,24125,66,4,5
9007,13617,7270,72,4,75
9008,17922,5594,141,9,67
9009,17274,16992,138,2,41
9010,8216,13769,25,7,71
9011,20181,20594,58,7,58
9012,10596,12122,126,7,20
9013,718,14603,111,3,34
9014,20099,16705,35,0,40
9015,10219,5634,114,8,73
9016,1633,5276,139,9,1
9017,8836,14064,125,4,18
9018,3968,2006,54,8,15
9019,19012,1626,125,9,24
9020,17277,19438,2,4,62
9021,9619,20799,94,3,82
9022,10790,5910,124,8,18
9023,9700,7517,18,8,4
9024,16952,634,145,6,60
9025,12010,13876,77,8,2
9026,9584,23173,50,9,50
9027,8668,10190,57,4,8
9028,3518,17141,90,9,54
9029,2778,2758,67,2,16
9030,12220,12839,128,7,47
9031,10864,23203,64,4,88
9032,21950,3380,146,9,51
9033,23266,6130,42,6,74
9034,4039,11346,22,2,80
9035,18625,8140,32,1,46
9036,15812,9838,144,2,88
9037,473,23905,32,1,70
9038,16502,4539,38,7,17
9039,16498,19982,107,2,38
9040,21160,19355,20,6,41
9041,13938,15762,24,7,28
9042,16411,17980,125,1,4
9043,7602,14215,7,0,12
9044,19587,10392,19,9,16
9045,5854,19905,66,6,77
9046,4447,12662,24,7,47
9047,15235,23902,46,5,26
9048,20567,11524,67,9,18
9049,21322,8988,75,5,16
9050,7370,10992,131,9,6
9051,22569,20863,117,0,37
9052,4265,8542,14,7,69
9053,15317,9138,133,1,47
9054,23968,13628,96,6,43
9055,16166,4502,6,5,61
9056,19474,16853,2,1,37
9057,7647,21956,109,4,26
9058,19457,24688,146,3,68
9059,5945,7040,68,5,84
9060,4610,4936,141,6,35
9061,3386,5585,4,1,40
9062,11114,15090,61,4,41
9063,24676,21569,6,8,71
9064,14828,337,103,0,73
9065,15247,6813,124,4,5
9066,21388,15367,41,5,80
9067,12539,24918,132,1,47
9068,7655,17933,9,6,0
9069,5180,1870,43,1,62
9070,10629,7100,137,1,67
9071,2794,12157,17,5,63
9072,9077,2699,83,7,55
9073,15249,20111,62,0,81
9074,3258,17754,74,5,55
9075,9813,7935,42,8,79
9076,11909,23339,90,5,85
9077,5137,22746,53,0,17
9078,2764,1198,138,1,35
9079,19545,20165,73,5,63
9080,15524,22802,78,2,67
9081,16194,833,127,1,29
9082,17201,3069,135,4,8
9083,19410,19067,23,6,75
9084,1183,19587,32,1,75
9085,2211,10597,78,0,52
9086,21925,5746,40,4,67
9087,18958,9408,71,6,62
9088,9152,22992,81,4,29
9089,10579,8098,5,7,10
9090,16883,18769,141,9,23
9091,1409,9941,149,7,48
9092,20645,14175,117,2,84
9093,19608,17530,104,4,83
9094,15569,9415,79,2,26
9095,13113,14834,145,9,19
9096,5201,4240,21,9,24
9097,20652,10329,124,2,3
9098,9016,23831,96,8,13
9099,1360,19945,81,3,55
9100,22529,14824,47,0,32
9101,20343,15019,122,7,27
9102,13445,548,39,9,80
9103,2542,16600,94,1,55
9104,6172,13826,133,9,45
9105,10455,8156,123,6,59
9106,9666,5348,119,9,72
9107,13085,2272,16,6,65
9108,7036,11206,33,9,43
9109,5388,14934,110,7,73
9110,17289,13487,100,7,83
9111,21600,1360,83,6,83
9112,17482,3020,67,2,50
9113,8754,3213,23,5,86
9114,6352,7594,138,0,48
9115,13650,10427,149,1,45
9116,24718,8700,48,6,73
9117,1169,22786,110,3,38
9118,11484,17423,90,9,82
9119,23981,14191,115,0,31
9120,23380,22466,55,6,60
9121,22268,10198,28,9,50
9122,19541,6862,10,1,20
9123,20286,4446,94,4,63
9124,7945,13078,65,2,41
9125,24430,1516,63,2,28
9126,16482,10878,79,1,7
9127,22791,8613,139,7,67
9128,24518,10265,59,3,19
9129,17998,425,76,7,41
9130,22399,23764,81,0,45
9131,6941,17728,132,3,89
9132,1668,21242,36,7,31
9133,17292,8463,2,8,73
9134,19055,24307,98,7,25
9135,3190,4737,135,5,11
9136,5426,2982,135,3,22
9137,18180,6278,35,8,50
9138,16769,17290,10,3,46
9139,22320,11876,137,7,12
9140,3221,11388,16,1,86
9141,21401,5321,35,2,89
9142,21645,1079,40,7,80
9143,8120,5727,29,3,6
9144,12374,17507,76,7,82
9145,21099,10522,73,4,38
9146,10904,5031,103,4,29
9147,6436,18555,2,2,45
9148,23474,20907,95,9,34
9149,15335,20977,145,7,76
9150,5211,19691,99,9,59
9151,4900,7124,18,3,0
9152,17642,12674,131,5,6
9153,2571,6426,68,2,57
9154,5277,23059,44,7,76
9155,14758,4445,7,1,35
9156,24145,342,66,5,22
9157,8045,23081,58,7,7
9158,4260,17255,51,9,71
9159,11028,22187,95,1,2
9160,14140,7844,57,4,86
9161,504,639,87,0,31
9162,14244,20516,19,7,17
9163,21722,2410,38,7,83
9164,16940,16526,129,9,71
9165,4155,6756,46,6,76
9166,3476,12229,64,1,86
9167,15327,12249,70,1,87
9168,16196,10441,13,0,67
9169,24686,1222,55,7,20
9170,8387,22848,143,9,76
9171,10536,727,65,3,1
9172,20130,4175,148,5,26
9173,11160,10058,47,4,46
9174,5455,16169,9,8,54
9175,15485,22014,77,4,16
9176,9145,3642,15,5,8
9177,14705,12859,28,1,8
9178,18258,18344,82,6,70
9179,4135,3643,85,9,25
9180,5543,16612,144,4,43
9181,2633,247,136,1,74
9182,8521,17207,93,3,29
9183,17720,17884,52,8,8
9184,18992,3231,57,9,87
9185,9781,908,115,9,29
9186,19877,7445,45,2,83
9187,19698,6450,138,6,81
9188,24404,3065,133,3,17
9189,4916,10715,149,6,40
9190,20990,22240,25,2,58
9191,11735,12788,78,2,8
9192,24027,2835,39,8,71
9193,13835,18644,78,8,62
9194,8523,14334,9,1,1
9195,15531,7075,69,8,63
9196,3275,5196,52,4,82
9197,11744,2553,65,0,6
9198,17512,4128,14,8,72
9199,14768,24618,52,0,65
9200,13106,16704,25,9,26
9201,9817,11204,125,3,75
9202,6514,15681,50,0,18
9203,15129,20397,26,6,76
9204,11324,21391,115,2,4
9205,17747,14637,37,1,11
9206,18195,7604,117,9,75
9207,2412,12719,12,6,74
9208,9433,5011,71,0,53
9209,327,23308,82,0,43
9210,20891,695,103,2,60
9211,8737,21515,99,3,39
9212,22634,12402,57,2,50
9213,23309,8019,96,2,18
9214,24783,3879,29,8,73
9215,23987,10241,59,5,66
9216,6471,24371,22,7,77
9217,23218,1882,97,2,16
9218,6946,6751,146,8,4
9219,20256,2477,73,3,16
9220,4884,19378,5,0,13
9221,22816,19574,30,7,74
9222,18216,11076,90,0,56
9223,18157,4435,116,0,60
9224,2728,17522,21,8,13
9225,7957,23268,80,8,86
9226,10659,10910,59,5,46
9227,4364,17574,68,0,55
9228,18468,2164,18,9,49
9229,18540,20947,122,6,0
9230,24497,23116,20,1,47
9231,563,1661,64,2,14
9232,18288,13467,78,4,55
9233,1562,23751,116,6,15
9234,14071,17321,138,6,21
9235,13804,14225,126,2,29
9236,20364,19657,86,3,61
9237,19808,14522,45,1,49
9238,19375,9553,90,0,41
9239,20779,17102,147,7,5
9240,9210,33,139,5,67
9241,19407,4475,76,0,36
9242,1394,21783,102,3,88
9243,18082,11258,59,4,78
9244,3151,5590,47,7,60
9245,12703,23205,42,9,83
9246,11671,22194,30,5,49
9247,21020,24781,42,0,19
9248,554,8407,90,5,43
9249,14015,187,40,6,41
9250,17852,6353,9,8,66
9251,14646,7412,105,6,34
9252,19611,17013,38,2,72
9253,18036,12848,25,0,12
9254,19692,19585,137,0,34
9255,19248,2603,109,8,75
9256,16580,2953,130,0,45
9257,18091,10287,0,1,49
9258,17026,7385,135,5,38
9259,16846,21108,122,5,43
9260,4298,624,61,2,12
9261,6548,12145,78,9,83
9262,24451,11064,69,8,32
9263,11796,3800,16,8,75
9264,1943,1287,130,1,12
9265,17595,4829,96,0,78
9266,24194,3978,25,4,0
9267,5409,21459,148,8,24
9268,24753,14798,87,6,69
9269,3437,13643,107,5,45
9270,22256,5914,46,8,10
9271,4245,7143,52,7,61
9272,21310,16245,26,5,55
9273,16314,11945,131,0,58
9274,15504,9783,118,9,70
9275,7837,21503,145,1,50
9276,4478,11342,60,7,16
9277,23319,15357,98,3,2
9278,5089,9240,87,1,46
9279,14167,8049,13,1,32
9280,21629,9690,40,7,33
9281,4045,19533,91,8,25
9282,7183,19519,87,5,17
9283,1085,15951,127,4,3
9284,14966,508,70,3,24
9285,21210,15015,106,3,0
9286,24720,13083,46,8,32
9287,5266,15532,106,6,2
9288,14324,4266,97,7,39
9289,11787,17795,37,9,58
9290,1293,2420,123,9,23
9291,2316,2010,102,6,53
9292,23776,2521,36,9,22
9293,5663,21214,23,3,53
9294,21680,13790,99,7,69
9295,16763,14005,13,3,72
9296,11233,23915,130,1,16
9297,1331,1530,1,8,79
9298,22159,23763,45,0,74
9299,2920,22299,72,5,53
9300,518,13302,77,3,79
9301,11281,10885,125,8,27
9302,2332,14571,64,7,58
9303,23269,16118,99,7,44
9304,17340,14324,131,5,61
9305,6872,15649,116,1,27
9306,11211,15096,103,4,1
9307,13522,13109,135,5,87
9308,9438,22992,18,0,16
9309,12783,1945,83,2,16
9310,5776,20266,56,3,33
9311,16840,21683,126,9,57
9312,9489,12720,140,4,24
9313,23552,7855,38,1,66
9314,24818,20528,141,0,32
9315,7631,7654,50,8,75
9316,13691,23639,67,7,26
9317,3577,15665,47,8,46
9318,22408,6093,3,9,14
9319,9873,19478,89,8,44
9320,5238,7156,99,4,62
9321,23666,11970,72,5,79
9322,10836,18350,103,2,13
9323,21962,15184,146,4,35
9324,13895,19681,80,8,37
9325,21252,19764,7,4,25
9326,4237,193,53,0,51
9327,1368,19080,95,5,81
9328,5500,15040,123,5,16
9329,1090,17293,9,0,49
9330,5859,16690,64,5,48
9331,20984,20464,40,2,64
9332,9880,24732,119,0,82
9333,6310,3632,62,3,70
9334,22630,12246,139,0,22
9335,13690,16983,25,2,16
9336,10441,16651,83,0,74
9337,17653,24971,36,4,55
9338,18896,23406,93,2,2
9339,3434,365,109,3,6
9340,14532,469,135,2,64
9341,24435,23720,137,4,29
9342,14508,22789,87,2,48
9343,12242,9503,133,9,12
9344,3805,5454,7,3,52
9345,21167,23854,40,9,15
9346,15162,5276,148,8,43
9347,5561,1938,25,3,33
9348,23257,8342,122,7,30
9349,10430,15430,71,2,89
9350,18602,15737,135,8,25
9351,10100,14668,139,3,7
9352,22852,3559,112,7,25
9353,11492,760,87,9,63
9354,10125,3379,7,7,66
9355,24233,16516,24,1,57
9356,4253,20986,3,9,15
9357,18278,24655,41,2,5
9358,3130,24216,45,0,66
9359,10155,22138,109,6,36
9360,8560,4973,29,6,38
9361,12098,14864,124,6,44
9362,17268,12995,53,1,84
9363,5827,1391,84,5,64
9364,21736,16280,47,6,47
9365,22123,3840,20,3,37
9366,19710,21811,118,0,65
9367,4173,20304,130,2,64
9368,19504,20690,137,8,38
9369,2702,8012,7,6,34
9370,11426,1387,80,0,73
9371,9533,13446,110,8,14
9372,15045,21308,116,4,14
9373,3535,22766,125,3,21
9374,10681,22628,130,4,55
9375,18093,15666,58,0,85
9376,6660,1980,13,9,68
9377,14243,13571,143,7,47
9378,4784,24703,132,1,0
9379,5354,10485,58,4,43
9380,9149,861,101,6,67
9381,14536,7041,142,9,79
9382,9353,24395,11,3,66
9383,13686,5991,99,0,0
9384,19763,14957,78,1,33
9385,14463,717,103,0,32
9386,8313,19007,54,0,39
9387,5541,11456,2,6,76
9388,23578,6686,93,4,8
9389,6585,3797,115,0,49
9390,23075,6955,100,3,82
9391,7757,20107,76,8,84
9392,16675,1212,42,2,62
9393,1057,13505,111,9,6
9394,14482,20087,149,7,1
9395,4175,642,65,9,39
9396,17745,10912,56,2,53
9397,16435,19328,127,4,87
9398,17424,12858,72,3,86
9399,9939,7762,37,7,3
9400,18897,19665,17,3,12
9401,12524,12782,130,4,12
9402,2538,22056,102,5,51
9403,6129,13539,81,9,89
9404,24254,864,10,3,75
9405,6573,12018,117,8,25
9406,6718,711,146,0,40
9407,9281,18340,50,0,69
9408,20537,20324,42,5,5
9409,12716,5620,94,1,69
9410,20080,3686,96,7,62
9411,5390,15408,111,9,30
9412,21196,6112,25,0,3
9413,22679,20153,130,3,81
9414,24500,5381,55,6,54
9415,11940,23636,33,5,54
9416,23368,4499,89,9,38
9417,18071,11482,57,5,44
9418,12841,4728,31,0,74
9419,5172,15069,5,1,16
9420,4985,19946,121,4,17
9421,12474,20787,16,5,49
9422,7005,1706,86,2,70
9423,8405,11697,39,3,42
9424,6105,14878,119,9,10
9425,16805,7360,31,2,30
9426,20134,14777,31,0,10
9427,22616,11627,60,0,46
9428,8031,22300,3,7,61
9429,7702,18551,50,5,74
9430,20380,1396,23,8,83
9431,7279,50,123,7,23
9432,17827,22027,136,3,85
9433,17326,23059,94,6,75
9434,15232,9991,60,1,47
9435,7084,23825,29,0,27
9436,22282,780,119,6,7
9437,4722,24724,144,8,87
9438,6312,21191,59,4,30
9439,10231,10813,137,3,77
9440,9173,4665,146,6,21
9441,695,13476,27,0,27
9442,1628,23508,7,5,83
9443,21894,5870,92,5,53
9444,1946,5490,102,5,30
9445,21926,17052,104,4,24
9446,18751,23748,40,8,67
9447,4891,11686,55,1,81
9448,17617,3318,98,7,30
9449,8420,20322,8,7,18
9450,15579,14345,31,1,38
9451,23909,21610,79,5,48
9452,7003,19936,147,9,0
9453,20104,5951,80,9,14
9454,20092,22241,113,5,32
9455,19938,18046,52,0,79
9456,15533,24056,133,8,12
9457,7191,20779,148,2,83
9458,20973,14884,34,3,23
9459,5027,9244,1,3,9
9460,20686,7485,0,2,49
9461,10349,22097,102,0,84
9462,15952,22096,35,4,85
9463,23513,4848,91,6,22
9464,9046,23430,108,6,89
9465,24097,22315,75,3,32
9466,4029,23790,37,7,27
9467,13073,16957,7,8,59
9468,7360,3583,85,5,82
9469,447,23799,144,4,56
9470,24305,15720,67,1,87
9471,4637,10969,142,2,45
9472,11866,2370,56,5,85
9473,22551,19129,86,3,12
9474,940,1835,143,0,39
9475,5074,24378,93,7,52
9476,5430,15446,126,1,38
9477,23136,20351,126,4,65
9478,23150,18220,12,8,51
9479,22635,20885,33,9,2
9480,7301,15135,44,6,73
9481,24115,20686,19,8,74
9482,16340,19762,69,2,73
9483,20211,19701,88,6,4
9484,10052,3599,37,7,76
9485,23205,6036,94,4,21
9486,7038,817,31,7,14
9487,3544,6009,70,0,89
9488,23860,21291,102,1,19
9489,16526,15456,58,7,62
9490,328,6322,95,0,69
9491,14532,21965,60,0,56
9492,24625,17174,139,2,84
9493,3197,5314,103,2,3
9494,19363,21981,15,4,3
9495,4648,11828,99,7,43
9496,17379,20461,46,2,18
9497,10098,22875,80,2,75
9498,44,24073,109,6,56
9499,884,24634,122,9,45
9500,4054,6678,4,8,32
9501,21848,8722,123,0,69
9502,21092,17832,3,1,4
9503,21921,12982,67,9,68
9504,12903,10129,89,6,59
9505,6540,10344,80,1,23
9506,2479,24837,87,1,26
9507,6631,13186,32,8,51
9508,6448,6007,66,3,69
9509,3602,10894,139,4,43
9510,2201,19147,143,4,65
9511,24603,398,19,2,49
9512,10438,3842,62,7,56
9513,8533,24534,97,1,62
9514,13358,9526,62,4,36
9515,16497,9174,4,3,83
9516,11422,9196,7,5,74
9517,3796,4618,145,7,76
9518,22069,5600,149,7,86
9519,5930,21189,26,5,77
9520,2175,10191,110,0,47
9521,4675,22343,142,6,10
9522,6085,11727,120,7,71
9523,1039,35,40,4,83
9524,18519,6082,59,6,83
9525,5337,1997,132,4,6
9526,6143,8631,61,8,62
9527,15506,1483,77,6,83
9528,21583,7565,101,1,88
9529,8536,923,3,2,89
9530,13272,20421,83,7,85
9531,14893,11664,31,4,1
9532,20649,5110,107,7,40
9533,18018,15181,60,7,43
9534,12577,9342,82,5,79
9535,10778,21594,105,0,73
9536,23820,3154,78,4,78
9537,10807,20275,87,9,38
9538,19675,11358,112,1,74
9539,3282,21718,101,2,83
9540,3399,23032,96,5,41
9541,14793,21401,111,4,26
9542,4888,693,121,7,70
9543,1887,22984,56,3,71
9544,7947,5691,71,3,40
9545,17383,14457,46,7,27
9546,3141,11093,43,2,19
9547,11744,17603,79,8,32
9548,10640,1316,59,2,21
9549,9089,7290,101,0,63
9550,5019,5219,68,7,34
9551,20560,6210,118,5,10
9552,19781,16518,0,1,21
9553,3121,9052,137,5,48
9554,11209,6753,97,0,1
9555,17259,8952,64,8,3
9556,11954,9444,148,8,16
9557,23122,3812,33,9,42
9558,14465,10296,16,7,74
9559,4932,14793,138,2,14
9560,13542,14196,24,8,70
9561,17294,21798,119,6,12
9562,2070,8677,128,3,17
9563,580,3767,56,1,73
9564,14982,14514,66,8,2
9565,18400,3713,24,5,16
9566,13530,16020,80,3,35
9567,6157,8880,65,1,9
9568,5900,20644,69,8,71
9569,4451,19114,52,1,36
9570,22835,5623,14,2,82
9571,5608,21371,116,3,74
9572,22709,23842,118,8,25
9573,18556,7368,135,6,38
9574,17703,5710,46,8,66
9575,18305,1076,65,5,5
9576,24604,12590,116,7,50
9577,24572,12988,54,0,14
9578,1238,7566,82,5,85
9579,10573,5969,117,2,29
9580,13677,20526,141,7,55
9581,3271,921,34,2,60
9582,28,12671,56,9,80
9583,8960,14035,38,4,74
9584,7680,11822,47,0,23
9585,23322,12140,36,4,66
9586,6860,2493,103,3,43
9587,8055,20345,111,3,37
9588,3693,3913,77,3,39
9589,14886,7118,147,0,87
9590,22680,332,45,0,23
9591,1220,16763,58,4,50
9592,10736,15173,59,0,12
9593,21814,7904,123,4,38
9594,17568,17599,47,9,28
9595,8045,15362,117,1,71
9596,24454,3928,33,6,71
9597,16832,6637,125,7,71
9598,2690,19885,86,0,48
9599,18661,1845,16,9,20
9600,3005,24936,85,0,63
9601,17568,4956,72,4,56
9602,1366,16917,82,3,70
9603,24869,14213,148,5,46
9604,12656,5599,48,1,45
9605,19823,6818,42,3,57
9606,11975,4904,61,5,16
9607,999,13427,111,8,1
9608,14626,9147,129,5,51
9609,10696,18217,61,6,84
9610,8541,5641,18,7,86
9611,13757,23647,69,3,57
9612,12373,24124,86,8,8
9613,15486,11117,94,8,88
9614,6218,2339,101,2,8
9615,23752,17361,31,5,57
9616,24510,1355,110,1,11
9617,10287,10123,1,1,35
9618,1078,2977,95,3,85
9619,22903,3087,28,9,77
9620,5883,9157,54,4,76
9621,6294,17320,132,9,52
9622,7759,24814,92,0,81
9623,24231,5821,1,3,55
9624,9295,23443,123,8,62
9625,24041,22303,41,0,61
9626,24352,17310,126,6,85
9627,6864,6035,148,0,10
9628,10522,18128,11,5,31
9629,14535,17338,25,7,63
9630,15218,23401,147,1,69
9631,1031,10284,132,0,88
9632,2410,747,40,0,54
9633,12800,19205,11,3,69
9634,13837,20150,63,0,35
9635,5567,20059,50,3,2
9636,11203,4383,96,8,69
9637,23183,10800,26,0,77
9638,9731,23066,120,1,72
9639,8996,7624,93,4,83
9640,14140,12359,45,1,21
9641,20221,2213,24,5,16
9642,13333,1896,110,5,64
9643,8435,4375,65,4,34
9644,17484,8116,105,5,72
9645,5954,7905,74,1,0
9646,22328,23640,128,6,12
9647,22713,14305,149,8,39
9648,15572,24818,64,2,67
9649,20637,14402,43,0,23
9650,20828,10991,9,1,14
9651,8354,24545,31,1,16
9652,3966,6436,76,1,28
9653,16679,18534,5,6,49
9654,22659,12796,97,8,83
9655,4010,13138,136,5,10
9656,7076,3382,83,8,78
9657,6435,10121,8,2,85
9658,6686,5474,30,2,11
9659,14416,7388,83,4,3
9660,7595,4900,37,5,64
9661,8627,3829,122,0,89
9662,7081,1636,38,0,10
9663,6735,6900,37,0,41
9664,7334,5129,39,1,84
9665,17565,8041,126,0,81
9666,7976,24697,102,2,57
9667,6542,23299,98,6,36
9668,15534,522,35,8,41
9669,16093,2996,149,3,58
9670,19630,3481,20,8,14
9671,14428,15895,145,3,49
9672,10830,22129,141,2,54
9673,12661,12555,27,8,20
9674,23620,8086,17,3,43
9675,2022,7477,78,6,17
9676,10747,6595,19,7,66
9677,5300,18538,36,7,22
9678,17058,10489,70,1,75
9679,23569,19085,84,2,27
9680,21620,21110,145,8,20
9681,1741,4766,63,3,21
9682,16062,13486,102,0,80
9683,3406,15202,101,3,17
9684,1092,23198,29,1,13
9685,8571,18008,142,5,31
9686,15160,1723,1,7,70
9687,17726,7681,130,7,4
9688,16145,12580,9,2,22
9689,9371,14868,147,8,3
9690,16257,17784,73,6,87
9691,8593,7554,15,2,44
9692,22069,10605,3,9,28
9693,2622,14049,23,0,4
9694,10131,3359,55,6,16
9695,20260,2020,48,9,81
9696,21274,8760,5,4,11
9697,14098,2840,8,5,58
9698,1742,6636,1,8,78
9699,7237,24425,15,3,88
9700,18469,10333,137,2,55
9701,20965,1066,47,1,46
9702,6576,10988,130,6,32
9703,4309,18819,148,4,45
9704,1451,8644,43,8,41
9705,18876,20463,100,9,29
9706,11284,9421,95,3,1
9707,16891,10063,106,9,53
9708,12998,7495,74,6,69
9709,11736,11876,138,9,50
9710,17386,12171,0,8,87
9711,4216,17301,5,7,45
9712,19068,22823,17,3,82
9713,2454,7377,72,5,16
9714,22832,511,22,4,0
9715,23895,1862,24,9,18
9716,1953,14063,123,9,7
9717,6494,5884,101,7,51
9718,15975,15760,117,4,62
9719,19391,9191,123,2,72
9720,4072,20937,16,0,7
9721,1616,8423,112,7,0
9722,17115,3125,8,9,87
9723,8746,13105,37,5,32
9724,15182,24954,117,5,9
9725,8128,3251,140,7,73
9726,2556,4876,120,2,38
9727,7935,12151,145,9,86
9728,22092,3255,9,4,10
9729,11624,13831,112,8,33
9730,12237,13466,120,5,19
9731,3393,265,100,1,27
9732,12302,10729,81,8,88
9733,23416,14486,68,4,59
9734,21195,11321,35,2,79
9735,13403,15534,117,5,85
9736,10945,10616,4,6,17
9737,17147,15595,108,8,0
9738,7759,23171,135,5,35
9739,12906,11735,19,7,10
9740,17481,4370,112,6,15
9741,1645,20293,103,1,41
9742,21271,23031,41,7,33
9743,2760,6438,24,6,44
9744,12686,5282,94,5,45
9745,12709,17820,114,2,15
9746,20550,4776,136,1,34
9747,11140,20418,89,4,70
9748,23180,1120,51,9,53
9749,19081,10958,3,9,77
9750,18701,11696,138,0,83
9751,22443,3349,38,9,88
9752,63,19681,132,0,12
9753,19746,1124,19,3,2
9754,10199,10342,117,2,86
9755,23195,13539,57,0,21
9756,508,16873,58,1,41
9757,19863,1961,50,1,35
9758,16224,4850,140,4,14
9759,17219,11967,84,4,5
9760,17522,19585,147,0,73
9761,10913,3223,57,7,52
9762,16424,20704,81,0,75
9763,16001,20165,59,4,81
9764,24015,14316,87,6,14
9765,22374,5053,5,2,45
9766,15276,7449,117,5,44
9767,3054,3960,99,7,29
9768,6775,22183,73,4,44
9769,22114,13832,90,9,18
9770,23085,11914,78,7,87
9771,19864,19693,34,1,19
9772,18147,3469,31,6,72
9773,4942,14437,2,4,24
9774,16257,11980,15,3,27
9775,16673,20316,35,3,62
9776,14444,13037,120,9,53
9777,2999,17043,123,8,37
9778,8041,14245,90,6,39
9779,21774,15700,117,5,54
9780,10358,24063,127,5,40
9781,24367,16606,4,7,48
9782,14088,17717,74,2,52
9783,2940,6472,18,3,45
9784,10892,20786,141,4,52
9785,2771,11303,111,4,53
9786,17826,4138,61,0,28
9787,2401,23912,33,8,21
9788,12391,18295,77,4,74
9789,15609,19196,141,6,24
9790,4099,14311,77,7,38
9791,3349,24113,67,2,67
9792,6830,5530,113,9,32
9793,11299,1051,81,6,74
9794,5276,14388,82,6,33
9795,7995,17408,27,8,35
9796,9440,22039,139,8,20
9797,21871,15065,18,4,77
9798,8124,7158,93,7,18
9799,9963,13481,34,8,23
9800,20671,4022,70,3,22
9801,15828,23346,6,7,9
9802,20544,17780,107,1,48
9803,21874,8777,132,4,78
9804,7028,8314,52,0,3
9805,2605,19986,44,6,76
9806,9939,19398,33,0,56
9807,7244,21955,55,5,14
9808,6865,757,20,1,37
9809,5393,9960,22,8,16
9810,16380,3227,97,2,6
9811,23300,114,86,0,22
9812,17881,11231,35,5,40
9813,20445,6427,138,6,69
9814,6931,16527,9,5,49
9815,13300,1718,100,5,43
9816,21700,883,1,5,45
9817,22522,16018,66,6,68
9818,3549,13825,74,9,51
9819,9261,9596,43,7,87
9820,24852,13196,23,2,84
9821,9408,24475,43,7,32
9822,18923,24313,36,6,55
9823,244,2247,13,1,17
9824,16916,13714,116,0,3
9825,6687,12066,134,8,4
9826,23143,20338,123,9,80
9827,24050,9233,129,5,57
9828,11439,24612,78,2,31
9829,14795,21093,69,6,73
9830,199,8634,68,0,24
9831,8153,9452,53,2,42
9832,7253,4226,28,6,5
9833,22583,7629,50,1,73
9834,9052,16811,33,9,33
9835,12802,12427,80,7,67
9836,2854,4833,71,6,61
9837,15915,8731,142,2,41
9838,990,22776,15,7,87
9839,19413,9002,145,7,69
9840,22633,18543,134,3,21
9841,6252,14951,7,7,22
9842,9000,13169,148,3,88
9843,2203,23951,134,3,32
9844,18531,15735,31,1,17
9845,15020,12901,18,6,7
9846,19821,17847,83,8,16
9847,8554,8800,23,0,54
9848,14620,15467,77,1,10
9849,8907,11763,128,2,22
9850,22814,22777,133,1,68
9851,9357,24175,3,9,89
9852,10236,24450,57,8,88
9853,9266,17686,67,6,19
9854,18560,20246,3,2,0
9855,13853,7494,78,9,19
9856,24942,10005,46,7,64
9857,2902,2591,87,3,16
9858,17806,10247,149,8,87
9859,10688,10780,29,0,19
9860,15857,11249,98,3,5
9861,23407,12785,119,5,3
9862,12514,24953,77,6,44
9863,823,11460,131,7,65
9864,3428,9339,102,0,84
9865,12530,20723,88,3,2
9866,3137,21895,128,7,52
9867,22732,1975,88,7,76
9868,4112,9798,58,8,32
9869,8074,18861,121,2,31
9870,9163,24350,95,3,39
9871,20281,1454,86,7,63
9872,18122,919,145,9,38
9873,6203,24077,60,1,28
9874,3264,16298,58,6,0
9875,17964,9823,133,9,33
9876,161,5360,1,0,62
9877,7514,21846,117,1,76
9878,12426,9729,138,7,89
9879,11878,24911,136,6,84
9880,13322,1038,121,7,9
9881,15568,18192,111,1,68
9882,21393,13361,74,2,77
9883,3802,15468,21,3,80
9884,19509,18906,54,0,77
9885,17430,1177,3,6,80
9886,23880,1743,69,6,12
9887,16707,10292,134,0,45
9888,18687,19495,127,7,20
9889,24589,23368,14,5,43
9890,4084,13851,25,0,83
9891,941,21661,102,3,39
9892,3046,20983,94,4,13
9893,16379,21448,125,2,1
9894,1787,22518,60,5,8
9895,1319,10585,84,3,22
9896,3018,2913,127,6,10
9897,17576,9917,102,3,19
9898,13806,22981,136,1,0
9899,7091,12697,59,4,7
9900,5085,24517,137,5,2
9901,21854,11424,31,9,68
9902,11578,7936,148,3,68
9903,22115,10359,25,3,66
9904,506,23927,100,5,65
9905,20967,5230,27,9,60
9906,4013,12596,134,3,48
9907,22986,11982,30,4,74
9908,22747,16044,45,7,58
9909,18126,159,16,5,55
9910,22986,995,17,6,4
9911,674,5022,106,1,62
9912,8727,22717,18,0,53
9913,22383,14581,123,4,11
9914,3780,3120,83,0,59
9915,5301,17509,132,9,19
9916,347,14657,141,8,81
9917,24018,20047,6,7,49
9918,11342,10055,18,5,56
9919,12213,4589,101,5,69
9920,4644,20066,68,5,81
9921,8433,22876,137,9,13
9922,9328,13365,109,5,33
9923,2850,9170,14,1,52
9924,3738,20259,2,1,69
9925,24375,22842,96,0,12
9926,575,11439,30,9,85
9927,11885,3248,70,8,31
9928,326,11883,22,6,61
9929,24366,23750,47,8,27
9930,8741,15773,87,0,36
9931,17175,19068,114,9,60
9932,8172,24912,58,1,0
9933,14096,4548,74,8,49
9934,10528,18430,54,8,81
9935,24071,21716,65,3,7
9936,19884,5041,125,1,59
9937,19887,9154,79,1,50
9938,24145,20755,126,6,22
9939,4748,10548,129,7,1
9940,24154,19001,21,8,45
9941,584,22943,68,3,20
9942,21513,8852,87,3,5
9943,20192,7920,146,4,26
9944,15660,4958,97,5,22
9945,11320,12553,131,3,14
9946,19228,1991,66,5,65
9947,12916,8977,6,9,72
9948,19363,13079,0,2,28
9949,1045,2698,117,0,46
9950,22561,16534,45,0,56
9951,22470,4695,137,5,72
9952,16458,12682,88,7,23
9953,19193,23117,26,7,19
9954,8118,23148,2,8,56
9955,21198,17179,93,4,55
9956,14184,5376,143,5,81
9957,18818,14123,148,5,35
9958,7073,16044,39,0,63
9959,231,6790,85,2,39
9960,9488,19385,131,2,27
9961,7986,4888,96,8,52
9962,16118,11441,96,5,73
9963,17965,6845,126,5,4
9964,2339,22535,147,4,3
9965,13944,18502,75,8,79
9966,5405,4160,29,7,80
9967,12795,16306,57,7,49
9968,24109,15924,55,7,44
9969,4348,20639,96,2,78
9970,12431,7270,19,3,80
9971,8797,8435,3,0,41
9972,10053,13928,92,6,30
9973,6141,14262,67,5,54
9974,21613,6897,55,3,57
9975,5666,16722,10,1,44
9976,9066,23925,34,3,14
9977,10324,22481,51,1,61
9978,11463,8899,61,0,39
9979,10827,8066,60,7,33
9980,15074,10616,44,8,50
9981,11667,23667,138,9,87
9982,17813,5876,34,1,55
9983,19729,6386,41,3,23
9984,6710,19238,116,6,74
9985,12325,10247,91,8,27
9986,17686,5296,65,6,49
9987,10760,13289,108,6,83
9988,17419,11137,75,6,51
9989,15945,14130,133,4,87
9990,838,10434,113,3,62
9991,7788,21395,40,4,42
9992,20489,23510,45,2,59
9993,21230,21479,100,9,87
9994,21455,21204,13,5,20
9995,14581,23926,22,3,1
9996,1787,6612,75,6,51
9997,847,22377,108,8,30
9998,3330,18391,73,9,67
9999,8189,20231,70,4,20
10000,18597,20923,135,0,18
10001,19161,24347,80,6,5
10002,19212,10379,109,2,56
10003,15926,19905,127,3,86
10004,9006,24676,146,0,3
10005,11174,9382,120,9,59
10006,12859,3840,41,3,26
10007,7145,21434,63,3,4
10008,211,5896,5,0,37
10009,22616,4921,126,5,58
10010,3166,14207,142,4,81
10011,2799,24115,6,5,17
10012,9341,21613,11,8,58
10013,10198,9857,64,6,80
10014,8352,11624,50,1,62
10015,19038,14657,120,4,42
10016,22161,24891,108,8,0
10017,2196,460,113,8,12
10018,18227,20175,143,4,9
10019,7413,606,27,6,6
10020,24084,4565,49,7,20
10021,24580,11431,83,1,70
10022,16566,6679,116,2,2
10023,12380,15789,147,7,44
10024,2995,2531,111,0,32
10025,7691,15694,42,2,47
10026,22122,9069,52,1,68
10027,10779,16538,70,3,28
10028,21224,20153,54,9,85
10029,8956,8659,140,3,25
10030,13440,12039,46,2,61
10031,6482,19980,17,8,39
10032,8977,3870,127,6,80
10033,15274,14056,109,4,43
10034,10160,2093,15,1,83
10035,9703,3085,103,5,40
10036,9079,10982,98,2,56
10037,15421,19127,147,5,8
10038,1521,11353,74,3,41
10039,2589,1042,32,6,35
10040,19519,8764,12,3,12
10041,489,20352,80,0,1
10042,24080,1943,130,9,70
10043,6314,18051,4,4,38
10044,23493,23163,134,9,21
10045,287,13715,145,4,2
10046,11363,17457,38,6,89
10047,7563,1021,120,0,19
10048,2178,9818,44,4,50
10049,11605,10284,101,9,55
10050,13255,20980,76,6,80
10051,19406,10217,64,6,20
10052,9763,8956,34,5,68
10053,12478,3571,22,5,62
10054,4805,6655,147,1,50
10055,10803,6925,101,1,35
10056,23676,20565,92,2,1
10057,23760,15319,100,0,89
10058,2769,4141,133,5,48
10059,17521,1233,12,2,59
10060,7561,2730,22,7,86
10061,3039,3595,3,1,41
10062,5688,9297,35,5,37
10063,10217,1744,61,1,50
10064,2038,12791,142,3,12
10065,1659,18469,10,4,40
10066,674,1137,52,7,39
10067,17281,979,21,7,58
10068,19473,8596,107,4,89
10069,9080,486,145,2,15
10070,354,11150,145,1,81
10071,2608,4598,113,8,26
10072,8049,4938,53,1,33
10073,16455,4156,70,1,33
10074,12794,9290,120,5,8
10075,13100,16798,121,8,12
10076,4443,1710,148,9,22
10077,12687,2321,97,7,34
10078,14440,1130,143,3,35
10079,6461,19342,12,9,33
10080,24242,13590,12,1,44
10081,9430,2802,88,4,22
10082,18270,24075,41,9,70
10083,10676,22854,96,3,11
10084,21370,9635,125,1,49
10085,10404,4970,24,1,1
10086,5409,23513,145,1,10
10087,13825,20793,52,3,38
10088,11776,13048,79,5,46
10089,23930,7638,26,8,64
10090,17734,13302,23,9,32
10091,13654,15536,64,7,83
10092,4735,20086,72,8,85
10093,21935,19481,132,6,22
10094,24384,1680,149,8,34
10095,23442,7874,55,9,26
10096,8556,13378,23,7,46
10097,6498,766,29,7,10
10098,14134,5595,139,1,7
10099,1316,19634,115,5,2
10100,922,9343,139,5,44
10101,13815,19306,20,2,68
10102,21037,22321,10,3,42
10103,21445,871,84,1,58
10104,13726,271,129,8,22
10105,17485,24102,90,8,75
10106,11809,11390,41,9,34
10107,18199,589,24,6,11
10108,13461,2798,74,9,11
10109,23103,20165,119,5,22
10110,13860,3330,16,4,76
10111,6821,645,89,5,18
10112,9600,7687,14,5,72
10113,13057,24653,82,4,35
10114,6426,12817,0,3,60
10115,682,22569,88,5,61
10116,18357,877,125,6,60
10117,24566,19873,113,7,17
10118,3953,17703,40,4,80
10119,14321,4296,31,3,58
10120,16616,23142,18,8,48
10121,23118,13234,49,7,63
10122,5370,24251,20,3,19
10123,14201,7280,135,4,86
10124,16574,11972,146,6,69
10125,17365,23914,57,1,39
10126,20220,14508,148,4,21
10127,7980,12095,54,6,33
10128,7679,17908,126,8,48
10129,16548,1729,34,1,62
10130,7428,6898,50,6,0
10131,9877,21626,84,2,40
10132,15986,19907,106,0,48
10133,2037,14106,94,7,10
10134,2089,20821,130,7,60
10135,1530,14979,45,7,26
10136,23920,15667,131,6,5
10137,12599,8475,62,3,56
10138,313,1115,119,1,30
10139,24258,21379,47,2,62
10140,12216,12238,119,9,81
10141,9298,20570,4,3,75
10142,11429,7761,94,2,61
10143,21554,16747,124,8,5
10144,11749,12629,46,8,66
10145,12215,4201,23,4,76
10146,17627,7762,11,4,18
10147,16636,15376,113,2,76
10148,5825,2708,129,5,7
10149,5697,7795,41,7,45
10150,23084,3663,23,6,57
10151,18060,18464,5,9,52
10152,20581,2788,68,8,28
10153,22837,15071,23,7,88
10154,17085,2553,70,2,11
10155,10765,19547,64,1,20
10156,19754,24455,7,4,72
10157,22702,16905,34,5,59
10158,20689,16098,62,6,80
10159,19961,13233,2,5,16
10160,11050,7380,91,9,71
10161,16528,3664,7,2,40
10162,7016,21680,137,7,8
10163,2814,6377,134,6,69
10164,8301,5057,58,7,1
10165,24390,12468,126,2,25
10166,23062,3762,50,2,36
10167,9176,21108,70,3,54
10168,18211,21918,75,0,21
10169,8297,2583,37,3,7
10170,15433,8223,116,9,71
10171,8391,19773,131,2,15
10172,7413,2509,147,8,51
10173,14400,10477,34,9,68
10174,18207,2406,123,7,58
10175,17537,5811,129,0,39
10176,15769,17765,101,1,89
10177,12519,3262,79,6,28
10178,11365,16612,79,5,50
10179,6804,20493,65,1,24
10180,1365,10516,115,4,55
10181,13656,12041,20,2,3
10182,6345,15506,144,0,75
10183,4488,2991,148,5,81
10184,2658,7801,39,8,30
10185,18406,18984,31,3,16
10186,17680,2880,71,1,81
10187,15736,4761,75,1,65
10188,4791,14389,57,9,42
10189,17434,10663,22,4,11
10190,3157,19852,79,7,16
10191,7781,18038,70,7,45
10192,9037,6862,103,9,19
10193,11676,18904,78,1,6
10194,4526,7282,7,3,3
10195,1334,20276,49,3,74
10196,16637,7879,54,8,44
10197,822,6830,116,6,56
10198,8917,10407,111,3,84
10199,16049,24799,121,2,23
10200,15837,21931,53,0,54
10201,2382,21436,51,5,62
10202,3273,1253,87,4,41
10203,14183,19105,66,6,74
10204,11893,10086,13,0,71
10205,5806,19643,1,7,17
10206,7515,6899,124,8,4
10207,8321,12566,73,5,21
10208,17452,850,127,6,4
10209,5764,6066,109,8,40
10210,543,22926,33,4,68
10211,4879,20058,25,8,8
10212,22017,458,60,8,28
10213,22216,8160,67,7,19
10214,4079,9100,18,5,26
10215,23291,20192,1,8,85
10216,24859,16100,49,8,79
10217,922,18785,53,6,4
10218,21826,10573,143,8,13
10219,1037,18036,38,4,88
10220,17374,13612,72,9,21
10221,6855,13599,77,7,54
10222,13986,13007,50,8,36
10223,11611,1655,23,7,12
10224,6743,7192,40,6,51
10225,5032,14670,8,6,12
10226,7376,12800,92,2,75
10227,12459,522,34,2,14
10228,23127,17231,66,9,31
10229,8281,12740,15,8,37
10230,7303,14384,26,9,26
10231,23335,18570,143,1,69
10232,21209,20435,7,9,76
10233,16621,24114,67,6,9
10234,2596,552,105,3,65
10235,7886,8904,116,6,20
10236,22226,10198,148,5,75
10237,5252,10023,105,4,73
10238,8654,7625,6,3,50
10239,12661,24446,117,4,51
10240,22751,4216,140,2,76
10241,24086,967,96,0,13
10242,2692,14485,39,4,75
10243,15168,11726,121,2,57
10244,6678,12953,76,8,2
10245,20158,6764,11,5,21
10246,22481,141,106,1,35
10247,12584,5313,147,5,69
10248,13332,14033,107,8,5
10249,6025,2883,145,1,86
10250,10817,18458,44,9,3
10251,14719,14670,63,0,2
10252,24817,3980,81,1,42
10253,15395,9290,130,4,62
10254,1518,12263,98,5,6
10255,699,13801,99,9,73
10256,2062,23819,28,9,56
10257,9516,3445,52,1,46
10258,21654,20351,110,2,30
10259,9244,17393,117,1,45
10260,15931,13492,93,1,79
10261,21679,24783,70,1,57
10262,20548,24044,13,4,82
10263,20328,16196,92,7,24
10264,14918,21689,47,1,0
10265,22417,18096,77,0,20
10266,10214,13306,91,1,58
10267,7650,11665,23,8,22
10268,20832,2083,77,9,21
10269,4127,2726,32,4,33
10270,21518,24177,106,2,81
10271,109,707,42,9,80
10272,21965,1676,4,5,45
10273,7783,11174,133,7,76
10274,17347,5515,108,5,72
10275,533,20196,115,1,88
10276,13515,558,127,8,23
10277,13308,22850,96,3,82
10278,15587,14895,77,9,35
10279,2482,22946,7,5,76
10280,5247,8763,0,4,75
10281,17476,23109,85,5,59
10282,22540,4883,21,0,64
10283,17456,18452,105,5,32
10284,7784,9986,69,9,77
10285,6127,1586,95,2,83
10286,6287,10994,124,2,9
10287,4880,15249,127,4,60
10288,7271,2400,60,3,35
10289,3950,4633,44,9,66
10290,6472,7568,16,6,68
10291,8370,4564,15,2,41
10292,20265,3075,112,9,6
10293,6148,17399,27,7,20
10294,14228,3185,140,3,59
10295,11016,18735,16,1,1
10296,16473,21940,115,0,28
10297,20722,12182,109,0,31
10298,5935,9116,137,9,67
10299,20474,5881,45,1,11
10300,20954,20615,34,7,79
10301,5125,17058,37,7,30
10302,3036,9065,45,2,45
10303,21956,23582,122,8,9
10304,4833,5699,36,2,44
10305,13550,7139,25,3,74
10306,4635,6594,45,7,0
10307,23107,11099,31,3,16
10308,23134,6083,85,9,72
10309,8741,6748,93,4,70
10310,6091,4278,60,6,64
10311,16092,20555,41,6,73
10312,20727,22585,78,5,54
10313,15285,15387,112,8,22
10314,5250,23113,138,0,68
10315,22565,12355,90,7,75
10316,10313,24092,7,3,80
10317,8696,16532,115,9,84
10318,18783,9192,37,0,86
10319,23244,15391,71,8,28
10320,4808,10671,10,7,66
10321,460,20189,32,1,13
10322,23728,8483,109,9,86
10323,5425,15004,78,2,82
10324,24239,582,6,0,89
10325,17355,4338,8,2,83
10326,7044,18479,9,7,72
10327,9934,14773,123,8,10
10328,3587,11420,77,1,68
10329,20644,11748,2,0,77
10330,23970,6833,22,4,39
10331,19252,14517,104,8,87
10332,18516,18919,51,4,85
10333,17895,971,42,2,48
10334,16415,7448,112,3,35
10335,21591,11307,135,1,9
10336,20906,15096,75,0,58
10337,19888,10343,84,6,4
10338,24120,5913,85,4,4
10339,4370,20852,82,6,70
10340,9614,9012,40,3,42
10341,15317,17655,2,7,47
10342,3293,9762,124,3,20
10343,10740,23785,121,7,72
10344,24773,23813,139,5,54
10345,6842,301,5,9,44
10346,7634,21142,67,6,4
10347,22086,9214,95,2,5
10348,10453,19457,76,3,41
10349,485,22416,111,7,61
10350,17336,12837,127,2,88
10351,18101,15655,91,3,1
10352,15561,18910,102,9,88
10353,6007,20596,35,7,31
10354,1273,18891,110,0,0
10355,20284,8268,74,0,4
10356,13944,20959,0,7,83
10357,21536,14867,122,3,52
10358,1839,1368,35,4,48
10359,5849,4505,76,1,46
10360,11158,20912,32,1,50
10361,3687,976,51,0,3
10362,13977,24674,42,8,52
10363,2109,210,4,0,27
10364,11404,15862,144,0,87
10365,4511,21151,107,0,39
10366,9836,19327,63,3,6
10367,20865,15627,85,2,1
10368,19926,17329,141,6,74
10369,23268,4810,9,4,81
10370,24545,578,53,0,14
10371,5858,23861,34,1,23
10372,9964,16985,57,3,15
10373,340,20842,99,5,85
10374,19168,15742,123,5,2
10375,7942,19691,43,3,54
10376,4630,24450,40,7,48
10377,18316,6389,146,4,5
10378,24215,1778,26,7,15
10379,14968,7389,2,4,18
10380,16035,11004,4,9,3
10381,22670,19535,132,8,33
10382,12062,23478,118,1,39
10383,272,19806,69,9,5
10384,7790,12009,30,4,23
10385,1130,18700,58,9,78
10386,1479,11485,31,7,71
10387,7936,15706,134,9,5
10388,21398,9207,31,8,52
10389,21695,16452,132,3,41
10390,13583,4223,71,5,60
10391,15379,12564,77,5,36
10392,22268,2623,137,7,44
10393,7003,18441,27,2,40
10394,14679,18857,53,9,57
10395,5726,14237,125,0,8
10396,11637,19027,24,2,29
10397,3688,9400,119,3,31
10398,21,1065,52,3,82
10399,6427,6324,33,7,58
10400,12819,10104,57,5,77
10401,14589,9340,76,8,79
10402,3249,20768,128,8,36
10403,17210,16831,104,2,73
10404,10721,4779,111,8,1
10405,3556,11410,20,9,54
10406,9063,40,136,0,24
10407,2201,8473,72,0,62
10408,22093,24389,131,1,72
10409,3944,8294,64,6,57
10410,15050,7651,99,0,41
10411,12791,21853,133,5,68
10412,16984,7396,104,0,61
10413,15992,20454,67,3,7
10414,14955,15687,113,8,43
10415,17266,22955,140,1,81
10416,9700,678,64,5,42
10417,4194,9179,117,2,43
10418,634,6662,124,8,68
10419,12914,5558,90,2,18
10420,16588,10786,137,7,57
10421,6934,23198,58,2,70
10422,21202,2717,105,3,86
10423,6264,23535,133,7,8
10424,7519,19865,108,4,58
10425,3788,16925,126,4,62
10426,22502,2767,105,0,17
10427,18530,6711,49,5,62
10428,5391,2850,12,3,61
10429,18984,13979,68,3,58
10430,24769,22486,92,8,43
10431,8885,23039,46,0,63
10432,2463,6426,127,8,6
10433,24842,9995,134,1,17
10434,22434,23142,40,0,84
10435,24869,10936,8,2,36
10436,11149,11124,136,9,82
10437,11046,302,101,7,35
10438,6282,1776,65,7,0
10439,24047,9411,62,1,7
10440,24854,6944,134,8,51
10441,11581,18836,100,2,60
10442,9126,15658,110,3,79
10443,24378,6036,65,1,49
10444,19866,9416,133,1,82
10445,19531,14771,66,0,10
10446,14641,5271,125,9,47
10447,18017,21398,61,3,54
10448,12746,22110,109,5,11
10449,21102,15729,88,1,36
10450,21337,22105,37,0,46
10451,6718,24725,101,4,36
10452,18569,643,46,1,22
10453,14140,16472,26,5,13
10454,4818,22038,45,6,21
10455,20766,6442,81,8,66
10456,8981,18836,70,0,30
10457,21021,186,145,1,73
10458,13992,5570,43,6,75
10459,2557,7684,41,5,60
10460,9361,14097,51,6,33
10461,8801,14830,15,7,40
10462,64,14108,118,4,25
10463,19735,7400,145,7,15
10464,903,16340,122,1,47
10465,10375,175,111,5,71
10466,13576,17593,62,1,29
10467,4968,24816,80,9,6
10468,6899,14143,54,5,61
10469,10093,986,73,4,20
10470,13297,19444,23,7,9
10471,22747,15164,24,5,85
10472,2180,13855,120,6,44
10473,8386,2756,5,1,46
10474,24133,22108,138,2,44
10475,13706,19931,141,5,12
10476,20287,1382,33,3,45
10477,4005,8452,114,6,18
10478,457,10217,100,9,75
10479,1992,5674,103,6,87
10480,23683,14148,78,0,55
10481,8143,21631,46,7,36
10482,18622,24186,74,6,29
10483,24865,11433,19,7,67
10484,11708,17874,27,4,78
10485,4048,20146,12,2,80
10486,22267,9710,48,1,46
10487,11070,10708,22,6,88
10488,20992,2335,74,8,60
10489,2282,22029,142,2,48
10490,12619,11506,127,2,65
10491,18566,6790,47,6,30
10492,10864,17556,53,5,75
10493,2556,5418,50,5,7
10494,689,6915,26,2,27
10495,23112,14244,49,8,72
10496,21877,10903,124,4,37
10497,15275,6903,122,1,41
10498,4987,13987,92,2,69
10499,14131,1371,102,3,47
10500,18685,19033,14,6,76
10501,4878,21274,77,3,64
10502,15512,12658,120,7,62
10503,20552,2403,40,1,75
10504,8353,8093,134,8,72
10505,18170,12454,57,4,55
10506,23581,18893,121,2,8
10507,9218,22246,95,1,75
10508,5586,7175,97,9,59
10509,13015,9255,5,1,40
10510,20206,12673,20,7,22
10511,9717,18961,91,1,64
10512,11359,21683,24,8,0
10513,3286,980,107,7,71
10514,14516,6560,138,5,40
10515,5484,12086,44,6,51
10516,15188,5579,115,4,61
10517,11430,3412,101,1,47
10518,7213,11420,118,1,15
10519,18576,5471,112,0,28
10520,1011,18052,96,4,29
10521,3062,5798,25,3,3
10522,14679,4186,18,5,70
10523,23799,13059,40,9,80
10524,19247,12534,142,7,84
10525,6553,4921,16,2,28
10526,2789,19042,108,0,86
10527,20793,17941,90,6,9
10528,11603,9999,119,0,15
10529,2214,14810,65,6,57
10530,4224,17135,102,5,69
10531,22594,1307,120,3,80
10532,12039,14198,91,7,68
10533,12052,4710,55,3,24
10534,18425,19932,53,2,1
10535,18820,5743,140,5,24
10536,5195,19166,45,5,18
10537,6388,24791,41,0,62
10538,18257,15919,116,4,44
10539,2560,493,108,9,72
10540,11365,16423,119,9,25
10541,7019,9000,23,2,11
10542,9487,10785,58,4,11
10543,8908,18672,135,5,60
10544,4288,13291,130,5,69
10545,10425,17237,14,4,75
10546,8209,20755,88,2,18
10547,5520,5580,63,4,13
10548,13424,1206,52,0,75
10549,7120,14688,48,0,16
10550,13411,3320,61,6,22
10551,24835,17408,18,9,29
10552,4600,17988,144,4,29
10553,19629,644,56,3,86
10554,14636,18920,56,6,26
10555,9022,5590,69,0,41
10556,2396,18645,70,1,20
10557,22904,5409,22,1,55
10558,24969,7218,3,2,13
10559,18815,1239,7,9,63
10560,10556,5234,131,2,6
10561,18164,10320,112,7,73
10562,17356,24250,44,4,43
10563,19257,24030,136,6,53
10564,5869,6035,52,6,37
10565,8703,5319,30,4,67
10566,3683,2557,2,7,42
10567,13407,16179,109,0,15
10568,445,20745,25,4,87
10569,11968,10935,2,3,72
10570,10988,22597,89,3,56
10571,21777,9170,1,4,65
10572,21105,6629,56,5,74
10573,1082,805,28,8,20
10574,9007,11266,111,2,27
10575,21190,13417,19,9,31
10576,7922,13029,60,7,88
10577,11011,11227,2,5,86
10578,12518,6265,111,0,68
10579,11041,9241,82,8,45
10580,21998,21976,112,1,14
10581,22508,16108,142,4,76
10582,21204,5027,33,6,57
10583,6008,23597,60,2,26
10584,13305,13571,123,1,22
10585,5223,7946,86,4,14
10586,9207,112,12,9,12
10587,13904,11197,97,1,61
10588,18148,3791,114,1,30
10589,21383,22905,1,0,55
10590,3842,4145,94,9,75
10591,14184,21269,57,4,42
10592,4770,12883,16,5,88
10593,12932,20541,53,5,14
10594,22065,12757,25,9,65
10595,1937,7333,87,1,34
10596,15687,14134,43,5,32
10597,22732,18440,71,6,3
10598,8266,16401,24,4,51
10599,7340,10524,9,9,69
10600,14169,4536,112,0,80
10601,2481,20923,89,3,70
10602,69,1109,63,9,53
10603,15377,9260,146,2,20
10604,20646,18184,23,5,85
10605,17138,11403,116,9,65
10606,11576,17229,2,0,33
10607,14837,19195,114,2,32
10608,3275,14607,40,2,50
10609,15446,6940,133,6,3
10610,2132,15810,121,5,83
10611,5363,3029,129,3,67
10612,9784,17109,131,8,69
10613,11223,24539,28,1,22
10614,6807,1264,15,6,36
10615,1858,20082,63,4,51
10616,3693,24207,15,6,14
10617,13123,5788,65,3,82
10618,481,15201,135,0,79
10619,3205,22010,82,6,72
10620,8087,14523,6,0,61
10621,15231,19936,94,6,52
10622,13875,20524,41,6,73
10623,23193,18499,109,9,44
10624,4120,9725,110,4,38
10625,12062,17539,27,2,77
10626,17715,8521,31,1,44
10627,7198,10499,43,4,8
10628,12360,22907,51,5,77
10629,12718,21896,60,8,34
10630,4836,2672,91,0,48
10631,23965,18333,81,6,41
10632,10453,9830,35,0,16
10633,10192,1334,69,1,15
10634,19190,6903,130,5,54
10635,20542,12695,95,1,15
10636,18007,20966,130,5,85
10637,5149,10140,103,7,60
10638,8869,14649,93,9,70
10639,18778,24924,1,6,60
10640,19949,6515,44,5,50
10641,2648,6508,128,8,32
10642,10365,9757,126,9,73
10643,6696,10832,70,7,2
10644,9399,18554,61,8,36
10645,13947,17430,146,0,58
10646,16890,6978,124,3,40
10647,16365,17129,8,4,55
10648,6811,6537,13,7,78
10649,18891,10628,41,1,49
10650,17401,20409,60,2,88
10651,1755,13015,23,3,12
10652,3191,20504,117,5,83
10653,9494,22467,29,9,17
10654,18241,181,4,7,40
10655,22182,8918,9,4,76
10656,731,9811,138,8,60
10657,12801,8080,108,5,52
10658,7695,20012,117,1,26
10659,12966,9883,112,5,49
10660,23901,3662,39,5,48
10661,23774,13884,148,9,7
10662,8727,13341,73,9,6
10663,22106,14595,72,3,74
10664,17331,13036,70,8,26
10665,3666,13914,146,3,79
10666,591,10627,15,5,60
10667,21864,19230,105,6,35
10668,7062,12368,145,0,55
10669,18242,23471,141,0,17
10670,18293,2143,122,0,64
10671,20023,3748,61,9,85
10672,21315,17215,60,8,53
10673,19738,11307,73,3,81
10674,5213,11994,11,9,35
10675,122,2474,43,3,59
10676,14901,2871,34,5,33
10677,17959,8495,148,4,12
10678,17815,17566,45,2,34
10679,2908,4477,32,7,89
10680,23152,1463,137,0,26
10681,9827,14157,21,4,26
10682,5826,19595,58,4,9
10683,22684,16602,109,0,81
10684,20284,3509,101,6,64
10685,4547,9915,35,4,3
10686,10634,17645,9,8,72
10687,510,12769,15,0,17
10688,13090,2013,133,3,49
10689,16897,14689,114,5,45
10690,17317,18730,87,1,66
10691,4858,17385,41,5,78
10692,22599,11920,81,9,17
10693,6350,7350,75,0,38
10694,18490,8144,110,6,40
10695,16912,13960,22,7,2
10696,3164,9078,56,8,56
10697,5696,23940,124,8,83
10698,412,22026,107,4,11
10699,18502,4256,117,6,3
10700,15644,5490,18,5,44
10701,22418,7559,123,8,29
10702,4690,23594,89,2,19
10703,5327,18229,24,1,17
10704,910,18705,27,5,45
10705,15638,23312,37,2,42
10706,21134,3235,130,3,12
10707,1043,6923,58,4,73
10708,9054,12265,44,6,31
10709,275,8714,114,2,70
10710,4992,7542,58,5,57
10711,3239,5265,23,3,28
10712,13217,6952,38,5,27
10713,18598,11257,130,7,71
10714,16416,15086,131,2,24
10715,3086,19558,132,3,70
10716,3938,656,106,2,69
10717,8855,11861,80,4,23
10718,8019,17766,52,6,81
10719,19033,8428,135,0,74
10720,10010,14802,72,8,20
10721,23510,12664,137,3,54
10722,20427,15218,9,6,74
10723,22322,24836,91,8,35
10724,3423,18812,73,3,89
10725,24261,1775,53,0,77
10726,7542,21927,87,4,31
10727,22892,6661,87,7,24
10728,15671,19228,111,8,28
10729,19395,3175,40,8,53
10730,16276,22309,106,5,37
10731,7608,19530,41,1,75
10732,24719,11710,142,1,79
10733,15291,16889,71,1,36
10734,7481,4791,132,3,0
10735,8863,6266,138,6,82
10736,16965,6064,148,9,7
10737,2062,6067,70,2,14
10738,10518,15839,93,2,75
10739,11567,1792,38,1,77
10740,17235,9453,9,2,57
10741,16490,20007,32,5,88
10742,4330,21394,145,9,36
10743,128,1367,110,0,81
10744,11562,19024,103,3,85
10745,17656,2403,30,6,42
10746,502,7247,49,0,8
10747,16189,20457,6,4,20
10748,6789,18787,4,9,67
10749,17432,23246,23,6,50
10750,9614,5303,141,2,2
10751,4050,12268,60,1,66
10752,9264,21485,46,0,15
10753,11036,19433,140,0,67
10754,6525,9616,127,9,66
10755,5370,17477,138,2,78
10756,13412,990,112,6,76
10757,12079,16080,117,8,15
10758,2901,9458,110,8,80
10759,15800,5668,82,5,60
10760,19921,8288,16,1,3
10761,12994,13697,47,9,18
10762,5174,19156,144,6,78
10763,14465,19937,116,4,36
10764,9040,21500,36,4,21
10765,1975,15135,138,5,28
10766,4839,15060,124,6,75
10767,14124,13191,97,6,26
10768,4948,1941,23,8,47
10769,12415,9511,140,1,9
10770,16894,20626,14,3,58
10771,13622,19279,143,6,24
10772,13134,1652,33,1,31
10773,21327,12183,65,6,53
10774,18796,22707,46,5,4
10775,768,16943,81,9,54
10776,13894,19791,127,8,67
10777,9453,11218,145,5,86
10778,22465,22848,90,1,60
10779,8038,14919,147,3,34
10780,7360,8675,24,9,25
10781,16109,7990,2,0,53
10782,5031,19507,30,3,14
10783,5727,10686,80,6,67
10784,13796,20023,46,0,25
10785,20221,603,69,0,31
10786,1317,16384,30,8,13
10787,12570,1042,127,0,32
10788,23458,18061,46,6,64
10789,16470,18755,59,2,61
10790,22564,13981,148,9,67
10791,15918,17118,91,7,84
10792,1856,5698,3,0,35
10793,8657,21294,1,7,57
10794,7936,4056,30,0,41
10795,18033,20518,127,4,47
10796,1546,7301,21,4,62
10797,7627,18706,22,4,13
10798,16415,17211,138,8,0
10799,11858,5776,59,3,84
10800,21788,14300,97,6,70
10801,24995,8646,130,6,64
10802,21760,1861,149,7,76
10803,723,13135,34,9,37
10804,17910,1490,91,7,16
10805,14009,4129,70,5,17
10806,4685,20540,66,3,39
10807,9108,10275,56,4,50
10808,4159,2009,76,1,57
10809,10156,20008,11,5,58
10810,6561,22372,62,3,50
10811,11891,23051,83,1,66
10812,12722,4363,33,0,10
10813,16301,14190,120,5,87
10814,8375,14642,73,5,3
10815,5682,5438,26,5,76
10816,6708,2517,68,2,75
10817,24367,15533,10,9,66
10818,13739,2736,110,6,34
10819,2391,11636,49,9,3
10820,10634,15539,9,2,18
10821,20586,5852,24,9,86
10822,15438,13433,133,6,3
10823,4466,7291,147,8,74
10824,24368,22137,142,6,85
10825,3268,18061,3,2,0
10826,4942,1815,67,9,31
10827,16765,12242,83,5,68
10828,20585,7520,43,3,25
10829,12661,2045,106,7,52
10830,17660,24793,4,7,63
10831,11703,7839,96,1,44
10832,19935,15820,145,5,87
10833,6364,15685,116,7,0
10834,4127,3254,24,9,56
10835,23878,13645,2,1,42
10836,21992,23932,118,0,56
10837,13549,6937,12,2,49
10838,6151,6887,75,7,64
10839,11680,22729,111,3,67
10840,9002,17468,136,7,46
10841,17818,16617,27,7,42
10842,7820,24039,110,6,71
10843,1678,7974,135,6,78
10844,17193,3191,9,6,56
10845,12331,2436,82,6,79
10846,5406,23322,62,7,51
10847,18441,5456,67,5,54
10848,23886,9947,15,1,16
10849,7572,3240,0,0,42
10850,12276,17528,62,6,59
10851,15812,14272,141,8,35
10852,15385,6852,81,5,18
10853,502,12168,45,2,43
10854,131,16146,3,5,22
10855,5157,3904,64,9,22
10856,18844,15147,58,2,10
10857,3658,9503,115,7,79
10858,20924,24185,149,0,69
10859,24906,18664,10,2,71
10860,18620,16216,123,8,72
10861,236,21671,130,0,88
10862,7316,16116,42,1,59
10863,5886,15479,76,9,64
10864,5328,18534,34,1,57
10865,12869,10276,96,2,85
10866,17272,13636,39,6,46
10867,24968,22560,47,7,71
10868,3789,8437,100,6,22
10869,22486,13114,50,8,9
10870,8776,12074,120,0,31
10871,1824,16821,146,7,77
10872,16492,10324,23,3,39
10873,17048,18200,40,5,40
10874,3542,24042,83,0,9
10875,14361,8111,69,1,72
10876,15819,11833,55,4,75
10877,19672,748,64,1,84
10878,22784,7829,95,6,6
10879,532,7632,120,4,58
10880,7477,22429,105,4,41
10881,4596,18891,84,0,24
10882,19569,6473,28,1,83
10883,8960,7718,66,0,7
10884,19559,17224,14,9,68
10885,14829,7538,135,7,79
10886,13333,22401,89,1,66
10887,285,1772,78,8,50
10888,18395,13188,16,3,71
10889,12360,15856,64,0,89
10890,13986,16979,25,7,21
10891,18223,4044,101,1,59
10892,13866,19912,77,3,64
10893,12898,4272,55,7,31
10894,20815,22486,62,1,15
10895,7888,13144,13,5,55
10896,18426,10426,106,3,75
10897,22366,602,72,3,4
10898,23972,7116,63,3,16
10899,5127,12182,87,5,48
10900,8697,4942,30,7,80
10901,21187,21576,40,7,50
10902,1009,15836,120,2,44
10903,7405,4041,48,0,60
10904,20584,551,134,0,46
10905,8547,16871,55,1,65
10906,7418,9665,105,5,69
10907,3768,21666,27,8,65
10908,3109,17562,103,5,20
10909,13894,6917,77,2,83
10910,20663,14441,106,2,68
10911,21924,10506,115,6,52
10912,19063,13931,29,2,51
10913,14986,20807,31,7,74
10914,16845,14433,74,6,31
10915,5863,20298,147,8,45
10916,10025,11530,144,3,4
10917,7347,12540,109,3,53
10918,22021,8454,145,3,51
10919,15525,15840,0,6,12
10920,1766,17208,53,9,15
10921,9784,3438,136,1,89
10922,11978,8334,74,8,62
10923,17249,17865,37,6,46
10924,17695,8210,3,0,33
10925,10998,11211,11,3,36
10926,22708,5329,37,4,26
10927,13581,8219,31,4,14
10928,19172,20214,80,5,18
10929,29,9861,146,7,50
10930,19053,4708,13,7,4
10931,9815,21474,75,5,88
10932,10426,18870,6,8,41
10933,16540,14555,131,1,57
10934,3177,5941,103,2,38
10935,24239,5737,3,3,88
10936,11969,15233,119,6,61
10937,12830,17744,105,6,70
10938,6646,16237,52,9,85
10939,18888,8316,128,0,38
10940,18742,23591,32,5,34
10941,16982,13868,35,0,2
10942,5952,9249,1,0,67
10943,13300,11872,42,3,55
10944,18444,24093,131,4,62
10945,3000,11436,36,1,13
10946,3731,6634,8,1,7
10947,4900,7139,10,9,69
10948,20429,17571,83,4,52
10949,4238,8505,12,1,42
10950,10209,5774,130,5,20
10951,23684,16037,128,2,74
10952,4741,24678,86,1,57
10953,19754,19944,53,9,80
10954,3621,12328,29,0,24
10955,23932,11633,94,2,9
10956,20404,17664,64,5,17
10957,3314,9482,42,3,16
10958,6699,19316,83,8,11
10959,23242,5213,24,5,52
10960,6455,4460,99,9,83
10961,14937,17800,89,6,39
10962,9172,16919,15,6,67
10963,7433,5050,149,3,14
10964,12108,4934,58,6,3
10965,18765,13231,58,4,62
10966,22817,7813,73,9,39
10967,24578,13861,139,9,62
10968,21015,24389,75,7,78
10969,17168,2758,121,0,60
10970,11440,13445,88,9,7
10971,20728,12853,141,6,19
10972,12649,19969,121,3,57
10973,214,15091,126,1,30
10974,15860,2865,109,6,28
10975,14916,21467,3,1,70
10976,20978,958,40,6,89
10977,18540,24524,35,9,19
10978,8231,17840,10,0,1
10979,15469,16835,70,0,20
10980,17390,5814,43,2,76
10981,20852,7558,90,6,7
10982,23574,14070,126,4,36
10983,24764,11191,145,9,3
10984,2212,19841,38,0,64
10985,2737,22666,48,0,23
10986,12889,22280,142,2,75
10987,1999,23348,65,9,74
10988,9293,5785,116,5,62
10989,18643,5234,73,4,57
10990,8851,8866,119,7,6
10991,839,1240,73,9,87
10992,13681,15233,44,3,29
10993,10758,19789,115,6,56
10994,12060,10263,24,6,56
10995,1887,16236,118,4,83
10996,21697,17380,29,7,47
10997,17613,5651,9,5,73
10998,8398,15491,139,8,7
10999,22286,19119,127,6,39
11000,22380,21430,147,3,20
11001,11916,8496,24,3,6
11002,12127,14470,143,8,11
11003,10043,15602,103,2,75
11004,11719,17783,74,9,22
11005,3428,12989,35,0,44
11006,18001,17201,29,4,84
11007,10248,15931,83,2,46
11008,4686,23991,64,7,55
11009,13578,7781,55,0,56
11010,3414,9953,49,7,67
11011,18789,24038,112,2,26
11012,592,7114,8,2,31
11013,18118,23259,139,7,24
11014,2864,17403,24,3,33
11015,9778,12711,61,3,7
11016,1583,5894,18,7,15
11017,22173,21910,63,9,9
11018,3081,13967,18,1,26
11019,12017,10375,85,2,68
11020,7152,9988,55,7,64
11021,7746,13101,2,2,41
11022,21219,2836,126,3,51
11023,837,8450,61,9,7
11024,5520,21507,97,6,20
11025,18931,14648,19,9,81
11026,13192,23856,114,7,25
11027,19599,8165,28,8,71
11028,15516,6067,34,1,60
11029,6557,21772,2,1,68
11030,16877,22938,104,9,50
11031,24336,20657,4,9,75
11032,15393,24099,1,0,15
11033,11219,17522,29,1,10
11034,14770,23098,73,7,11
11035,18372,14575,29,0,31
11036,23395,2198,96,3,82
11037,5646,10270,71,9,15
11038,8999,465,68,1,13
11039,3033,4669,46,7,43
11040,17607,24350,16,1,48
11041,532,13298,137,5,23
11042,5682,13964,59,0,25
11043,4775,16050,55,4,6
11044,17160,20051,122,5,62
11045,19323,11671,13,4,64
11046,4855,20519,61,3,69
11047,16615,23729,39,1,36
11048,19270,20104,66,4,8
11049,9142,1526,121,0,27
11050,5012,4390,146,0,30
11051,12951,12066,125,4,17
11052,11735,14857,140,6,79
11053,23079,21315,109,1,60
11054,22818,9349,71,0,34
11055,14486,19542,99,6,47
11056,9816,3192,6,2,25
11057,20281,5087,117,5,15
11058,7343,7568,70,1,18
11059,14866,6755,114,5,38
11060,317,17496,40,1,53
11061,12757,23437,47,1,39
11062,20602,24819,145,3,29
11063,21494,24948,42,7,88
11064,19889,20442,114,2,81
11065,21951,16754,67,2,20
11066,21425,1646,86,6,79
11067,16529,20130,27,8,57
11068,7095,6746,131,8,66
11069,11710,19439,136,4,61
11070,19189,21681,89,9,4
11071,20758,559,114,0,2
11072,20753,5932,51,8,26
11073,2298,9865,40,4,30
11074,13380,21603,142,9,21
11075,7316,1953,91,5,88
11076,9902,5456,83,3,4
11077,3470,586,68,3,56
11078,21919,6409,114,6,54
11079,15391,15196,131,4,24
11080,14083,13163,91,7,29
11081,3039,2820,68,2,88
11082,16950,7289,85,9,14
11083,27,4307,142,8,59
11084,24554,19696,83,4,61
11085,19928,12923,137,4,0
11086,3359,19867,99,5,71
11087,3040,24238,47,2,25
11088,22183,4668,85,2,33
11089,23536,22592,70,5,48
11090,19001,8494,36,3,87
11091,14439,10359,115,7,40
11092,6137,23749,84,7,43
11093,17755,5077,121,7,42
11094,2337,16497,100,4,72
11095,18492,12812,33,9,39
11096,23966,5865,105,1,48
11097,5517,14730,1,1,22
11098,8340,2836,140,4,79
11099,15816,17265,21,9,23
11100,9864,11042,46,4,47
11101,22604,7668,45,9,20
11102,22669,9256,95,0,71
11103,5878,18735,39,2,55
11104,5150,20417,98,1,25
11105,478,17105,9,7,5
11106,21690,15771,81,1,80
11107,22318,10084,27,5,4
11108,4098,12851,75,9,83
11109,9107,11916,79,3,47
11110,12059,1084,37,4,88
11111,1159,19100,94,4,89
11112,21723,17752,39,2,58
11113,9525,11535,37,2,38
11114,15434,17329,10,5,18
11115,10025,18179,131,1,23
11116,21644,13404,70,7,16
11117,6545,16915,40,7,58
11118,4040,13960,134,5,24
11119,11853,7048,87,7,19
11120,19273,9319,76,6,84
11121,3813,12533,144,1,7
11122,6414,12705,97,7,62
11123,7532,238,8,3,21
11124,18313,13047,147,2,75
11125,21510,8390,81,2,43
11126,16285,6591,9,5,14
11127,10362,18006,116,1,75
11128,10230,18728,93,2,40
11129,18146,7236,130,8,66
11130,18732,15032,37,2,18
11131,19229,22376,80,2,77
11132,4629,13977,82,5,51
11133,5698,10644,84,6,4
11134,15944,24595,52,3,45
11135,22820,652,149,0,31
11136,23481,18594,119,0,84
11137,3825,17365,145,7,14
11138,10981,6209,3,0,53
11139,2652,12184,53,1,88
11140,6578,10972,4,9,7
11141,21518,7176,108,3,66
11142,23447,12438,23,6,82
11143,22184,6900,114,5,0
11144,9877,11796,122,4,26
11145,19165,21908,32,3,14
11146,15147,11934,70,3,22
11147,18350,14115,43,4,55
11148,4528,20963,93,4,35
11149,985,3174,127,9,21
11150,20766,5171,46,4,6
11151,22440,8100,91,5,23
11152,6442,19504,26,2,1
11153,2012,15053,94,1,43
11154,13809,8374,13,9,52
11155,16883,14008,31,9,26
11156,9240,12282,122,6,85
11157,8401,4157,46,2,35
11158,6459,15396,102,3,37
11159,24769,21691,36,6,56
11160,18235,11826,28,3,55
11161,21374,2896,73,2,27
11162,21820,11405,56,0,30
11163,24450,19800,10,4,40
11164,3777,19804,48,3,71
11165,18312,4520,41,5,18
11166,12260,21521,105,0,9
11167,10763,23358,48,3,5
11168,7082,5398,113,5,21
11169,4340,18239,105,4,7
11170,20905,22497,128,2,87
11171,1516,2060,8,1,32
11172,11758,21831,128,7,14
11173,229,12858,119,3,55
11174,643,1651,136,4,30
11175,18059,22428,56,1,43
11176,16524,20429,101,3,55
11177,14276,24988,141,7,76
11178,8065,19245,50,4,27
11179,24360,19500,53,5,31
11180,6183,6922,108,3,80
11181,20992,17690,28,0,12
11182,19316,6813,4,3,79
11183,17817,18152,12,5,24
11184,21404,15282,60,0,11
11185,12540,21851,115,1,22
11186,1799,14839,94,9,1
11187,6993,6938,57,8,12
11188,13685,3835,33,1,57
11189,4348,17073,82,6,53
11190,669,6927,86,8,71
11191,3275,14976,116,5,53
11192,22610,24880,103,7,68
11193,24186,2538,115,0,26
11194,7500,7798,22,3,88
11195,6847,20449,1,1,0
11196,9355,17374,107,5,70
11197,15233,11297,2,4,15
11198,18047,4826,40,8,53
11199,21276,570,82,8,19
11200,21623,14322,93,8,20
11201,4238,21364,103,7,26
11202,8729,18875,120,0,49
11203,11427,12352,72,7,65
11204,21790,7111,114,2,71
11205,4008,369,39,7,18
11206,13268,2743,31,9,29
11207,7775,19765,17,4,12
11208,16506,11495,117,4,13
11209,12327,15923,145,4,69
11210,1667,13476,3,3,54
11211,12665,5471,133,2,50
11212,8778,18124,49,2,24
11213,10097,10644,56,5,62
11214,9990,18601,101,8,47
11215,23021,16545,128,4,17
11216,11245,23612,86,1,2
11217,14500,1599,72,5,8
11218,14293,11769,91,3,52
11219,23060,768,141,9,69
11220,1478,10431,149,2,75
11221,2169,19273,78,1,44
11222,13876,22433,142,2,86
11223,8267,24348,34,2,49
11224,15851,17412,88,0,45
11225,20804,22639,73,4,67
11226,24006,13234,119,5,77
11227,8498,12308,118,8,84
11228,11910,24059,53,6,25
11229,17208,5623,133,7,4
11230,9233,9922,45,6,56
11231,11040,8121,110,3,21
11232,24843,20497,80,7,89
11233,9370,22247,62,6,45
11234,6686,6835,71,0,82
11235,12651,17540,36,7,86
11236,16032,266,53,1,80
11237,22073,8010,63,8,70
11238,16446,9251,33,3,84
11239,391,4953,119,2,32
11240,23429,3014,144,1,5
11241,14074,22744,63,7,74
11242,13126,8964,12,9,83
11243,18388,345,77,0,34
11244,17235,22567,21,4,6
11245,8295,19153,89,2,89
11246,17420,24183,100,0,29
11247,14719,23651,109,7,22
11248,15443,24349,75,7,54
11249,21496,2187,10,5,4
11250,11314,8392,52,8,16
11251,21356,23900,50,6,78
11252,11087,2677,50,6,33
11253,17481,13411,96,6,47
11254,3497,13722,82,1,30
11255,5585,22521,137,6,2
11256,8712,18715,97,3,82
11257,1844,13161,109,0,64
11258,1163,2068,109,6,21
11259,5260,9290,90,2,68
11260,17653,6021,51,7,74
11261,5939,11546,35,5,65
11262,1540,8960,59,9,36
11263,19058,19599,102,3,47
11264,4893,23321,18,9,51
11265,7790,15596,71,6,49
11266,18839,10258,81,8,78
11267,21566,11927,75,8,57
11268,13816,8933,76,9,56
11269,6784,14073,11,2,9
11270,6223,8750,66,1,83
11271,16524,24950,85,7,29
11272,6704,15391,13,7,23
11273,12705,15287,112,1,63
11274,8675,13889,111,8,45
11275,19622,10267,44,3,3
11276,5241,13967,8,9,6
11277,12020,8513,64,6,25
11278,17391,15246,3,2,31
11279,19149,17216,1,9,40
11280,4210,1894,24,1,28
11281,17887,13025,79,9,47
11282,17277,3246,53,7,23
11283,22796,6641,33,3,34
11284,24279,9978,149,9,67
11285,22235,14372,137,9,11
11286,18387,24617,3,1,71
11287,24689,14848,139,2,20
11288,13773,11387,99,2,50
11289,20995,15356,85,7,40
11290,1160,5523,53,1,12
11291,7035,16816,25,4,42
11292,17150,6155,18,1,58
11293,5210,13886,94,0,4
11294,5065,21622,98,3,75
11295,3230,6846,108,8,10
11296,5931,4977,140,1,37
11297,9614,20801,65,7,81
11298,16401,8847,17,9,23
11299,11637,4610,105,3,24
11300,10951,544,95,9,82
11301,6142,16137,128,0,41
11302,18344,2194,33,0,66
11303,9922,3269,43,3,82
11304,24021,14583,33,0,19
11305,7048,21384,63,9,0
11306,3558,22319,32,4,24
11307,11398,13813,112,2,64
11308,19346,15257,10,1,38
11309,21735,4529,124,9,79
11310,14658,18935,82,6,16
11311,8185,7257,120,4,18
11312,6274,24559,86,4,56
11313,22972,21622,15,6,63
11314,17020,6959,93,4,83
11315,4317,13701,1,0,45
11316,18545,925,72,8,26
11317,3335,8983,134,2,65
11318,9903,20705,137,0,79
11319,3102,8077,54,4,45
11320,20003,1380,3,7,43
11321,8182,4555,98,8,2
11322,14801,4528,116,5,70
11323,16830,5281,92,8,46
11324,2991,13675,12,2,13
11325,16247,23003,117,2,25
11326,15121,16121,58,6,69
11327,14322,5445,142,2,65
11328,24373,3810,77,2,45
11329,16289,22533,85,6,36
11330,637,18237,107,0,34
11331,7082,9040,66,5,55
11332,16560,8711,90,4,81
11333,8766,6193,82,6,27
11334,5219,14081,60,5,80
11335,12403,18958,130,5,17
11336,2791,15461,142,2,20
11337,18661,114,100,0,57
11338,8358,12200,3,8,50
11339,12122,19013,109,8,54
11340,18757,9775,69,4,69
11341,5877,20117,51,0,17
11342,23591,6690,121,8,88
11343,20893,5729,147,3,62
11344,2560,22231,122,6,8
11345,6813,2547,91,0,62
11346,8301,10118,130,3,84
11347,2919,7329,118,9,21
11348,5559,2445,120,1,21
11349,1084,11691,84,7,83
11350,4586,20951,4,1,54
11351,16578,14325,53,0,67
11352,20484,1251,56,4,49
11353,4628,21738,139,9,61
11354,10086,12663,89,3,36
11355,12211,20245,19,2,25
11356,2770,20411,129,5,21
11357,5354,16580,146,9,87
11358,15558,4438,132,1,28
11359,12855,15698,84,8,12
11360,17966,9467,133,0,33
11361,23599,11271,112,7,20
11362,8790,2130,12,4,86
11363,15436,2889,27,1,75
11364,4422,3068,135,9,22
11365,5006,992,90,3,79
11366,23762,17915,125,8,53
11367,20439,5575,76,0,38
11368,5587,5330,27,1,78
11369,2848,1998,126,3,38
11370,24954,564,127,3,4
11371,3930,16546,92,3,1
11372,23793,18003,0,4,1
11373,12970,21866,77,6,82
11374,16223,5492,84,4,58
11375,4086,6758,41,6,34
11376,16788,22374,119,7,86
11377,6957,18016,61,2,74
11378,8105,17688,51,4,64
11379,242,6425,16,0,81
11380,6634,22897,63,3,23
11381,952,15911,122,2,78
11382,21136,17117,51,7,50
11383,17453,3105,29,8,26
11384,18351,18459,90,2,6
11385,22828,23922,123,4,0
11386,16254,23323,83,3,82
11387,24434,24029,102,7,18
11388,24391,2164,123,6,73
11389,24250,24123,95,2,3
11390,7351,297,42,6,20
11391,19923,4050,4,9,35
11392,10521,2999,34,7,66
11393,11251,17600,50,0,40
11394,17907,15854,112,2,46
11395,7436,22065,149,6,47
11396,10130,4726,136,1,48
11397,4545,4432,11,7,8
11398,17231,442,79,2,48
11399,3510,17245,8,5,38
11400,13632,17405,81,1,20
11401,10431,7970,53,1,43
11402,22031,21339,93,6,52
11403,11845,19698,2,1,56
11404,5841,10430,119,1,81
11405,18787,22497,96,2,65
11406,21382,17860,27,5,28
11407,12445,14452,102,0,31
11408,21402,9491,40,2,13
11409,9803,3120,29,7,6
11410,24939,241,98,5,68
11411,7809,2738,41,0,60
11412,16797,7474,107,0,1
11413,9420,18326,68,1,20
11414,20367,14999,115,2,42
11415,814,4028,34,5,58
11416,1445,12004,76,4,19
11417,18871,1024,109,6,65
11418,7992,4163,83,4,19
11419,15434,23557,55,4,14
11420,2705,2974,23,8,48
11421,5887,7049,45,7,86
11422,13938,13646,113,9,41
11423,17096,10721,113,3,72
11424,6073,17803,17,1,30
11425,22294,375,137,0,22
11426,135,4948,95,7,36
11427,585,13242,96,6,47
11428,23299,15778,99,4,22
11429,14008,20763,123,4,33
11430,3264,10915,39,6,17
11431,21257,7956,148,8,72
11432,5707,15451,2,3,29
11433,23602,5294,86,5,26
11434,13625,23281,105,2,22
11435,3080,21226,120,0,33
11436,21813,20454,136,8,42
11437,14411,17800,52,6,32
11438,16363,22623,125,3,80
11439,13731,9340,42,4,31
11440,18609,16461,63,9,7
11441,5110,20024,61,1,87
11442,5895,7830,20,1,14
11443,16051,10584,126,6,70
11444,16804,17760,132,4,67
11445,24738,11048,54,8,83
11446,24245,13831,43,4,15
11447,19325,11572,10,0,83
11448,24643,13198,101,8,29
11449,5793,53,101,6,88
11450,5990,10002,104,5,38
11451,11088,18703,138,6,83
11452,7414,11699,72,9,78
11453,6386,19393,129,0,7
11454,9064,8445,84,4,87
11455,12610,17359,121,2,54
11456,618,5691,121,1,53
11457,2358,2454,74,0,33
11458,19197,4298,73,2,3
11459,14145,11736,32,5,28
11460,5317,9661,97,1,2
11461,15866,13903,108,4,31
11462,12938,6973,79,8,25
11463,9341,7370,14,4,36
11464,16435,21729,6,0,11
11465,7899,3117,74,5,72
11466,3865,12698,38,6,16
11467,2530,11473,118,0,37
11468,4630,22777,3,3,69
11469,16155,15536,51,6,23
11470,2286,22668,20,0,37
11471,3605,13496,87,3,80
11472,16861,974,53,6,66
11473,24198,12112,118,1,10
11474,24372,19339,79,1,22
11475,14171,2274,74,7,73
11476,19792,23427,51,7,36
11477,17544,20581,53,1,68
11478,4158,21936,0,7,48
11479,13023,4512,83,0,16
11480,2954,9559,38,4,11
11481,18375,2172,61,6,39
11482,19571,11665,69,9,79
11483,20392,2160,74,7,8
11484,12496,14326,90,6,12
11485,18467,8460,48,0,35
11486,3581,23031,133,9,19
11487,7126,23331,106,2,19
11488,16970,23411,55,1,24
11489,11080,18974,113,2,26
11490,320,14048,25,0,74
11491,10093,23682,87,8,17
11492,11006,7010,66,3,4
11493,24324,7636,91,3,35
11494,22087,17321,20,0,25
11495,1668,5411,95,6,3
11496,9068,23382,147,4,73
11497,4365,11678,126,1,9
11498,7395,4508,93,6,71
11499,2738,5887,113,2,48
11500,16707,15236,41,8,30
11501,11680,3629,138,8,3
11502,515,5226,91,4,40
11503,5215,3377,104,4,48
11504,16934,4790,70,1,31
11505,22723,2658,127,8,56
11506,4590,1188,116,2,65
11507,5415,1043,127,2,82
11508,9401,18326,141,1,61
11509,4663,2222,66,1,87
11510,23451,11775,26,0,85
11511,14864,32,65,3,60
11512,14724,24367,122,9,87
11513,7986,23319,103,7,87
11514,21735,8669,79,7,19
11515,18734,24478,70,9,88
11516,18043,23950,49,1,16
11517,3498,20315,53,9,43
11518,21297,7063,91,9,80
11519,22358,8769,42,1,43
11520,9644,8995,148,9,33
11521,8264,18171,108,4,70
11522,3374,15392,85,9,30
11523,858,6948,25,0,74
11524,14588,22157,116,5,52
11525,11001,5753,61,4,2
11526,2252,12212,6,1,6
11527,5063,13725,109,9,45
11528,3877,528,1,0,31
11529,3543,13332,54,2,30
11530,15362,10746,5,3,79
11531,9925,8553,116,7,17
11532,21841,24945,62,3,16
11533,17599,4199,57,7,80
11534,23804,3368,112,2,88
11535,20657,22137,92,9,75
11536,728,23067,133,6,78
11537,24718,2528,94,8,53
11538,986,8651,15,7,71
11539,5749,340,113,9,30
11540,11857,23895,81,9,86
11541,19481,2658,134,8,14
11542,2448,17172,48,5,7
11543,20775,22151,124,1,74
11544,13278,14471,7,8,80
11545,13781,21776,99,6,66
11546,16414,19611,94,3,49
11547,8469,9309,83,1,5
11548,6216,12520,136,2,56
11549,19115,454,52,9,0
11550,16605,13681,67,4,50
11551,23775,15637,22,3,10
11552,22717,1338,102,0,0
11553,5353,8225,89,5,41
11554,20072,15006,58,0,17
11555,10772,9297,42,4,45
11556,23983,5864,8,0,2
11557,14616,11132,111,6,78
11558,21056,7141,41,5,3
11559,3988,14715,125,0,31
11560,20306,4216,146,0,71
11561,11257,659,86,7,38
11562,1384,16230,9,9,63
11563,22593,14926,63,1,61
11564,19783,6839,128,3,8
11565,9497,11906,42,6,1
11566,858,10695,49,8,51
11567,11961,20398,44,1,47
11568,15265,9419,50,7,46
11569,1257,17473,136,7,71
11570,21577,24583,10,2,70
11571,8125,8412,76,7,76
11572,21420,12543,90,6,24
11573,13757,2511,52,4,21
11574,12771,2825,81,4,15
11575,7855,4686,10,7,16
11576,19918,19546,85,7,79
11577,15951,6037,94,6,22
11578,19232,21406,137,7,77
11579,14037,18023,113,6,81
11580,14060,1299,1,6,37
11581,17769,9379,134,0,84
11582,3460,3101,116,6,45
11583,12783,9250,54,3,83
11584,7489,7069,101,1,61
11585,2557,10566,63,4,82
11586,8606,8521,3,2,36
11587,4579,18618,69,2,6
11588,7002,19448,53,0,25
11589,15362,1009,27,7,68
11590,4912,2760,129,2,20
11591,2627,774,42,8,68
11592,11736,11114,18,2,33
11593,2630,22475,143,0,29
11594,23415,16296,88,5,26
11595,23845,16693,114,9,7
11596,4278,18289,27,1,53
11597,22870,10866,87,1,63
11598,3814,769,91,1,59
11599,3440,24177,87,9,18
11600,16893,21233,30,3,52
11601,1410,2822,75,8,83
11602,13958,11254,41,7,77
11603,18086,7222,118,6,0
11604,17220,11939,111,3,23
11605,14265,4056,60,3,71
11606,1670,14609,9,2,59
11607,4642,1812,70,8,51
11608,7007,13434,71,6,34
11609,11497,12731,3,4,3
11610,11748,22163,72,1,71
11611,3065,17038,149,2,65
11612,20614,24521,121,2,87
11613,10048,6686,44,1,51
11614,3112,5717,138,2,26
11615,18960,914,127,2,1
11616,21058,2125,99,8,30
11617,19978,19206,146,7,30
11618,3410,12437,145,5,75
11619,6302,9666,11,5,38
11620,20548,11541,22,3,86
11621,3623,21928,120,9,30
11622,12804,20242,81,3,81
11623,16704,2753,39,0,18
11624,20443,5199,59,7,41
11625,12388,12631,106,2,4
11626,7695,2603,53,5,82
11627,24010,7871,53,6,12
11628,581,186,145,8,81
11629,16555,20273,83,2,84
11630,23439,17650,125,3,79
11631,462,13289,5,7,48
11632,23735,6144,50,4,3
11633,19843,6396,36,9,39
11634,5258,1991,7,4,3
11635,16408,7553,126,0,56
11636,22903,10957,70,1,60
11637,14122,14605,49,9,14
11638,24148,7031,147,9,15
11639,19522,20624,101,2,8
11640,5838,11710,70,7,62
11641,10665,306,0,7,79
11642,15029,230,23,2,6
11643,8389,10810,72,6,8
11644,5689,3803,73,2,57
11645,12180,6998,66,7,58
11646,15410,11325,44,8,22
11647,11464,13152,7,4,0
11648,4232,5565,20,8,40
11649,15133,7717,118,7,22
11650,10719,23349,54,4,85
11651,1702,10182,58,1,17
11652,3689,6745,45,4,62
11653,23626,4154,118,6,55
11654,22682,14058,10,1,8
11655,17802,14167,57,2,5
11656,2927,4435,19,9,60
11657,21177,11009,85,1,4
11658,7987,4384,18,8,41
11659,2841,2349,2,9,36
11660,19193,22902,48,4,37
11661,10826,9778,55,2,37
11662,18916,18061,12,1,86
11663,10639,2456,90,2,40
11664,18474,11380,90,1,17
11665,8163,19998,6,1,42
11666,3318,4670,62,0,63
11667,6421,11240,63,5,16
11668,20507,24597,78,0,63
11669,9296,21732,129,8,58
11670,1087,17358,51,4,79
11671,18611,13300,123,2,50
11672,17056,3024,116,0,85
11673,18152,21848,43,6,53
11674,6552,16782,54,9,4
11675,8170,16887,20,2,87
11676,4267,2849,47,7,74
11677,9821,24177,91,6,4
11678,24362,24942,99,5,32
11679,24651,18107,97,9,49
11680,3038,24547,104,0,23
11681,283,4572,13,2,66
11682,15934,5212,123,8,73
11683,19982,24712,3,1,14
11684,983,21554,87,4,73
11685,23033,17991,23,5,27
11686,24888,5435,119,1,59
11687,9218,17443,103,5,70
11688,12613,13706,19,6,44
11689,9746,18322,121,0,80
11690,14697,7174,53,9,52
11691,8552,122,22,1,3
11692,16705,8830,78,7,55
11693,11140,12645,71,2,39
11694,14255,15418,67,8,9
11695,9158,22013,36,1,88
11696,16833,6712,18,3,36
11697,16838,21456,29,2,68
11698,5563,695,7,2,61
11699,10912,13233,115,7,6
11700,8235,12198,145,4,6
11701,22438,18734,12,4,1
11702,15310,5717,59,0,36
11703,24221,4301,88,4,34
11704,15278,866,145,1,3
11705,20865,7542,25,7,63
11706,15455,20937,142,8,4
11707,23936,12770,45,4,66
11708,3974,12833,52,0,89
11709,6781,21683,42,3,5
11710,292,2526,126,4,6
11711,21500,16975,135,9,74
11712,16448,10631,25,8,54
11713,12513,22855,85,8,73
11714,8522,24892,91,3,52
11715,3201,18108,139,4,39
11716,21074,21903,106,3,29
11717,6094,23066,47,1,71
11718,7897,3946,5,8,39
11719,18886,11450,62,8,35
11720,8834,19893,8,1,43
11721,16948,22524,8,1,61
11722,4609,15469,105,9,73
11723,12952,8312,46,5,2
11724,16614,12903,90,3,44
11725,24362,17044,34,1,77
11726,16818,18169,60,5,87
11727,13451,5741,100,0,37
11728,19006,22290,37,6,64
11729,4352,1142,148,4,80
11730,4196,8337,147,0,80
11731,10575,18720,22,6,43
11732,10250,21183,23,5,83
11733,3402,17658,9,9,11
11734,8241,18232,36,9,16
11735,5000,1777,98,6,40
11736,4509,22186,13,6,45
11737,10029,20558,53,9,83
11738,2163,9541,142,9,85
11739,17062,3015,134,9,70
11740,14647,4496,55,7,1
11741,21965,4665,87,5,35
11742,21300,18708,129,6,48
11743,17391,2553,23,5,69
11744,15952,12040,79,2,11
11745,16980,20091,146,0,78
11746,146,19793,26,0,28
11747,17602,15096,1,2,41
11748,18513,2865,20,2,46
11749,11584,15347,130,0,69
11750,10727,18545,142,4,34
11751,12495,9659,20,4,35
11752,1153,19582,7,6,10
11753,6757,24975,74,6,65
11754,7621,14541,2,8,56
11755,23500,12004,139,1,78
11756,1676,3096,149,0,46
11757,7561,4252,103,5,77
11758,1521,15735,66,5,9
11759,13974,10263,139,3,62
11760,12686,18401,80,4,11
11761,18163,9165,37,6,30
11762,8753,654,115,9,36
11763,12600,471,76,3,54
11764,9462,21144,35,0,47
11765,15733,7304,30,5,74
11766,22915,637,83,1,6
11767,18409,23023,111,6,82
11768,17744,14261,85,5,38
11769,19290,19003,38,4,74
11770,806,4097,141,8,52
11771,16032,21444,130,9,50
11772,18310,15767,79,1,44
11773,3187,8782,64,5,8
11774,4044,20,112,6,29
11775,14114,5649,112,6,84
11776,13300,7975,131,8,42
11777,8229,19279,67,3,64
11778,14268,13085,132,7,46
11779,24013,5555,137,3,29
11780,14983,20595,65,6,62
11781,4836,18502,59,2,48
11782,24634,16360,18,1,23
11783,12323,4968,19,1,21
11784,9426,245,64,4,61
11785,24851,11410,20,8,20
11786,18059,15807,14,1,9
11787,21044,13628,126,8,37
11788,7476,19156,101,2,2
11789,22157,1785,15,0,30
11790,13900,4332,78,8,67
11791,17306,4549,147,6,3
11792,20150,1010,17,5,12
11793,1373,1508,3,8,46
11794,18193,9220,64,5,48
11795,8199,3877,116,5,88
11796,12435,1503,24,7,63
11797,15494,14934,130,7,21
11798,13643,16002,84,0,18
11799,21162,1555,107,9,79
11800,22920,1657,128,7,33
11801,488,17578,131,6,68
11802,4712,10666,28,3,29
11803,24936,18369,78,2,26
11804,22992,4999,124,7,11
11805,14494,8908,74,8,24
11806,20707,13812,42,2,15
11807,19430,24898,106,0,59
11808,10620,20593,114,2,29
11809,16964,20834,70,6,77
11810,7984,9000,8,4,59
11811,21915,9737,21,3,50
11812,15467,9475,146,3,47
11813,18830,11059,117,9,75
11814,6405,16157,9,1,40
11815,10707,12814,143,5,59
11816,13589,14536,32,7,78
11817,2665,14304,116,2,6
11818,7984,10048,133,6,46
11819,3043,17048,72,7,46
11820,23681,20378,99,0,6
11821,13171,20491,143,8,43
11822,3049,4002,98,2,47
11823,24639,13880,10,6,2
11824,18699,18685,27,6,78
11825,23249,8328,55,2,80
11826,18278,21933,127,4,87
11827,12067,4495,23,3,38
11828,14879,14963,1,3,69
11829,21380,5493,93,9,31
11830,1140,463,41,9,52
11831,9673,24484,46,5,29
11832,7836,10393,101,7,30
11833,20698,18544,87,8,25
11834,15372,15103,51,0,71
11835,11812,8361,101,0,68
11836,17883,4005,81,6,32
11837,3314,6186,80,4,45
11838,20203,16826,48,4,72
11839,4090,8774,14,3,53
11840,6032,13458,54,1,30
11841,730,3655,73,1,31
11842,21573,4568,78,9,80
11843,20786,868,144,5,32
11844,19425,17576,149,0,12
11845,24785,5376,147,2,34
11846,137,10898,78,0,68
11847,8784,22018,123,8,49
11848,17422,3109,146,6,39
11849,3125,12500,83,1,63
11850,5481,22337,139,2,18
11851,22116,12270,79,4,66
11852,1712,22089,33,0,54
11853,20150,6179,54,8,75
11854,7683,23529,35,4,21
11855,14582,4352,93,4,29
11856,15839,23105,147,6,24
11857,1590,10209,24,4,74
11858,1007,6441,116,9,80
11859,24068,19944,121,1,60
11860,23168,6343,142,2,16
11861,15967,5655,148,6,67
11862,19819,14738,101,1,49
11863,5675,22027,29,5,20
11864,402,10228,83,9,44
11865,11970,4180,59,9,72
11866,7024,754,67,5,47
11867,22606,12564,113,7,59
11868,23270,19744,97,0,50
11869,19289,5052,93,9,72
11870,4294,6067,2,4,48
11871,6873,24788,16,6,55
11872,8178,10217,139,5,28
11873,158,3140,80,5,14
11874,791,8161,17,1,8
11875,12835,20209,4,3,37
11876,15276,22613,122,9,41
11877,8114,10816,10,8,73
11878,12696,17175,4,9,23
11879,15265,3811,87,1,40
11880,5193,13299,96,7,28
11881,18224,9595,10,0,47
11882,13144,13189,37,9,2
11883,10605,9030,16,0,42
11884,24074,18592,99,3,76
11885,7164,10171,113,4,84
11886,10035,23238,129,7,76
11887,4718,19498,112,8,87
11888,16764,16986,140,7,21
11889,1165,12681,124,8,85
11890,22030,20928,97,5,80
11891,15206,1601,48,2,49
11892,2927,10773,79,8,63
11893,7392,23574,121,3,20
11894,5152,18904,144,4,33
11895,18458,11877,102,7,41
11896,15411,24315,145,7,22
11897,11044,20687,141,6,68
11898,3131,23562,65,0,19
11899,17786,9178,139,9,79
11900,5864,7288,77,9,7
11901,8808,22346,61,6,32
11902,10133,24235,139,9,9
11903,141,15578,60,3,64
11904,17711,21513,79,7,11
11905,6709,16184,19,3,50
11906,9886,17229,38,4,70
11907,5456,7264,20,3,34
11908,19520,16756,14,3,8
11909,15258,12260,107,7,85
11910,671,13777,82,0,73
11911,19563,4802,121,8,55
11912,24598,10144,92,6,4
11913,1387,9088,16,6,19
11914,12640,9414,132,0,45
11915,20652,21228,50,4,26
11916,19808,1401,136,6,65
11917,17490,9114,10,6,6
11918,19684,19434,46,5,39
11919,13850,18770,143,9,40
11920,10207,11909,5,1,44
11921,19176,11701,148,6,15
11922,7929,22396,86,9,44
11923,13505,10452,105,7,40
11924,12425,2027,1,4,71
11925,1250,4352,84,3,3
11926,19661,5986,49,0,41
11927,2225,19298,101,1,52
11928,19336,11194,12,5,61
11929,8783,2951,3,7,6
11930,6732,2274,40,2,10
11931,19644,3872,99,1,36
11932,3219,3997,49,6,1
11933,19322,11538,128,8,14
11934,8665,4774,79,4,80
11935,22866,11609,38,7,6
11936,14277,5355,57,8,78
11937,7287,6300,116,4,38
11938,11706,20164,118,2,48
11939,24743,23824,97,5,14
11940,23236,17799,114,4,75
11941,9322,4814,126,4,17
11942,24850,16764,116,5,30
11943,3830,1716,19,7,64
11944,9526,1666,51,6,4
11945,23037,23955,24,7,48
11946,17328,16383,72,4,49
11947,12617,10734,43,8,12
11948,11294,14461,111,3,80
11949,20293,1099,84,6,71
11950,8528,10324,129,1,4
11951,13337,13085,129,4,11
11952,22879,23208,147,4,38
11953,4570,7136,62,8,5
11954,3931,12130,56,3,5
11955,11750,24909,144,3,25
11956,13992,18422,62,0,61
11957,16333,3815,11,8,43
11958,3869,463,90,9,44
11959,14564,23485,52,7,19
11960,7081,8364,111,1,42
11961,2400,21596,20,5,82
11962,5259,5773,138,4,79
11963,17000,14917,51,1,88
11964,19628,12404,33,4,82
11965,23773,8025,55,9,63
11966,17570,5673,110,0,36
11967,17876,18999,147,3,14
11968,1231,6458,131,7,77
11969,16087,24425,123,6,3
11970,8738,5604,90,0,42
11971,14364,4254,18,5,9
11972,23228,16172,25,8,12
11973,16950,14639,61,2,46
11974,15899,12983,132,8,32
11975,11950,1026,40,2,73
11976,4232,4680,114,3,3
11977,23545,9947,92,8,76
11978,1299,3910,37,8,19
11979,17793,7021,32,6,61
11980,826,4935,81,9,34
11981,5497,21480,108,5,76
11982,19354,18821,113,4,37
11983,7730,20772,149,7,5
11984,7002,16680,28,1,69
11985,17140,5226,53,3,19
11986,6340,278,35,9,44
11987,16826,11290,55,7,72
11988,21612,23263,45,8,7
11989,20507,2534,139,8,51
11990,16462,5732,147,8,13
11991,16200,5528,25,5,12
11992,3558,18741,24,3,6
11993,10210,20252,21,4,48
11994,10695,4619,135,9,49
11995,1861,12478,73,7,46
11996,2516,22560,23,1,4
11997,7382,7968,27,4,30
11998,14273,19921,30,0,10
11999,928,855,27,4,31
12000,1386,4436,64,4,11
12001,1001,9459,99,1,64
12002,23063,17490,35,3,81
12003,24082,8755,116,5,37
12004,24952,1201,139,4,71
12005,22203,23165,26,2,17
12006,8126,16955,138,5,78
12007,2255,17165,98,2,23
12008,128,8059,52,8,47
12009,4217,6373,145,3,31
12010,23517,827,65,8,6
12011,24216,9291,48,4,59
12012,17421,12970,62,3,7
12013,10791,5706,116,4,43
12014,18782,2038,71,6,9
12015,713,18154,12,9,61
12016,21122,4243,96,0,21
12017,267,8402,45,8,39
12018,8183,23211,88,7,38
12019,13646,23664,95,4,46
12020,12487,2747,135,2,3
12021,22071,7387,87,1,59
12022,19352,7075,147,1,42
12023,19191,20487,115,6,26
12024,19464,5654,90,1,66
12025,17513,1242,49,1,20
12026,5042,20975,78,9,70
12027,7109,5295,23,4,72
12028,10777,511,137,9,70
12029,8689,3700,78,8,13
12030,6660,4454,116,9,79
12031,18951,10186,37,5,34
12032,16235,6426,44,2,78
12033,4396,15570,38,8,2
12034,14102,16005,8,2,86
12035,20440,2808,111,7,1
12036,7994,4708,53,5,32
12037,20690,9200,142,3,46
12038,14353,2214,28,5,18
12039,10376,1127,10,3,46
12040,5049,6044,25,7,69
12041,24911,19067,106,6,8
12042,5024,20135,135,3,81
12043,17962,2692,80,4,42
12044,3498,13884,140,7,57
12045,10486,11830,102,7,58
12046,10952,23301,62,1,12
12047,13532,23928,1,9,2
12048,12949,2647,85,9,12
12049,14660,11056,1,5,27
12050,1699,5289,135,4,54
12051,19540,5975,43,9,64
12052,17929,6676,100,9,18
12053,12672,7084,49,5,35
12054,6639,7515,107,8,56
12055,4670,20264,1,4,48
12056,11522,10433,96,3,2
12057,437,13133,11,8,19
12058,19457,14987,84,3,79
12059,24269,22861,36,7,65
12060,13784,8246,44,1,83
12061,21906,9088,128,1,22
12062,16043,4204,86,2,51
12063,10869,12642,116,4,39
12064,18081,5439,50,7,57
12065,9140,16152,30,9,41
12066,17893,3240,40,7,43
12067,17532,5642,57,0,46
12068,9730,15395,13,2,35
12069,3302,7346,136,9,44
12070,18339,17065,121,5,33
12071,21201,13229,149,8,45
12072,14177,10794,10,7,0
12073,12127,9486,90,0,61
12074,13072,15588,71,1,47
12075,3742,8063,32,7,61
12076,22959,7926,105,1,63
12077,11129,2584,92,2,49
12078,14243,5993,23,3,60
12079,23157,9959,56,1,20
12080,15659,24369,51,9,7
12081,19203,10872,69,2,6
12082,22689,11529,67,4,10
12083,6363,15277,109,2,57
12084,3855,14023,109,1,70
12085,1979,5440,70,2,6
12086,17543,16043,96,5,14
12087,2078,19047,131,2,37
12088,22803,4073,121,3,35
12089,14862,2979,77,4,37
12090,24350,10957,22,3,73
12091,23888,22454,81,1,73
12092,7168,18352,128,7,43
12093,15763,21466,73,1,73
12094,5780,23730,113,9,34
12095,14136,7863,37,6,11
12096,17036,11141,94,5,78
12097,6702,7666,8,7,74
12098,12857,2897,13,8,39
12099,8028,11648,132,5,30
12100,2994,21805,147,1,33
12101,7591,17407,15,1,47
12102,4115,18955,20,1,42
12103,20219,15766,32,8,68
12104,141,20652,41,1,87
12105,23332,14892,83,1,69
12106,22498,11825,2,2,71
12107,12312,17335,6,6,59
12108,15195,24431,133,7,80
12109,15089,24427,9,9,0
12110,19050,23093,124,8,21
12111,4563,3777,62,9,22
12112,9367,23023,144,7,73
12113,18931,4111,27,1,61
12114,18025,24720,131,9,46
12115,22493,19702,31,1,16
12116,12325,11004,55,4,34
12117,1562,9432,128,5,80
12118,14159,18467,132,0,62
12119,8958,23742,127,1,74
12120,9336,15822,45,4,44
12121,5457,14660,0,4,32
12122,1349,14952,121,7,51
12123,16089,162,138,0,65
12124,8247,3510,27,6,56
12125,24634,17154,69,5,44
12126,745,22069,145,0,35
12127,8460,19096,115,3,73
12128,18855,17614,132,8,14
12129,16419,8144,64,8,30
12130,20342,22721,50,1,58
12131,14776,22684,116,5,70
12132,9775,1518,69,2,52
12133,15442,2840,70,0,39
12134,3378,16692,69,5,24
12135,19176,18881,137,2,39
12136,16005,11835,42,5,46
12137,3200,15847,95,8,46
12138,18877,12063,19,2,74
12139,16079,20807,12,7,68
12140,23677,10891,80,5,38
12141,5229,15749,45,0,85
12142,3482,8350,124,4,8
12143,15738,17456,89,7,2
12144,21233,12970,41,0,47
12145,15411,6757,20,4,8
12146,3671,14731,50,3,20
12147,16515,24354,68,1,61
12148,2568,3760,41,5,3
12149,5857,14359,44,2,27
12150,1586,17706,94,9,61
12151,3121,11581,62,3,56
12152,18835,23554,11,2,59
12153,9794,6578,8,2,28
12154,3728,11145,57,6,47
12155,6119,4849,16,1,40
12156,1023,10956,132,0,20
12157,4328,8640,125,1,13
12158,4620,9793,101,0,29
12159,8448,24380,24,5,66
12160,2300,18210,87,7,75
12161,14693,18886,57,6,33
12162,24527,16160,35,9,1
12163,17797,6511,68,6,5
12164,3247,4197,113,6,36
12165,19977,14620,42,8,46
12166,4375,714,11,0,30
12167,23615,23229,132,4,40
12168,16775,14845,43,5,68
12169,20338,9751,125,1,56
12170,21970,13991,41,7,82
12171,11445,22118,25,9,57
12172,22071,20316,119,9,60
12173,17875,297,45,5,7
12174,10240,3561,48,1,31
12175,9983,6639,124,1,8
12176,926,12013,79,2,49
12177,18798,19036,99,5,41
12178,947,655,120,4,84
12179,24686,7408,13,6,33
12180,339,9309,123,5,77
12181,8533,20007,80,0,33
12182,11370,10599,34,7,10
12183,7839,17301,33,8,34
12184,2309,15521,104,3,47
12185,23997,16465,39,3,72
12186,21598,10619,64,7,32
12187,12919,22043,99,4,70
12188,2395,4121,118,3,73
12189,20189,13104,66,1,60
12190,6324,12333,43,2,75
12191,6586,7712,0,3,33
12192,8913,20586,33,0,84
12193,14505,12111,96,6,89
12194,17781,24175,102,0,58
12195,16913,19842,111,6,88
12196,15924,13891,97,5,65
12197,20455,20121,93,9,57
12198,15903,7992,75,6,18
12199,21624,13738,124,1,10
12200,4857,18969,125,7,24
12201,16128,18596,105,3,17
12202,2880,4303,146,0,36
12203,5639,23017,10,6,67
12204,11572,2360,69,9,22
12205,13405,11763,81,8,58
12206,5694,2527,89,2,40
12207,16486,4778,49,9,34
12208,22292,15959,148,0,13
12209,8764,3161,122,1,5
12210,3307,20755,27,9,35
12211,16259,4929,14,1,16
12212,299,10448,4,4,13
12213,4149,24328,121,5,16
12214,11194,6300,42,8,40
12215,18825,536,131,9,61
12216,14307,14532,47,5,84
12217,24570,13714,105,6,87
12218,8090,6415,69,7,16
12219,21827,18158,126,9,49
12220,18903,210,12,5,72
12221,3307,2274,5,2,75
12222,16187,5813,83,1,87
12223,8597,23083,61,5,13
12224,12205,8368,132,2,32
12225,24299,1485,25,5,10
12226,6563,4184,85,3,79
12227,6909,18625,121,8,30
12228,2005,17804,19,6,13
12229,13156,8464,120,5,4
12230,1603,5026,59,3,5
12231,4038,15213,127,3,64
12232,24939,3216,121,8,16
12233,12159,12214,29,6,37
12234,18662,12992,45,8,79
12235,1262,8998,69,6,2
12236,6765,11577,34,0,76
12237,15103,8539,105,4,4
12238,9378,12495,115,7,29
12239,13227,15395,132,5,6
12240,18223,19711,126,1,72
12241,6019,20268,97,5,42
12242,18563,9624,135,9,71
12243,21668,16772,19,7,49
12244,7476,11626,10,1,68
12245,339,2758,27,1,2
12246,21712,10638,17,8,60
12247,18634,12739,55,6,6
12248,7841,10581,47,4,79
12249,12417,17058,146,9,61
12250,8520,5094,44,0,0
12251,5085,642,75,3,70
12252,3490,21996,67,2,29
12253,23205,19875,143,0,51
12254,18571,3607,23,9,63
12255,19251,12116,80,9,12
12256,509,9441,66,2,43
12257,22795,3609,145,2,4
12258,4978,2175,124,4,28
12259,7191,12005,55,3,12
12260,14756,20844,141,1,64
12261,8244,3908,93,5,18
12262,15549,2148,88,3,9
12263,23652,903,7,0,24
12264,8224,4793,89,7,60
12265,4847,13878,9,2,25
12266,17225,9142,9,9,26
12267,6964,1296,45,9,46
12268,19556,22667,50,8,88
12269,19165,22733,122,8,46
12270,15462,23294,141,3,34
12271,15396,5933,67,7,18
12272,2869,4990,29,8,3
12273,24226,2728,111,5,63
12274,15019,19300,23,0,53
12275,7994,21062,129,1,65
12276,4034,22568,123,3,72
12277,1717,7577,145,8,13
12278,21077,16981,15,2,24
12279,4286,21452,93,3,26
12280,20314,10224,137,2,38
12281,12682,20715,47,9,65
12282,6329,9422,67,4,89
12283,19915,2156,88,1,60
12284,14401,15445,88,9,7
12285,15422,19891,97,8,26
12286,20442,4593,132,6,13
12287,17934,10165,119,7,74
12288,108,22758,85,8,12
12289,6403,1113,18,8,47
12290,21461,2247,50,2,41
12291,24837,24831,107,1,28
12292,10666,139,149,9,38
12293,1714,4363,135,9,14
12294,10216,24154,146,7,89
12295,8656,5564,58,8,62
12296,20799,2440,28,0,19
12297,24163,6938,92,8,3
12298,14978,19066,126,8,18
12299,10827,10858,79,3,12
12300,17479,7374,103,5,87
12301,23172,21592,117,3,73
12302,12604,2930,32,3,75
12303,18214,5821,104,3,63
12304,232,3760,84,1,6
12305,14728,7119,60,0,58
12306,220,16050,98,2,17
12307,15161,16259,49,6,76
12308,11619,16355,37,5,59
12309,23492,18981,124,6,89
12310,9596,17629,126,5,31
12311,3822,22597,45,4,31
12312,22206,24539,2,1,63
12313,2653,22636,21,8,7
12314,2125,18882,124,2,54
12315,23868,726,16,5,39
12316,6675,9290,62,1,73
12317,16947,6608,7,7,24
12318,6858,11590,99,8,79
12319,16155,9010,83,4,33
12320,17910,934,107,1,30
12321,10756,3559,102,7,8
12322,12819,17710,77,5,16
12323,18904,11192,68,8,11
12324,15337,16193,30,3,34
12325,8512,8282,105,9,41
12326,13981,23905,28,0,59
12327,2308,18739,56,4,6
12328,19333,6600,128,0,15
12329,20764,1734,134,5,60
12330,1797,7186,49,9,34
12331,22688,19875,132,9,52
12332,20329,6573,7,1,88
12333,13144,6107,29,8,48
12334,4123,1191,38,8,66
12335,13674,17888,55,2,72
12336,3511,6942,10,8,18
12337,15846,21036,78,2,17
12338,10078,1816,65,3,29
12339,17313,16977,81,5,83
12340,16110,409,116,3,15
12341,23338,963,91,1,46
12342,11489,243,40,5,19
12343,12849,21648,39,9,53
12344,7998,315,83,6,16
12345,19922,5893,48,9,36
12346,11454,5094,129,2,62
12347,3797,5998,149,4,83
12348,15357,13189,67,3,75
12349,18285,12609,125,7,35
12350,8978,4705,134,1,36
12351,15520,23034,92,8,82
12352,10150,13063,117,2,61
12353,12860,2942,4,9,38
12354,9808,5168,64,4,40
12355,15049,19036,35,8,56
12356,7160,21229,95,5,1
12357,6299,9177,70,0,17
12358,19467,12367,20,3,51
12359,19462,251,107,3,72
12360,17411,11359,17,0,53
12361,15719,13428,70,3,24
12362,15020,16909,52,8,2
12363,11015,11854,50,0,46
12364,16899,7080,116,8,21
12365,22344,8564,131,1,19
12366,3546,12410,19,5,73
12367,1439,7526,132,6,89
12368,4144,7284,137,3,11
12369,23206,22464,40,0,16
12370,18177,7893,108,7,5
12371,19233,17039,69,6,20
12372,12753,9790,68,0,40
12373,20832,7131,75,8,77
12374,22825,24987,90,5,11
12375,17144,12103,137,4,37
12376,14072,1321,4,0,83
12377,5285,11641,53,8,43
12378,21077,10157,112,7,35
12379,2652,19375,61,0,77
12380,15204,3424,143,2,34
12381,5986,11324,20,9,78
12382,17464,2788,134,6,1
12383,14153,18835,49,2,63
12384,18294,617,148,3,7
12385,24182,4188,120,3,69
12386,23946,23559,12,0,6
12387,6813,19284,80,7,48
12388,9463,21422,105,6,32
12389,21326,11672,70,2,19
12390,3398,2909,79,8,54
12391,8180,270,53,1,84
12392,20822,1947,99,3,39
12393,16144,18424,106,0,18
12394,14121,9187,141,6,32
12395,20599,19832,79,8,46
12396,13259,19174,138,9,14
12397,1596,20021,77,7,18
12398,24862,23493,64,3,61
12399,15301,17510,38,0,64
12400,3760,12415,102,7,28
12401,9700,18820,93,6,79
12402,9735,9037,23,0,65
12403,16182,4871,78,0,71
12404,16077,24756,41,3,31
12405,23119,23423,102,8,1
12406,8260,1589,68,1,67
12407,23616,14181,123,9,51
12408,17059,23276,99,1,6
12409,24249,15717,67,5,63
12410,7538,17185,67,5,0
12411,17733,18102,64,9,47
12412,19965,13046,113,2,85
12413,7501,7037,61,7,7
12414,20321,12047,87,6,36
12415,18260,12057,114,2,14
12416,9715,23186,74,4,74
12417,751,6866,57,6,26
12418,2888,18157,22,5,38
12419,21265,14559,10,3,41
12420,1983,5993,89,8,28
12421,2752,7905,115,1,81
12422,991,9005,5,6,85
12423,3272,113,46,8,89
12424,3841,3523,82,2,1
12425,14938,21954,103,3,55
12426,19207,21555,23,5,55
12427,9484,10756,81,5,33
12428,23705,24301,41,8,76
12429,15951,10124,11,9,68
12430,12004,19645,104,9,30
12431,14568,3783,125,6,24
12432,17686,11518,138,7,52
12433,14091,9773,49,5,68
12434,19482,1455,85,1,66
12435,4221,18689,59,5,49
12436,16504,12127,2,5,70
12437,24409,21421,23,8,2
12438,6569,2104,101,6,56
12439,4504,13129,114,4,27
12440,2900,15449,90,0,3
12441,11673,20445,48,9,6
12442,19599,2146,105,5,9
12443,13006,23988,39,7,8
12444,24453,3380,127,4,12
12445,12665,24957,60,0,54
12446,2913,381,97,5,81
12447,949,19325,78,6,31
12448,11345,24632,74,5,85
12449,20720,16964,87,5,40
12450,22463,359,14,6,51
12451,14997,24155,86,7,16
12452,12639,13416,76,3,44
12453,3595,10210,3,6,30
12454,15009,19692,135,9,11
12455,14073,1813,143,2,18
12456,6634,14165,88,2,21
12457,21726,10303,146,8,35
12458,23913,14051,144,1,59
12459,7649,12065,29,6,25
12460,14871,15164,37,7,21
12461,19718,4456,142,3,46
12462,9442,23808,91,1,37
12463,15713,18338,36,7,34
12464,24184,18400,83,7,31
12465,12654,119,130,4,7
12466,14592,2098,1,7,47
12467,14741,9560,135,4,18
12468,1223,10523,43,3,42
12469,23914,15726,13,6,89
12470,22346,22272,48,8,71
12471,9138,17731,137,0,20
12472,9223,5088,15,7,36
12473,5065,9770,24,8,24
12474,10374,6203,80,6,13
12475,2249,20789,93,4,61
12476,23361,16773,83,5,1
12477,12006,21560,64,0,70
12478,18014,5925,90,8,43
12479,19541,2778,41,1,74
12480,11259,1899,109,9,76
12481,4552,12663,92,8,48
12482,2960,23219,84,3,13
12483,21052,13912,111,2,53
12484,14061,18926,101,1,14
12485,21088,21141,146,8,48
12486,13732,9684,24,4,66
12487,6684,23794,100,6,31
12488,12112,14339,12,3,6
12489,1740,22916,116,9,30
12490,3360,7186,45,8,50
12491,7535,13613,27,8,12
12492,2740,16369,87,0,30
12493,11382,10280,10,2,85
12494,23313,18858,58,3,85
12495,10,16183,64,7,12
12496,8690,1914,78,7,79
12497,4267,12650,83,6,36
12498,19512,21091,55,4,73
12499,21573,16730,8,2,66
12500,16349,13233,21,6,17
12501,22906,12780,40,8,7
12502,4761,21856,26,4,39
12503,24549,17982,12,5,5
12504,14911,5041,110,0,75
12505,7835,15481,10,7,61
12506,24363,6684,137,9,87
12507,23981,1466,109,6,8
12508,23894,18761,18,4,82
12509,4577,15429,51,1,72
12510,7752,10887,60,8,10
12511,10887,10837,62,6,28
12512,20191,14035,86,9,6
12513,24897,8273,71,8,14
12514,16313,14283,127,0,74
12515,23794,4986,33,1,86
12516,10341,607,56,2,3
12517,23276,23360,32,3,2
12518,1774,11144,123,5,45
12519,13628,5666,102,3,83
12520,14467,3304,64,8,15
12521,15196,20987,39,3,54
12522,14154,12562,105,2,1
12523,24802,4196,130,9,15
12524,19798,10535,5,1,30
12525,18428,8917,89,0,65
12526,2949,2948,124,5,58
12527,23649,8092,145,8,85
12528,8085,17636,113,1,54
12529,24251,23148,13,0,73
12530,7800,12280,26,8,41
12531,123,10993,76,0,88
12532,10912,91,119,8,55
12533,4793,19081,5,2,53
12534,11288,2610,118,2,46
12535,6205,22409,36,4,44
12536,22103,6812,34,5,59
12537,23010,22638,45,2,64
12538,8610,16083,133,5,1
12539,15607,10169,29,8,21
12540,10073,5094,125,5,47
12541,3326,17926,149,6,9
12542,17377,24820,123,3,22
12543,20895,15487,36,8,87
12544,5709,7720,141,3,83
12545,20478,1494,41,1,54
12546,24821,24830,5,4,3
12547,6429,23036,1,9,63
12548,19087,10235,33,8,51
12549,8243,6065,113,1,49
12550,10338,16237,144,6,59
12551,15236,1880,63,5,17
12552,17771,693,131,5,52
12553,11506,19451,42,2,57
12554,19627,22166,64,2,28
12555,13959,13497,22,7,24
12556,764,9713,73,1,21
12557,12717,15,149,3,26
12558,2531,11430,95,2,30
12559,14354,262,147,8,22
12560,17251,22035,72,5,22
12561,5215,21073,80,9,76
12562,21505,3706,58,7,39
12563,9470,514,144,1,88
12564,4656,16304,85,7,72
12565,8250,11109,80,5,55
12566,295,4628,63,0,38
12567,15173,1231,45,2,42
12568,11959,112,111,9,83
12569,13339,16842,37,9,23
12570,24898,14560,131,2,79
12571,1758,7989,107,2,55
12572,19254,1121,31,4,32
12573,18673,22640,48,6,79
12574,20463,13466,30,0,48
12575,6486,9706,65,3,80
12576,16511,18544,32,0,57
12577,19590,13061,70,0,41
12578,8809,444,20,6,26
12579,9786,15798,101,4,6
12580,11357,23296,147,2,54
12581,3621,15554,142,6,83
12582,9139,8256,9,7,19
12583,8086,16018,53,7,70
12584,14983,8865,21,2,46
12585,1693,6794,77,3,17
12586,12328,20870,114,6,1
12587,12712,17393,124,2,14
12588,21238,1703,30,2,74
12589,821,1534,120,8,88
12590,24219,12329,92,3,64
12591,6090,18603,13,5,75
12592,17860,3193,17,8,22
12593,16493,9804,60,9,2
12594,14484,22207,6,3,54
12595,21274,5465,141,4,35
12596,6126,2178,111,6,9
12597,24429,17782,81,5,15
12598,4343,7747,70,5,73
12599,23469,24453,114,1,51
12600,7588,22402,149,6,66
12601,7334,445,65,6,2
12602,3319,10035,115,7,58
12603,5510,18189,146,9,12
12604,7292,489,113,0,19
12605,18234,14588,42,9,59
12606,5629,13974,118,0,67
12607,20512,17745,23,5,82
12608,650,14362,29,2,7
12609,14826,2106,3,1,52
12610,3483,13348,65,1,87
12611,985,9453,29,7,49
12612,1586,14839,105,4,87
12613,19165,18244,111,1,64
12614,23502,5795,9,1,34
12615,4028,16909,83,3,33
12616,24007,16621,105,7,28
12617,8751,2904,44,3,44
12618,8185,16707,85,6,5
12619,4772,18597,114,3,58
12620,1476,3409,130,1,68
12621,20397,12936,13,9,52
12622,16114,3918,0,9,71
12623,14203,1449,43,0,81
12624,1734,7528,2,9,7
12625,10673,12217,149,1,47
12626,23286,10254,106,9,72
12627,724,20960,73,8,27
12628,24302,23254,73,1,79
12629,17691,8143,33,6,35
12630,22694,14493,13,9,46
12631,10300,23555,61,5,40
12632,21575,2862,147,1,60
12633,12119,6292,21,4,6
12634,12969,19110,68,9,32
12635,19265,21388,106,8,20
12636,18604,22819,86,8,87
12637,6675,19858,81,4,56
12638,23199,4443,101,8,79
12639,6628,14598,139,6,15
12640,16859,6197,50,2,45
12641,9885,16223,103,0,2
12642,15211,13255,76,9,19
12643,12696,22513,132,4,38
12644,8734,3155,112,1,73
12645,12984,19484,111,8,89
12646,17719,151,93,0,64
12647,8546,21591,37,9,51
12648,15175,21614,63,3,84
12649,9450,2570,62,8,75
12650,5611,15612,31,4,71
12651,14755,10023,75,5,45
12652,14439,7132,138,0,50
12653,2975,10785,133,0,62
12654,2681,14024,117,8,30
12655,22713,739,71,0,43
12656,22014,1686,112,8,15
12657,15194,9251,120,1,38
12658,19445,16940,49,8,15
12659,21008,15674,129,3,79
12660,16357,18277,44,2,6
12661,17448,7985,65,8,43
12662,20404,3116,110,5,59
12663,19138,18560,91,8,29
12664,8293,4537,83,8,75
12665,1063,6890,60,9,57
12666,23304,13380,92,1,5
12667,7480,14345,61,5,38
12668,24704,13185,134,0,34
12669,587,9084,110,2,47
12670,11976,5516,33,0,2
12671,20413,10884,27,8,69
12672,10522,1988,138,2,15
12673,6995,14281,24,4,70
12674,18140,1806,129,7,39
12675,1796,22458,114,5,74
12676,24267,24594,43,3,14
12677,17250,7226,76,8,31
12678,16587,6619,110,6,89
12679,962,3347,5,9,1
12680,11147,7831,71,1,54
12681,18929,14136,53,8,18
12682,3036,15694,43,6,39
12683,16448,4551,57,1,14
12684,17286,9281,75,4,84
12685,3795,3284,146,8,56
12686,15478,10667,71,6,34
12687,19876,24919,46,7,89
12688,16821,2267,149,9,52
12689,13344,18089,7,5,46
12690,12525,8735,41,5,73
12691,13083,23300,12,3,28
12692,3633,6634,26,9,40
12693,10199,11166,3,4,53
12694,24458,15199,92,4,0
12695,19002,21070,90,4,30
12696,16614,19179,2,2,80
12697,5063,15607,84,9,33
12698,22461,19367,53,9,55
12699,14058,2222,98,8,18
12700,4935,3376,55,3,74
12701,20971,3747,3,2,37
12702,5902,6098,129,3,23
12703,3346,21394,40,4,33
12704,4005,17238,72,7,53
12705,12693,18640,52,4,64
12706,2916,11316,147,5,27
12707,1297,5551,143,7,41
12708,2126,6764,119,7,63
12709,1075,8973,131,2,15
12710,13242,7022,117,7,28
12711,14088,21013,29,8,1
12712,7228,18081,136,7,66
12713,6066,11858,14,8,47
12714,16844,7453,144,6,89
12715,6894,9687,40,4,38
12716,993,7224,47,1,9
12717,9218,22055,104,3,69
12718,5521,24952,138,6,55
12719,20845,294,123,5,27
12720,6557,16236,136,6,40
12721,11770,24486,29,4,22
12722,6421,18101,34,9,54
12723,12544,10964,74,6,0
12724,12896,15815,124,3,52
12725,9888,18047,66,9,38
12726,20143,15482,36,7,74
12727,10295,1453,116,6,14
12728,10339,8626,110,7,68
12729,1268,819,146,1,58
12730,823,23891,128,5,59
12731,1521,4227,36,5,63
12732,14219,6662,142,1,39
12733,9380,24675,55,7,79
12734,5643,18769,98,4,35
12735,1822,15140,4,0,85
12736,12808,16816,14,5,46
12737,22535,11619,102,6,21
12738,11467,15264,120,2,22
12739,12746,11111,120,5,12
12740,2771,21995,128,8,70
12741,10406,4791,11,0,88
12742,4616,23286,35,7,68
12743,11853,23525,100,8,42
12744,15890,6381,131,7,59
12745,13748,1042,21,5,62
12746,24989,24529,32,9,19
12747,44,23484,101,5,79
12748,20401,5943,130,3,86
12749,19501,20386,132,2,35
12750,20581,14248,78,4,14
12751,2615,15278,6,9,39
12752,4829,8150,135,4,39
12753,4249,16203,149,8,71
12754,6206,16465,17,6,78
12755,22775,23015,135,4,71
12756,2350,3479,13,9,86
12757,15585,14594,67,9,50
12758,8686,8224,144,7,12
12759,20932,14903,123,4,74
12760,1442,24719,75,3,42
12761,7366,4176,83,4,70
12762,9401,18702,93,6,19
12763,14605,304,40,3,45
12764,10768,19814,134,4,34
12765,9139,13718,66,2,85
12766,10048,2666,20,4,36
12767,4926,9111,97,3,60
12768,11019,6934,99,6,35
12769,19469,11411,21,5,9
12770,966,19265,18,2,88
12771,6606,8227,122,9,65
12772,15868,23382,2,0,1
12773,672,20448,118,2,73
12774,700,466,31,2,55
12775,14868,21731,141,0,41
12776,23017,18595,111,3,74
12777,12061,4815,115,5,71
12778,11750,20007,10,3,0
12779,11929,22199,69,6,35
12780,24694,15521,8,0,68
12781,13042,24555,55,5,19
12782,2444,15941,126,8,71
12783,9879,16582,81,1,39
12784,19628,22005,81,9,10
12785,21339,22117,49,3,18
12786,7093,13990,61,9,12
12787,18136,15203,139,2,12
12788,17693,8785,88,5,59
12789,18116,15198,107,2,13
12790,3827,6010,26,1,61
12791,12119,17206,79,7,34
12792,7919,13180,144,0,46
12793,19476,8726,77,9,60
12794,4545,12712,4,7,34
12795,13527,21013,0,5,12
12796,4860,16750,105,1,2
12797,18328,4242,71,1,17
12798,20344,12686,76,0,51
12799,3084,170,1,1,16
12800,1313,11624,132,3,71
12801,15107,16380,145,8,12
12802,20177,2486,127,7,3
12803,21826,14863,110,8,74
12804,515,7775,16,0,28
12805,24261,1783,73,5,77
12806,19031,6406,111,7,39
12807,10415,22481,79,9,35
12808,3191,24322,110,3,15
12809,12729,18693,123,5,0
12810,11833,8152,64,1,88
12811,18569,11038,57,8,27
12812,18486,14888,81,4,54
12813,18645,10339,3,3,84
12814,2254,19247,46,5,77
12815,3504,23522,2,8,84
12816,8725,22117,74,1,56
12817,16220,13071,141,9,71
12818,19918,1279,89,2,8
12819,14503,14001,50,6,48
12820,22696,13832,125,8,36
12821,8642,6286,126,1,23
12822,2327,24294,75,5,75
12823,3428,20913,85,4,44
12824,19108,6540,15,2,22
12825,18763,16673,75,3,54
12826,15105,13601,40,6,29
12827,24087,7891,61,9,17
12828,23116,17109,49,1,89
12829,11270,2038,49,3,12
12830,21134,11314,43,1,46
12831,7254,15227,70,4,32
12832,21564,17847,140,8,27
12833,21046,9231,143,4,77
12834,6693,12274,91,2,59
12835,24031,723,107,7,34
12836,14232,19342,84,6,80
12837,6214,15327,38,7,27
12838,12228,6164,82,8,34
12839,22184,17762,103,5,51
12840,546,980,103,2,14
12841,8277,17863,76,0,77
12842,23837,19011,59,7,38
12843,3746,1943,111,1,34
12844,1242,7434,50,3,2
12845,4137,22243,85,1,34
12846,6086,22357,73,0,65
12847,20198,16824,128,6,60
12848,9421,21406,125,0,60
12849,1085,21123,62,0,46
12850,2648,1922,141,3,23
12851,11282,9753,112,4,57
12852,22604,21255,147,8,60
12853,5185,15904,67,2,69
12854,2662,7461,82,6,43
12855,24477,4044,52,8,2
12856,23630,14147,91,6,79
12857,20169,5011,63,2,59
12858,3045,23870,142,0,78
12859,24484,6513,69,2,18
12860,8427,19608,6,5,23
12861,16144,13719,126,1,38
12862,4923,17111,19,6,87
12863,166,757,86,9,81
12864,2187,2679,15,4,14
12865,5139,10097,21,1,84
12866,17059,16172,70,0,46
12867,6,6148,137,4,82
12868,18006,17741,149,4,10
12869,11127,4380,31,7,47
12870,15168,11544,102,5,43
12871,14424,8027,112,3,13
12872,20602,8640,98,5,57
12873,4823,20352,144,3,79
12874,15229,19744,120,6,10
12875,3868,7850,83,5,21
12876,7379,17298,40,7,58
12877,8113,9053,113,3,69
12878,9005,18927,6,7,33
12879,14214,14747,104,1,56
12880,24277,2987,64,8,26
12881,7705,15195,9,9,6
12882,24325,23809,120,7,69
12883,22056,2272,86,0,11
12884,7124,11376,47,4,16
12885,20659,22533,48,1,72
12886,17239,10289,132,1,42
12887,22275,4778,112,9,17
12888,11869,835,146,5,70
12889,590,21005,108,2,67
12890,1479,3773,129,2,5
12891,22361,816,74,3,58
12892,1522,15317,8,3,11
12893,20103,5651,96,3,79
12894,11671,15183,67,2,82
12895,15045,559,87,7,6
12896,17557,16592,91,9,29
12897,23256,4534,68,5,69
12898,13444,14918,61,2,16
12899,19724,3862,67,1,10
12900,18776,23633,57,7,37
12901,21671,7148,106,5,5
12902,4779,10797,79,7,48
12903,18305,18373,80,4,52
12904,476,17160,38,5,52
12905,18946,7289,130,2,5
12906,10409,2913,109,1,61
12907,16813,6839,7,3,9
12908,10663,23667,115,2,68
12909,14909,20866,106,1,46
12910,8925,4563,78,5,6
12911,1688,21190,28,1,70
12912,8343,7029,24,2,33
12913,164,18980,37,2,36
12914,14129,852,24,9,6
12915,13180,15959,141,6,29
12916,4488,19778,50,3,19
12917,10675,11264,15,7,58
12918,18733,4693,9,9,4
12919,9729,23095,111,5,3
12920,15363,20242,62,2,37
12921,8498,23370,16,1,35
12922,18097,4553,135,1,46
12923,17555,5972,149,2,71
12924,7254,2084,133,9,70
12925,12133,23019,33,0,50
12926,8376,9,4,6,88
12927,3258,21612,147,9,31
12928,6124,5608,91,4,18
12929,11138,14058,13,2,15
12930,17346,8929,39,2,44
12931,24798,9668,57,9,4
12932,18567,5328,114,7,41
12933,14233,4176,141,9,67
12934,5315,16688,54,2,38
12935,21064,22421,67,0,6
12936,15290,3304,99,5,32
12937,8252,5855,3,2,37
12938,20147,3635,37,6,50
12939,2060,13401,34,6,14
12940,4324,21201,116,5,35
12941,8400,11274,72,9,41
12942,11012,22628,86,1,50
12943,7873,19383,125,4,17
12944,23649,9543,32,2,53
12945,8837,6927,14,3,87
12946,18678,18571,34,9,82
12947,16999,4386,135,2,63
12948,12902,8202,51,1,45
12949,21003,5512,85,6,10
12950,14443,18801,48,1,78
12951,22615,23517,45,4,48
12952,1693,17697,126,8,68
12953,11450,16282,103,1,27
12954,69,18681,23,5,82
12955,18175,4358,45,6,7
12956,863,17596,48,2,3
12957,18967,18416,140,2,32
12958,2176,20629,63,9,59
12959,4161,329,32,4,49
12960,2159,18234,47,7,81
12961,19196,16657,84,5,17
12962,15875,3304,12,1,84
12963,3248,20931,44,1,85
12964,6655,7257,7,5,85
12965,11073,12897,134,4,64
12966,22901,23138,140,6,58
12967,9752,13411,45,1,11
12968,11387,9287,128,3,64
12969,24277,23642,91,8,31
12970,16828,22179,35,6,34
12971,1097,3326,120,1,26
12972,20382,10853,45,6,26
12973,13566,3312,127,8,28
12974,1001,6599,125,7,60
12975,14856,18551,65,4,75
12976,22324,17230,126,0,24
12977,17259,11139,144,3,58
12978,9408,22861,87,9,61
12979,22821,23306,16,4,65
12980,68,19762,143,0,71
12981,18720,24226,132,2,24
12982,19190,1659,98,4,80
12983,14843,22195,8,1,57
12984,11275,23704,93,9,27
12985,15880,13813,57,2,64
12986,4859,20644,85,8,25
12987,6853,23268,51,4,14
12988,12491,19598,15,0,67
12989,9421,23487,21,2,59
12990,23961,10486,134,7,5
12991,22742,21863,37,9,79
12992,2588,20699,92,5,6
12993,10334,10678,49,8,44
12994,9800,13094,39,5,24
12995,2637,2755,58,8,71
12996,24659,3483,124,6,18
12997,8744,24220,142,7,21
12998,23409,13455,87,9,0
12999,9370,8029,130,1,61
13000,19573,7121,132,7,8
13001,15818,6666,61,1,57
13002,14192,13548,20,0,14
13003,17983,24209,25,1,58
13004,24129,17320,60,6,19
13005,7294,22016,131,1,8
13006,16681,7341,146,8,81
13007,8149,13103,5,7,34
13008,14484,318,112,2,12
13009,6419,3594,142,5,36
13010,17145,23741,133,1,7
13011,3796,3920,44,1,3
13012,8810,15045,149,1,71
13013,23395,3176,3,5,9
13014,17655,8891,14,1,16
13015,4822,19294,92,1,73
13016,7210,23328,22,0,41
13017,9702,8253,117,4,85
13018,5934,347,129,3,77
13019,21499,17517,132,6,68
13020,16622,2460,49,0,79
13021,340,15124,67,0,65
13022,4378,672,111,0,11
13023,19359,19510,95,1,33
13024,14789,5847,110,9,78
13025,14566,21251,79,5,43
13026,10921,21635,67,0,49
13027,17476,19923,58,2,73
13028,1958,14314,136,4,66
13029,1403,9888,123,6,49
13030,315,20959,129,2,59
13031,2854,20846,141,9,8
13032,2654,633,53,6,3
13033,73,24457,57,9,66
13034,4580,2792,101,7,5
13035,11170,17104,102,4,10
13036,5401,14678,83,5,29
13037,5304,23709,16,0,18
13038,18900,19171,15,2,50
13039,13487,17093,73,1,48
13040,4379,20351,68,8,71
13041,10978,1516,115,2,13
13042,16110,15120,16,2,25
13043,2643,24205,8,4,60
13044,3382,18567,53,4,89
13045,9722,21913,37,9,58
13046,21369,4450,46,2,14
13047,10042,499,42,5,62
13048,4444,664,138,5,82
13049,10390,7155,140,1,5
13050,12775,7092,133,0,58
13051,10532,10546,16,3,14
13052,16145,5251,7,6,62
13053,11037,4931,95,3,5
13054,18637,5924,48,6,32
13055,19933,17913,18,4,29
13056,5478,19948,135,5,8
13057,1155,21236,50,6,49
13058,8933,23125,65,3,40
13059,17765,21103,37,8,78
13060,4432,15102,109,7,77
13061,8537,15137,99,7,66
13062,20050,4023,27,4,28
13063,5713,4517,149,3,64
13064,9227,19027,13,9,33
13065,17027,11443,3,6,13
13066,17592,13580,40,3,24
13067,13152,15074,137,3,9
13068,8536,5037,62,8,54
13069,2557,110,104,0,18
13070,12079,8655,100,0,25
13071,1881,17228,134,6,48
13072,13003,23086,51,1,66
13073,152,21939,117,8,58
13074,18716,22692,13,4,1
13075,1848,11032,128,0,65
13076,16876,13822,41,5,4
13077,22347,23411,147,3,8
13078,14428,357,112,9,69
13079,12780,24441,99,8,73
13080,14402,12109,11,7,79
13081,23173,1355,95,7,22
13082,1969,18112,136,2,86
13083,4950,6264,31,1,27
13084,1045,21222,142,5,3
13085,8482,6251,8,1,33
13086,10226,10171,72,6,3
13087,19287,13988,131,9,40
13088,8549,3170,40,5,13
13089,12675,10969,23,8,51
13090,21739,8379,52,8,39
13091,15331,19031,116,2,56
13092,12266,19914,13,7,78
13093,4327,24977,9,7,36
13094,11031,3163,112,4,66
13095,20004,967,13,7,87
13096,23366,12663,9,6,87
13097,3917,20081,5,3,9
13098,12591,13371,83,1,78
13099,7276,2702,11,1,81
13100,23407,7236,99,4,51
13101,19001,8601,94,3,33
13102,4743,10989,118,9,9
13103,17851,15084,66,7,33
13104,13596,17567,27,1,7
13105,9033,15631,61,6,72
13106,7659,13729,36,6,63
13107,11244,3406,51,6,60
13108,23454,17529,116,6,70
13109,2342,15046,145,9,66
13110,21330,6298,140,7,21
13111,6691,10208,104,3,70
13112,7955,11832,90,6,57
13113,1420,12435,135,2,76
13114,2547,24983,84,8,30
13115,19627,4477,76,3,65
13116,19020,9906,102,2,59
13117,20906,9931,5,6,89
13118,4685,20045,9,9,24
13119,6225,5297,143,9,11
13120,20948,5783,25,8,58
13121,23491,18014,94,4,70
13122,18411,24120,11,5,23
13123,15731,20915,81,1,25
13124,1161,10791,18,1,43
13125,8192,9231,103,8,18
13126,3000,21187,54,2,41
13127,16584,1608,124,6,27
13128,20801,22314,114,4,37
13129,20274,13172,125,5,62
13130,24279,24564,18,5,7
13131,1784,2096,20,9,14
13132,3471,10927,129,3,14
13133,12860,2606,30,2,58
13134,6354,8746,104,4,20
13135,2273,2225,85,9,38
13136,11282,14167,120,7,37
13137,18997,14841,126,4,80
13138,11117,3638,21,8,82
13139,4161,17635,121,8,10
13140,19192,23187,116,9,85
13141,8621,21493,79,4,10
13142,5229,7979,61,9,65
13143,7072,8276,45,9,58
13144,5200,9081,105,0,67
13145,15007,13101,20,5,74
13146,8123,6434,116,0,28
13147,21309,8618,140,1,1
13148,14875,12373,43,2,83
13149,9456,13905,46,3,59
13150,19141,15199,126,3,19
13151,22100,7351,117,7,79
13152,10125,18596,69,4,65
13153,11635,18622,145,4,88
13154,22134,14600,112,7,63
13155,294,2456,63,8,89
13156,1121,11286,134,7,61
13157,660,1273,137,4,24
13158,665,3232,47,3,64
13159,2409,3241,119,4,89
13160,23213,10953,12,5,28
13161,2067,16482,82,8,40
13162,14678,2067,146,1,73
13163,23844,14485,142,1,73
13164,8702,6656,6,9,21
13165,18199,14184,121,5,15
13166,1263,23419,30,6,17
13167,8308,11867,12,6,0
13168,24854,12933,91,6,8
13169,23295,11787,79,3,57
13170,23585,8873,24,6,47
13171,15261,1364,88,5,88
13172,16205,3198,88,3,13
13173,23067,19588,3,4,88
13174,3652,15511,98,8,69
13175,7452,12497,68,8,1
13176,13835,7684,6,6,10
13177,4584,22556,129,0,81
13178,11295,16778,55,8,35
13179,12035,10763,55,4,49
13180,21335,8321,39,6,53
13181,7445,5110,136,6,51
13182,11670,1186,120,0,3
13183,16395,3169,12,3,30
13184,15941,20002,97,7,68
13185,24566,2104,88,0,31
13186,15502,20542,13,9,25
13187,13380,19281,53,2,89
13188,16467,9833,103,5,59
13189,5676,4644,65,5,49
13190,4313,2960,7,6,9
13191,3047,3536,63,3,42
13192,12825,14458,91,2,66
13193,9816,7679,116,1,49
13194,7743,15803,133,0,83
13195,5844,23035,38,0,31
13196,17174,13434,143,9,77
13197,10549,22507,146,0,18
13198,1432,15133,50,4,43
13199,20216,4866,18,8,85
13200,6241,7292,53,3,42
13201,15072,12176,65,8,7
13202,20133,20657,145,7,67
13203,4781,22099,6,3,42
13204,23310,1129,142,2,52
13205,13991,55,149,4,34
13206,14788,14311,107,4,53
13207,20357,258,105,4,7
13208,7576,652,137,1,88
13209,5479,4538,29,7,15
13210,14803,14362,82,9,44
13211,9000,6450,105,3,23
13212,555,15350,93,4,4
13213,3727,9358,60,0,79
13214,19784,10001,89,6,48
13215,10261,5960,69,4,44
13216,17791,2655,1,9,58
13217,14811,11315,14,9,39
13218,14673,22226,96,3,69
13219,10428,17523,47,6,28
13220,24325,5646,34,8,36
13221,4828,8908,129,4,20
13222,4722,20276,144,3,37
13223,6666,11566,131,2,51
13224,1521,10566,99,5,49
13225,6090,23156,14,7,46
13226,17842,14131,77,6,12
13227,1218,2161,21,2,78
13228,13535,3093,88,6,4
13229,18792,19030,8,7,1
13230,2250,11730,4,3,46
13231,6908,24845,53,7,78
13232,23200,19623,20,6,37
13233,10522,4824,90,4,36
13234,23354,10209,106,5,61
13235,19612,22869,23,4,20
13236,24084,3667,109,9,51
13237,1719,7057,1,7,45
13238,20101,11820,38,3,60
13239,12131,13908,1,9,89
13240,24970,11216,122,3,23
13241,5385,16761,113,6,9
13242,2945,17447,51,8,11
13243,3105,10478,71,0,3
13244,7932,3187,99,8,67
13245,12994,4181,42,6,50
13246,22759,6029,129,2,65
13247,9929,24065,96,4,15
13248,11931,5258,25,3,40
13249,8484,203,106,6,21
13250,12342,13888,36,3,34
13251,17439,22889,36,4,81
13252,10026,7698,76,8,46
13253,24858,22491,42,9,76
13254,18068,15703,64,1,76
13255,6284,16375,48,4,14
13256,3687,13802,108,8,89
13257,2406,6182,19,1,44
13258,7343,8574,60,8,55
13259,4476,5535,124,2,39
13260,14621,21455,83,1,73
13261,21043,7794,58,3,31
13262,22160,24956,106,6,51
13263,6162,6355,33,9,88
13264,6136,8874,13,9,46
13265,14645,24684,127,1,68
13266,16821,6439,119,4,36
13267,20704,2162,52,4,40
13268,14039,11912,141,7,22
13269,1679,8265,32,1,48
13270,14907,24566,118,5,79
13271,20289,15058,136,3,53
13272,11285,17581,84,3,15
13273,24974,20804,5,0,9
13274,19282,23483,49,1,84
13275,5306,3186,76,0,24
13276,9059,814,7,4,84
13277,3417,307,104,5,3
13278,17091,8551,142,8,85
13279,6721,24078,102,6,46
13280,19550,6240,83,2,42
13281,12039,8357,10,8,69
13282,18040,21865,133,9,75
13283,24018,6385,118,8,35
13284,24687,7388,11,6,18
13285,16363,22525,67,0,2
13286,18667,18207,35,5,29
13287,6763,11168,135,1,75
13288,1920,23510,104,4,74
13289,7005,16931,130,6,64
13290,10772,3277,47,3,36
13291,19306,19644,47,5,59
13292,21617,3815,44,4,53
13293,11230,17620,34,3,88
13294,23561,10950,72,8,83
13295,18053,20884,33,7,74
13296,23068,6321,144,8,18
13297,9670,16179,42,3,13
13298,5719,3478,84,0,4
13299,24268,19059,62,8,52
13300,6010,23128,60,2,72
13301,13275,2711,6,8,14
13302,4028,24085,42,3,37
13303,14057,6352,146,0,9
13304,22731,4983,105,7,9
13305,19210,20443,44,1,3
13306,2791,1497,11,0,36
13307,5219,9325,98,2,42
13308,20238,14435,142,6,14
13309,23507,4089,59,7,6
13310,2139,24555,88,2,72
13311,22933,7772,41,6,33
13312,22839,2968,92,2,46
13313,15957,16930,127,4,9
13314,8916,9610,29,6,51
13315,16174,995,121,9,23
13316,6142,18136,52,6,87
13317,3958,2658,93,5,61
13318,24640,485,134,8,79
13319,13170,23280,60,0,15
13320,15460,24300,66,3,38
13321,124,22700,50,0,8
13322,2489,19111,117,8,7
13323,17805,13918,134,2,46
13324,10710,9262,2,1,63
13325,7780,18593,69,9,6
13326,14110,18929,141,6,74
13327,1634,9783,116,4,40
13328,12296,24618,148,1,72
13329,23565,19014,81,4,50
13330,14500,10460,34,8,20
13331,9789,4101,87,0,16
13332,3256,17417,106,5,40
13333,5481,11969,66,7,0
13334,5914,20254,121,4,46
13335,13015,22249,53,0,0
13336,22313,21113,143,5,51
13337,19599,15829,107,4,79
13338,467,1193,111,7,72
13339,11009,18878,12,4,8
13340,5221,11008,142,2,82
13341,6534,1220,38,5,70
13342,16641,16367,106,8,65
13343,1171,11105,31,3,87
13344,14146,18287,106,5,88
13345,7510,19001,9,9,53
13346,19316,12520,139,1,46
13347,2504,3550,71,7,79
13348,18320,1197,37,9,58
13349,6223,7708,33,5,27
13350,22566,10617,77,4,56
13351,4546,15384,55,1,38
13352,16770,8505,11,3,71
13353,2321,1239,63,1,40
13354,3032,21713,104,1,16
13355,4916,107,17,3,83
13356,20293,4160,133,2,76
13357,14680,19044,4,7,32
13358,7983,2402,114,3,29
13359,7770,16334,107,4,75
13360,12160,20578,118,9,12
13361,22305,7068,92,1,58
13362,13006,21846,79,2,58
13363,4275,8863,101,0,48
13364,490,22926,19,8,17
13365,9750,3859,23,3,33
13366,2624,22178,141,5,70
13367,745,6708,67,5,16
13368,9707,10463,144,4,17
13369,16698,20133,110,4,53
13370,17690,23177,87,7,23
13371,13475,8763,126,2,22
13372,1026,2998,12,2,43
13373,5414,3360,9,3,77
13374,4676,10580,147,9,70
13375,12844,19878,98,9,38
13376,21042,13870,141,0,77
13377,24148,10373,117,6,50
13378,3439,23304,52,2,58
13379,23193,9851,143,4,20
13380,24903,23383,60,2,53
13381,14138,14610,39,5,48
13382,13354,9030,79,5,67
13383,11186,13514,72,2,78
13384,20396,4939,55,1,81
13385,22458,1882,19,6,34
13386,19347,24453,92,7,42
13387,4081,10996,120,6,68
13388,10512,2370,32,5,31
13389,4832,16381,15,8,74
13390,22841,5361,36,2,72
13391,16202,24430,10,7,5
13392,234,1153,59,9,0
13393,4312,12798,41,1,82
13394,20002,23586,78,1,23
13395,6509,16802,3,8,14
13396,10969,22410,89,4,27
13397,551,4776,40,4,17
13398,19076,8834,88,1,88
13399,21269,5187,149,3,47
13400,16416,6431,65,8,72
13401,23476,17877,79,7,2
13402,20185,3291,33,2,88
13403,770,1430,77,6,7
13404,13129,12306,58,1,9
13405,16059,14057,72,7,30
13406,22224,6768,76,6,0
13407,14368,24255,149,9,72
13408,13960,23791,20,6,74
13409,14871,17862,128,7,20
13410,18733,8123,45,6,6
13411,24541,17616,109,8,3
13412,8624,20398,115,9,29
13413,22131,22588,7,8,64
13414,7695,6756,49,7,46
13415,17868,5762,119,7,26
13416,16852,16888,124,3,30
13417,6624,1185,117,9,73
13418,13658,9043,66,8,18
13419,23872,7947,148,9,61
13420,2225,9694,45,3,67
13421,10814,18077,82,5,89
13422,10854,21387,59,8,46
13423,20053,859,55,5,65
13424,1928,1276,23,9,62
13425,802,19747,106,0,56
13426,3655,9755,5,2,76
13427,19262,6900,142,5,67
13428,3172,5718,46,6,43
13429,583,7954,140,1,49
13430,17161,11420,71,8,88
13431,16193,13623,25,5,52
13432,7634,5594,32,4,67
13433,1602,19991,101,5,54
13434,16325,19677,111,2,62
13435,19504,22830,50,7,80
13436,15135,21480,60,6,24
13437,10588,1887,125,3,47
13438,996,12829,83,0,74
13439,17794,12763,28,9,83
13440,8303,7720,49,8,84
13441,15038,1280,127,1,30
13442,19654,3404,15,2,52
13443,14786,6353,7,9,80
13444,12390,22317,138,5,58
13445,3489,3133,5,2,79
13446,12576,24648,31,4,22
13447,4734,19272,109,7,84
13448,11204,3829,35,8,34
13449,10179,18846,25,4,6
13450,5393,4340,54,9,45
13451,16335,23501,58,1,30
13452,6476,436,79,1,45
13453,13826,4580,53,1,74
13454,22271,5734,135,3,68
13455,7108,1818,23,8,65
13456,12453,13218,147,9,65
13457,6552,14879,123,9,22
13458,12335,22909,70,1,16
13459,4279,15619,50,3,19
13460,24288,11060,107,5,66
13461,5345,2049,147,6,33
13462,7004,12287,84,3,63
13463,4863,18862,10,4,47
13464,16827,11519,139,5,82
13465,18562,6528,106,1,37
13466,23766,10886,75,4,50
13467,20366,16726,74,7,19
13468,20079,20683,35,5,52
13469,21394,9400,125,9,1
13470,17916,17178,37,9,85
13471,11938,16829,92,0,59
13472,6050,1514,53,6,82
13473,24484,3942,109,8,68
13474,21363,9311,149,4,53
13475,14283,8214,108,0,74
13476,12393,8218,15,9,87
13477,6760,22850,80,0,23
13478,1079,19478,56,7,37
13479,6452,8732,80,5,89
13480,18084,5775,63,6,70
13481,23696,15558,135,3,23
13482,7769,12925,140,3,56
13483,1961,1045,26,4,84
13484,11960,1305,121,6,76
13485,11998,12501,23,0,2
13486,18730,17363,80,4,22
13487,10006,20364,77,6,42
13488,12508,15349,36,2,86
13489,18469,17198,25,2,29
13490,12652,89,71,3,87
13491,23911,12157,1,8,73
13492,19798,18171,41,7,34
13493,11656,16912,88,9,24
13494,12204,4845,116,6,10
13495,7592,19007,43,9,5
13496,8866,11431,139,0,3
13497,22535,16628,23,1,64
13498,19596,1081,20,0,50
13499,14408,16342,145,5,22
13500,9001,11138,80,1,45
13501,10463,21581,44,0,51
13502,8811,6846,66,9,34
13503,18964,3893,26,6,58
13504,5012,11138,95,1,72
13505,10353,13770,19,9,62
13506,8262,8302,83,5,81
13507,12611,22116,124,3,33
13508,17944,22484,124,2,13
13509,23728,9959,140,4,36
13510,21169,6347,76,0,38
13511,23999,4120,68,1,19
13512,12445,1423,39,5,21
13513,12445,19799,134,9,47
13514,3914,2181,17,5,72
13515,105,938,83,3,25
13516,13223,6577,54,0,59
13517,2209,21621,106,2,3
13518,2632,13071,47,5,49
13519,8042,15786,71,4,46
13520,23544,8450,91,3,36
13521,11292,7717,9,4,23
13522,13680,6412,31,1,36
13523,3467,7888,83,4,62
13524,5969,10404,58,2,31
13525,22288,18955,149,7,65
13526,600,23566,112,3,77
13527,19873,7453,33,2,2
13528,17137,15042,40,4,68
13529,18218,575,12,7,20
13530,21773,160,148,0,53
13531,12281,12788,3,0,38
13532,20762,5046,84,3,41
13533,10812,10538,9,5,62
13534,5213,21720,58,4,31
13535,10495,11995,5,3,71
13536,2956,16218,84,6,27
13537,22162,444,99,1,2
13538,23730,21092,63,2,55
13539,17630,19583,131,1,49
13540,23143,4622,83,2,63
13541,9578,19795,141,6,68
13542,2275,23169,117,7,86
13543,8945,23458,30,4,2
13544,18249,6273,148,9,21
13545,5230,389,7,8,64
13546,9993,21774,102,6,73
13547,7466,21979,139,5,14
13548,9911,22530,33,8,2
13549,7465,8175,71,6,12
13550,12530,19478,6,0,8
13551,24753,12574,46,8,8
13552,4308,5515,141,4,16
13553,14448,22821,118,2,31
13554,13644,23029,19,6,52
13555,2434,8081,74,0,60
13556,13855,21095,11,1,38
13557,21455,7460,48,4,5
13558,9016,22898,85,5,18
13559,14087,15412,36,8,83
13560,16674,21584,119,5,77
13561,17576,19772,68,8,19
13562,6517,3835,90,9,3
13563,2352,16769,29,4,8
13564,4757,1392,130,5,79
13565,16756,14473,16,1,84
13566,23601,9506,50,5,0
13567,20339,7722,118,2,14
13568,20842,8845,149,1,16
13569,16514,11765,31,6,56
13570,12104,19790,11,0,87
13571,6676,24353,19,5,13
13572,147,15674,98,9,16
13573,6013,1774,25,6,33
13574,14462,17600,96,6,67
13575,10329,6415,34,4,36
13576,3057,3569,31,8,50
13577,19220,18581,82,3,73
13578,15647,11966,68,2,21
13579,6033,22967,58,3,36
13580,3287,13507,77,9,22
13581,8561,12737,94,6,25
13582,9957,6094,111,4,29
13583,22915,10333,73,8,84
13584,21363,4398,1,7,51
13585,4013,10728,55,8,72
13586,315,14553,86,6,10
13587,22897,16758,120,3,47
13588,20200,1385,140,6,83
13589,9115,8923,28,2,55
13590,9415,7371,121,1,45
13591,15794,22627,25,8,74
13592,23812,21067,102,3,10
13593,16718,6260,127,9,69
13594,17386,3320,79,8,53
13595,2089,16658,26,7,29
13596,14483,6868,41,3,74
13597,24857,18054,85,0,35
13598,263,12624,130,1,62
13599,20113,2857,34,6,72
13600,4584,21096,81,8,81
13601,16289,20930,136,9,3
13602,10428,22906,115,4,66
13603,4001,23385,62,1,61
13604,2158,10113,143,7,21
13605,9116,21634,123,5,48
13606,9617,21063,84,9,20
13607,2015,2273,3,9,11
13608,3468,21405,94,2,6
13609,17626,8039,63,0,65
13610,9971,20545,83,4,17
13611,11088,10483,9,8,70
13612,19636,13791,25,6,84
13613,16076,22134,93,5,2
13614,17725,22509,68,1,77
13615,17535,7398,47,1,7
13616,7310,15980,52,1,5
13617,15177,514,76,6,35
13618,13390,21168,21,3,54
13619,18499,13863,75,4,22
13620,11506,18170,134,6,11
13621,8709,23432,146,9,89
13622,18491,8494,42,2,88
13623,9018,18307,142,8,52
13624,18613,3839,24,9,11
13625,8905,12061,80,0,29
13626,3790,14449,47,7,56
13627,8748,4167,51,7,72
13628,20849,5621,65,1,9
13629,5192,7347,90,5,85
13630,19402,18803,101,4,71
13631,9115,22989,33,3,69
13632,8455,2408,82,2,14
13633,21621,1210,47,6,10
13634,4037,18069,75,7,78
13635,19776,8986,128,4,71
13636,2402,4958,7,6,41
13637,18848,4159,40,1,70
13638,17630,5565,37,5,48
13639,24979,5308,70,6,72
13640,6476,1330,121,5,19
13641,13110,1026,30,6,72
13642,12561,24645,103,9,63
13643,19249,9967,138,6,88
13644,17163,8831,96,6,46
13645,10843,24040,25,2,46
13646,10265,20486,148,3,79
13647,17837,5532,32,3,25
13648,17189,15507,31,6,16
13649,23307,3927,136,3,6
13650,12332,688,2,6,61
13651,18660,7417,124,8,19
13652,14168,20352,106,0,70
13653,14693,5404,86,2,36
13654,7338,11150,106,8,14
13655,1875,20550,10,0,71
13656,7723,2387,41,1,82
13657,16116,2759,73,6,78
13658,578,21598,76,8,73
13659,17106,1915,118,2,11
13660,9249,19106,79,3,73
13661,10242,8714,72,9,74
13662,9333,5306,1,4,51
13663,8414,292,115,3,40
13664,6689,10094,148,1,70
13665,69,14624,101,0,71
13666,110,9627,134,9,88
13667,1641,3021,130,4,11
13668,4835,8994,1,2,8
13669,16920,653,74,6,28
13670,16850,1272,54,2,35
13671,21569,20698,102,7,25
13672,12319,7804,18,9,32
13673,10778,21257,74,7,36
13674,9699,5866,60,0,69
13675,8785,11096,18,3,63
13676,24253,2722,148,7,81
13677,3037,24531,116,4,20
13678,2651,23751,120,9,12
13679,17620,599,86,9,33
13680,7400,12613,18,4,19
13681,10355,3861,20,4,46
13682,12636,19635,42,4,56
13683,10222,22371,67,5,38
13684,17420,9169,115,7,61
13685,22798,16898,34,2,10
13686,20229,24757,70,2,3
13687,6232,24170,121,9,5
13688,2143,23923,50,3,64
13689,1056,18565,57,2,3
13690,10225,18059,110,1,29
13691,12651,2663,22,6,5
13692,23702,4616,46,4,77
13693,14659,18574,114,7,72
13694,1771,15811,28,9,23
13695,3375,24783,137,1,78
13696,14113,19680,62,3,84
13697,9708,18131,97,9,20
13698,6193,14727,134,1,48
13699,18100,19916,11,5,54
13700,2816,7495,46,8,46
13701,18145,8485,39,3,81
13702,14002,15780,125,9,43
13703,12338,9303,43,6,89
13704,5946,24674,119,7,87
13705,10973,16756,102,2,39
13706,3274,17090,92,5,18
13707,18507,5200,75,9,64
13708,13442,20610,110,1,21
13709,24781,12343,91,6,89
13710,23598,24657,55,8,8
13711,11122,13159,52,8,3
13712,7860,16380,80,2,4
13713,17388,10653,47,7,40
13714,13843,16152,119,3,8
13715,19748,6727,127,4,28
13716,14502,9790,44,5,41
13717,18376,11393,91,2,61
13718,5498,18367,101,9,46
13719,18852,9966,39,3,45
13720,7890,6886,61,1,67
13721,15458,21555,27,6,80
13722,17392,12961,80,4,22
13723,20030,7774,131,9,51
13724,18612,2514,109,2,20
13725,18940,24375,51,2,27
13726,17849,24790,99,6,51
13727,10479,7759,143,2,44
13728,21052,1085,70,9,38
13729,5960,11561,9,3,88
13730,18707,5595,7,9,60
13731,20002,24648,6,4,9
13732,1804,22852,66,8,87
13733,4402,18912,43,3,28
13734,2540,14292,36,6,47
13735,12091,23142,46,1,39
13736,10711,19294,2,2,1
13737,22903,15367,20,9,79
13738,20250,23397,12,6,47
13739,15013,2629,47,3,56
13740,6600,14398,93,7,27
13741,11317,16299,55,7,18
13742,6012,1450,111,2,39
13743,18087,18557,142,8,56
13744,19003,10514,47,6,58
13745,1515,24244,56,7,27
13746,23852,15937,42,9,11
13747,11082,8936,135,0,3
13748,4099,17431,29,1,10
13749,11479,6044,25,1,23
13750,1881,17770,69,3,43
13751,3838,24438,67,3,31
13752,15677,18308,74,1,30
13753,20577,23522,28,4,37
13754,22630,11806,147,7,39
13755,23195,17205,70,1,9
13756,23304,10867,66,4,53
13757,2624,5489,89,6,28
13758,21399,2784,17,2,51
13759,18984,14477,22,4,45
13760,9370,5307,52,1,65
13761,9525,6332,15,6,23
13762,703,18868,111,0,74
13763,15475,18638,36,4,72
13764,22983,23489,54,0,12
13765,8435,13991,59,0,66
13766,180,12199,76,4,65
13767,14373,23603,30,3,18
13768,11582,17491,49,6,87
13769,21634,23274,125,0,0
13770,16324,24972,1,3,64
13771,7850,5386,93,6,41
13772,13521,6621,18,9,65
13773,7869,9051,86,6,70
13774,20485,8417,119,8,85
13775,7383,8976,78,4,15
13776,15397,5844,117,2,82
13777,20660,13710,46,0,69
13778,2278,10574,136,6,3
13779,19081,9998,145,2,18
13780,16910,12265,88,9,49
13781,2144,24012,81,7,82
13782,10675,8262,119,6,25
13783,5098,670,18,1,71
13784,24560,18321,17,3,45
13785,11970,1726,75,3,1
13786,22461,13727,44,0,42
13787,3140,9606,28,6,47
13788,15811,16971,107,9,87
13789,1004,3321,41,0,26
13790,22058,12076,74,4,80
13791,18341,13722,106,6,87
13792,23511,23108,135,3,58
13793,24539,457,78,8,39
13794,19399,19180,24,4,16
13795,15746,12655,63,1,5
13796,8580,12826,61,9,2
13797,9851,1756,109,4,18
13798,458,16027,143,8,27
13799,3416,21193,14,0,26
13800,22835,5803,105,9,72
13801,2484,9499,4,9,35
13802,9213,23413,60,8,11
13803,2588,16901,63,9,23
13804,4816,23275,146,5,28
13805,8756,14840,12,3,54
13806,20627,13961,114,8,57
13807,19859,11014,97,7,56
13808,10284,15708,38,5,12
13809,4762,11408,112,0,86
13810,18152,11995,85,7,48
13811,14741,7544,70,9,26
13812,8175,876,99,9,10
13813,5206,21365,118,0,32
13814,13224,1921,4,3,57
13815,13583,7724,100,3,67
13816,8264,11977,19,5,35
13817,7799,16018,79,3,26
13818,13833,2282,129,6,8
13819,10552,12560,83,1,71
13820,23910,8084,124,1,31
13821,11374,5408,43,1,21
13822,18746,10530,2,6,71
13823,2227,5475,69,3,70
13824,17095,10753,19,9,41
13825,15619,21645,105,4,1
13826,11441,6300,8,0,34
13827,23857,21242,3,1,48
13828,11656,6280,27,7,32
13829,7062,4994,139,8,89
13830,14909,11425,27,4,62
13831,17657,18674,100,4,33
13832,15316,20795,116,8,86
13833,8022,1851,141,2,5
13834,17152,14050,120,7,43
13835,6705,4525,73,8,60
13836,3196,2174,36,6,32
13837,9776,2139,73,7,71
13838,21180,12883,147,9,57
13839,2643,11207,136,5,40
13840,19639,4578,47,3,50
13841,18001,8929,70,3,44
13842,10060,2530,43,1,31
13843,12494,17186,64,0,78
13844,22122,4049,29,8,61
13845,17518,16263,21,9,18
13846,23314,316,85,5,22
13847,24151,23217,35,6,4
13848,15468,13103,35,2,50
13849,7775,10854,131,4,55
13850,5569,21481,50,5,20
13851,17974,14302,126,9,35
13852,21309,5733,134,4,64
13853,13274,10780,72,2,57
13854,1496,10425,131,7,24
13855,1348,20504,50,3,87
13856,24802,9733,86,7,49
13857,3450,23652,129,6,68
13858,14456,24909,122,3,35
13859,13776,21921,53,6,29
13860,20549,22888,145,2,84
13861,5585,12469,119,1,26
13862,17552,20941,107,7,51
13863,7129,9285,119,4,77
13864,12988,5298,55,6,6
13865,20127,18926,47,8,26
13866,12501,10166,147,0,52
13867,22783,6281,71,8,7
13868,16581,11518,133,8,56
13869,3150,17518,67,5,3
13870,22874,1042,138,5,87
13871,1816,24942,90,8,39
13872,2276,9070,46,7,60
13873,6627,21327,43,0,29
13874,11251,3668,113,1,22
13875,17173,4546,148,7,50
13876,11141,4874,26,5,44
13877,18652,2544,49,3,10
13878,15186,17358,14,2,35
13879,7247,14868,75,8,26
13880,24529,23336,149,1,56
13881,13889,6655,51,7,66
13882,17529,19336,52,9,0
13883,8311,2103,46,6,44
13884,19973,6557,27,8,80
13885,7114,1459,149,0,6
13886,21457,1539,148,4,33
13887,1713,22668,107,9,21
13888,8541,24468,52,2,87
13889,24496,16190,147,3,43
13890,917,586,136,2,5
13891,8623,1451,90,9,64
13892,8182,24423,39,4,37
13893,17261,2460,109,6,67
13894,12674,47,35,4,87
13895,15678,6579,138,2,6
13896,17423,13457,97,0,76
13897,7894,21926,142,6,16
13898,21964,16335,19,0,21
13899,13530,7608,14,3,17
13900,11077,5832,50,0,16
13901,5344,17333,101,2,13
13902,10018,24851,141,2,74
13903,16401,2836,50,6,57
13904,3291,1619,131,2,70
13905,10432,2644,56,7,51
13906,20350,5136,115,1,50
13907,22479,296,131,6,46
13908,20429,4838,65,5,64
13909,24234,16636,127,1,56
13910,17526,5065,91,3,30
13911,3435,17302,101,8,7
13912,16172,24975,129,7,31
13913,3445,23736,135,1,82
13914,9618,10681,17,7,1
13915,2341,10285,112,2,59
13916,23606,6926,46,2,77
13917,9885,4715,106,2,18
13918,22943,5546,72,4,53
13919,10322,13862,44,6,69
13920,1076,15653,95,3,67
13921,9546,8905,58,0,15
13922,657,19387,74,6,1
13923,2373,11037,94,4,73
13924,20218,23525,130,7,68
13925,3779,18664,11,4,5
13926,16605,12666,76,2,28
13927,17581,15966,20,2,27
13928,22118,8540,137,7,29
13929,2206,19058,16,8,39
13930,10824,24821,140,0,39
13931,7523,23846,6,7,48
13932,131,16543,5,8,86
13933,20297,9057,105,3,17
13934,23137,2222,50,8,0
13935,15108,11589,97,1,45
13936,6750,12498,143,5,81
13937,22111,3768,73,7,29
13938,17807,3818,70,7,40
13939,24934,9186,80,3,57
13940,17734,10631,132,5,59
13941,23786,21695,77,6,8
13942,8227,14166,101,2,87
13943,7394,20870,108,7,58
13944,4635,13952,96,2,65
13945,8170,245,139,1,68
13946,23209,9018,70,6,79
13947,5782,19772,44,1,49
13948,6312,17515,19,4,50
13949,4989,7519,55,9,9
13950,21853,14692,146,7,32
13951,826,2397,77,3,3
13952,4525,9041,125,7,47
13953,16524,8456,35,3,20
13954,20165,11514,132,0,27
13955,18117,13962,60,1,11
13956,22322,22077,47,0,60
13957,23946,6198,82,7,49
13958,10499,22255,143,3,62
13959,11641,3942,89,8,73
13960,22592,20902,89,5,38
13961,14151,20622,145,6,44
13962,19206,17315,85,1,70
13963,8887,17876,64,2,49
13964,2242,10169,47,5,35
13965,5818,20872,21,5,20
13966,5687,11330,140,1,79
13967,4815,12526,28,6,45
13968,5728,18511,96,3,5
13969,19074,12934,17,5,1
13970,21279,9872,44,1,38
13971,8363,23887,127,7,19
13972,22849,21629,40,7,11
13973,16971,16332,77,5,1
13974,8786,1361,49,2,17
13975,10855,16010,28,5,40
13976,11703,5798,142,4,86
13977,18753,2070,30,1,54
13978,12569,23567,31,4,17
13979,18727,17212,112,1,48
13980,2217,7071,50,4,23
13981,4463,1155,21,0,0
13982,2143,11380,54,0,45
13983,22903,14637,82,0,84
13984,9394,1689,48,6,15
13985,13369,12185,26,9,52
13986,16318,24698,9,9,34
13987,10878,21123,7,4,24
13988,24116,4286,140,7,39
13989,7646,24132,51,9,31
13990,19740,1427,37,2,74
13991,15402,24843,101,2,60
13992,1955,4931,31,6,31
13993,18235,2557,18,8,10
13994,19108,15321,68,8,72
13995,21128,24688,28,7,34
13996,3713,2617,9,5,72
13997,18339,8035,140,0,76
13998,18124,5271,48,2,44
13999,24286,6020,19,1,17
14000,9225,2976,118,7,20
14001,4563,11269,35,7,76
14002,10333,9332,145,4,40
14003,134,20557,66,6,70
14004,19625,10143,77,5,71
14005,17944,4782,37,8,10
14006,18048,323,132,3,10
14007,15740,189,18,9,54
14008,6763,24857,1,0,31
14009,20310,2249,50,3,26
14010,19460,5648,60,4,34
14011,6525,9959,32,2,17
14012,19737,24011,77,3,62
14013,2637,12159,4,6,11
14014,6636,22521,99,0,18
14015,21016,8029,118,0,49
14016,22056,9667,81,2,41
14017,13294,20260,88,9,51
14018,13244,22687,0,4,39
14019,21845,18181,63,6,7
14020,16950,21774,136,4,42
14021,12888,21257,139,0,20
14022,2639,3163,118,2,21
14023,13317,9926,88,5,13
14024,17447,13094,97,0,1
14025,23743,24961,91,5,6
14026,15560,2288,117,3,71
14027,7246,13984,21,6,46
14028,16769,19938,75,6,79
14029,6524,9747,19,2,87
14030,5573,11561,99,3,56
14031,13788,20542,26,2,56
14032,15537,5341,10,2,11
14033,14426,22745,9,7,62
14034,21522,10773,5,9,70
14035,12823,17488,113,3,52
14036,19562,6046,128,0,20
14037,6076,7645,9,1,37
14038,22059,17181,43,5,61
14039,20936,21179,149,8,44
14040,20406,22933,5,0,28
14041,11699,4022,144,5,21
14042,21308,10093,106,0,49
14043,19572,17225,95,4,80
14044,18840,9206,34,9,51
14045,8022,3171,77,4,78
14046,12338,2,23,7,10
14047,6112,21050,53,1,44
14048,14373,16609,91,3,5
14049,24177,9045,2,8,85
14050,697,12949,124,5,52
14051,7326,24745,118,3,70
14052,24981,19315,69,3,26
14053,21903,9083,35,3,27
14054,17753,5932,61,7,32
14055,9159,16820,113,4,72
14056,21408,11165,125,4,28
14057,19415,20018,22,3,44
14058,16499,24642,46,4,44
14059,9263,20734,94,8,8
14060,4522,2707,87,4,19
14061,9195,8256,144,2,27
14062,16475,2905,97,7,71
14063,18949,13284,4,6,26
14064,22997,24260,112,3,6
14065,4567,207,56,9,89
14066,9318,9274,65,4,33
14067,3349,7346,110,0,59
14068,11465,15379,115,9,30
14069,10009,5828,132,4,8
14070,11161,721,89,7,87
14071,6317,11243,84,4,54
14072,9006,15020,122,8,53
14073,851,3422,84,5,81
14074,14017,14316,14,0,74
14075,12608,13088,25,7,53
14076,1472,21794,7,4,88
14077,7024,16573,61,5,82
14078,13090,14031,143,1,45
14079,1220,22865,101,7,82
14080,23219,9578,149,6,47
14081,13841,10545,55,0,1
14082,7152,17776,22,3,62
14083,16717,22561,135,1,33
14084,323,22606,70,8,22
14085,13369,11026,21,7,34
14086,20549,13878,34,1,82
14087,15250,24719,72,1,54
14088,8316,23477,76,7,12
14089,5384,3336,98,8,60
14090,10176,3543,117,4,23
14091,10512,19396,65,6,86
14092,840,6117,2,0,56
14093,21959,24928,44,9,38
14094,644,19548,123,0,18
14095,17112,2086,35,1,54
14096,13716,16914,25,2,48
14097,21408,11202,81,0,25
14098,3225,6552,107,6,66
14099,19922,17507,6,6,43
14100,12767,4592,43,0,89
14101,8241,6831,57,4,84
14102,15216,10527,25,9,57
14103,14937,9916,8,6,55
14104,19586,21723,39,9,24
14105,19132,1109,12,0,41
14106,11776,17511,43,4,13
14107,4862,11314,42,1,67
14108,5059,21266,9,2,65
14109,18901,1042,46,5,60
14110,4052,4451,45,5,41
14111,22064,12351,75,6,83
14112,3778,314,112,1,77
14113,3708,12051,1,4,61
14114,1968,14206,101,7,86
14115,16230,21531,16,1,2
14116,16476,515,111,3,61
14117,12179,3446,62,5,77
14118,11975,7760,58,6,45
14119,22446,24905,98,6,5
14120,2086,18792,101,9,68
14121,19930,10269,137,8,55
14122,744,15497,14,9,10
14123,18488,5822,98,1,48
14124,12956,9745,118,1,8
14125,18799,22749,90,7,74
14126,23175,6131,17,2,61
14127,13234,23002,107,6,56
14128,16039,13902,4,7,69
14129,19930,16837,148,9,62
14130,490,22079,74,4,50
14131,21803,18884,143,9,58
14132,9251,5102,43,1,78
14133,19464,7650,97,9,20
14134,13933,6935,70,5,50
14135,5493,18831,20,7,20
14136,21687,5616,49,1,14
14137,16785,20797,23,2,25
14138,18453,10438,84,0,82
14139,2523,11814,114,8,57
14140,22679,12541,117,5,46
14141,7406,22010,35,0,53
14142,31,11684,2,9,31
14143,1068,3624,100,4,62
14144,14408,13439,107,3,0
14145,15003,17386,89,6,13
14146,3377,15366,22,8,80
14147,19609,14290,83,5,14
14148,6756,9636,8,3,7
14149,11896,6937,25,5,60
14150,8234,6066,14,1,6
14151,12634,7920,86,7,72
14152,1131,19140,30,0,53
14153,22559,7421,27,8,17
14154,1627,22718,51,0,36
14155,2934,21912,8,1,84
14156,7083,18265,4,3,24
14157,17820,19990,15,4,9
14158,22559,5249,93,9,11
14159,17502,19268,15,1,64
14160,3383,21255,73,2,58
14161,2061,12806,21,0,89
14162,16076,8205,87,9,82
14163,12894,5982,77,3,85
14164,16521,18830,70,9,38
14165,13355,12411,67,3,54
14166,4784,9589,1,7,54
14167,13105,1108,119,8,7
14168,2855,13111,12,8,37
14169,12800,19944,11,3,37
14170,24364,20493,101,8,45
14171,6017,12034,71,3,20
14172,1068,23262,112,9,71
14173,16437,22939,122,8,6
14174,16272,11134,65,1,63
14175,12298,3847,84,0,59
14176,9410,13334,133,1,21
14177,2763,20280,5,7,23
14178,14723,21608,149,8,6
14179,3536,7400,142,8,73
14180,4399,747,101,4,12
14181,12297,20816,20,1,13
14182,17902,3237,39,1,7
14183,17198,15531,73,3,32
14184,20763,24758,15,1,73
14185,17532,17847,10,3,85
14186,18227,17075,57,5,19
14187,9535,20436,4,4,12
14188,24283,11389,83,2,27
14189,6075,23221,115,1,32
14190,767,16435,53,0,39
14191,166,22830,64,6,87
14192,22450,23011,25,8,66
14193,21564,23290,18,7,55
14194,24405,2994,116,2,38
14195,17460,7985,3,9,14
14196,3106,9106,147,7,73
14197,19996,6296,40,0,57
14198,23285,4112,67,8,27
14199,12857,2143,118,0,9
14200,5753,24669,137,5,63
14201,20306,3521,45,1,22
14202,4223,24226,45,5,63
14203,15306,23453,38,7,62
14204,17586,18447,56,2,83
14205,14504,24373,36,8,9
14206,6301,9324,142,4,83
14207,21902,9004,75,7,28
14208,8590,1075,72,4,76
14209,22973,22003,70,7,47
14210,23078,9057,1,3,1
14211,4682,21125,31,6,24
14212,22685,20127,90,2,53
14213,23507,24147,131,6,19
14214,21927,7446,13,6,89
14215,1700,22618,106,3,6
14216,2740,4487,71,3,11
14217,5366,11550,104,5,37
14218,4028,13992,57,6,12
14219,21266,10457,18,6,5
14220,9247,17915,106,8,51
14221,10988,16246,41,9,75
14222,4156,11666,25,5,66
14223,301,9534,82,8,62
14224,9896,3202,85,3,70
14225,9723,11544,1,2,65
14226,12376,16751,122,1,5
14227,24431,24029,144,0,46
14228,2238,11935,67,3,16
14229,10973,21102,97,6,46
14230,7138,14471,1,8,44
14231,13125,8625,52,2,86
14232,21983,14950,47,6,39
14233,14703,15224,94,1,24
14234,14038,12765,95,6,10
14235,13183,13098,26,6,12
14236,5024,3251,75,5,4
14237,19139,12043,33,3,43
14238,12416,9964,124,5,29
14239,12523,23096,125,9,67
14240,23223,22074,36,7,65
14241,2026,8854,95,7,40
14242,4495,6786,35,3,45
14243,7741,4228,79,7,52
14244,3512,9889,73,0,7
14245,6695,13039,45,4,65
14246,11752,22606,79,0,65
14247,10774,12655,90,8,56
14248,6035,2637,41,4,72
14249,17116,2635,101,0,30
14250,6418,17339,72,0,80
14251,7926,4949,7,4,14
14252,2877,3832,38,4,84
14253,13067,17139,75,7,61
14254,19981,5985,75,5,80
14255,6823,20307,48,1,77
14256,8156,4651,82,4,42
14257,16834,18178,76,5,70
14258,19117,9007,43,0,12
14259,15651,19641,90,0,79
14260,22366,10806,26,8,39
14261,3873,22165,137,0,14
14262,13535,19344,28,0,40
14263,23788,22205,28,4,88
14264,11538,16163,59,0,47
14265,8415,9402,127,6,77
14266,23217,8361,30,0,64
14267,5775,2600,47,5,26
14268,10816,14628,11,0,44
14269,20463,7153,95,2,65
14270,4409,11378,61,9,84
14271,1149,4956,73,5,67
14272,3968,20959,57,2,1
14273,2069,22228,48,4,58
14274,16296,17364,71,0,65
14275,20118,15066,102,5,80
14276,7117,10305,81,7,38
14277,20195,11676,48,1,52
14278,21707,2068,73,7,46
14279,13006,16740,83,3,36
14280,21498,14136,105,6,3
14281,4600,20289,93,3,27
14282,12447,23775,54,0,63
14283,13557,21745,14,4,32
14284,19755,8963,17,8,89
14285,17892,9205,109,3,15
14286,10928,6801,58,3,1
14287,12311,16440,48,3,2
14288,11862,11448,102,7,68
14289,6415,19493,117,1,72
14290,814,4941,142,5,5
14291,19194,11427,60,2,74
14292,15341,8894,25,5,39
14293,2062,20549,148,3,62
14294,11230,11708,141,2,15
14295,6296,19895,135,2,41
14296,5045,3346,92,5,66
14297,17939,16691,146,5,7
14298,14215,722,83,5,58
14299,22253,23260,125,8,22
14300,5938,2444,84,4,5
14301,9595,11996,94,6,42
14302,19519,21359,108,8,52
14303,1970,15709,89,8,47
14304,10649,21420,36,9,38
14305,24158,24634,22,9,39
14306,23280,24439,55,2,86
14307,15445,16613,52,0,5
14308,6071,16671,110,5,67
14309,9698,24900,109,7,73
14310,19821,4678,99,0,75
14311,20427,19705,14,0,55
14312,21345,7516,97,8,73
14313,2405,18993,117,4,65
14314,21845,24534,74,5,6
14315,14139,14390,128,8,31
14316,16032,849,28,1,42
14317,20881,19108,42,4,15
14318,18809,10481,56,5,38
14319,3052,9823,129,3,44
14320,23803,12447,34,5,16
14321,14948,22312,79,0,28
14322,18429,5473,50,9,65
14323,17195,5430,36,6,25
14324,13429,16222,8,4,13
14325,20017,10358,127,9,86
14326,18415,21680,119,0,32
14327,11692,4983,119,0,7
14328,2031,14188,49,3,29
14329,8889,8554,48,3,2
14330,526,5105,9,7,43
14331,23451,19964,12,5,82
14332,19975,7205,129,8,47
14333,7224,24759,23,4,12
14334,375,18418,65,1,10
14335,15535,6552,7,6,44
14336,3970,23131,113,7,84
14337,14959,12102,130,7,25
14338,7254,24754,37,9,9
14339,11336,10443,124,8,84
14340,16312,12783,121,8,12
14341,16,6479,119,1,38
14342,9976,12685,141,4,77
14343,21145,18620,50,2,12
14344,20355,4654,72,4,71
14345,11230,22062,16,3,79
14346,24946,21503,146,9,63
14347,17581,678,122,1,71
14348,17074,21090,101,8,1
14349,1235,883,22,2,84
14350,15709,18044,115,6,36
14351,20101,23761,140,4,67
14352,8989,11541,112,6,11
14353,3430,19841,114,9,47
14354,4887,24912,80,5,28
14355,15562,22807,106,1,73
14356,13196,1575,61,9,51
14357,16060,7217,9,1,79
14358,18915,3565,118,4,28
14359,14511,1420,65,0,9
14360,14758,6045,106,4,54
14361,22907,13385,135,5,2
14362,4804,8923,70,8,3
14363,14803,10004,114,1,23
14364,19989,10794,111,6,9
14365,16390,13476,43,9,33
14366,7660,6262,135,9,72
14367,3687,6574,55,9,2
14368,19783,9011,109,5,68
14369,24685,2796,143,7,81
14370,24100,9249,96,7,5
14371,15591,8890,29,6,22
14372,783,6408,103,4,31
14373,3337,7286,20,8,14
14374,15919,16452,88,5,89
14375,7254,2548,27,6,67
14376,3467,11752,133,2,37
14377,8163,19872,97,9,24
14378,13329,23827,47,9,75
14379,20809,24410,48,6,59
14380,1826,13960,135,2,74
14381,11566,2938,71,1,75
14382,22867,20645,31,8,69
14383,22248,21373,141,8,85
14384,11614,17722,68,8,20
14385,470,15700,52,4,21
14386,9946,9570,92,5,73
14387,4748,8178,121,6,81
14388,24573,2904,107,8,47
14389,100,21014,77,0,51
14390,1287,9678,32,7,78
14391,7145,13207,124,1,6
14392,16194,21570,110,7,12
14393,5781,14193,104,6,5
14394,14939,3892,39,3,56
14395,21505,21051,26,3,45
14396,21070,22094,59,3,19
14397,21297,12220,13,3,48
14398,14679,9324,55,4,32
14399,17305,15080,59,8,10
14400,17103,21952,136,8,86
14401,5021,18642,38,7,60
14402,22015,9835,132,0,58
14403,505,18414,71,5,66
14404,15296,1782,53,1,24
14405,15260,16857,100,5,88
14406,23876,4346,111,1,17
14407,5342,21234,89,1,51
14408,9967,20975,58,4,64
14409,8509,19249,6,3,89
14410,20874,5186,35,6,25
14411,10730,23556,54,8,70
14412,10762,18696,93,8,23
14413,3321,18497,42,0,2
14414,17150,14331,87,3,20
14415,4347,5257,9,3,50
14416,6568,4973,124,1,55
14417,10035,4891,99,5,12
14418,18603,6428,23,0,47
14419,8013,19462,112,0,4
14420,7975,2862,128,1,62
14421,9822,19453,132,9,11
14422,6157,10968,123,3,6
14423,14106,7387,93,7,25
14424,11835,18296,8,3,12
14425,15007,5524,127,7,80
14426,11623,21607,100,6,75
14427,1307,18218,84,2,8
14428,23353,19722,33,4,2
14429,10628,7149,51,5,6
14430,20172,4020,87,9,40
14431,21347,6423,96,4,73
14432,19073,21848,128,6,30
14433,9744,3860,135,6,8
14434,11478,14754,40,1,62
14435,11821,1746,139,7,14
14436,1508,4134,1,1,15
14437,16034,18561,102,1,57
14438,12310,10620,121,4,62
14439,20347,12736,128,7,47
14440,15438,12586,37,8,35
14441,2179,8237,144,4,58
14442,10790,4397,117,8,80
14443,16077,16017,2,8,34
14444,7682,15041,143,9,70
14445,13689,9702,94,8,16
14446,12854,2081,33,7,40
14447,7788,6113,101,5,36
14448,18344,20254,120,6,35
14449,21802,24462,34,3,37
14450,22202,6696,105,5,18
14451,8113,19795,67,3,10
14452,10429,3282,85,9,41
14453,6698,23474,144,7,47
14454,1691,13877,12,8,24
14455,21524,20616,138,0,75
14456,11541,938,26,0,72
14457,9821,17296,49,3,34
14458,22550,24112,80,9,4
14459,15971,12315,110,7,45
14460,15589,312,84,0,62
14461,13143,11751,11,8,29
14462,19968,7468,94,7,32
14463,5147,7955,98,7,19
14464,2659,2639,144,5,3
14465,19378,2081,26,3,81
14466,10075,17568,52,7,18
14467,20620,18459,70,8,52
14468,4206,24345,46,3,6
14469,7862,699,5,8,5
14470,22784,16546,96,0,5
14471,12386,14944,99,0,86
14472,10960,2760,117,3,35
14473,20401,11338,145,8,82
14474,13427,10750,68,0,8
14475,11857,21839,28,6,40
14476,16665,20409,77,1,7
14477,13166,10992,149,4,58
14478,2522,7357,80,3,27
14479,4015,17626,31,6,4
14480,16870,11481,103,4,38
14481,4862,13791,47,4,87
14482,16268,13511,19,7,32
14483,23245,10740,8,7,3
14484,11798,22842,118,5,41
14485,19255,2402,118,1,46
14486,7683,22514,119,4,87
14487,18778,6018,113,2,31
14488,17698,8190,0,6,29
14489,7800,13313,127,3,87
14490,2308,2372,5,3,11
14491,23298,2012,140,9,25
14492,2362,9927,98,4,22
14493,13156,5016,6,3,36
14494,20621,7290,46,8,15
14495,8446,12062,72,9,33
14496,19749,4758,57,4,81
14497,8585,19516,53,8,43
14498,8328,16918,97,4,0
14499,5042,10876,64,5,55
14500,19646,11244,142,9,69
14501,22625,11356,57,3,51
14502,10526,17940,138,7,50
14503,7777,14133,127,8,85
14504,12881,3699,8,6,81
14505,23164,2181,137,7,6
14506,18659,1110,112,7,43
14507,12790,9848,44,5,37
14508,1432,10798,117,6,46
14509,621,24727,88,5,44
14510,11952,24074,32,2,84
14511,9238,4603,21,5,63
14512,14660,20615,110,7,3
14513,6902,18024,56,4,32
14514,9417,13218,76,5,14
14515,12916,17838,71,5,36
14516,3472,16691,19,7,46
14517,8757,10895,57,5,60
14518,3750,19194,44,0,45
14519,12976,5860,142,2,62
14520,13780,13927,43,0,51
14521,12589,24541,117,4,26
14522,2493,22883,64,8,16
14523,3296,9968,12,2,56
14524,7243,17000,63,4,57
14525,17502,9207,90,9,30
14526,23000,3629,85,5,51
14527,14747,8611,136,1,14
14528,12857,392,113,8,43
14529,8717,15076,2,5,67
14530,15032,8211,51,7,81
14531,16896,16223,78,3,34
14532,19111,24821,38,3,76
14533,24672,11271,13,4,84
14534,18302,18780,40,4,13
14535,1996,15657,129,7,56
14536,18799,6028,123,7,51
14537,19456,10657,68,5,17
14538,17977,1666,142,1,68
14539,5119,11983,48,9,72
14540,22190,14541,101,5,46
14541,16398,3333,67,3,39
14542,8248,15994,15,2,51
14543,20882,3815,22,3,0
14544,18299,12978,117,8,54
14545,10197,6700,32,8,42
14546,8289,2756,36,8,38
14547,23094,14625,121,0,67
14548,9525,10561,26,8,84
14549,13227,10253,106,0,68
14550,5214,6364,101,1,35
14551,13330,2024,41,6,88
14552,12675,9635,29,2,75
14553,15796,16759,74,4,88
14554,23712,16818,134,0,69
14555,20866,357,128,5,31
14556,22667,4727,83,6,57
14557,12802,6748,110,6,17
14558,4959,22473,149,8,40
14559,4579,10174,130,1,51
14560,15773,15370,53,1,19
14561,16481,22409,54,4,43
14562,13187,11273,115,5,20
14563,316,4592,135,6,83
14564,22328,11044,137,4,13
14565,9345,24511,127,1,8
14566,8128,24612,146,9,47
14567,762,9384,126,3,41
14568,19980,21501,32,5,79
14569,4208,17139,42,2,2
14570,24709,13589,6,1,12
14571,17134,11359,66,5,54
14572,9396,23378,135,7,33
14573,19948,4004,73,3,29
14574,10223,10202,96,9,7
14575,10721,10111,119,8,67
14576,14151,21952,46,6,75
14577,20395,13991,83,0,7
14578,8506,2109,12,7,35
14579,19614,7141,33,1,24
14580,6674,13242,6,7,54
14581,9765,20479,11,8,8
14582,7826,9497,97,5,27
14583,4938,8494,59,9,62
14584,3166,6179,124,6,27
14585,14926,15036,24,0,27
14586,22743,20616,130,1,14
14587,22063,995,38,7,74
14588,19360,6717,97,8,34
14589,5278,4717,82,9,54
14590,20320,18141,75,2,39
14591,11177,18516,75,3,6
14592,18490,5472,91,2,79
14593,8382,9835,87,0,73
14594,15273,11046,112,9,14
14595,14200,11445,124,1,51
14596,402,14505,3,1,41
14597,14758,6669,93,3,54
14598,5679,10413,113,2,64
14599,8121,6010,143,3,48
14600,406,9911,109,2,42
14601,3117,1439,9,5,76
14602,423,2956,83,5,79
14603,10348,4520,47,8,25
14604,18372,10773,5,3,27
14605,20392,12391,146,2,70
14606,9674,5801,93,8,81
14607,5597,18499,106,9,81
14608,22379,16105,62,2,26
14609,5474,23114,53,1,80
14610,11070,23902,121,2,18
14611,21971,3233,84,9,73
14612,18890,6993,71,3,9
14613,16588,9474,125,5,84
14614,11144,16629,76,3,30
14615,22479,10341,138,5,53
14616,24995,15275,81,0,58
14617,17824,525,41,1,50
14618,16985,15120,128,9,48
14619,24298,23953,115,6,40
14620,24494,20488,137,3,19
14621,9808,8945,138,1,17
14622,4329,13324,10,2,73
14623,16338,343,131,3,36
14624,6130,20372,14,5,3
14625,15579,4206,6,4,36
14626,24499,15169,67,4,17
14627,1019,18949,101,9,85
14628,16020,10570,25,5,45
14629,17235,2231,101,0,78
14630,20049,21236,33,8,51
14631,4744,4829,37,6,51
14632,11124,10484,30,7,17
14633,9308,24752,71,5,46
14634,5291,20079,59,2,49
14635,2933,7314,126,9,2
14636,369,1575,39,1,39
14637,7258,16712,63,4,21
14638,8769,10495,132,0,55
14639,7804,6037,73,9,57
14640,7227,4097,71,8,80
14641,477,5646,24,0,63
14642,4393,12235,16,8,25
14643,5081,24049,84,9,63
14644,12001,16143,82,8,30
14645,13706,23346,19,9,38
14646,22949,13837,17,7,43
14647,23441,18002,16,1,72
14648,13172,13089,12,4,40
14649,14350,14146,39,6,33
14650,7252,20405,140,7,62
14651,23056,9089,35,3,26
14652,14212,6246,112,2,7
14653,8210,18786,19,6,16
14654,22765,6873,116,5,39
14655,5543,1366,98,8,75
14656,18436,5825,107,9,59
14657,7386,2252,130,2,87
14658,19085,22335,26,0,43
14659,18486,10896,14,1,44
14660,2777,14995,84,5,52
14661,1301,13858,5,3,28
14662,5973,21709,60,4,51
14663,10575,7847,17,7,76
14664,13087,14780,128,7,68
14665,14677,24079,87,8,17
14666,7509,10036,144,2,76
14667,18697,11187,76,3,15
14668,2044,302,39,6,61
14669,7154,23644,91,7,13
14670,17453,24178,33,7,39
14671,15817,3909,63,4,85
14672,10751,2084,34,6,83
14673,13705,4959,52,1,28
14674,14473,1206,145,8,35
14675,2070,14350,94,8,11
14676,1976,24153,142,2,85
14677,7674,8425,84,8,16
14678,12804,7172,32,3,27
14679,13227,20006,88,8,61
14680,5790,3267,5,3,77
14681,11877,619,14,7,43
14682,23709,17825,14,1,32
14683,1168,11816,131,1,61
14684,15,12474,5,9,24
14685,4872,20487,113,9,76
14686,22858,8021,69,6,40
14687,13583,2872,149,8,21
14688,3772,5319,17,2,66
14689,21614,4786,88,1,1
14690,18337,391,126,0,45
14691,8648,10923,128,9,51
14692,17244,18176,76,5,5
14693,22265,7594,146,2,20
14694,23765,2302,65,9,6
14695,24052,22722,95,4,55
14696,6633,2422,4,0,45
14697,16717,4770,122,7,19
14698,7355,19751,98,4,79
14699,19745,7776,40,6,36
14700,22186,10951,61,7,50
14701,9487,16306,147,6,30
14702,18902,9864,76,2,42
14703,23059,13416,73,8,57
14704,7342,10157,107,1,59
14705,4556,8041,16,2,10
14706,21104,5489,3,9,64
14707,17141,19262,111,6,46
14708,14809,21689,84,1,26
14709,22746,3283,128,6,21
14710,10141,18492,98,4,64
14711,12766,22457,58,2,86
14712,21973,18367,133,9,49
14713,15191,3651,148,0,68
14714,9994,10135,36,9,29
14715,5693,10259,83,3,28
14716,7967,7342,119,8,63
14717,24962,11024,138,2,74
14718,9640,24856,69,6,83
14719,13095,17217,17,2,67
14720,12338,10263,146,7,80
14721,23174,15367,29,8,74
14722,13708,24343,144,7,7
14723,15709,9332,101,6,21
14724,12514,1822,122,3,65
14725,304,8879,5,4,37
14726,20792,14631,145,1,34
14727,210,20388,13,6,40
14728,11146,13327,132,3,10
14729,649,18465,3,9,26
14730,3686,6750,8,3,75
14731,23526,5343,107,8,58
14732,7611,15718,34,5,33
14733,4246,18455,65,1,75
14734,1201,9070,91,8,10
14735,21368,10810,146,4,27
14736,23757,7068,16,3,61
14737,5328,7423,59,4,79
14738,16445,4310,31,5,42
14739,16881,7685,75,8,57
14740,6175,19854,33,5,37
14741,625,24071,76,0,65
14742,16321,10677,67,1,2
14743,7175,10447,18,4,21
14744,13534,20739,36,9,69
14745,24597,3026,67,3,40
14746,24239,23309,114,1,80
14747,7840,14413,56,9,89
14748,18735,7482,83,1,56
14749,23031,23670,29,5,89
14750,22011,21231,114,7,89
14751,10077,16803,17,9,27
14752,10049,22724,29,4,78
14753,2666,13179,62,5,38
14754,3037,14680,72,8,67
14755,23741,7117,30,3,22
14756,8337,10331,23,2,45
14757,19152,19508,72,2,14
14758,18885,6402,139,7,16
14759,3820,10452,65,3,53
14760,23027,9228,88,5,25
14761,16397,6658,10,5,63
14762,22673,21287,115,1,47
14763,960,10935,59,8,26
14764,1876,16592,100,0,44
14765,2073,240,80,4,68
14766,17172,17971,114,4,10
14767,15590,13916,13,0,66
14768,571,9252,44,0,1
14769,23265,14231,49,8,76
14770,24261,17863,132,5,85
14771,7189,5566,96,7,3
14772,19658,6031,145,6,89
14773,1407,22330,11,9,79
14774,21588,23271,48,5,9
14775,22770,7587,54,6,75
14776,3545,11075,24,7,0
14777,3361,8245,22,6,75
14778,5070,18538,24,0,49
14779,24511,8051,4,5,24
14780,6968,3033,101,4,29
14781,12166,21229,96,4,35
14782,21516,5492,140,7,18
14783,9401,13092,133,2,41
14784,17364,5239,61,9,26
14785,9933,21066,143,8,40
14786,2361,4120,146,8,57
14787,15708,8005,130,3,77
14788,23548,11345,108,0,75
14789,23026,13913,71,4,62
14790,24651,12493,1,0,0
14791,22194,13286,109,9,54
14792,17981,10445,62,2,74
14793,3815,24716,43,3,8
14794,17157,21487,10,0,62
14795,465,3404,15,3,24
14796,12132,13164,37,7,79
14797,16227,3861,66,8,42
14798,10193,21434,69,1,71
14799,1877,8617,39,0,65
14800,16579,22023,139,5,44
14801,2180,23299,88,1,15
14802,12883,2311,38,4,26
14803,11250,23061,14,7,89
14804,357,17551,104,0,23
14805,23053,414,120,6,9
14806,16899,18809,13,8,55
14807,6983,8119,4,8,22
14808,6415,9273,40,4,47
14809,8433,11950,100,6,60
14810,24063,12030,50,4,48
14811,10131,23260,59,8,56
14812,3743,23495,78,5,63
14813,6927,18397,126,9,72
14814,16491,10464,96,8,83
14815,9398,24008,71,7,47
14816,16695,12463,117,4,41
14817,19002,70,141,9,39
14818,21585,10206,31,7,66
14819,1622,21315,22,2,35
14820,10424,21967,22,2,4
14821,18799,2140,84,7,61
14822,22240,10256,35,6,21
14823,12735,24285,3,6,60
14824,11200,540,43,3,83
14825,15980,5150,79,4,7
14826,23661,21682,25,3,53
14827,5407,698,137,8,31
14828,15603,4620,63,5,87
14829,16736,3241,12,1,25
14830,22458,22294,98,4,36
14831,7753,20668,91,8,57
14832,22965,23887,101,3,23
14833,15753,13618,59,7,18
14834,1930,7265,83,7,60
14835,1631,14508,30,9,89
14836,17508,19101,142,7,19
14837,18967,13538,57,5,88
14838,13133,24704,38,6,58
14839,14560,20360,22,5,3
14840,16569,16347,67,0,0
14841,4634,24988,30,9,27
14842,23323,18695,79,8,48
14843,2724,22260,17,4,14
14844,21024,21300,1,2,31
14845,16795,17926,49,7,64
14846,24334,20887,113,7,68
14847,16305,6393,53,1,77
14848,16847,3164,95,2,37
14849,17790,5082,75,3,52
14850,10146,8636,87,6,20
14851,18907,3233,49,5,50
14852,1310,23021,42,4,83
14853,17057,19855,53,8,45
14854,10871,4095,18,4,61
14855,7851,16105,7,2,54
14856,6138,3605,92,2,29
14857,24968,4694,41,2,28
14858,12302,4067,21,4,82
14859,12513,5388,67,7,82
14860,18237,2445,73,5,54
14861,9585,6312,21,6,3
14862,1045,12468,109,9,76
14863,737,2034,61,9,44
14864,14877,22808,39,6,26
14865,13278,9394,142,6,88
14866,3209,19203,8,0,31
14867,11360,5848,37,2,34
14868,10601,4282,41,5,85
14869,7639,21626,56,9,51
14870,1610,13220,57,5,20
14871,3837,18300,52,2,26
14872,4542,18253,134,1,54
14873,24604,16567,68,0,60
14874,12317,5490,32,9,50
14875,8427,2331,91,5,89
14876,5099,16650,55,3,13
14877,10161,6377,12,3,36
14878,18138,19223,140,0,54
14879,3635,9141,148,9,34
14880,14523,7281,112,6,43
14881,18217,5031,107,3,76
14882,8983,14140,28,8,52
14883,8004,12556,79,9,37
14884,20191,20242,116,0,48
14885,1564,6766,110,1,11
14886,842,7014,130,9,61
14887,21111,8388,130,1,6
14888,12104,12152,27,0,49
14889,12768,22057,2,4,14
14890,5666,15584,144,0,33
14891,9106,12307,85,6,11
14892,5431,9906,117,3,45
14893,5458,865,77,6,5
14894,20766,13784,77,2,43
14895,13315,22634,34,3,67
14896,13810,10541,42,2,82
14897,11515,6645,41,2,3
14898,14556,8765,97,9,74
14899,17447,424,145,2,31
14900,17534,6506,123,2,12
14901,2515,12155,77,1,85
14902,5348,23159,28,4,83
14903,10303,9503,0,6,7
14904,17253,10948,1,0,29
14905,22651,11614,39,1,67
14906,19316,11852,85,5,58
14907,10913,4500,24,1,79
14908,1513,8039,71,1,28
14909,11663,21937,120,6,45
14910,4377,3794,118,7,37
14911,1055,15332,123,1,20
14912,14140,10571,98,5,76
14913,24626,22402,47,1,0
14914,17663,20872,108,1,50
14915,1936,23817,62,0,69
14916,3401,21914,39,4,12
14917,13510,4705,19,0,5
14918,7454,18423,17,9,84
14919,6651,14727,4,4,74
14920,17793,15774,4,3,0
14921,18032,8877,20,1,81
14922,5824,19082,73,3,63
14923,23850,24691,40,8,17
14924,6691,6081,57,2,53
14925,10849,21817,103,7,54
14926,12255,3933,133,5,67
14927,17682,21052,81,3,74
14928,7247,19819,3,0,71
14929,22714,8238,32,8,57
14930,2150,21152,4,8,21
14931,18895,8695,27,3,62
14932,20672,23876,58,2,35
14933,24968,12830,71,5,85
14934,23019,16976,26,5,72
14935,14623,12842,5,3,25
14936,22421,16752,71,8,33
14937,19255,16531,85,0,55
14938,4772,10152,129,5,20
14939,23151,14580,16,4,16
14940,22682,16342,110,7,78
14941,207,23674,132,3,87
14942,6052,703,130,1,53
14943,14570,14751,9,7,42
14944,9532,2309,52,1,23
14945,19965,3057,127,4,62
14946,20762,11755,28,2,89
14947,9836,23236,79,2,73
14948,2337,11575,86,3,64
14949,14080,9922,57,0,37
14950,8687,10048,7,2,86
14951,2912,15572,116,7,84
14952,2448,20913,101,0,38
14953,5057,1265,51,9,11
14954,13165,22628,109,6,17
14955,2432,21212,139,5,85
14956,17342,5653,47,4,59
14957,11477,6024,30,4,43
14958,21775,18694,27,5,5
14959,7708,14251,79,3,53
14960,12276,3638,82,2,73
14961,16547,13733,145,9,78
14962,6,8399,46,1,78
14963,4743,3824,86,9,64
14964,22172,12001,78,2,80
14965,11186,24994,64,9,73
14966,17874,2855,10,3,41
14967,8677,4540,112,8,7
14968,14629,10323,107,9,66
14969,16125,2991,76,5,26
14970,24583,18013,76,8,24
14971,18229,17379,40,6,75
14972,4335,21327,14,4,20
14973,23900,18055,46,8,66
14974,7209,6406,21,6,58
14975,22886,14846,54,4,3
14976,7417,5531,102,7,43
14977,2060,17597,93,9,59
14978,9370,8853,45,0,81
14979,8143,23624,128,5,55
14980,4307,22163,134,8,31
14981,21227,21150,0,9,3
14982,12718,9972,25,3,29
14983,2210,9568,76,9,21
14984,16863,2663,5,8,75
14985,5746,17126,4,2,49
14986,13421,15033,18,5,15
14987,21944,7326,13,0,27
14988,20817,17068,109,0,2
14989,8227,11596,98,7,24
14990,4625,22851,94,6,67
14991,3489,2061,58,0,31
14992,18487,22920,89,7,32
14993,4834,9376,5,0,62
14994,11922,1014,58,4,84
14995,4770,21252,63,2,74
14996,15074,9811,133,8,78
14997,7001,127,111,0,76
14998,18822,2992,38,4,45
14999,21494,4198,35,6,67
15000,8682,8757,139,0,81
15001,3442,5432,30,1,77
15002,1214,21261,67,2,47
15003,20420,17601,106,0,25
15004,17918,7859,140,7,3
15005,22630,22063,124,7,54
15006,6589,24594,12,0,7
15007,5750,24419,106,9,6
15008,17855,12379,133,6,22
15009,2966,8627,31,5,41
15010,2964,17446,147,8,37
15011,11831,22360,6,2,12
15012,15568,21650,21,9,49
15013,3299,2148,33,3,45
15014,22593,10623,6,0,50
15015,2388,18241,119,1,24
15016,11101,18244,106,2,80
15017,4562,5665,141,8,74
15018,2972,24987,17,6,84
15019,22928,10283,104,8,8
15020,11472,11327,54,6,0
15021,16828,19125,81,7,34
15022,16825,2227,87,2,72
15023,527,19046,31,5,51
15024,18226,3755,81,5,35
15025,22677,8442,143,7,45
15026,2096,10127,118,7,81
15027,18670,21210,28,9,36
15028,7104,242,73,2,89
15029,20558,21270,127,7,25
15030,17107,6803,100,5,81
15031,16087,11515,21,2,34
15032,22000,22548,13,6,50
15033,18597,17559,14,0,66
15034,2446,19117,89,8,56
15035,62,7866,58,2,29
15036,2758,24241,0,9,16
15037,18427,2285,11,4,11
15038,12236,21670,127,5,40
15039,4736,16917,86,1,79
15040,8262,1369,60,9,41
15041,11079,12185,81,3,54
15042,19313,5338,22,2,48
15043,21841,23003,129,6,47
15044,20001,6045,77,0,54
15045,9196,21334,139,5,85
15046,14029,11433,1,1,2
15047,4133,21074,148,9,27
15048,8053,9213,102,0,66
15049,16515,7832,109,0,83
15050,11716,9999,26,7,51
15051,2893,1792,38,2,81
15052,1802,4742,42,5,49
15053,6735,6023,84,2,5
15054,467,4475,143,4,10
15055,22486,24758,6,1,47
15056,16456,13238,141,7,35
15057,14647,23609,10,7,42
15058,7406,17836,74,0,51
15059,12099,143,141,7,37
15060,22080,20914,99,3,6
15061,6866,16560,98,9,35
15062,258,15344,129,0,32
15063,15649,15787,98,8,79
15064,11815,10509,17,8,67
15065,14913,22315,1,3,30
15066,23745,5121,13,9,23
15067,17724,22224,3,0,88
15068,21521,13389,144,5,81
15069,18253,972,28,3,62
15070,13409,2684,114,6,32
15071,13626,6758,91,5,47
15072,2975,7975,111,9,6
15073,13318,5901,134,1,17
15074,5683,722,95,7,27
15075,13234,12808,48,9,41
15076,8899,23435,85,1,71
15077,21304,5702,132,6,20
15078,13156,18244,105,5,9
15079,9223,1244,122,5,89
15080,22962,5808,6,4,27
15081,13311,14295,59,8,10
15082,698,16664,5,2,84
15083,4226,15957,30,2,69
15084,8867,15936,45,9,71
15085,7889,21209,21,0,46
15086,11556,9165,61,6,17
15087,20457,21735,69,6,77
15088,17819,12049,41,5,2
15089,6764,12559,113,9,29
15090,16198,1805,141,1,19
15091,15944,14198,27,2,55
15092,18192,3208,126,1,79
15093,7431,19081,120,3,64
15094,19080,19830,16,3,5
15095,18555,1347,27,0,10
15096,17409,1320,12,9,51
15097,18897,12587,23,0,17
15098,24284,19043,78,4,88
15099,3176,24692,106,8,47
15100,10614,85,90,7,43
15101,13898,2700,47,8,49
15102,9704,7001,64,7,44
15103,32,8622,98,3,20
15104,4148,23060,93,5,55
15105,23713,11526,123,0,34
15106,4711,13271,19,8,49
15107,23383,9365,132,2,55
15108,7528,23200,47,6,39
15109,13917,21370,77,9,50
15110,234,21252,132,1,25
15111,3506,23464,120,0,51
15112,6391,23226,123,1,12
15113,22649,14802,10,9,28
15114,10438,21664,114,7,9
15115,10343,7471,21,2,82
15116,7028,23530,12,1,32
15117,15991,7988,110,7,78
15118,18675,4137,74,5,52
15119,15146,15068,79,4,22
15120,11342,2461,27,8,32
15121,20637,21323,84,0,0
15122,21993,21837,136,5,33
15123,6193,1830,69,3,34
15124,2829,13910,145,4,77
15125,4648,11055,92,6,88
15126,16350,14193,15,1,14
15127,1430,17418,122,1,84
15128,15123,708,71,6,84
15129,8770,1900,86,5,1
15130,16428,15714,106,7,66
15131,9172,16321,47,7,1
15132,22777,3942,30,8,34
15133,151,18721,130,5,48
15134,8471,16543,15,8,20
15135,9402,7429,12,6,11
15136,22871,13926,122,0,35
15137,2221,18757,23,7,66
15138,8980,6564,116,8,19
15139,8123,11017,72,4,35
15140,17372,12545,78,4,73
15141,14689,18962,133,2,64
15142,18317,20325,87,5,52
15143,21103,9550,107,8,71
15144,24186,5394,100,4,57
15145,24772,11582,97,6,80
15146,23353,5592,65,8,50
15147,4562,23355,4,0,35
15148,715,24984,104,2,10
15149,6129,20558,122,8,26
15150,18545,19026,107,4,57
15151,8708,9133,145,0,34
15152,359,6294,42,5,41
15153,18705,15125,31,8,83
15154,20366,3597,4,2,66
15155,15381,9910,8,9,15
15156,9160,24373,22,4,21
15157,1151,2991,96,2,29
15158,19397,1611,142,4,19
15159,20320,7402,54,9,18
15160,20150,15550,48,4,38
15161,3921,6812,66,0,70
15162,19892,11126,88,3,71
15163,22024,23786,1,0,12
15164,23590,3241,6,1,68
15165,3107,9074,32,6,71
15166,21821,5740,0,1,8
15167,14531,22384,59,7,66
15168,11625,5089,62,0,54
15169,18989,18711,142,2,78
15170,5263,4275,128,7,57
15171,9908,8762,96,3,35
15172,22315,11470,78,2,11
15173,10845,22531,22,3,57
15174,9442,16102,147,6,16
15175,3358,21518,60,8,76
15176,7952,15608,107,7,48
15177,5623,23399,6,8,47
15178,9042,13292,30,0,54
15179,20217,11745,80,9,66
15180,12919,24994,26,6,68
15181,15724,13635,59,0,26
15182,5146,2320,134,9,2
15183,708,2152,37,4,15
15184,1803,8423,107,8,89
15185,18542,2884,141,5,32
15186,12467,19122,129,6,12
15187,20150,9929,120,2,57
15188,5528,6067,105,8,20
15189,6038,3720,37,1,46
15190,24922,2283,0,9,68
15191,20243,5891,82,6,27
15192,15454,7137,3,2,70
15193,13683,14195,120,8,15
15194,18389,13929,1,8,56
15195,7072,13670,134,4,87
15196,9834,5060,107,4,73
15197,7331,11800,46,7,31
15198,10420,19894,145,7,4
15199,17523,17785,79,5,19
15200,7291,11586,78,3,49
15201,8098,39,7,8,74
15202,4938,17793,72,1,27
15203,19832,24187,81,1,72
15204,18322,2300,89,7,44
15205,9841,10987,104,0,11
15206,18086,19412,57,3,76
15207,6101,9566,38,1,53
15208,9395,4715,61,7,5
15209,24516,18025,1,9,70
15210,20762,16421,29,4,8
15211,16066,16890,12,4,53
15212,18149,11915,142,4,29
15213,10133,9357,62,4,28
15214,1472,13261,26,4,15
15215,7180,6245,86,0,19
15216,6516,16080,0,5,71
15217,2012,14371,11,7,84
15218,19186,13105,70,7,53
15219,4165,4278,135,7,44
15220,2814,879,6,9,17
15221,2241,13188,84,7,28
15222,17110,18552,108,1,36
15223,10852,10433,90,0,36
15224,15839,23873,149,9,50
15225,20742,16862,84,3,65
15226,18232,14882,121,4,67
15227,23974,12141,18,2,66
15228,7894,16652,101,8,73
15229,21420,19568,33,3,13
15230,20269,21193,46,4,29
15231,21031,18590,66,3,18
15232,4048,20915,67,6,87
15233,7777,3001,91,6,66
15234,10122,2301,103,2,4
15235,1495,19834,57,8,38
15236,16358,14527,121,0,21
15237,18498,16912,110,9,42
15238,1415,606,48,2,83
15239,11458,9982,10,7,21
15240,6232,602,118,2,19
15241,7117,18913,128,6,56
15242,10836,20968,67,4,1
15243,23632,18191,45,3,20
15244,331,9766,31,5,59
15245,5637,17459,4,1,57
15246,433,226,131,1,78
15247,14676,7065,48,8,30
15248,21940,9827,42,1,61
15249,1615,21606,14,7,66
15250,18030,12421,135,4,57
15251,5969,18507,113,8,13
15252,14826,5070,147,7,1
15253,2464,5684,62,6,50
15254,1451,8920,72,1,18
15255,11342,3361,43,9,11
15256,11158,19547,15,6,62
15257,19849,7449,140,3,23
15258,21404,17812,133,7,74
15259,1933,19595,115,2,76
15260,22498,1970,76,8,21
15261,17777,15349,74,1,76
15262,22044,296,90,7,7
15263,17995,7757,55,2,3
15264,14545,16273,29,4,3
15265,24519,21235,45,2,45
15266,5881,17264,51,1,30
15267,2504,958,118,9,1
15268,11917,295,118,6,11
15269,22066,14598,72,8,35
15270,4370,4153,75,8,45
15271,21923,5898,6,5,50
15272,24446,24153,92,4,15
15273,23320,10117,149,8,87
15274,13582,7868,26,7,33
15275,13034,22023,58,0,73
15276,19890,23571,10,9,42
15277,16068,13130,21,0,81
15278,1094,8560,95,6,33
15279,10859,16146,11,5,1
15280,5282,23983,60,8,18
15281,11897,22494,145,0,60
15282,17049,14748,136,0,79
15283,6369,14617,36,0,70
15284,813,6750,17,1,3
15285,18433,131,57,8,13
15286,24634,14057,29,7,26
15287,23769,10700,13,4,82
15288,13488,20872,32,0,37
15289,11665,8710,72,3,15
15290,16859,24391,49,4,23
15291,11301,1863,143,4,67
15292,4838,4646,134,9,19
15293,10644,8890,126,3,78
15294,7842,2633,116,5,9
15295,21834,2553,66,1,48
15296,184,24833,133,2,52
15297,11298,2644,2,9,43
15298,20503,1616,14,9,57
15299,24012,15282,52,8,53
15300,3923,4684,105,9,73
15301,6827,15764,50,6,86
15302,19744,304,22,2,16
15303,3906,21501,24,3,25
15304,477,21342,106,6,67
15305,24254,2455,96,0,81
15306,10612,5534,3,3,14
15307,7545,4047,44,7,84
15308,20903,21370,103,8,57
15309,19925,17753,23,6,68
15310,14865,8768,95,8,88
15311,2562,5629,44,8,51
15312,23033,1135,55,4,29
15313,18578,10937,44,9,67
15314,2119,868,40,0,57
15315,3228,12700,29,2,68
15316,17838,21009,87,1,59
15317,16005,8910,65,7,38
15318,16482,14076,97,5,26
15319,22235,23665,129,6,47
15320,16403,17211,121,7,87
15321,4124,1298,139,3,72
15322,4856,20105,6,2,47
15323,16674,21429,50,6,56
15324,517,3098,58,7,85
15325,3301,20325,31,4,7
15326,11422,13791,76,6,29
15327,22680,6508,11,5,5
15328,3429,4656,2,2,81
15329,17363,22359,83,5,75
15330,2323,4739,72,8,18
15331,17137,5605,137,4,0
15332,7968,18284,107,0,21
15333,4857,3769,59,7,43
15334,348,6722,119,8,14
15335,1981,19775,113,4,79
15336,11688,12255,113,5,24
15337,19197,7592,65,3,46
15338,2816,11678,88,6,49
15339,24384,23835,51,9,64
15340,18367,18985,111,8,31
15341,9747,13925,134,2,64
15342,6360,23119,56,1,80
15343,1132,23926,80,8,10
15344,2321,13759,115,0,40
15345,3203,17822,122,8,81
15346,9874,12528,87,3,57
15347,3454,21527,50,3,62
15348,18702,690,134,2,28
15349,3051,10671,114,0,42
15350,16319,22099,14,9,27
15351,5251,10062,94,5,76
15352,19308,2306,12,5,21
15353,6033,3262,131,9,33
15354,19148,2170,10,9,28
15355,6983,6859,98,3,78
15356,21666,12128,13,2,45
15357,8369,10041,135,1,51
15358,2419,14512,32,5,12
15359,3260,15497,8,6,9
15360,14627,16926,35,4,63
15361,24560,3170,20,1,37
15362,9661,9890,146,2,10
15363,22394,22178,145,0,72
15364,2629,1895,13,6,21
15365,5390,21451,89,1,1
15366,21486,18127,2,8,62
15367,20177,20472,101,6,53
15368,11555,1461,95,0,88
15369,6255,21177,67,4,56
15370,2518,345,110,5,40
15371,192,14075,67,8,67
15372,24268,23268,12,1,16
15373,23492,19992,136,4,58
15374,23436,24591,22,2,23
15375,4314,15680,8,4,42
15376,15545,18398,48,3,18
15377,8610,10078,113,8,83
15378,24733,4848,72,7,8
15379,3999,8899,28,1,8
15380,5826,5593,97,9,7
15381,4635,9991,44,2,41
15382,20365,4772,85,6,36
15383,4394,6259,9,7,0
15384,15380,5851,46,9,43
15385,21612,11911,144,7,3
15386,24952,15482,37,0,57
15387,18960,4464,42,0,88
15388,10816,13137,113,0,79
15389,2115,18025,114,6,71
15390,22820,8181,58,3,53
15391,8,6474,85,0,82
15392,21725,7427,34,2,68
15393,6851,20459,140,4,69
15394,12321,21963,80,2,13
15395,7333,6728,133,6,40
15396,221,8092,44,8,20
15397,6608,23407,33,1,55
15398,14020,20664,12,4,85
15399,3174,5389,142,0,0
15400,20222,1664,64,2,70
15401,22450,20464,138,1,55
15402,24412,9302,43,0,74
15403,321,8197,91,0,71
15404,21779,2166,3,6,60
15405,17198,18978,32,0,28
15406,21370,20214,96,9,3
15407,6749,10181,46,1,31
15408,5382,2637,14,3,29
15409,19791,11489,36,1,17
15410,19376,15494,87,6,45
15411,2369,11884,110,0,56
15412,16315,20610,52,5,12
15413,288,14132,96,4,14
15414,3467,20623,46,7,70
15415,14162,5353,16,9,0
15416,7822,23907,65,2,6
15417,12122,3649,68,2,84
15418,445,20211,95,1,12
15419,4637,16805,115,2,33
15420,12433,5414,58,0,85
15421,4465,4618,101,0,33
15422,20411,24120,37,2,24
15423,7193,4194,145,0,75
15424,7966,3386,74,9,17
15425,895,10880,25,5,42
15426,3208,1366,40,7,6
15427,15029,4723,43,9,9
15428,6818,9442,123,8,23
15429,23051,24462,149,9,16
15430,2528,23511,91,3,15
15431,23868,1897,118,0,34
15432,14177,5954,107,9,3
15433,13360,418,45,6,46
15434,3484,20835,109,7,49
15435,6199,1338,97,1,29
15436,24103,22552,44,1,72
15437,24126,14417,109,6,43
15438,831,16480,116,9,81
15439,697,12124,58,2,62
15440,19510,8417,34,1,58
15441,8470,17095,60,4,75
15442,17227,15246,86,8,16
15443,11874,12806,101,6,7
15444,1792,4507,103,9,76
15445,17731,24374,136,5,21
15446,2764,90,142,1,60
15447,7884,11701,43,1,50
15448,15392,23266,43,6,39
15449,4081,13593,31,6,67
15450,2986,20388,16,9,12
15451,13637,15347,110,4,75
15452,15469,5212,46,9,62
15453,15242,22538,58,4,23
15454,9512,17252,63,7,8
15455,950,2803,26,2,62
15456,9224,15082,14,0,26
15457,21017,5994,80,5,53
15458,10062,15983,40,2,30
15459,20053,3273,66,7,59
15460,8454,16743,57,9,24
15461,3686,7011,97,2,50
15462,12457,16762,92,4,59
15463,18719,10657,107,0,3
15464,9878,20633,120,6,47
15465,14435,8643,15,2,66
15466,22964,22291,88,6,41
15467,1402,862,10,7,22
15468,979,12770,121,7,46
15469,8551,3504,147,3,84
15470,17741,20649,148,7,42
15471,18232,10932,48,1,44
15472,21995,20872,107,6,63
15473,3183,2538,142,3,81
15474,7955,17711,71,9,23
15475,20885,19150,122,5,40
15476,2506,3531,145,5,3
15477,2413,11688,71,0,62
15478,24773,16941,137,6,12
15479,18137,4204,117,5,71
15480,4590,14653,146,1,49
15481,13925,2487,50,4,61
15482,2566,14920,91,3,35
15483,7479,15404,146,8,59
15484,12573,12179,30,8,82
15485,23628,20565,47,4,34
15486,5633,9043,94,9,17
15487,12872,18785,11,9,81
15488,5186,2046,61,3,19
15489,18952,1814,101,1,44
15490,24653,2025,14,1,1
15491,2167,21567,130,7,45
15492,10141,2033,135,5,8
15493,10601,6008,1,2,43
15494,1577,3046,117,2,78
15495,7588,12639,2,4,15
15496,1167,12146,29,2,18
15497,22716,19120,35,2,46
15498,1608,11931,84,5,67
15499,10119,9906,73,6,69
15500,9716,21643,128,4,84
15501,21336,2277,0,5,76
15502,3921,17681,31,4,54
15503,16313,23474,144,4,27
15504,18591,20124,133,2,17
15505,17884,7662,0,0,1
15506,16916,16579,120,8,33
15507,237,24848,78,9,24
15508,4044,12086,137,9,2
15509,13433,16962,41,0,50
15510,1154,22961,89,8,64
15511,21682,24750,104,0,86
15512,4652,21101,55,7,67
15513,23771,13260,138,5,79
15514,18066,1124,143,8,7
15515,17080,12472,98,9,71
15516,24118,5902,74,9,16
15517,5512,14569,99,1,0
15518,21667,17398,130,3,69
15519,1753,8720,4,7,38
15520,2702,17483,12,9,87
15521,20963,7423,42,3,39
15522,18916,7550,149,6,74
15523,3618,8743,33,5,59
15524,5486,18108,86,9,78
15525,19218,10793,141,7,32
15526,21865,3735,15,3,55
15527,20354,12261,143,8,80
15528,11030,11756,5,1,77
15529,1274,6136,8,7,7
15530,11776,22968,27,2,86
15531,18750,23359,124,0,47
15532,5999,2585,106,9,34
15533,3711,12194,82,2,14
15534,18371,14916,122,6,6
15535,8509,7884,103,7,14
15536,10057,12880,75,6,86
15537,12982,11322,20,4,88
15538,85,18182,64,6,27
15539,13718,13345,144,0,80
15540,7040,783,12,4,57
15541,6428,23535,32,4,4
15542,22475,20828,2,1,89
15543,20557,15696,33,7,73
15544,1383,9383,112,9,51
15545,5649,14636,52,1,15
15546,16156,15476,10,7,36
15547,7200,13628,20,2,31
15548,8021,18990,18,0,19
15549,235,10823,49,2,59
15550,3901,8908,74,8,20
15551,9522,930,47,2,34
15552,17236,23268,146,7,59
15553,6865,13948,77,5,48
15554,19614,10819,111,1,28
15555,18985,14778,73,5,83
15556,7284,21993,29,6,52
15557,6601,17264,107,4,6
15558,13299,6412,111,9,42
15559,3974,12457,64,3,61
15560,11104,254,134,3,50
15561,21173,15636,3,7,16
15562,10082,22169,52,4,41
15563,19770,94,75,3,31
15564,17400,11484,107,7,80
15565,1793,7315,75,3,0
15566,15969,12337,99,1,36
15567,5279,22402,44,6,22
15568,2632,18453,94,7,37
15569,4590,23931,47,3,79
15570,21048,4031,111,5,79
15571,5806,15245,27,8,82
15572,15967,21552,47,2,84
15573,11914,11177,112,2,2
15574,8998,22990,29,6,86
15575,15454,9375,96,9,61
15576,2778,844,96,2,75
15577,17483,7533,55,6,62
15578,14806,1908,5,2,60
15579,16025,12880,57,8,33
15580,20055,6295,17,2,75
15581,10812,17232,107,0,29
15582,4114,15317,29,1,37
15583,23187,17453,65,7,88
15584,13849,20134,149,1,70
15585,5558,7276,135,7,69
15586,5783,6362,35,0,70
15587,3024,20450,125,5,85
15588,10657,5391,29,5,46
15589,15647,24714,55,8,51
15590,463,368,21,4,72
15591,19420,6278,94,5,77
15592,19462,2059,93,8,47
15593,5993,13699,137,4,54
15594,1677,18828,44,5,82
15595,12240,4897,1,1,82
15596,24966,23199,127,2,81
15597,8627,18871,149,4,17
15598,6575,15514,38,1,39
15599,11688,12257,112,1,58
15600,201,18153,66,2,38
15601,8770,14814,105,3,24
15602,959,9735,131,3,33
15603,20162,24330,114,0,85
15604,9915,680,127,7,76
15605,21670,6418,35,5,4
15606,1303,20394,111,4,63
15607,22087,3409,59,2,23
15608,20549,284,62,7,52
15609,12363,9095,95,5,38
15610,189,10522,38,8,52
15611,8089,6158,82,7,35
15612,10146,8771,44,2,65
15613,7906,9840,5,1,30
15614,14675,14369,65,9,16
15615,22976,19592,78,8,79
15616,22365,9569,11,6,55
15617,8411,7847,91,9,14
15618,15124,2475,79,5,35
15619,14058,3485,25,7,34
15620,21475,1288,31,0,63
15621,19818,17829,118,1,12
15622,3871,15640,32,3,10
15623,24652,9844,75,7,77
15624,13284,3726,101,9,51
15625,8754,11597,22,6,41
15626,18701,4977,128,4,37
15627,11001,14278,138,5,13
15628,12457,13101,126,9,45
15629,17856,9582,2,6,36
15630,6049,13653,25,8,78
15631,22222,21542,58,5,1
15632,12881,1528,135,7,62
15633,21160,21334,67,3,1
15634,19915,16052,25,0,54
15635,15653,10042,105,0,35
15636,11084,22820,36,1,65
15637,23791,19999,46,6,50
15638,6220,20601,80,4,81
15639,16843,21545,108,5,87
15640,14040,20366,111,3,89
15641,1887,691,24,3,63
15642,21557,9017,30,8,43
15643,12383,10245,76,8,78
15644,19108,24834,98,6,7
15645,2293,22033,12,9,47
15646,24813,2805,128,5,80
15647,21335,6008,27,7,80
15648,21878,15550,13,1,25
15649,10576,3769,147,2,70
15650,3802,10024,4,1,9
15651,19168,3462,3,8,26
15652,7325,16860,11,9,84
15653,4876,17299,113,6,27
15654,19045,8028,24,6,68
15655,5713,24900,79,4,14
15656,15198,10607,64,9,4
15657,16638,3375,27,1,45
15658,2627,5856,78,5,77
15659,21761,16720,94,9,46
15660,10000,7827,17,2,25
15661,15939,528,98,4,15
15662,11189,5360,115,6,18
15663,23331,23383,101,5,29
15664,20545,5672,118,1,54
15665,9338,17895,110,3,9
15666,19051,4490,121,2,62
15667,17256,24981,12,6,69
15668,2042,3025,73,2,86
15669,18045,8827,28,2,25
15670,19709,23273,32,1,55
15671,19813,12443,107,7,61
15672,4069,4627,1,8,43
15673,14745,12430,10,2,67
15674,13930,11389,108,4,81
15675,8814,6583,43,9,40
15676,15959,6468,147,9,79
15677,13039,5852,145,1,23
15678,15259,8137,86,3,55
15679,9093,6562,73,4,2
15680,6978,10136,114,9,53
15681,8510,7640,97,6,43
15682,13151,9031,89,9,74
15683,18728,4215,99,7,27
15684,13170,22361,121,0,50
15685,14942,24307,79,9,20
15686,18997,2663,140,8,25
15687,16621,19956,41,4,63
15688,23079,23890,117,0,23
15689,14931,5564,144,2,78
15690,7515,24301,31,1,54
15691,2441,6553,60,3,65
15692,15453,20923,30,6,51
15693,17991,22004,114,0,67
15694,1066,7631,37,3,45
15695,4596,21063,104,5,17
15696,19743,15719,82,2,63
15697,23399,4488,88,0,89
15698,8489,3335,40,2,86
15699,19325,9616,98,0,8
15700,10781,10839,108,5,87
15701,22732,22248,80,3,41
15702,10012,464,10,0,4
15703,13160,15781,99,8,87
15704,294,4643,15,8,32
15705,2204,13936,41,0,85
15706,12875,6828,149,1,1
15707,11017,946,34,0,4
15708,7071,23896,85,4,38
15709,3672,10343,113,0,8
15710,230,16611,143,2,6
15711,15349,23656,99,6,27
15712,16525,12228,7,5,49
15713,16534,20749,27,5,23
15714,22654,20717,84,2,21
15715,24024,2256,128,6,78
15716,13098,10061,68,7,18
15717,22784,18563,6,1,86
15718,3404,16747,32,3,46
15719,17765,2007,89,3,11
15720,2213,15927,77,3,23
15721,16292,6166,29,8,9
15722,718,4124,15,1,8
15723,7774,21220,25,4,53
15724,8445,8528,145,6,69
15725,17111,13485,57,4,78
15726,2005,5275,104,5,83
15727,12796,3371,146,6,35
15728,16487,19727,125,7,28
15729,4952,1562,44,9,23
15730,24118,11051,88,9,11
15731,24828,6438,105,9,60
15732,16337,23361,104,8,31
15733,20433,23694,85,1,11
15734,15206,11606,136,3,54
15735,1289,10702,19,3,88
15736,5984,5014,29,4,49
15737,12998,22860,17,9,61
15738,7506,21558,41,8,55
15739,22934,16090,67,2,17
15740,8813,19495,49,1,44
15741,19997,20862,111,3,46
15742,22680,11516,147,3,22
15743,19871,13323,66,2,26
15744,11178,3115,30,7,3
15745,2231,10530,1,9,79
15746,8962,14471,15,5,43
15747,17096,12770,67,9,72
15748,21358,9752,88,6,58
15749,10566,16348,132,9,72
15750,6045,12642,43,3,69
15751,10495,3812,101,1,10
15752,1252,7234,104,1,2
15753,4503,21805,103,8,21
15754,13096,16898,31,2,83
15755,4449,16916,69,7,84
15756,8656,2542,61,9,55
15757,10392,3127,66,7,44
15758,13675,2213,111,5,2
15759,11057,24866,63,1,64
15760,12208,135,116,1,36
15761,5133,19973,57,3,48
15762,10924,3808,97,5,85
15763,13404,12996,32,5,0
15764,21214,15805,96,0,30
15765,4886,3333,144,5,80
15766,11103,8148,105,7,63
15767,2055,584,30,4,32
15768,3431,16556,49,9,87
15769,7928,22600,132,6,14
15770,8742,12012,87,2,77
15771,11356,2315,106,7,2
15772,21784,12064,114,4,9
15773,13943,12088,125,1,48
15774,20103,13844,97,3,33
15775,19442,22969,23,7,10
15776,10561,3239,142,6,6
15777,4337,5540,24,8,31
15778,14841,12475,44,3,51
15779,16820,24038,52,6,67
15780,13189,1307,118,0,22
15781,24239,20006,14,9,62
15782,5660,21349,101,0,53
15783,20621,8732,40,6,50
15784,8866,20652,70,8,46
15785,10975,2756,99,3,82
15786,7317,9266,118,4,46
15787,19514,3731,96,9,57
15788,7303,22424,122,4,4
15789,19951,11289,13,6,16
15790,6046,19967,91,5,73
15791,1962,24436,76,2,79
15792,15711,14501,2,8,41
15793,22298,23896,111,4,24
15794,2228,19159,14,1,20
15795,7383,7484,75,1,58
15796,4155,15476,57,3,2
15797,3373,16171,102,1,53
15798,17375,8188,59,0,62
15799,417,8612,105,7,57
15800,3672,218,89,5,24
15801,16964,16314,19,5,8
15802,20963,22555,9,3,66
15803,16931,8162,103,8,80
15804,11594,20538,111,8,20
15805,24056,9445,95,3,23
15806,4655,16408,68,9,66
15807,2381,9754,53,0,51
15808,20975,11270,42,3,86
15809,9883,23034,78,5,3
15810,1646,3804,80,9,15
15811,21331,24887,51,5,34
15812,9208,19198,6,3,38
15813,18540,20230,0,0,2
15814,4444,18472,134,6,30
15815,23580,1921,75,1,80
15816,1302,8127,7,9,75
15817,24218,18010,36,4,57
15818,18360,23604,105,5,75
15819,8088,7534,58,8,29
15820,2627,14647,130,2,37
15821,19344,15466,64,6,85
15822,6952,8954,3,8,52
15823,13211,11233,87,0,19
15824,5328,21922,43,5,22
15825,23881,7325,37,5,74
15826,17184,7029,109,3,25
15827,9875,3060,88,9,13
15828,9874,16633,31,0,17
15829,20309,4988,43,5,24
15830,12547,5490,4,5,42
15831,8280,13692,143,4,4
15832,12534,2573,123,7,61
15833,9854,4335,88,1,83
15834,24570,3111,104,4,53
15835,5788,19773,27,1,80
15836,20117,21023,115,0,54
15837,18436,21821,17,1,67
15838,2543,21698,65,1,54
15839,449,2677,63,0,32
15840,19163,24976,16,4,34
15841,12325,24091,145,3,0
15842,8432,3892,53,2,61
15843,12613,9233,21,7,57
15844,23220,5693,129,6,9
15845,13248,20268,106,3,40
15846,4180,7180,58,0,32
15847,14118,15095,44,7,37
15848,17041,20118,63,6,48
15849,14220,7241,31,2,15
15850,7839,13216,14,4,59
15851,4180,14546,17,0,6
15852,267,919,126,0,2
15853,20504,14310,7,9,16
15854,2074,6288,123,0,51
15855,1206,14364,146,7,7
15856,24975,18995,13,3,33
15857,11676,22339,49,4,2
15858,10281,13314,88,1,65
15859,21283,12518,39,6,64
15860,13739,3868,1,6,41
15861,7465,13382,48,0,78
15862,24294,19578,15,6,19
15863,24012,2224,19,3,20
15864,17336,16830,147,6,79
15865,12927,9684,34,1,18
15866,4534,4064,139,7,23
15867,2192,12742,96,3,20
15868,589,15679,10,0,47
15869,9011,17712,112,6,0
15870,13461,24629,84,8,24
15871,16240,6565,35,0,48
15872,20882,5401,53,7,17
15873,2702,127,136,5,66
15874,12563,12032,7,4,66
15875,14152,9196,51,0,51
15876,14558,4555,115,7,4
15877,12406,16022,95,6,2
15878,9675,19704,145,6,51
15879,10821,19678,124,5,64
15880,19440,12248,71,5,72
15881,12380,24528,111,8,62
15882,3008,9803,3,4,11
15883,1331,583,72,0,67
15884,12454,22000,61,5,81
15885,23497,1929,144,7,31
15886,18763,19089,143,2,2
15887,23254,10545,64,1,67
15888,6325,14924,3,8,88
15889,12456,14810,129,7,24
15890,18114,18121,66,1,77
15891,5333,16516,105,0,42
15892,2497,12095,114,5,20
15893,22106,21647,112,5,10
15894,1609,14488,40,7,20
15895,10152,7664,145,9,59
15896,14260,1307,114,6,48
15897,16894,14926,122,4,3
15898,1841,285,51,7,86
15899,7533,9483,149,8,71
15900,20594,13605,19,5,1
15901,10368,1246,136,0,89
15902,23956,18641,113,4,73
15903,19911,8946,73,2,70
15904,18847,2411,0,0,65
15905,10151,19453,90,6,54
15906,21133,20306,45,3,83
15907,20677,17825,86,1,50
15908,17920,10338,25,2,78
15909,10715,18073,3,1,25
15910,5011,11307,89,0,30
15911,7658,14424,37,5,63
15912,3370,9901,72,6,88
15913,13327,13958,65,5,44
15914,20563,2727,31,2,73
15915,9565,1892,7,9,10
15916,20636,12227,13,3,40
15917,9422,23879,134,7,63
15918,21938,16982,121,8,73
15919,2546,17484,127,7,42
15920,17486,3117,90,0,3
15921,15631,20897,136,0,31
15922,12819,22217,51,6,67
15923,2768,11035,85,9,47
15924,2979,9158,29,9,68
15925,22308,12565,129,2,80
15926,2465,11883,31,4,7
15927,20007,23032,86,4,37
15928,17061,17982,0,6,58
15929,14513,2857,129,8,66
15930,4021,12926,123,7,55
15931,12628,6638,125,5,48
15932,4760,6420,11,9,83
15933,9890,7939,12,4,46
15934,17724,23656,97,4,34
15935,24640,8146,133,1,34
15936,4664,6617,97,3,74
15937,5756,4069,107,8,66
15938,21265,16530,55,5,49
15939,5418,2136,138,0,3
15940,6058,8350,48,5,69
15941,14198,12890,79,7,22
15942,5993,19216,146,7,61
15943,23343,14360,125,7,33
15944,12622,15489,133,9,80
15945,14928,16039,54,5,28
15946,14761,21800,37,4,82
15947,20127,6386,53,0,38
15948,20289,1571,82,2,41
15949,455,9151,49,6,81
15950,18079,14629,77,9,49
15951,12059,2423,58,9,6
15952,17668,23181,112,3,81
15953,18552,22507,66,5,54
15954,15721,7365,58,6,32
15955,414,9396,4,5,46
15956,1218,6756,84,4,0
15957,21423,9792,49,7,72
15958,2130,6280,68,6,38
15959,3367,634,99,7,83
15960,20844,22375,145,5,36
15961,13272,15374,54,0,35
15962,11451,12397,43,1,78
15963,23773,18412,54,3,62
15964,10192,20327,124,3,37
15965,18079,6392,13,4,51
15966,16092,7503,17,9,68
15967,17132,6737,132,9,4
15968,16875,8347,90,2,39
15969,8227,23335,126,5,3
15970,15986,21313,141,2,51
15971,4944,3580,84,3,16
15972,21975,8057,29,9,83
15973,4686,19326,129,3,6
15974,1587,16838,9,8,82
15975,1825,7574,122,6,10
15976,7550,14979,100,6,33
15977,4087,5396,5,2,75
15978,2122,16019,77,4,86
15979,14027,22506,5,1,45
15980,15941,1681,149,2,17
15981,18678,20215,37,0,7
15982,17604,3588,60,3,79
15983,5512,5246,125,7,32
15984,3048,20232,113,3,37
15985,2209,19054,68,2,14
15986,22189,15427,19,0,62
15987,17462,4308,101,1,0
15988,15348,17024,17,3,11
15989,1387,9757,113,6,85
15990,5152,13048,106,4,65
15991,24675,5712,49,3,52
15992,4641,12019,15,0,46
15993,4389,6347,142,9,25
15994,16210,554,94,1,0
15995,2474,16263,44,2,68
15996,8000,13429,69,5,82
15997,22949,4873,20,1,33
15998,24861,24346,142,6,76
15999,4987,6241,87,4,63
16000,9080,17136,15,9,45
16001,16969,21138,57,3,83
16002,22452,15496,144,0,81
16003,15264,22745,101,1,69
16004,16972,22813,61,5,48
16005,18606,7462,130,1,17
16006,95,1508,94,2,40
16007,8417,12697,22,5,5
16008,11265,51,8,5,70
16009,24032,17939,106,9,35
16010,4577,22921,140,3,51
16011,18735,16655,78,6,76
16012,22040,2169,123,7,30
16013,9851,11335,22,0,82
16014,22883,5388,34,9,81
16015,7454,24781,33,7,40
16016,22230,1043,105,8,25
16017,20620,9382,17,5,56
16018,23586,2349,80,3,86
16019,15323,14507,94,7,20
16020,12676,21943,126,5,10
16021,3581,84,25,1,54
16022,19439,24040,13,8,78
16023,24884,40,47,3,50
16024,6529,366,35,4,61
16025,749,21217,102,4,67
16026,17310,10929,65,7,54
16027,9978,24694,11,4,43
16028,20701,6954,18,8,23
16029,22651,5931,139,4,57
16030,1714,24565,124,7,34
16031,16302,863,50,1,18
16032,17285,1099,46,1,6
16033,16482,23781,102,1,28
16034,10894,22698,56,3,29
16035,20176,15054,82,7,9
16036,13191,21014,32,5,34
16037,5449,14085,103,0,48
16038,23113,15730,60,1,70
16039,3879,7611,70,2,36
16040,7254,10283,87,1,62
16041,24044,8379,137,2,13
16042,9411,20863,139,3,25
16043,24336,13098,89,0,36
16044,24649,16381,84,2,57
16045,10830,12618,18,3,81
16046,17654,8426,53,4,45
16047,16043,10667,100,6,44
16048,13603,15452,75,2,55
16049,15969,13401,82,2,85
16050,9882,18893,128,8,65
16051,20242,2228,130,1,64
16052,18629,6299,4,2,5
16053,10261,5545,29,7,74
16054,14713,19469,130,0,69
16055,23849,23520,91,9,41
16056,12818,15964,139,4,58
16057,13114,23867,11,6,66
16058,17940,411,75,0,14
16059,5411,9166,68,8,53
16060,21941,22891,65,5,18
16061,17331,9692,91,5,24
16062,2472,11465,0,9,46
16063,10755,7364,107,0,32
16064,3911,3884,100,7,27
16065,17545,15514,78,6,43
16066,22681,10752,138,4,59
16067,18964,18167,36,6,47
16068,7561,7416,86,9,29
16069,16905,6388,143,8,57
16070,4510,11713,130,4,33
16071,11792,1029,14,6,49
16072,9653,10678,9,5,60
16073,8804,20077,136,6,88
16074,14487,7405,50,2,29
16075,7058,8548,122,2,12
16076,21075,8494,37,7,8
16077,5470,10265,76,3,34
16078,1842,12346,80,2,48
16079,22186,23281,134,6,88
16080,1823,15204,90,1,79
16081,14221,12830,101,9,13
16082,22010,14634,75,5,26
16083,14228,1388,109,2,2
16084,3419,607,118,0,66
16085,2641,19175,32,9,80
16086,21868,10050,77,9,23
16087,6961,21408,53,8,6
16088,22532,6666,121,0,16
16089,22801,4799,43,9,56
16090,13507,1700,47,8,76
16091,20145,24921,9,0,77
16092,21312,3483,95,5,4
16093,3791,17669,75,8,67
16094,22135,2138,108,7,73
16095,9070,8813,16,1,9
16096,3579,1330,92,5,41
16097,2928,24003,129,7,9
16098,13540,5278,34,9,47
16099,9285,5228,48,4,31
16100,3501,24085,12,8,84
16101,4408,10538,16,8,18
16102,24908,21314,26,9,16
16103,5875,12944,121,4,84
16104,13752,24198,112,9,32
16105,12619,11596,135,3,9
16106,17432,24192,145,9,35
16107,23737,1727,64,9,16
16108,13803,12382,36,1,32
16109,22881,7846,86,8,29
16110,2272,7571,137,5,51
16111,17990,7109,89,8,25
16112,23717,11698,15,1,34
16113,15668,6364,7,8,41
16114,18275,2939,111,4,63
16115,24012,23004,0,5,44
16116,99,19906,149,1,55
16117,9574,10370,142,0,39
16118,9710,19108,92,5,85
16119,7982,8168,120,6,58
16120,8727,10003,37,3,24
16121,21037,3061,67,3,47
16122,3499,1005,59,6,63
16123,635,14311,26,3,40
16124,22833,6958,82,2,27
16125,23847,7860,5,7,19
16126,19662,675,84,2,2
16127,3304,11420,121,8,31
16128,1654,7836,97,5,52
16129,620,24451,100,1,77
16130,4744,23808,95,0,86
16131,10179,1421,17,3,78
16132,10595,18465,110,2,26
16133,9177,1459,123,1,73
16134,7886,18676,76,8,52
16135,24529,3216,4,4,10
16136,9804,10094,96,1,45
16137,6934,5263,82,5,54
16138,16204,19431,10,6,35
16139,12722,24460,124,1,71
16140,17354,9620,86,5,23
16141,24643,2243,4,9,29
16142,18588,19017,88,5,37
16143,24479,13322,22,2,72
16144,23692,15687,39,1,83
16145,4802,19834,148,8,72
16146,23950,4746,69,6,69
16147,4969,10093,1,4,2
16148,19937,4694,94,8,29
16149,19113,7299,37,6,50
16150,9808,10091,107,2,7
16151,8876,13075,90,1,87
16152,5962,1982,119,5,55
16153,12078,11096,97,6,27
16154,1591,11287,13,8,81
16155,6599,9471,17,8,25
16156,17581,19335,115,7,33
16157,17530,1922,63,1,60
16158,6161,7684,45,1,17
16159,12249,1895,88,8,6
16160,15134,8191,136,7,81
16161,14380,13028,45,4,16
16162,22979,14391,8,9,62
16163,5570,1488,84,6,3
16164,20396,13558,145,9,35
16165,22589,4840,109,6,12
16166,665,12314,89,6,68
16167,19061,17335,68,4,51
16168,22518,1635,0,4,64
16169,7529,8770,142,4,34
16170,19875,13208,24,5,54
16171,18611,13228,101,3,47
16172,23729,15861,44,8,9
16173,199,14252,30,1,65
16174,9986,18641,3,1,12
16175,13297,11894,137,3,77
16176,23850,9760,58,5,21
16177,2582,19895,102,7,66
16178,15158,16105,37,2,82
16179,4694,698,128,1,45
16180,2907,10127,142,5,38
16181,14189,275,67,1,78
16182,14782,2702,109,9,34
16183,22720,20034,69,3,59
16184,17792,17069,109,1,6
16185,1170,15058,38,6,68
16186,14981,11015,91,1,89
16187,10906,4656,49,0,71
16188,24347,16782,149,2,82
16189,10493,14106,32,4,77
16190,15881,11468,76,7,23
16191,13460,15097,129,7,21
16192,2805,2801,42,3,52
16193,6155,2961,69,9,88
16194,22491,16004,47,9,10
16195,1596,18253,22,2,65
16196,12049,17526,133,1,6
16197,19172,11511,21,5,30
16198,6189,13047,140,1,33
16199,18627,24958,140,3,18
16200,20277,18961,36,5,89
16201,12591,12971,50,9,82
16202,3724,19310,72,2,12
16203,20244,24979,68,1,80
16204,10782,7239,67,9,45
16205,17084,7991,9,6,86
16206,4140,1918,7,8,67
16207,13710,3954,138,7,87
16208,14459,7542,90,9,49
16209,16010,9420,44,8,62
16210,20096,12165,141,1,7
16211,8319,18856,87,4,83
16212,7548,11634,33,6,20
16213,15753,4867,141,9,43
16214,21049,24120,71,1,64
16215,6987,4602,35,9,37
16216,21824,14898,84,2,0
16217,9352,6994,85,8,83
16218,5463,21285,103,2,42
16219,13255,2329,76,1,33
16220,2652,13849,58,1,36
16221,22429,7485,23,5,21
16222,6967,13375,84,2,26
16223,20851,18028,125,0,64
16224,18762,6265,108,2,37
16225,18828,6061,9,3,64
16226,22652,22794,8,2,12
16227,18002,5670,37,3,45
16228,2481,5923,64,6,42
16229,11566,21522,69,7,11
16230,12947,6169,122,5,50
16231,1844,12021,96,3,6
16232,22191,8099,72,2,39
16233,21786,2759,136,1,71
16234,11748,3877,76,1,78
16235,20217,19929,137,6,12
16236,23047,19347,38,0,68
16237,23807,7086,84,2,53
16238,16096,4533,122,4,84
16239,9111,12979,93,5,62
16240,11771,8052,121,2,71
16241,24391,3796,37,1,51
16242,24656,11321,14,8,19
16243,9477,6456,126,4,52
16244,4086,13319,66,1,41
16245,16593,10447,132,3,42
16246,390,4477,16,0,61
16247,23577,7892,97,1,59
16248,11063,13987,70,1,0
16249,18720,3484,15,3,1
16250,3777,17589,13,7,23
16251,24825,17874,71,2,22
16252,2674,13853,67,3,89
16253,11775,19788,108,0,43
16254,17468,6230,47,4,27
16255,13767,21395,25,5,60
16256,12167,21854,9,6,55
16257,13008,19229,62,3,9
16258,22129,9200,115,9,9
16259,7775,3395,145,0,59
16260,17059,22880,91,5,12
16261,7438,6861,38,0,73
16262,5474,16376,133,4,21
16263,17584,23795,72,1,40
16264,6799,23817,78,7,2
16265,24892,13775,132,5,46
16266,9450,15955,143,9,11
16267,22720,5808,52,4,81
16268,2662,2543,149,9,18
16269,9183,22839,3,0,77
16270,19942,1735,135,6,41
16271,9604,24364,53,7,17
16272,18164,8624,68,7,0
16273,13002,23449,121,9,46
16274,13047,2512,147,7,12
16275,12456,23477,39,5,88
16276,24954,3733,44,9,28
16277,4002,7118,67,8,70
16278,23472,20052,4,3,71
16279,18661,16310,102,2,62
16280,1724,18996,149,3,43
16281,11960,23433,123,2,38
16282,738,4849,130,1,85
16283,17869,12762,149,8,77
16284,24160,18032,138,1,4
16285,6473,19585,125,4,72
16286,2274,11093,79,0,75
16287,11828,383,17,5,77
16288,7200,4550,113,9,64
16289,18260,7882,33,9,69
16290,23103,8412,41,6,15
16291,17450,18451,2,8,54
16292,10672,3959,71,0,67
16293,4602,5033,28,4,19
16294,17779,23232,72,5,60
16295,1080,86,111,6,69
16296,21515,14615,118,7,79
16297,7753,24914,145,0,36
16298,10174,2292,37,4,1
16299,1154,7984,147,5,51
16300,17662,7708,139,4,8
16301,21147,19872,102,8,63
16302,21110,2169,148,5,52
16303,14584,10597,38,4,83
16304,22598,12433,114,4,11
16305,2177,4279,145,3,41
16306,13266,8064,68,5,13
16307,4412,13264,13,9,67
16308,24422,6187,74,9,24
16309,1459,17651,32,8,34
16310,8979,22268,105,0,53
16311,18049,12672,97,7,38
16312,11960,1176,0,8,70
16313,302,18244,105,0,7
16314,12896,11165,106,7,48
16315,4983,23610,68,3,30
16316,1921,8675,100,4,7
16317,13886,12058,117,4,26
16318,18815,13433,108,8,89
16319,21500,1632,53,0,66
16320,7057,17078,108,9,34
16321,4105,10510,131,8,46
16322,11785,6294,18,2,3
16323,18955,15236,131,5,24
16324,11913,7231,148,4,60
16325,13795,24805,93,0,71
16326,9353,6447,48,5,47
16327,13960,5554,56,0,72
16328,9654,5363,48,9,1
16329,13253,7221,38,8,30
16330,7365,4535,50,9,47
16331,13071,4265,107,9,88
16332,9573,1534,22,4,19
16333,16218,20759,95,3,38
16334,21922,13785,23,4,46
16335,13774,2181,38,3,22
16336,20993,3510,70,7,71
16337,20242,15912,91,9,70
16338,22467,11175,52,4,47
16339,22777,5533,15,4,81
16340,17051,19795,94,4,70
16341,19847,1836,130,8,83
16342,21631,15916,37,1,50
16343,11536,18248,27,8,2
16344,9386,12599,139,4,89
16345,16875,13087,111,4,9
16346,24352,9186,94,4,25
16347,20293,20842,2,8,51
16348,10498,17732,134,3,66
16349,15943,24918,135,4,38
16350,23170,1397,88,2,80
16351,3043,4413,3,2,46
16352,12109,20959,4,2,68
16353,15494,6314,80,2,36
16354,11205,20228,111,7,54
16355,6891,8883,38,2,32
16356,10379,19410,137,5,86
16357,6547,21658,35,7,65
16358,1093,6816,34,9,83
16359,8392,8104,116,1,0
16360,14058,11390,109,8,58
16361,16270,11465,55,6,46
16362,11523,20510,104,4,53
16363,14760,3537,40,2,25
16364,23077,862,124,4,36
16365,6426,7426,89,5,48
16366,11392,11446,10,9,63
16367,396,2313,107,1,63
16368,16970,9486,138,6,3
16369,10283,13855,66,9,52
16370,22043,15800,75,7,48
16371,3941,23999,70,0,88
16372,21633,15201,59,3,69
16373,22292,5271,26,8,10
16374,6162,12879,23,3,54
16375,16623,24158,72,5,54
16376,5254,20375,87,1,31
16377,15559,14066,35,4,75
16378,17336,9511,24,4,50
16379,20317,17385,8,8,77
16380,2537,15029,52,9,64
16381,4207,24020,133,4,40
16382,755,19323,56,9,17
16383,16048,10502,118,8,80
16384,17221,2747,37,5,1
16385,22133,4725,118,1,77
16386,13429,8324,115,1,58
16387,2490,5996,92,1,51
16388,1544,5871,53,9,5
16389,23419,3786,135,4,35
16390,11002,3174,135,2,20
16391,705,15611,92,0,63
16392,5094,21848,146,4,70
16393,15045,8453,5,2,45
16394,17929,4584,76,5,45
16395,18660,22499,10,3,27
16396,11823,5483,38,0,9
16397,5202,12391,49,8,2
16398,15733,14011,105,0,66
16399,6632,18888,6,5,33
16400,8436,5648,53,8,42
16401,14987,23463,141,5,47
16402,23243,15036,81,8,25
16403,18974,5279,0,7,58
16404,21982,1844,69,4,9
16405,5681,336,70,0,12
16406,23912,1107,53,8,39
16407,19813,23501,63,5,19
16408,7316,15104,73,5,24
16409,4331,4839,40,8,54
16410,1919,13420,91,1,65
16411,6327,21783,31,2,44
16412,1801,21033,119,4,77
16413,21273,17158,149,0,87
16414,19497,22906,68,0,56
16415,516,12017,58,9,28
16416,5737,14148,40,1,34
16417,18583,10215,18,4,61
16418,8345,22713,76,3,51
16419,17102,17593,13,3,17
16420,10127,24995,40,2,84
16421,3111,22719,45,7,60
16422,533,12305,47,3,59
16423,3422,14758,41,8,34
16424,17498,170,34,0,31
16425,7157,14314,99,5,57
16426,1648,16759,119,8,55
16427,15895,19882,9,9,83
16428,10340,9753,143,6,78
16429,22950,20411,9,7,23
16430,18392,23837,104,9,32
16431,6001,12806,100,3,20
16432,2956,18702,22,6,78
16433,11247,16347,79,5,15
16434,24931,22444,72,3,36
16435,22515,1315,123,4,20
16436,21195,6650,97,9,11
16437,3333,2118,101,1,86
16438,11842,16184,139,5,70
16439,11626,13064,61,2,51
16440,2606,23198,122,7,68
16441,930,20636,49,4,81
16442,10965,4123,82,5,29
16443,17741,10586,119,4,40
16444,20077,7950,130,4,18
16445,23780,13812,130,7,34
16446,16046,15679,138,9,8
16447,5887,9404,94,9,48
16448,14999,22232,121,9,87
16449,7703,11833,20,5,80
16450,13673,14131,111,2,59
16451,15358,9567,121,9,53
16452,15852,16321,26,0,47
16453,5508,4180,102,3,14
16454,15996,22398,123,2,22
16455,19330,16767,99,5,2
16456,3625,20192,136,5,89
16457,9069,24854,123,9,77
16458,16666,3608,0,8,9
16459,13237,7667,21,7,23
16460,16413,11058,54,8,46
16461,4505,3906,86,1,77
16462,14022,9980,145,7,7
16463,7810,13185,37,0,18
16464,2523,2527,12,7,4
16465,18004,24961,0,3,15
16466,22783,1005,141,1,88
16467,23152,18585,128,2,75
16468,11188,21994,90,4,66
16469,22847,16946,134,0,28
16470,9319,10681,135,7,68
16471,22635,17778,79,9,71
16472,19736,9724,86,4,76
16473,125,2882,122,3,72
16474,16327,23209,8,3,63
16475,13174,11739,117,4,64
16476,24588,11601,83,6,68
16477,5490,1964,96,8,85
16478,23512,13252,25,4,66
16479,13793,5798,12,8,3
16480,3018,5008,37,5,15
16481,13024,18218,94,2,56
16482,5224,14932,83,0,44
16483,16408,14522,68,7,43
16484,16636,2399,124,3,88
16485,21360,509,25,4,74
16486,22101,11895,62,7,52
16487,11029,7414,6,9,31
16488,22254,11567,118,1,64
16489,8534,23773,110,2,22
16490,1666,15809,115,1,34
16491,6884,24826,63,8,31
16492,3636,23147,111,7,64
16493,15553,21949,30,2,83
16494,9626,23978,57,4,11
16495,20807,21635,21,1,71
16496,17242,18464,57,4,56
16497,15117,1745,46,9,50
16498,11817,21447,106,4,43
16499,6363,4882,141,0,65
16500,12689,10281,48,6,86
16501,23946,1915,65,2,0
16502,15226,10868,57,3,40
16503,5783,4357,6,3,24
16504,17686,626,52,8,22
16505,20938,7470,47,5,10
16506,3640,2357,51,0,79
16507,3257,15923,94,7,6
16508,24850,1200,14,4,50
16509,22262,1336,72,5,61
16510,12598,11919,46,8,8
16511,24484,10508,6,2,18
16512,5103,6019,145,4,86
16513,169,14329,90,1,79
16514,11452,1096,145,1,7
16515,10506,11051,8,8,79
16516,24718,4604,68,3,51
16517,1873,15486,122,9,19
16518,16165,21250,76,2,3
16519,3123,6035,131,5,40
16520,14550,22693,37,6,86
16521,16258,12823,147,6,72
16522,11093,10769,109,1,31
16523,2351,23844,121,5,82
16524,15353,11968,91,9,19
16525,6485,9935,102,6,70
16526,13716,13677,29,7,22
16527,5140,13381,134,1,64
16528,6618,5660,37,5,14
16529,10221,18666,140,4,26
16530,6186,1177,38,5,27
16531,2265,8379,62,6,78
16532,23689,22635,87,0,88
16533,24233,11579,29,2,44
16534,14310,12787,143,0,3
16535,4559,6992,22,6,46
16536,13999,10345,72,8,0
16537,1741,15251,42,5,16
16538,1249,2426,24,5,89
16539,11210,13774,47,6,40
16540,20490,14000,53,2,2
16541,24666,10467,9,1,41
16542,10663,987,141,3,87
16543,4008,375,124,4,78
16544,19724,2232,5,6,25
16545,18288,21428,62,5,63
16546,18381,11598,140,2,42
16547,12760,12221,93,9,82
16548,185,17218,50,1,8
16549,12649,11255,13,1,8
16550,7967,24822,124,4,16
16551,16404,23537,125,0,32
16552,11147,12242,28,4,82
16553,23529,22222,46,2,30
16554,14928,22375,144,4,56
16555,3364,16329,24,6,7
16556,5270,20054,98,9,50
16557,24110,780,41,2,8
16558,8852,11851,57,7,63
16559,11559,7176,138,4,57
16560,1685,14176,115,1,13
16561,12856,16101,4,4,59
16562,21927,2583,87,6,68
16563,11754,9190,55,5,39
16564,9886,4338,46,1,77
16565,7435,490,91,5,26
16566,4696,23574,71,1,56
16567,23288,22170,20,3,71
16568,3416,19399,132,2,76
16569,13159,15920,32,5,31
16570,5483,23133,59,9,11
16571,6740,17148,90,2,88
16572,13774,16164,76,5,88
16573,3031,21242,84,2,86
16574,17821,22268,113,0,40
16575,13268,20838,148,9,21
16576,24957,13786,51,5,62
16577,7180,3776,33,4,48
16578,10932,14444,107,1,82
16579,15863,10610,131,6,30
16580,14551,19625,104,1,60
16581,17299,5069,29,0,37
16582,10111,23427,87,7,8
16583,2208,9646,96,9,4
16584,20566,21085,58,9,68
16585,1058,6848,11,9,44
16586,4454,15648,148,0,17
16587,9676,23004,35,6,0
16588,10625,19668,132,2,33
16589,15695,3870,100,8,18
16590,21693,10865,109,7,36
16591,5842,7016,110,9,61
16592,6765,6003,84,8,36
16593,19834,18443,132,4,43
16594,11966,15879,4,7,53
16595,10277,6334,143,7,67
16596,22849,23153,19,6,61
16597,17538,9317,122,9,80
16598,22628,24601,149,9,0
16599,9744,9381,18,9,44
16600,24554,22740,2,2,88
16601,21175,4443,41,5,48
16602,6233,12715,140,0,10
16603,24619,1196,27,0,85
16604,17492,4948,101,7,34
16605,4864,17008,132,5,50
16606,12946,13781,39,9,41
16607,14497,12901,10,9,29
16608,13786,23907,28,6,55
16609,19708,21577,118,3,67
16610,13711,6257,103,4,89
16611,9703,3200,36,6,50
16612,22747,10711,40,5,14
16613,1857,23035,52,5,55
16614,3799,22956,22,9,55
16615,17594,22076,77,6,53
16616,410,15736,64,6,47
16617,1316,24798,18,3,78
16618,13300,2841,76,6,65
16619,19586,9626,9,3,25
16620,20072,17148,90,6,0
16621,18669,7557,104,1,66
16622,20566,2513,43,0,1
16623,8306,3342,83,2,3
16624,20655,20824,141,0,7
16625,9624,12648,133,5,19
16626,10331,6848,83,8,74
16627,4936,20725,90,2,36
16628,333,5199,76,8,2
16629,22733,4709,85,0,25
16630,19785,24310,126,1,68
16631,17885,9957,46,1,47
16632,24307,18031,32,8,3
16633,24458,16023,12,4,11
16634,7721,21529,67,1,71
16635,5161,15468,35,6,3
16636,16998,16643,1,4,79
16637,5051,8282,11,6,13
16638,8167,7978,16,2,73
16639,1912,12455,89,7,88
16640,17444,4177,124,9,66
16641,8417,20409,56,2,39
16642,10432,1048,29,3,40
16643,2750,12750,146,5,80
16644,8707,379,17,2,62
16645,14532,24766,101,5,75
16646,14538,11628,120,1,53
16647,7602,11019,73,8,7
16648,12099,24846,16,5,21
16649,23796,18316,134,0,64
16650,15106,18311,115,7,81
16651,10201,12396,127,6,21
16652,5107,9317,33,8,3
16653,24164,6945,86,0,18
16654,6908,18605,7,8,35
16655,13298,4401,20,4,88
16656,4986,22737,52,6,56
16657,11601,11154,141,2,79
16658,2620,18083,113,6,76
16659,11221,15929,25,9,5
16660,13260,18513,83,3,15
16661,21494,17717,84,2,85
16662,3167,6776,128,0,4
16663,15611,528,133,8,63
16664,16700,10691,116,4,62
16665,9682,3581,121,0,78
16666,16640,15891,59,3,59
16667,9727,1926,139,0,76
16668,1510,13779,24,6,4
16669,14634,24206,14,2,39
16670,11014,3244,78,9,54
16671,16465,15803,31,2,52
16672,10055,15831,121,5,78
16673,7340,4365,34,8,32
16674,15195,17129,64,1,65
16675,22723,14045,116,0,82
16676,4014,19000,106,9,47
16677,15493,8767,77,8,81
16678,584,2751,5,0,41
16679,14198,17931,143,9,69
16680,1116,8637,55,7,75
16681,20593,4722,84,3,16
16682,18104,12361,149,8,35
16683,2499,11843,11,1,15
16684,8201,11771,1,6,44
16685,17359,5706,72,2,37
16686,12701,4637,101,6,43
16687,2291,8403,138,3,58
16688,2964,11524,97,1,65
16689,11444,6696,88,7,28
16690,21819,19839,80,6,6
16691,3106,4240,55,7,54
16692,19257,9279,71,3,81
16693,12876,16675,133,0,24
16694,1065,22502,5,2,33
16695,3453,6990,97,3,73
16696,6907,1972,21,7,25
16697,24027,3190,11,4,70
16698,234,22278,134,6,21
16699,9463,24845,70,3,21
16700,19963,13525,22,8,14
16701,16375,6089,13,7,54
16702,575,19645,116,1,0
16703,7994,13827,1,5,52
16704,21208,18837,59,6,25
16705,21427,11972,24,0,38
16706,6194,1029,55,9,53
16707,7933,4227,64,7,16
16708,13838,13871,64,4,77
16709,16548,14154,147,5,51
16710,11329,1325,141,8,72
16711,9352,3749,105,9,21
16712,7149,12323,128,6,7
16713,23164,2386,49,6,29
16714,14860,14415,111,7,27
16715,9179,14082,52,2,78
16716,16221,15407,41,2,30
16717,9786,20285,74,1,66
16718,20126,22756,62,3,69
16719,14866,16126,123,1,75
16720,499,2249,76,0,74
16721,20043,15213,90,6,87
16722,9909,11225,86,1,85
16723,12362,19497,56,3,62
16724,5498,23908,29,0,14
16725,12566,6774,69,9,18
16726,21581,2321,75,4,38
16727,20215,4314,63,4,50
16728,19576,13450,74,2,71
16729,5902,8664,108,1,18
16730,11916,14443,118,5,34
16731,20699,14463,83,0,84
16732,5271,6384,68,7,87
16733,4226,23524,5,4,16
16734,12668,21224,34,9,85
16735,9831,17872,107,1,20
16736,23824,15039,148,3,35
16737,9751,16489,45,5,23
16738,9371,13105,79,9,46
16739,6608,386,129,1,37
16740,16523,13820,60,0,32
16741,15502,12886,48,2,28
16742,22727,10385,11,4,84
16743,7769,6587,31,5,5
16744,3211,6407,132,1,4
16745,12077,18708,17,9,14
16746,4641,22756,77,1,31
16747,9440,5238,113,1,19
16748,361,16337,23,6,2
16749,9253,17250,92,8,34
16750,11838,4925,64,2,1
16751,3452,7370,96,2,12
16752,20897,14525,59,9,57
16753,11350,3821,115,3,4
16754,11893,12017,25,7,1
16755,11137,2669,83,9,59
16756,1450,20368,63,3,8
16757,3769,5863,148,6,40
16758,24648,16171,66,9,9
16759,22728,11733,73,3,53
16760,20570,24684,38,7,34
16761,14296,9601,58,9,79
16762,8148,4714,144,4,63
16763,18152,4107,58,1,81
16764,13817,247,8,3,40
16765,5955,19615,135,4,10
16766,20668,23259,96,9,76
16767,16071,18386,3,3,3
16768,7115,21885,105,5,16
16769,4191,20289,127,0,42
16770,871,13866,15,3,3
16771,934,17312,86,6,34
16772,2066,9451,49,3,43
16773,23187,7687,14,5,34
16774,535,1993,139,2,68
16775,11563,9325,60,0,20
16776,5338,10509,14,5,49
16777,520,7303,126,8,28
16778,11195,1252,10,2,24
16779,5071,5544,142,6,57
16780,5788,11736,139,7,6
16781,19886,23374,147,3,67
16782,5627,1609,138,0,10
16783,12471,2261,120,2,21
16784,22440,14277,125,8,32
16785,1356,24942,55,2,75
16786,12579,19079,124,0,84
16787,3115,6787,29,6,40
16788,11873,2540,125,9,60
16789,14838,17752,75,2,27
16790,14128,1297,57,2,5
16791,13403,12427,121,7,1
16792,14077,4200,31,3,82
16793,18458,18688,46,2,9
16794,5956,23554,126,2,17
16795,6090,19314,122,2,76
16796,24506,18270,111,5,22
16797,18156,12784,114,3,64
16798,17330,14206,121,1,89
16799,23161,19870,86,2,45
16800,2421,4787,93,2,45
16801,13492,14659,122,6,26
16802,811,12854,25,5,72
16803,17692,7462,116,4,13
16804,9039,8989,6,5,56
16805,13693,2116,48,7,27
16806,22419,16272,101,4,69
16807,11415,16150,74,5,39
16808,13265,7865,14,6,67
16809,768,10578,7,2,21
16810,2165,2379,144,5,80
16811,7745,14883,19,9,63
16812,17067,19412,43,2,11
16813,14319,24062,95,5,58
16814,14902,1480,54,4,82
16815,7659,21930,137,1,85
16816,23047,4559,88,2,77
16817,6618,13810,8,4,9
16818,17241,18228,112,5,87
16819,4846,5202,118,6,12
16820,24606,2101,93,8,29
16821,11105,10825,133,8,68
16822,18341,20038,70,0,26
16823,668,11925,4,6,74
16824,9566,20621,49,0,13
16825,4735,2683,124,7,24
16826,23021,5315,126,1,21
16827,5962,19376,31,5,78
16828,3663,17631,127,1,20
16829,19683,4326,118,4,0
16830,22111,466,58,1,86
16831,1548,14829,76,2,23
16832,6714,6622,124,4,67
16833,22120,3550,123,2,26
16834,1548,4680,17,1,61
16835,1878,18987,58,4,55
16836,12506,19088,134,0,0
16837,17902,5900,132,4,21
16838,11776,8152,35,7,48
16839,23467,24913,15,7,45
16840,5187,22793,118,0,21
16841,8435,20188,81,9,45
16842,23460,20115,30,4,49
16843,10171,23,135,3,72
16844,4713,23568,74,5,40
16845,2796,652,35,5,18
16846,20768,3093,59,5,77
16847,12719,6397,84,4,78
16848,1671,12475,53,7,61
16849,12847,6687,49,9,38
16850,13501,13791,98,5,64
16851,20560,7386,100,0,53
16852,2995,17836,13,8,56
16853,18872,234,36,7,29
16854,10490,11823,68,6,18
16855,14372,5498,108,7,7
16856,17835,2061,9,3,67
16857,23923,20819,11,8,2
16858,2189,21870,135,0,42
16859,4141,1273,138,4,35
16860,9928,9341,22,5,20
16861,9650,548,30,5,84
16862,22116,12521,71,6,20
16863,3286,22052,60,4,7
16864,23967,4443,40,5,33
16865,14758,5508,147,8,53
16866,12399,18142,76,8,59
16867,3444,24759,44,8,4
16868,11982,4036,131,2,76
16869,18230,16659,87,2,24
16870,10441,19658,68,7,12
16871,16904,13139,28,1,47
16872,2316,4066,78,1,67
16873,19397,14057,83,2,81
16874,2999,23859,77,8,11
16875,11296,2205,67,8,84
16876,16794,22905,64,7,46
16877,6540,628,59,8,55
16878,13409,22001,94,1,60
16879,19849,19749,20,6,13
16880,9466,10804,16,3,73
16881,20623,9090,74,0,34
16882,10722,22405,107,9,11
16883,5923,16925,54,3,21
16884,16392,19229,120,1,83
16885,9734,14379,16,4,61
16886,23287,3625,145,8,1
16887,7145,567,7,2,1
16888,12140,13292,61,4,60
16889,1652,9549,147,6,11
16890,932,20006,89,3,71
16891,6831,5948,126,4,59
16892,11341,21035,1,2,25
16893,19275,21131,75,5,48
16894,15309,7092,145,7,48
16895,24493,657,105,3,51
16896,18676,18555,56,6,52
16897,16583,15095,45,4,2
16898,1407,18270,63,0,84
16899,17732,20414,130,6,1
16900,6896,6053,112,3,72
16901,16740,13862,46,0,29
16902,5319,5559,100,5,34
16903,13111,21724,6,6,84
16904,11617,13669,13,0,87
16905,11211,12828,16,9,53
16906,5468,22379,112,1,51
16907,4880,16537,23,3,34
16908,10157,10634,7,1,61
16909,6936,595,143,2,56
16910,7729,24258,138,6,64
16911,16730,5252,27,7,87
16912,5398,13843,115,6,25
16913,14160,7983,6,8,10
16914,24492,15634,48,0,46
16915,24787,18494,141,1,51
16916,18225,2621,111,0,50
16917,9014,13772,110,1,58
16918,19520,16119,104,6,75
16919,20014,20565,84,0,80
16920,17409,18125,114,3,33
16921,16031,22264,53,5,18
16922,11491,24896,86,3,20
16923,4205,3314,101,1,57
16924,7928,6136,123,6,43
16925,4213,5384,129,4,30
16926,22909,21351,12,6,36
16927,8778,1323,78,9,29
16928,23939,2065,69,2,10
16929,3646,1874,123,8,67
16930,18332,10986,26,1,15
16931,21674,21332,80,1,79
16932,21274,13871,7,2,71
16933,22806,16306,38,4,84
16934,31,5274,147,5,48
16935,1696,24122,75,5,26
16936,13476,652,92,4,9
16937,10312,13942,118,3,41
16938,19229,15146,149,1,25
16939,16072,1367,49,8,34
16940,15302,6570,138,4,47
16941,2805,18479,63,8,25
16942,19902,7172,114,2,30
16943,12407,2884,98,8,37
16944,5209,15872,70,2,63
16945,4778,11934,59,5,2
16946,6840,178,15,1,41
16947,6181,10074,7,0,27
16948,2396,5025,38,8,47
16949,4256,10804,130,3,21
16950,4259,9389,148,8,55
16951,14797,18435,95,5,46
16952,20363,2436,18,2,40
16953,18055,22585,101,7,45
16954,19831,21221,124,5,57
16955,17016,1675,123,8,23
16956,8444,3682,15,2,66
16957,9610,17149,91,7,13
16958,11099,5243,49,5,49
16959,16454,11702,102,2,11
16960,23483,12586,47,6,86
16961,647,22409,57,7,13
16962,20780,21902,51,9,24
16963,8781,16734,119,6,27
16964,7053,3793,20,4,50
16965,7950,8125,10,9,39
16966,19322,9675,99,7,14
16967,5520,12125,113,5,60
16968,10770,21945,149,8,4
16969,3262,18516,29,8,27
16970,4029,10563,17,0,87
16971,94,7803,71,1,15
16972,18957,444,30,2,47
16973,15910,787,12,0,68
16974,3889,4798,41,4,86
16975,15511,21406,44,9,66
16976,3347,22544,13,6,57
16977,19528,22047,68,2,33
16978,465,22435,34,6,6
16979,4900,13340,139,1,61
16980,9608,122,146,0,2
16981,2206,15593,16,2,6
16982,19462,24056,38,2,2
16983,12670,2009,62,0,14
16984,4331,2956,81,0,37
16985,17390,9584,84,5,64
16986,5123,10648,130,5,66
16987,9368,10080,104,4,54
16988,23320,471,94,8,89
16989,16908,1114,101,7,87
16990,16035,12201,19,2,73
16991,5668,709,131,7,37
16992,20947,10317,83,8,17
16993,17456,24770,91,9,22
16994,4595,15737,117,0,80
16995,22016,5812,117,1,40
16996,23333,7451,112,8,5
16997,9024,953,73,8,4
16998,4483,20976,136,1,22
16999,9545,12696,91,4,43
17000,4334,16127,89,2,1
17001,16806,127,51,7,36
17002,9878,15094,146,5,84
17003,725,15124,101,6,39
17004,19215,23817,71,4,1
17005,112,19007,13,3,13
17006,6219,11929,112,4,43
17007,18722,4730,57,8,72
17008,5047,10685,131,1,3
17009,13348,9714,48,5,4
17010,15093,2043,21,0,81
17011,524,23594,115,2,2
17012,7780,16515,93,1,11
17013,18326,2517,109,7,82
17014,19791,16905,74,9,29
17015,22975,19243,6,6,9
17016,8619,3755,53,5,63
17017,1374,16529,75,1,64
17018,14580,16713,91,0,29
17019,5975,7060,34,4,44
17020,17936,9394,24,5,42
17021,22823,11154,3,4,52
17022,1292,19830,142,7,69
17023,20590,8118,78,1,16
17024,2529,16849,38,1,65
17025,11406,3472,98,4,54
17026,14757,12301,129,9,82
17027,5044,6357,25,2,64
17028,23730,20926,41,1,63
17029,17758,12672,12,3,62
17030,22457,8509,25,4,47
17031,24978,21288,141,4,5
17032,23459,14544,4,6,36
17033,6026,19950,31,2,13
17034,22642,9668,71,0,66
17035,17042,12214,118,1,9
17036,16813,23059,18,4,43
17037,17155,9117,8,1,14
17038,19245,9762,85,7,9
17039,15906,13701,127,2,32
17040,23110,14094,106,2,41
17041,24026,19321,69,3,20
17042,8854,6016,5,0,8
17043,21972,11343,86,8,82
17044,8797,14905,2,5,9
17045,13160,22640,24,9,65
17046,16731,17631,41,4,55
17047,5079,5979,124,9,75
17048,7947,21673,3,7,7
17049,19217,15896,87,0,46
17050,21100,20949,128,6,30
17051,7205,10332,124,3,0
17052,6645,24148,133,7,6
17053,6886,19829,18,7,17
17054,13715,9407,130,9,13
17055,14240,11750,31,8,36
17056,22994,2299,44,3,71
17057,16868,24966,94,8,54
17058,21848,22876,28,7,39
17059,15601,5544,68,2,84
17060,14878,12843,129,8,41
17061,21120,8309,30,5,48
17062,21027,19144,16,9,36
17063,19922,3637,47,9,35
17064,14051,6666,62,0,33
17065,7003,279,136,2,24
17066,19251,16864,133,1,44
17067,20741,3610,119,7,53
17068,15429,14273,100,6,63
17069,13527,12207,66,9,15
17070,5404,18294,130,8,36
17071,8580,24563,87,4,30
17072,673,10914,4,2,73
17073,3419,18948,141,3,22
17074,8314,8572,62,0,60
17075,7319,21918,27,0,5
17076,23733,23427,119,0,69
17077,19135,20448,135,2,18
17078,260,10688,115,3,61
17079,933,16526,100,7,7
17080,19318,18166,116,5,14
17081,21365,770,96,9,58
17082,19037,19898,145,5,35
17083,9601,21549,117,4,21
17084,22378,20530,106,5,9
17085,2180,19716,146,7,26
17086,24466,9353,62,9,55
17087,13486,906,34,7,63
17088,1031,10876,126,0,18
17089,13885,3665,44,2,8
17090,23297,5435,80,1,60
17091,24311,2166,23,3,61
17092,2138,10859,29,7,63
17093,10392,15123,83,5,50
17094,15388,22038,41,9,9
17095,17076,491,61,3,85
17096,17222,19043,124,5,64
17097,16265,8345,137,3,22
17098,5093,19540,26,9,61
17099,3099,9753,10,0,16
17100,17851,14479,42,4,51
17101,5221,17092,144,1,66
17102,438,3355,13,9,31
17103,24991,21893,97,6,1
17104,3576,19481,140,4,45
17105,2804,19915,8,8,74
17106,2900,16085,88,4,59
17107,12885,14544,131,1,82
17108,11869,9959,21,9,23
17109,24808,10692,75,8,62
17110,3396,20183,30,5,34
17111,9101,24731,128,0,81
17112,164,2726,116,3,69
17113,14256,8878,129,7,46
17114,19757,13588,15,9,68
17115,2709,22173,56,0,14
17116,2546,8445,144,4,27
17117,6765,2395,142,5,7
17118,14517,22898,11,7,21
17119,7919,24248,38,2,71
17120,14203,10850,32,2,67
17121,7246,15857,95,8,43
17122,765,8494,131,3,29
17123,17087,4451,61,5,31
17124,24957,6223,37,1,2
17125,10959,24739,109,5,1
17126,11457,24192,4,3,14
17127,1441,3490,47,7,0
17128,12785,22918,133,9,27
17129,23840,17535,81,9,86
17130,20171,9283,149,3,48
17131,12390,7858,65,7,30
17132,17104,11741,68,5,39
17133,6007,16768,77,2,70
17134,118,23273,45,2,24
17135,20868,20115,142,8,59
17136,10930,5934,130,9,40
17137,12285,24418,53,1,33
17138,4472,20861,148,6,62
17139,18830,18171,67,0,41
17140,7401,17270,124,1,80
17141,7541,18348,27,7,65
17142,23304,3321,37,2,1
17143,18542,22246,16,9,78
17144,13616,12836,62,1,18
17145,1525,20353,85,5,83
17146,14562,10846,87,7,74
17147,21238,14679,105,2,52
17148,14779,13902,68,1,82
17149,5999,16382,69,6,88
17150,6401,10535,92,3,3
17151,24396,17435,3,8,80
17152,9887,17618,17,5,28
17153,22576,18085,83,5,23
17154,7198,14886,91,4,22
17155,20071,24060,36,7,52
17156,22544,1243,81,6,37
17157,4351,12748,38,6,5
17158,22478,18371,51,0,56
17159,8064,20225,88,4,62
17160,235,21914,42,7,15
17161,22081,3230,7,4,11
17162,6500,145,62,7,60
17163,7769,20621,49,4,72
17164,3021,15607,90,3,21
17165,5712,23578,56,7,53
17166,10461,4231,52,5,73
17167,4371,445,129,0,85
17168,13263,8088,53,5,70
17169,16403,22776,127,1,17
17170,13983,10114,56,7,75
17171,7713,22797,23,2,53
17172,11366,24734,102,0,28
17173,24874,2685,81,8,6
17174,4346,9019,48,6,57
17175,20403,22947,29,5,30
17176,7224,5740,144,9,84
17177,17205,9678,125,8,33
17178,983,11441,122,6,57
17179,7376,1550,132,2,5
17180,20266,11761,67,4,58
17181,3769,8639,61,2,75
17182,20260,6324,128,5,72
17183,6545,23643,91,2,7
17184,4242,5767,99,6,82
17185,7172,24118,110,4,44
17186,14587,18041,131,6,15
17187,16819,17071,67,4,86
17188,2452,5878,28,2,4
17189,451,18597,5,4,50
17190,5352,5278,4,0,13
17191,10809,13892,65,0,61
17192,5852,19280,101,1,41
17193,4976,294,46,0,16
17194,12076,12166,104,6,25
17195,18201,13376,120,1,9
17196,11174,19161,28,3,51
17197,846,8027,20,4,80
17198,10246,18747,40,2,32
17199,8792,9095,103,4,84
17200,16100,3864,138,9,28
17201,14417,16441,80,1,21
17202,4974,19679,4,6,89
17203,16227,8122,8,8,27
17204,8642,5446,15,4,6
17205,18687,23657,76,8,31
17206,23463,22302,114,6,29
17207,16085,11264,73,3,75
17208,11945,21617,49,4,13
17209,5507,3434,123,6,20
17210,16889,1747,103,5,1
17211,9799,13510,51,5,66
17212,14081,6287,118,7,79
17213,24497,20332,140,3,59
17214,2286,24424,53,7,39
17215,11555,13058,109,4,58
17216,12323,5647,6,2,72
17217,6065,9750,38,6,0
17218,3262,1714,148,2,58
17219,18832,23255,62,0,12
17220,1217,11138,60,6,84
17221,21250,19161,106,3,51
17222,22843,4888,94,2,81
17223,4138,21562,117,3,29
17224,4835,12869,105,3,67
17225,7328,23437,22,5,19
17226,6800,9608,121,5,31
17227,21809,11724,89,2,43
17228,20149,21340,99,5,49
17229,13306,21011,132,0,51
17230,9651,16069,49,2,79
17231,20044,7009,104,9,44
17232,2882,10458,65,6,26
17233,20184,13025,140,3,62
17234,22658,22491,29,5,34
17235,22658,16195,64,6,75
17236,4509,6925,37,7,63
17237,23823,9049,89,9,67
17238,11498,5123,36,9,31
17239,18918,16980,59,5,32
17240,15475,8582,36,5,41
17241,15189,13059,74,4,0
17242,2003,6910,60,4,78
17243,2384,18026,109,2,59
17244,21959,11111,147,3,88
17245,6744,10856,116,9,45
17246,9980,2314,138,2,32
17247,16645,22862,16,7,35
17248,11225,17608,18,9,73
17249,14595,3683,103,3,49
17250,10842,1974,12,7,47
17251,20619,3973,71,1,34
17252,21259,2981,36,8,45
17253,12807,15395,112,4,22
17254,16730,11836,109,4,46
17255,20335,5043,50,5,43
17256,19780,14219,83,0,59
17257,7970,786,52,0,13
17258,17034,17339,17,3,10
17259,16035,16933,105,9,34
17260,13054,13368,40,6,63
17261,9487,2922,124,4,62
17262,11788,16928,95,0,20
17263,21695,721,59,5,8
17264,1004,1372,30,4,85
17265,23373,15905,11,7,51
17266,23851,5670,148,8,31
17267,21192,6407,142,4,24
17268,9959,16740,78,7,33
17269,23381,23834,126,3,28
17270,14875,24425,52,9,80
17271,24759,13272,124,7,0
17272,6353,6961,112,0,53
17273,24267,19826,37,3,78
17274,24864,6933,75,2,18
17275,17162,9653,18,4,63
17276,22903,14926,57,4,54
17277,17376,335,48,3,16
17278,11908,17888,72,1,9
17279,4606,4878,52,1,10
17280,12018,992,23,7,3
17281,5754,20058,61,8,65
17282,24027,9011,43,5,17
17283,24052,21714,113,2,7
17284,6951,21186,146,4,87
17285,16555,17683,126,4,40
17286,7186,792,148,9,4
17287,23584,4121,67,3,86
17288,16069,5378,141,5,48
17289,11932,13166,117,9,32
17290,7463,6946,64,9,63
17291,21325,12285,107,0,19
17292,17110,6260,141,0,82
17293,9371,13435,128,8,18
17294,16437,3501,109,5,15
17295,9481,16763,16,8,81
17296,10715,15945,31,9,29
17297,4748,1202,60,3,55
17298,20236,13658,97,5,14
17299,20067,19688,61,7,45
17300,17016,10505,74,0,31
17301,2524,8074,46,7,15
17302,10027,23573,94,2,45
17303,11616,6271,89,8,24
17304,23784,20926,105,7,27
17305,4614,22514,111,1,73
17306,3829,4645,128,9,26
17307,24875,6899,60,1,37
17308,20172,13585,39,6,74
17309,21004,9102,133,6,86
17310,22904,18589,36,6,33
17311,10414,8908,6,0,52
17312,179,21217,64,2,81
17313,11088,21847,19,7,39
17314,15847,22532,122,8,3
17315,2185,23166,100,7,25
17316,18690,7345,138,4,76
17317,20637,23204,68,2,20
17318,21309,10358,124,6,25
17319,12835,22155,91,6,61
17320,15446,23308,5,7,21
17321,20421,19844,45,7,40
17322,9861,6973,17,5,74
17323,2988,15991,1,6,81
17324,22066,18063,28,1,70
17325,24020,7586,65,6,49
17326,1913,18435,32,1,89
17327,24033,24231,115,1,40
17328,14124,17824,144,2,45
17329,17989,17117,4,9,56
17330,6078,5141,30,7,8
17331,19207,12243,73,0,89
17332,14547,11986,67,4,76
17333,5833,1612,89,1,65
17334,8145,6159,3,4,9
17335,22183,9706,20,3,14
17336,4489,19456,115,1,43
17337,18740,8853,80,4,89
17338,5971,13442,102,6,68
17339,10863,4883,127,9,53
17340,14030,19728,117,2,30
17341,23012,20134,142,4,69
17342,23706,2034,32,8,4
17343,17519,13823,108,7,20
17344,21259,12643,65,6,51
17345,15019,9891,143,8,39
17346,13084,3590,84,4,6
17347,18984,22503,105,8,82
17348,1771,16910,122,0,44
17349,15735,18140,106,6,24
17350,1035,21577,102,6,88
17351,15116,2782,38,1,32
17352,21930,14899,68,9,4
17353,12321,20198,9,8,38
17354,2053,4631,91,2,1
17355,5397,21056,76,4,72
17356,5150,2948,65,5,18
17357,5537,2467,52,8,89
17358,2634,12650,143,5,55
17359,23041,22425,64,8,88
17360,13853,2819,51,2,84
17361,23879,2791,84,5,74
17362,4449,20311,112,1,55
17363,193,20489,72,0,56
17364,18143,21528,73,0,53
17365,14384,23798,110,9,24
17366,23969,7253,45,6,84
17367,16131,12185,137,9,56
17368,22751,9302,114,6,59
17369,23234,23516,2,0,0
17370,15250,14599,59,6,30
17371,8978,21748,25,8,68
17372,17112,10083,80,4,45
17373,13024,14098,143,2,7
17374,24859,10106,36,5,55
17375,10427,18046,81,1,64
17376,2535,4825,27,2,56
17377,22170,2354,21,5,10
17378,6666,6534,142,9,42
17379,11004,14098,53,8,67
17380,11267,2845,41,3,36
17381,6102,3841,93,5,83
17382,11925,19238,38,1,18
17383,15010,6571,7,2,46
17384,8246,873,137,3,14
17385,2570,10266,104,6,88
17386,11628,19593,93,0,64
17387,1172,13188,4,5,84
17388,22199,19747,107,9,86
17389,20473,15009,139,5,31
17390,6097,19601,65,2,65
17391,14168,8002,69,6,19
17392,20449,10868,12,5,38
17393,7531,6973,8,5,19
17394,10576,18604,21,2,31
17395,10469,9098,135,9,81
17396,16049,18871,108,1,78
17397,866,11055,7,6,63
17398,14955,20247,87,7,59
17399,23102,14405,142,4,80
17400,14472,22550,106,0,23
17401,17295,16660,70,8,34
17402,4237,15105,94,4,32
17403,19737,865,18,4,85
17404,8237,3600,49,0,1
17405,7729,23947,20,4,84
17406,7466,19595,78,1,66
17407,7335,5838,66,3,28
17408,12788,16259,27,6,60
17409,13028,15536,36,7,83
17410,3238,6996,110,4,27
17411,23562,7572,139,6,42
17412,5712,19211,31,6,89
17413,21709,6139,54,6,13
17414,14814,17311,67,5,31
17415,23995,7553,10,6,16
17416,19469,18822,98,5,4
17417,23193,4395,96,8,2
17418,10857,2340,124,0,26
17419,9143,17900,39,9,80
17420,21766,8144,137,1,27
17421,9472,18503,72,2,51
17422,277,23934,16,5,42
17423,8604,8494,57,4,35
17424,6472,10370,136,5,35
17425,15205,21063,11,3,49
17426,6591,7976,63,4,34
17427,12370,2854,99,4,51
17428,22548,1589,19,5,6
17429,7372,15356,65,0,68
17430,8837,21765,94,1,77
17431,21143,10603,13,2,38
17432,14036,21120,65,2,15
17433,6281,24888,41,8,27
17434,17751,23107,67,9,44
17435,7177,86,145,8,43
17436,10344,24713,1,5,12
17437,2484,4037,2,0,63
17438,925,2879,133,7,29
17439,5406,13670,64,4,10
17440,12109,4576,29,5,69
17441,10331,3645,41,9,12
17442,17425,4587,57,0,25
17443,5508,2301,65,5,58
17444,17603,3086,98,9,81
17445,5499,12443,126,7,8
17446,2797,12681,46,9,83
17447,6446,22611,28,3,30
17448,18177,15643,67,2,38
17449,17474,18313,47,7,45
17450,11316,24110,40,8,81
17451,13560,11071,107,1,54
17452,13027,6077,143,1,16
17453,14591,6441,4,3,1
17454,23468,8294,61,4,87
17455,14067,20056,86,8,40
17456,5376,16969,54,0,58
17457,24167,16015,31,9,24
17458,23583,22259,103,4,67
17459,17674,3860,24,4,82
17460,4178,880,45,0,86
17461,23734,18898,80,3,63
17462,1639,19213,48,9,27
17463,15796,11022,18,0,64
17464,24890,6233,19,0,10
17465,8390,4348,44,9,5
17466,11807,22171,46,0,79
17467,18596,16865,95,2,33
17468,19726,2030,58,8,75
17469,9299,5665,75,7,62
17470,202,22149,46,1,17
17471,10839,8036,116,8,38
17472,8105,10722,118,0,11
17473,2184,21105,101,7,82
17474,10456,11392,72,6,69
17475,8037,7444,77,3,55
17476,10144,7953,100,5,39
17477,17451,243,74,9,29
17478,2718,22176,139,1,3
17479,22703,2108,17,3,83
17480,24826,5830,32,5,42
17481,15747,6606,32,9,62
17482,21898,24612,96,4,52
17483,20434,16466,53,7,20
17484,16973,23022,44,6,77
17485,16208,11550,34,2,29
17486,10069,24433,10,6,7
17487,19069,23253,142,7,48
17488,21328,21267,122,1,45
17489,11068,4065,141,8,41
17490,15630,6256,96,1,16
17491,18698,10349,81,1,37
17492,9107,2067,116,1,42
17493,24457,4100,31,2,23
17494,3776,15626,5,7,8
17495,4795,5767,56,9,80
17496,23238,2178,104,4,49
17497,10104,22142,7,4,49
17498,23728,6274,127,6,18
17499,20434,5516,80,9,55
17500,13921,9846,85,3,21
17501,2693,18775,96,3,60
17502,14326,19928,7,5,66
17503,63,24447,2,6,65
17504,21276,10360,100,4,4
17505,17707,19891,128,6,21
17506,12808,9945,100,2,26
17507,1146,9147,6,7,70
17508,24994,22807,42,0,86
17509,14061,13221,74,1,18
17510,14842,3523,9,8,83
17511,21929,15190,68,9,85
17512,17486,23471,72,3,17
17513,10420,21769,120,5,27
17514,7409,18222,34,0,23
17515,11141,22935,60,9,73
17516,20893,2575,13,8,53
17517,24723,2188,84,1,76
17518,9335,12581,148,9,36
17519,19323,6837,43,7,43
17520,10571,2829,62,3,78
17521,3884,10757,91,8,87
17522,19481,16000,125,9,22
17523,11485,14739,28,9,86
17524,24210,18892,113,9,53
17525,19495,15730,147,3,70
17526,8680,1337,17,0,15
17527,1833,10310,148,1,54
17528,7658,21234,103,3,27
17529,1019,21425,5,1,75
17530,342,11507,74,5,79
17531,18618,5422,49,5,54
17532,3808,15695,3,5,66
17533,21539,14754,36,3,61
17534,16051,23957,123,3,0
17535,2525,20317,83,0,64
17536,23791,12838,123,7,37
17537,20534,16864,123,6,61
17538,4015,23677,14,0,42
17539,16173,11970,126,0,83
17540,8424,22390,136,4,44
17541,23657,2302,132,7,81
17542,15702,18440,108,6,41
17543,367,12443,111,2,88
17544,11829,24580,26,0,80
17545,13763,9766,64,1,41
17546,16878,9421,10,6,88
17547,24397,23936,88,2,3
17548,12226,1637,52,6,4
17549,6464,6330,84,3,25
17550,22258,5273,12,1,37
17551,11184,705,111,3,22
17552,6345,23689,80,4,73
17553,24615,12873,78,9,75
17554,10177,23273,53,4,65
17555,18341,14507,109,5,0
17556,7953,302,47,9,78
17557,267,2772,27,9,86
17558,5942,21661,87,6,74
17559,22466,7998,140,7,21
17560,24328,13881,49,6,84
17561,2702,836,69,2,7
17562,18222,13116,143,3,18
17563,9835,15452,14,2,48
17564,10052,16207,137,1,0
17565,3472,3704,138,7,81
17566,5959,10070,36,2,1
17567,21153,18216,22,9,51
17568,19289,16116,13,2,11
17569,22150,5763,53,4,18
17570,10142,23043,137,0,14
17571,16775,11068,135,6,17
17572,14450,15754,1,2,38
17573,8723,9686,31,6,51
17574,1599,13995,102,1,52
17575,16899,22129,124,8,13
17576,9162,21731,94,9,57
17577,5039,1342,102,4,89
17578,1789,15670,27,7,58
17579,5133,17545,87,5,89
17580,22623,3028,66,2,11
17581,9929,11138,89,5,80
17582,17826,10724,118,1,9
17583,13028,14602,40,2,20
17584,10002,21879,77,4,11
17585,20096,5223,131,0,14
17586,4083,18605,18,1,1
17587,24368,13797,107,6,25
17588,17292,5742,127,8,34
17589,20459,19880,16,8,72
17590,3482,13779,136,6,67
17591,22566,1132,4,4,39
17592,3281,12009,91,8,50
17593,12044,15217,55,9,11
17594,1748,6450,96,2,74
17595,14399,11450,89,3,89
17596,22696,4337,65,4,32
17597,17308,9066,147,5,12
17598,646,13667,79,4,41
17599,20156,2779,81,6,33
17600,23920,8434,72,0,61
17601,20916,8167,144,3,41
17602,24063,3371,78,1,16
17603,8855,20504,13,7,22
17604,14466,22492,24,7,86
17605,17377,14673,38,4,27
17606,19657,4779,51,8,48
17607,1178,21941,103,7,35
17608,14445,6191,122,7,7
17609,10213,18774,109,0,23
17610,15838,18583,112,0,68
17611,19438,19709,120,9,36
17612,2932,9850,138,2,88
17613,7120,20269,115,5,32
17614,24947,5202,52,8,19
17615,18965,6259,82,0,55
17616,2322,5405,144,6,6
17617,11035,1321,129,3,82
17618,22725,8695,137,1,69
17619,15693,1453,146,8,15
17620,14234,14493,146,1,68
17621,10685,6886,127,1,61
17622,2132,12475,58,6,63
17623,21261,14674,92,3,83
17624,1598,19713,55,9,79
17625,15162,17881,141,2,64
17626,14248,20798,95,6,4
17627,20901,3864,129,8,79
17628,8752,11252,40,7,16
17629,5801,2157,49,9,53
17630,13485,24074,99,5,15
17631,4152,15532,100,9,12
17632,20570,14841,65,6,54
17633,4809,2458,19,0,78
17634,1468,23008,37,7,26
17635,22807,23795,54,5,13
17636,18925,8680,148,9,45
17637,10005,15200,15,9,26
17638,6579,24028,52,0,85
17639,16036,10402,104,0,0
17640,7106,19204,93,6,47
17641,4306,21637,135,0,12
17642,21147,11056,71,8,65
17643,16114,2800,64,0,21
17644,4865,8678,124,9,87
17645,4311,5584,22,2,52
17646,5286,23511,70,2,66
17647,13426,21626,91,3,68
17648,5287,18632,40,2,8
17649,10524,3815,17,8,77
17650,13729,6977,29,4,50
17651,6897,14621,22,8,82
17652,9096,18852,143,5,4
17653,6894,20285,111,9,80
17654,12323,9841,32,3,70
17655,23955,19208,2,1,72
17656,6714,5657,113,5,22
17657,15485,6069,113,5,1
17658,24248,9901,50,5,66
17659,24267,23336,9,4,44
17660,14141,10420,80,9,62
17661,15006,3680,30,7,83
17662,22385,19903,2,7,25
17663,13377,22644,123,3,29
17664,16299,21580,32,3,81
17665,6263,18555,51,0,48
17666,21295,13079,39,8,76
17667,12535,6958,34,7,84
17668,6410,21503,35,9,42
17669,22092,19301,89,6,61
17670,6847,21423,127,3,85
17671,13630,18982,87,6,31
17672,2020,13197,105,0,89
17673,734,15024,141,7,15
17674,16584,9762,42,2,9
17675,13473,12857,43,6,78
17676,10170,17765,55,0,62
17677,4409,19210,127,4,10
17678,6550,9403,82,9,58
17679,1323,5542,130,7,45
17680,10000,18355,36,5,86
17681,11610,22229,10,6,68
17682,2600,21717,106,3,1
17683,8729,2737,18,9,0
17684,7013,23239,69,4,72
17685,18601,1872,142,8,2
17686,9141,7108,62,0,66
17687,15794,4691,22,9,2
17688,20731,16209,149,3,78
17689,18227,18784,107,8,44
17690,10845,8574,113,3,37
17691,11204,10678,13,2,31
17692,1638,2143,19,1,37
17693,5225,1395,57,3,2
17694,23543,6897,32,5,70
17695,14068,21685,95,3,6
17696,10582,15685,81,8,74
17697,23246,14046,63,5,32
17698,10561,19659,131,3,64
17699,18980,3568,139,1,1
17700,22729,13898,50,4,72
17701,22035,23507,82,9,77
17702,12147,11105,16,9,12
17703,11528,13570,43,1,63
17704,15874,15030,141,0,70
17705,13342,9635,17,3,9
17706,19230,12010,149,2,81
17707,11564,15178,24,0,41
17708,8641,8160,105,3,14
17709,2214,7229,127,6,55
17710,19315,12880,136,5,38
17711,18724,11444,83,6,74
17712,12937,12888,115,2,67
17713,5379,2442,142,6,62
17714,18033,5004,45,9,52
17715,14315,3688,67,2,38
17716,19095,5236,131,5,78
17717,24840,14633,119,5,31
17718,19854,7479,71,2,27
17719,24806,18494,96,1,7
17720,19066,2716,47,4,51
17721,15245,17759,120,1,51
17722,15847,8744,100,3,33
17723,11467,11471,139,7,76
17724,7246,19988,123,4,39
17725,17100,4598,36,4,35
17726,11326,6527,73,8,17
17727,18343,14644,140,9,38
17728,11017,8146,68,9,19
17729,125,9107,128,8,2
17730,3988,944,24,8,64
17731,19632,16265,140,2,2
17732,20003,19057,121,8,4
17733,19739,3724,10,1,83
17734,17378,18619,62,9,76
17735,15805,24486,114,9,43
17736,4964,20142,28,7,8
17737,24962,18723,28,7,18
17738,23086,12828,135,3,37
17739,9963,13154,8,4,81
17740,19983,9022,38,6,81
17741,9109,18227,98,1,11
17742,18147,20820,40,3,27
17743,22797,2773,96,1,28
17744,5311,16574,91,4,71
17745,13922,20024,113,9,88
17746,14578,2061,61,9,15
17747,18713,15853,18,8,47
17748,14321,73,31,6,73
17749,10664,13993,79,9,46
17750,6294,11441,126,1,12
17751,19165,22348,141,9,79
17752,11908,6711,113,1,26
17753,17552,12810,101,5,47
17754,3255,23972,65,4,61
17755,10332,21772,137,1,51
17756,2262,10833,126,5,48
17757,24446,22458,132,2,25
17758,13901,1390,65,4,45
17759,21734,7410,110,6,43
17760,2770,16739,127,1,18
17761,12969,7431,66,8,17
17762,21021,20422,64,5,62
17763,8077,10146,18,8,44
17764,16888,12002,9,0,69
17765,4352,7937,63,3,46
17766,23149,11417,122,7,64
17767,6377,3698,118,4,66
17768,1279,2550,43,0,24
17769,965,5781,145,8,39
17770,393,1691,53,6,80
17771,10551,3997,64,9,11
17772,17022,507,68,5,61
17773,1460,14715,68,1,35
17774,15568,16460,10,6,51
17775,24495,7646,32,8,57
17776,14675,2569,111,6,5
17777,11936,5396,71,6,73
17778,21443,13103,65,5,8
17779,7628,14123,18,9,87
17780,4712,16056,115,2,37
17781,15240,18362,68,7,66
17782,5546,2616,149,2,56
17783,19089,10503,11,2,89
17784,21579,4847,57,4,28
17785,809,17254,54,6,77
17786,5668,14133,141,6,26
17787,12511,23566,42,1,65
17788,787,657,99,4,21
17789,601,3928,136,0,40
17790,22355,11206,103,8,20
17791,18731,7026,56,6,70
17792,19622,19315,50,7,15
17793,1096,18073,106,3,85
17794,8040,2646,80,8,15
17795,22517,21976,14,8,45
17796,9276,3121,71,6,0
17797,1921,13721,129,4,68
17798,24836,22695,4,2,45
17799,14835,6797,47,7,55
17800,16301,15964,1,6,46
17801,17234,12888,128,7,61
17802,11754,9721,74,8,86
17803,8526,7077,76,5,23
17804,17531,12262,75,0,2
17805,13460,172,105,8,37
17806,17200,5001,110,2,60
17807,13092,7657,111,8,5
17808,1538,18863,77,7,19
17809,20912,5932,98,9,36
17810,4303,5091,106,7,35
17811,15262,2515,120,2,6
17812,355,10524,61,6,78
17813,8061,22571,32,1,75
17814,23944,4395,37,9,35
17815,23769,1491,8,4,76
17816,1351,1084,68,7,53
17817,2129,448,130,8,39
17818,736,4704,17,1,35
17819,13977,11589,29,5,35
17820,1884,19525,63,2,81
17821,24948,22845,142,4,47
17822,3132,11546,42,6,39
17823,5398,14578,67,5,20
17824,4262,8511,88,4,1
17825,12614,22700,83,4,17
17826,23756,21218,87,7,25
17827,3677,16525,125,3,77
17828,5342,13077,63,8,78
17829,480,421,24,4,82
17830,7944,17327,147,5,81
17831,10366,6464,77,1,24
17832,1521,9168,33,2,40
17833,7642,15460,121,2,73
17834,22705,14389,143,1,47
17835,694,2507,113,4,14
17836,8213,24160,93,8,81
17837,11831,131,135,1,39
17838,484,1303,36,2,0
17839,7693,6569,129,8,18
17840,21766,6933,67,4,36
17841,21202,21723,21,6,36
17842,8864,7476,130,7,72
17843,24190,23395,55,2,87
17844,15249,17730,91,5,89
17845,15345,6002,117,2,13
17846,13416,6856,45,0,72
17847,3558,16573,139,3,50
17848,6654,16376,27,6,4
17849,15016,22177,114,3,67
17850,383,24874,115,4,2
17851,21619,15265,100,9,60
17852,12328,13404,64,2,66
17853,23413,21831,61,2,13
17854,5227,21222,21,8,74
17855,14971,9952,137,6,27
17856,3384,7223,87,5,61
17857,14609,7517,21,0,69
17858,529,5602,145,9,88
17859,7696,3500,119,4,17
17860,209,1828,124,5,24
17861,9430,9086,99,1,76
17862,21422,13938,118,9,71
17863,24509,18310,68,4,75
17864,22671,14570,41,6,79
17865,9593,17139,6,0,40
17866,15975,7426,71,4,68
17867,7062,16981,135,6,18
17868,2965,12749,110,7,26
17869,15691,19291,54,7,76
17870,22308,12661,99,2,72
17871,13972,10392,86,3,14
17872,16454,2949,142,5,83
17873,22131,23756,16,4,29
17874,6529,17482,76,7,43
17875,23825,23978,104,1,2
17876,1046,8306,38,8,87
17877,22999,4907,110,1,41
17878,21331,16340,80,8,9
17879,23134,15413,31,8,72
17880,23976,17476,53,4,66
17881,21358,7059,108,3,14
17882,24523,14049,16,1,70
17883,977,19635,21,3,16
17884,17343,17520,122,3,68
17885,2752,15922,124,1,2
17886,285,19847,146,0,14
17887,9683,6606,98,8,3
17888,431,17105,61,5,20
17889,20908,6161,3,6,6
17890,12620,15304,43,9,85
17891,8636,12487,75,6,35
17892,10105,7575,87,9,24
17893,12731,11833,64,5,61
17894,22031,15255,138,9,63
17895,17599,21306,13,2,48
17896,478,12186,67,7,88
17897,12793,9530,6,8,35
17898,24273,10448,22,3,81
17899,17950,8084,100,7,72
17900,4245,20200,8,8,66
17901,4700,531,128,8,3
17902,17044,181,149,9,83
17903,17752,7586,71,8,73
17904,2315,23212,104,0,50
17905,21914,5642,45,5,11
17906,23377,3036,143,5,41
17907,4392,11644,73,4,89
17908,17306,2054,145,8,64
17909,16941,18877,79,2,3
17910,11366,18667,106,1,4
17911,12303,17191,67,9,17
17912,24913,15730,61,1,80
17913,14542,12018,9,9,1
17914,3539,10521,75,6,13
17915,3754,16689,71,3,2
17916,20891,23508,97,3,59
17917,19534,18281,144,6,19
17918,9857,7552,124,8,52
17919,597,6260,3,9,5
17920,12256,9951,137,3,21
17921,8056,23491,24,6,67
17922,8757,24998,25,1,6
17923,8745,20657,36,2,50
17924,2855,16719,63,9,25
17925,20216,22513,34,4,11
17926,17349,19946,11,2,48
17927,18752,1994,34,0,47
17928,17948,24966,132,2,15
17929,1510,3189,16,0,29
17930,15499,6917,25,4,3
17931,3958,22017,72,9,36
17932,14055,24544,3,3,46
17933,753,16145,97,0,18
17934,16803,18796,33,7,27
17935,17869,16598,58,5,85
17936,6299,15592,30,8,44
17937,8833,16521,120,8,17
17938,19127,23057,15,8,2
17939,8201,21582,111,9,86
17940,21751,5659,107,7,38
17941,20844,1236,137,6,39
17942,198,15699,92,2,19
17943,16747,15117,113,3,39
17944,12299,19893,129,5,23
17945,22498,23373,8,2,32
17946,14854,11460,101,6,19
17947,3836,22949,96,4,64
17948,14564,13281,132,0,78
17949,2672,24750,74,0,87
17950,14659,13855,57,1,50
17951,3782,11709,61,7,15
17952,1856,9915,74,3,24
17953,19592,14932,44,6,0
17954,10712,24157,37,4,59
17955,12975,516,44,9,14
17956,18575,19051,104,9,84
17957,19897,12743,140,8,8
17958,18484,2993,32,4,16
17959,22456,5958,67,7,21
17960,3105,20834,127,7,25
17961,14172,4245,1,0,24
17962,9075,16345,2,1,29
17963,24217,10178,108,3,59
17964,19140,23996,58,5,43
17965,21407,8992,129,6,59
17966,14477,9284,27,7,61
17967,16538,12854,124,1,10
17968,6435,14826,136,9,86
17969,1415,3070,21,8,82
17970,7991,24579,53,3,84
17971,3767,17196,66,2,45
17972,5606,22644,4,1,44
17973,19729,4393,59,6,66
17974,1007,12914,112,1,2
17975,16179,7439,81,3,65
17976,23785,22369,138,8,54
17977,17719,12843,23,2,4
17978,9173,18055,92,5,22
17979,11293,21380,45,7,7
17980,12256,5776,41,1,66
17981,15911,17197,120,0,3
17982,3108,22279,105,4,9
17983,13576,12633,6,0,79
17984,6357,1519,127,6,3
17985,4285,10978,146,3,81
17986,8934,15481,144,1,34
17987,3834,11030,70,6,6
17988,3143,10946,66,6,86
17989,1421,9329,33,8,58
17990,10645,4405,97,6,24
17991,21381,10332,52,2,5
17992,2217,12953,54,9,0
17993,6044,17311,84,0,80
17994,609,18864,90,5,72
17995,14395,9249,85,9,12
17996,5035,8600,13,7,19
17997,19256,12035,141,7,79
17998,16212,2695,122,2,6
17999,549,10643,44,2,69
18000,21860,20679,114,7,19
18001,20136,1073,58,2,70
18002,20966,21014,42,9,52
18003,10121,2899,138,7,1
18004,6440,24016,89,1,49
18005,227,14399,56,8,52
18006,9632,14680,147,1,18
18007,17530,8794,2,4,26
18008,12577,9899,144,4,77
18009,6107,3374,74,0,39
18010,10358,15848,133,6,3
18011,13544,8472,54,4,31
18012,18785,6808,64,0,17
18013,23640,4585,138,4,4
18014,21034,7777,68,8,29
18015,6198,642,37,8,77
18016,3954,8585,7,4,65
18017,15627,7685,18,6,85
18018,23778,3181,85,7,2
18019,1938,24038,98,4,49
18020,19925,23866,96,1,46
18021,13971,22209,19,0,79
18022,21987,5073,83,1,42
18023,23671,2375,131,0,81
18024,5715,5294,8,8,30
18025,16948,15451,21,0,16
18026,12583,4427,146,9,20
18027,7740,9036,118,8,78
18028,3199,16023,87,5,50
18029,11618,20295,35,3,78
18030,19011,19859,86,8,41
18031,2984,22451,108,7,56
18032,21402,6238,100,5,57
18033,190,24218,146,0,85
18034,5416,14144,121,6,29
18035,24923,36,22,2,43
18036,11587,8327,148,6,23
18037,4167,17198,43,8,27
18038,14972,6199,127,8,18
18039,23381,24168,130,9,84
18040,5363,19839,55,2,49
18041,21989,4305,38,7,53
18042,5010,10600,129,2,40
18043,2604,1318,147,0,11
18044,24650,18630,85,4,16
18045,15619,4548,33,7,40
18046,11609,14885,71,1,12
18047,21983,17598,27,8,79
18048,5729,6870,69,4,22
18049,6092,1103,50,2,56
18050,18846,647,106,0,16
18051,11490,4591,136,2,79
18052,16600,10453,89,0,89
18053,11829,2909,100,5,30
18054,6085,23842,54,5,73
18055,11655,3932,110,9,72
18056,14113,21579,71,9,50
18057,6972,7104,39,3,21
18058,18119,19339,105,8,39
18059,20845,19239,112,7,7
18060,4237,17349,60,7,24
18061,19780,19839,118,5,41
18062,14966,22635,128,9,4
18063,13778,11672,15,2,55
18064,13227,4597,110,4,75
18065,2203,21405,0,5,3
18066,6044,5040,103,0,8
18067,5682,6575,140,7,80
18068,24728,16795,71,7,44
18069,14414,1337,139,2,52
18070,5001,11697,15,7,57
18071,21211,12472,10,2,56
18072,17096,4109,101,8,89
18073,13130,6193,4,8,12
18074,24767,14668,111,9,59
18075,16197,11109,9,2,8
18076,5036,1702,19,6,71
18077,5089,13221,126,5,73
18078,13619,15017,13,1,43
18079,18508,21659,13,4,65
18080,15328,16427,104,9,23
18081,1842,21595,63,5,6
18082,13632,7125,136,1,20
18083,12399,9593,24,5,58
18084,5609,24372,1,7,69
18085,11849,19739,66,9,3
18086,17161,4537,128,1,61
18087,23036,3159,85,8,48
18088,13677,7864,85,6,72
18089,18995,17227,39,3,56
18090,14643,12072,31,9,10
18091,17351,18206,48,6,33
18092,8998,12445,108,9,24
18093,61,14353,104,2,39
18094,8890,18953,18,9,33
18095,23114,9000,94,0,74
18096,8487,4312,94,3,65
18097,20364,3291,125,0,57
18098,17963,16424,115,7,15
18099,21991,14470,95,3,51
18100,375,1097,77,6,84
18101,24551,7061,132,1,81
18102,17444,3762,144,2,72
18103,19523,15187,2,7,15
18104,20183,14981,145,2,49
18105,5856,10409,69,5,49
18106,17122,23074,127,6,55
18107,1769,17345,68,8,32
18108,20707,16007,42,7,22
18109,15774,7721,128,8,62
18110,1052,17362,147,4,61
18111,864,21687,58,2,44
18112,18089,16795,135,8,62
18113,17135,7640,92,8,61
18114,17020,12055,97,9,33
18115,7572,11693,146,8,69
18116,103,22687,27,7,28
18117,10436,11577,107,2,35
18118,1952,9010,72,0,8
18119,4643,24808,122,9,76
18120,13902,15150,123,7,67
18121,15268,7054,0,6,10
18122,11174,7570,98,7,42
18123,16412,14249,5,8,57
18124,7310,17489,44,9,88
18125,19963,24908,80,5,33
18126,18264,10502,6,8,77
18127,12828,9575,47,0,85
18128,18289,21687,59,1,16
18129,10183,20702,59,2,71
18130,10736,16557,23,2,32
18131,12313,15211,81,7,1
18132,6168,9051,24,8,72
18133,7735,17043,139,0,67
18134,14667,24972,19,7,79
18135,1856,3285,102,4,64
18136,23153,12280,12,6,24
18137,9444,20999,32,8,34
18138,6863,8414,22,4,0
18139,12893,19638,24,6,59
18140,7896,18271,78,4,34
18141,1014,23283,33,7,24
18142,21703,15806,48,5,87
18143,157,3762,55,1,20
18144,18362,19228,119,6,74
18145,23932,18947,146,4,52
18146,21845,6379,109,9,87
18147,1884,16904,96,0,22
18148,12082,3600,149,1,64
18149,8959,22650,78,3,26
18150,16304,5463,9,2,58
18151,24681,5661,5,7,79
18152,21413,9446,63,7,3
18153,2323,5125,128,0,66
18154,501,5687,141,6,11
18155,17145,7527,37,5,43
18156,17630,3379,131,3,84
18157,14745,13989,0,6,7
18158,4638,19339,35,3,14
18159,3231,21224,100,6,52
18160,6051,7591,41,8,53
18161,19338,6682,39,3,69
18162,8311,4222,54,3,5
18163,14265,15969,71,8,79
18164,23098,4576,53,4,82
18165,648,9299,36,8,50
18166,5040,2981,1,6,21
18167,11005,24266,146,2,6
18168,24548,13327,56,5,13
18169,16399,24442,107,0,7
18170,15781,13927,28,6,74
18171,11289,9258,93,4,35
18172,21306,3531,5,1,45
18173,9935,7104,100,6,89
18174,19208,19565,58,0,82
18175,14471,11235,126,5,56
18176,11978,23558,78,1,75
18177,1148,24795,11,4,75
18178,21996,15059,75,7,51
18179,7568,15680,24,0,45
18180,1635,21392,137,2,21
18181,15319,15075,132,4,69
18182,15586,8282,32,5,44
18183,19715,5788,70,9,40
18184,10498,22691,122,6,10
18185,12317,2464,13,5,18
18186,185,11594,43,0,27
18187,12092,10426,118,7,81
18188,19235,9751,82,9,80
18189,19306,14104,82,6,64
18190,368,13884,31,1,66
18191,3864,8092,61,1,68
18192,8892,22522,71,1,77
18193,531,12056,121,7,54
18194,21771,9297,93,2,8
18195,23384,20452,42,9,85
18196,13042,11129,93,6,19
18197,8464,21987,134,9,49
18198,9760,3402,21,8,66
18199,19002,16270,68,6,66
18200,19033,22269,96,5,75
18201,15541,20641,41,4,82
18202,22579,19385,1,4,73
18203,9576,14442,87,5,59
18204,18106,7445,86,4,36
18205,24903,24423,98,6,59
18206,18044,6203,48,5,42
18207,17672,24733,1,6,85
18208,16812,24224,39,2,58
18209,9331,24038,40,9,40
18210,1824,10022,13,1,51
18211,19844,5348,93,7,7
18212,14165,17545,85,1,68
18213,7373,11938,3,7,46
18214,5554,14510,14,7,29
18215,3334,16605,25,1,46
18216,6303,18471,63,0,72
18217,22444,8911,133,6,74
18218,17004,215,142,5,30
18219,4475,19106,80,0,50
18220,15906,5767,129,2,56
18221,2178,195,106,0,87
18222,12500,4780,116,7,51
18223,20004,8216,88,2,23
18224,4108,18821,80,9,57
18225,22614,15154,30,4,49
18226,1005,1519,123,3,62
18227,17768,22783,124,1,86
18228,6873,23336,111,5,15
18229,10341,3741,3,5,86
18230,23996,228,52,8,30
18231,18462,2362,86,2,36
18232,17865,14703,35,2,50
18233,23473,3102,6,8,44
18234,11731,16553,5,8,17
18235,20783,1423,146,6,55
18236,20154,1243,39,8,35
18237,23125,5364,80,4,19
18238,5850,11351,105,7,38
18239,24292,2838,25,6,60
18240,18202,11256,82,8,23
18241,21594,16499,116,8,50
18242,14627,20720,129,3,22
18243,7488,24513,83,1,71
18244,18970,12672,56,7,32
18245,10338,544,113,4,70
18246,16869,3127,22,9,43
18247,3574,20129,148,5,38
18248,14217,17642,17,4,42
18249,7986,12683,55,3,3
18250,13236,19402,4,0,51
18251,21205,17633,5,2,69
18252,1019,17746,110,6,41
18253,14801,6023,92,6,73
18254,13760,22158,14,0,24
18255,12494,9664,4,0,0
18256,5181,3720,25,6,66
18257,257,9395,10,3,81
18258,14132,641,29,5,88
18259,5861,992,144,6,46
18260,14633,23257,99,4,77
18261,24533,5226,46,1,12
18262,22639,12855,46,8,49
18263,4932,10030,71,3,20
18264,9827,22820,46,1,46
18265,19922,2910,82,2,59
18266,17565,21423,131,3,65
18267,14313,22492,133,6,61
18268,2034,8654,68,0,2
18269,23682,100,69,3,73
18270,22216,1069,46,8,76
18271,14690,22190,112,0,70
18272,13433,21784,41,4,77
18273,10827,21927,63,9,55
18274,6124,19785,45,8,66
18275,16586,23035,147,3,64
18276,8737,1184,34,2,76
18277,14333,19062,108,0,72
18278,14852,1430,89,1,52
18279,11609,1971,37,2,12
18280,3636,22793,114,6,19
18281,21630,12948,29,2,5
18282,22742,9675,81,4,57
18283,14312,17276,31,8,86
18284,8318,3317,38,8,86
18285,18861,19437,109,0,10
18286,668,17764,73,2,24
18287,7485,17521,131,3,78
18288,21294,20546,121,7,58
18289,14028,362,35,7,52
18290,15300,5645,9,0,48
18291,20264,8086,100,0,45
18292,723,11113,131,2,53
18293,5887,23575,69,2,58
18294,9945,23457,98,5,15
18295,1426,23169,16,3,65
18296,1135,11300,81,4,71
18297,224,21415,80,1,15
18298,7889,3044,140,4,17
18299,21557,8611,147,8,2
18300,16274,18290,20,5,66
18301,11940,3725,142,1,76
18302,8633,15469,36,3,69
18303,22754,23382,132,9,54
18304,14847,12128,136,7,72
18305,21538,17983,149,0,48
18306,1983,7211,14,4,14
18307,6749,9716,113,1,10
18308,19248,471,84,7,11
18309,13237,20712,94,3,10
18310,23577,4547,12,1,5
18311,12169,12427,133,4,50
18312,3951,4765,140,6,69
18313,23890,23593,76,1,80
18314,1862,14682,29,0,68
18315,23717,17613,70,5,87
18316,21367,15142,4,0,11
18317,16511,11765,18,8,65
18318,15510,12675,76,3,68
18319,15324,22014,47,4,24
18320,2760,20565,13,4,87
18321,1416,6700,120,0,50
18322,20890,21951,10,4,59
18323,9775,134,30,9,34
18324,10033,22991,84,3,28
18325,4894,18137,128,6,18
18326,10028,22648,88,0,84
18327,11171,1949,136,6,58
18328,14939,5343,53,5,13
18329,628,1623,42,9,60
18330,8704,10269,145,6,46
18331,6536,24094,77,9,38
18332,11772,10462,100,5,51
18333,3640,24163,21,2,2
18334,17146,22261,142,6,20
18335,10438,15309,88,3,22
18336,24818,6966,87,9,11
18337,11302,24218,46,3,47
18338,24082,19796,28,3,2
18339,9665,6114,98,8,22
18340,9532,16174,12,8,89
18341,23901,24080,29,3,31
18342,12003,8340,112,7,18
18343,8593,5348,6,9,75
18344,6726,20331,115,1,35
18345,20601,364,110,0,6
18346,7062,9552,22,7,59
18347,20143,16999,72,7,24
18348,12872,13190,143,5,48
18349,12004,11198,9,7,64
18350,18197,4327,44,4,65
18351,22533,7383,76,3,50
18352,19359,8311,14,7,10
18353,14684,3579,116,5,17
18354,3870,24922,51,9,40
18355,9334,22156,144,4,33
18356,973,21060,62,6,44
18357,7981,13928,65,3,68
18358,1505,9991,126,6,10
18359,9641,22681,91,3,37
18360,822,6824,24,9,86
18361,6520,13825,73,3,52
18362,17711,1658,116,8,57
18363,2921,19561,41,5,82
18364,6601,14960,105,5,86
18365,18736,24047,73,7,7
18366,24895,13896,144,5,44
18367,5008,3938,56,2,47
18368,24108,12612,105,5,45
18369,18395,3819,42,9,9
18370,24946,2001,26,0,29
18371,11696,13022,37,4,55
18372,14247,7059,120,5,55
18373,501,24197,133,3,80
18374,20038,16434,127,4,29
18375,13395,1841,92,1,57
18376,13907,12489,78,5,39
18377,13216,1875,62,4,86
18378,22707,18796,114,5,45
18379,18409,10044,17,7,88
18380,15619,2497,73,9,18
18381,2774,5590,0,0,38
18382,19979,4347,140,7,30
18383,20848,17540,51,4,10
18384,11744,24228,122,3,2
18385,24196,17786,36,5,16
18386,17386,1379,145,4,46
18387,17589,8200,118,8,85
18388,16460,861,39,0,28
18389,8319,12484,101,0,17
18390,19677,24110,49,9,39
18391,12272,1454,63,5,7
18392,15472,3168,87,7,66
18393,23747,6885,15,4,49
18394,919,3656,132,7,4
18395,14225,2953,11,3,78
18396,9181,22501,132,6,23
18397,15244,7683,133,4,18
18398,8685,14560,46,1,26
18399,19922,3791,148,0,87
18400,17110,17419,6,1,52
18401,11089,1466,78,3,35
18402,23978,3217,125,0,41
18403,20913,15631,84,1,29
18404,362,11796,9,1,14
18405,13317,3972,115,4,70
18406,17679,11172,26,5,24
18407,21242,13430,120,0,52
18408,959,13508,94,8,71
18409,6761,10113,33,4,57
18410,17000,2014,49,0,47
18411,14744,17350,86,8,6
18412,555,7503,61,7,6
18413,468,5672,133,9,7
18414,2676,24438,45,7,50
18415,12245,3310,92,4,70
18416,12131,17027,16,7,89
18417,14939,11167,73,0,87
18418,13770,11233,101,7,50
18419,14693,12612,146,9,59
18420,8175,7413,136,1,32
18421,6754,8715,79,3,86
18422,5356,17943,111,3,11
18423,18112,6087,56,6,78
18424,24843,14817,32,3,39
18425,22932,20774,88,5,57
18426,15668,24531,24,0,42
18427,6177,5724,77,0,56
18428,3590,11735,40,0,68
18429,11266,24302,10,8,47
18430,23151,24570,25,1,76
18431,21104,22415,19,9,80
18432,8032,16523,76,9,20
18433,23156,4258,126,9,20
18434,12307,19299,148,6,47
18435,22617,270,91,2,61
18436,4817,22809,18,8,3
18437,11981,5247,92,4,16
18438,24729,18747,22,4,31
18439,17907,1559,142,6,2
18440,16014,6774,40,7,52
18441,14418,15317,30,2,15
18442,4089,16162,144,0,33
18443,12680,22496,25,0,72
18444,6507,23893,135,8,33
18445,9045,19164,126,6,51
18446,22927,6232,19,5,76
18447,8015,7806,41,5,9
18448,20241,511,69,6,77
18449,22310,18593,89,1,17
18450,11866,23081,26,4,55
18451,15585,24357,132,2,82
18452,24234,23246,92,6,14
18453,1139,4894,90,1,82
18454,13272,24744,116,1,58
18455,6421,23561,79,8,20
18456,6983,8277,121,9,47
18457,210,13340,48,3,32
18458,1234,1941,103,4,19
18459,7041,18790,57,3,67
18460,7639,18221,139,6,81
18461,4416,15109,138,3,68
18462,3860,15956,11,0,27
18463,24124,13530,81,6,49
18464,24959,21718,29,4,17
18465,15487,10290,4,1,53
18466,6572,14318,91,3,19
18467,12448,23660,68,8,47
18468,2090,16101,68,3,28
18469,3015,3849,146,0,58
18470,435,18394,49,3,66
18471,9237,19792,65,4,56
18472,1196,5942,45,2,77
18473,19017,22086,3,2,42
18474,5942,11862,45,7,51
18475,17274,7173,41,9,41
18476,5563,24312,11,3,77
18477,5998,14441,106,1,48
18478,3244,7760,10,9,53
18479,17391,7110,103,2,44
18480,4367,11490,25,5,81
18481,14362,7123,6,5,54
18482,10568,19327,124,2,21
18483,1026,18267,44,4,0
18484,10953,12349,128,3,85
18485,21092,8942,29,3,40
18486,14546,24813,100,6,55
18487,6936,9264,146,6,7
18488,15363,1770,45,6,77
18489,14765,22823,101,6,0
18490,14463,3327,107,7,71
18491,1291,24653,25,4,27
18492,3777,5751,149,5,26
18493,9799,5675,58,3,39
18494,14532,4659,120,8,14
18495,18542,14198,146,9,39
18496,23292,20012,3,8,79
18497,3464,21,137,0,9
18498,18199,14245,148,7,46
18499,370,9900,25,8,79
18500,24245,5802,3,0,19
18501,7230,6440,41,2,17
18502,6963,7004,62,7,32
18503,19639,1439,144,6,16
18504,20709,17272,16,9,77
18505,11169,5528,11,3,85
18506,22126,22532,40,5,34
18507,7301,23805,1,5,83
18508,24440,23518,37,5,48
18509,16518,11920,71,0,83
18510,9326,22813,111,7,71
18511,16365,24715,75,6,81
18512,5975,12747,8,1,89
18513,20751,21936,127,9,36
18514,2159,12258,60,4,73
18515,5437,350,110,8,20
18516,18613,17648,70,2,23
18517,21817,9585,76,8,4
18518,22083,19263,36,4,60
18519,16734,14047,12,4,80
18520,18702,21156,118,2,60
18521,2581,19897,23,3,33
18522,16834,15305,77,3,43
18523,5681,6585,4,9,63
18524,19732,17112,118,6,41
18525,4988,5721,69,2,74
18526,3218,17732,92,3,11
18527,8553,1522,36,4,89
18528,21044,6733,53,7,42
18529,24147,8625,105,7,65
18530,10513,16252,106,2,61
18531,6478,14997,116,3,11
18532,22179,6809,111,9,44
18533,18322,19741,110,8,45
18534,12578,21738,125,6,18
18535,24740,18632,115,0,23
18536,6550,11305,10,1,8
18537,5484,24805,2,5,69
18538,23108,5105,34,9,40
18539,14911,13493,99,8,69
18540,13042,6417,1,7,31
18541,14889,22983,24,9,54
18542,11741,9699,99,2,5
18543,20792,5627,96,9,78
18544,1312,18566,63,3,54
18545,5069,5974,4,1,37
18546,9176,20334,49,6,82
18547,20624,18500,59,7,75
18548,2369,13363,142,8,58
18549,21850,16402,115,0,18
18550,1424,873,98,0,67
18551,24563,14957,93,8,28
18552,16427,20290,133,7,38
18553,16788,4877,68,5,3
18554,15392,4202,74,2,35
18555,8979,7054,70,8,68
18556,24968,9294,1,1,86
18557,18769,11310,94,6,51
18558,17619,8570,125,9,59
18559,17902,24512,50,0,12
18560,3761,23701,88,1,14
18561,18579,10,71,4,54
18562,3618,20126,63,8,35
18563,9570,7583,21,1,26
18564,9105,18608,105,8,34
18565,1147,2256,84,0,2
18566,23281,22918,91,7,82
18567,12938,16156,125,5,66
18568,11775,3681,64,6,55
18569,765,15065,37,6,72
18570,6120,21944,144,8,80
18571,5824,9117,130,7,49
18572,14999,18378,147,1,39
18573,19031,16427,89,6,30
18574,8009,19857,104,0,50
18575,22695,13204,15,5,24
18576,2450,22248,73,8,3
18577,4829,1778,31,2,36
18578,4369,3576,73,0,69
18579,23206,24962,127,0,78
18580,254,11557,137,9,21
18581,20951,2681,134,7,53
18582,1416,2796,100,6,55
18583,17080,12249,84,1,41
18584,17980,11829,17,1,74
18585,10419,11118,144,4,74
18586,6540,5952,50,8,2
18587,81,12233,27,5,11
18588,17901,16171,113,8,37
18589,21519,12754,122,4,35
18590,18052,12439,47,1,2
18591,17425,6344,92,5,88
18592,22484,21616,2,0,89
18593,16419,7899,13,6,20
18594,23779,8243,105,8,70
18595,24795,21874,95,1,37
18596,10604,15125,82,4,53
18597,3518,21014,15,6,16
18598,18414,24624,133,0,5
18599,12430,21341,110,2,78
18600,4862,23395,51,2,59
18601,8207,17636,118,9,3
18602,9024,12222,62,4,29
18603,17949,12929,130,2,6
18604,3302,17099,108,8,74
18605,8147,12977,34,5,44
18606,16203,10032,121,0,83
18607,13899,24121,59,7,23
18608,6480,11138,95,5,62
18609,23285,20873,60,4,64
18610,23952,24208,117,6,39
18611,13083,658,89,0,39
18612,10220,3686,8,7,26
18613,18054,20843,129,1,44
18614,10827,18847,63,9,80
18615,3722,5397,38,8,43
18616,6435,8977,140,0,35
18617,23962,16290,141,0,41
18618,9880,10667,146,3,63
18619,19324,21874,69,4,32
18620,4791,22007,62,7,71
18621,18995,8870,92,3,34
18622,11197,14203,65,2,45
18623,10205,22120,36,9,1
18624,22666,8118,100,9,61
18625,9648,16474,29,0,47
18626,12636,6718,88,2,65
18627,9515,23868,122,8,89
18628,18660,575,48,1,82
18629,7079,15970,114,9,2
18630,18953,20905,105,4,26
18631,12625,2537,95,5,85
18632,19226,15496,80,2,0
18633,21597,5479,127,9,77
18634,2582,21359,135,4,57
18635,12164,23436,130,3,85
18636,3052,16872,122,7,56
18637,22188,21706,144,5,55
18638,5679,23922,143,8,15
18639,19857,15038,111,6,24
18640,20003,18954,96,1,15
18641,18885,6184,121,1,6
18642,16446,2109,3,7,15
18643,9517,3895,109,4,27
18644,17681,10996,116,1,84
18645,12332,625,25,1,52
18646,11228,13487,76,4,1
18647,19925,14620,82,3,26
18648,15440,2979,149,9,51
18649,22976,9430,112,3,67
18650,12251,6933,125,2,78
18651,20545,8562,46,6,54
18652,12872,17813,121,3,14
18653,13802,10021,124,2,30
18654,19088,1662,90,4,84
18655,14742,5423,23,9,77
18656,2048,2111,32,8,56
18657,13568,21739,74,5,88
18658,8683,2447,40,5,10
18659,18076,7863,64,8,6
18660,3547,8892,68,5,10
18661,19397,402,46,5,3
18662,697,17319,115,5,68
18663,8076,12165,41,7,87
18664,20763,14836,16,8,24
18665,7216,4821,118,7,1
18666,2579,2103,97,7,36
18667,20398,11682,69,3,85
18668,6232,10140,103,4,15
18669,21036,19331,103,1,56
18670,3204,3492,25,1,28
18671,8834,366,103,1,55
18672,9433,13584,18,3,0
18673,16402,21559,58,5,31
18674,4707,21559,67,0,22
18675,9091,5778,120,3,88
18676,12295,13060,12,5,69
18677,817,17814,126,2,12
18678,11469,1770,137,5,84
18679,17368,9865,52,9,76
18680,17412,24071,16,6,82
18681,8694,14904,59,3,80
18682,18962,11038,91,9,66
18683,16279,6202,49,0,13
18684,20063,19369,97,8,84
18685,5789,16485,84,6,14
18686,11005,15479,56,4,23
18687,18515,6268,101,0,22
18688,22140,1948,74,0,83
18689,22933,23480,106,7,35
18690,14290,8136,18,0,14
18691,5215,6886,39,0,63
18692,15078,10019,82,6,38
18693,10307,11441,26,5,28
18694,687,19633,90,8,43
18695,10131,15307,84,1,1
18696,15411,11507,47,6,67
18697,10637,16802,11,7,76
18698,2393,14589,127,2,4
18699,2449,4615,23,2,88
18700,21691,3735,75,9,2
18701,24075,3075,109,4,1
18702,17669,2542,102,4,12
18703,14287,21301,113,5,20
18704,24496,15901,72,8,85
18705,11402,481,61,1,55
18706,18649,6103,138,1,53
18707,12810,16425,52,8,32
18708,15566,6839,24,2,71
18709,5788,6587,48,0,81
18710,24697,23925,22,1,48
18711,15795,5826,123,2,3
18712,20569,6400,144,9,57
18713,17916,21287,77,4,87
18714,18866,23934,33,4,12
18715,4641,22378,1,4,33
18716,5148,2975,141,4,50
18717,15200,3085,20,5,67
18718,251,247,108,9,36
18719,23453,411,2,3,53
18720,13755,875,23,3,19
18721,6441,1316,27,2,55
18722,4997,20508,85,4,26
18723,9959,22819,125,3,18
18724,18621,10441,8,1,82
18725,21674,2165,149,7,19
18726,2701,16285,42,4,86
18727,12405,21250,126,5,15
18728,20091,23664,110,4,2
18729,8094,20062,28,1,39
18730,11674,11837,11,1,72
18731,16005,19164,89,1,47
18732,3810,24997,12,6,40
18733,9542,22241,88,1,20
18734,22693,22983,46,2,25
18735,21344,18416,104,4,30
18736,12714,3931,9,2,63
18737,22445,14271,126,0,69
18738,7869,18121,9,0,31
18739,23058,10067,123,8,25
18740,21551,630,92,8,89
18741,2530,8942,134,0,23
18742,16595,15780,133,5,44
18743,20656,16775,80,2,25
18744,22332,10659,27,7,80
18745,17418,3758,110,9,66
18746,7746,17669,114,7,45
18747,4601,14524,38,4,57
18748,22453,4439,89,9,35
18749,1985,14516,84,9,32
18750,8513,3400,60,5,56
18751,24199,17339,33,0,31
18752,6583,16241,13,8,24
18753,9279,18086,146,2,88
18754,22719,8611,27,2,31
18755,13001,1112,113,2,21
18756,2121,10211,126,2,81
18757,22466,15455,30,9,27
18758,7044,8931,23,9,25
18759,5182,14484,55,5,58
18760,4135,12384,109,6,11
18761,21217,8396,62,8,83
18762,9151,14722,94,2,39
18763,4817,7032,25,8,33
18764,24905,12663,42,6,63
18765,5541,20350,69,1,88
18766,17547,22893,4,2,35
18767,8138,8744,33,3,36
18768,12137,14499,103,9,64
18769,10656,5924,31,3,60
18770,14374,6777,132,3,27
18771,11821,18141,73,3,4
18772,4163,17636,64,1,51
18773,8651,7824,95,8,63
18774,7635,24432,44,4,36
18775,2088,17115,147,1,13
18776,8566,19174,17,2,2
18777,9505,10361,55,5,12
18778,16750,17274,113,1,63
18779,6221,16029,110,8,2
18780,21580,11904,5,7,27
18781,16265,10225,94,6,2
18782,6135,6498,106,3,86
18783,3261,12939,106,8,43
18784,16232,9951,31,0,3
18785,24931,5306,99,0,75
18786,15148,16166,35,3,74
18787,17983,16120,59,3,7
18788,3332,15343,8,8,78
18789,7281,1944,26,6,81
18790,13466,16439,59,7,29
18791,5000,22249,30,1,15
18792,24732,18297,142,3,74
18793,17180,12120,44,5,16
18794,16949,24482,46,7,86
18795,17598,16084,71,9,65
18796,2142,7607,139,7,35
18797,6359,5953,59,7,64
18798,3582,12111,87,3,82
18799,8090,10630,146,5,70
18800,5293,19798,119,3,8
18801,2058,6502,107,1,82
18802,13527,7967,78,7,26
18803,7659,19149,1,9,13
18804,5640,2538,29,6,18
18805,21776,3867,32,0,40
18806,21255,16118,25,4,64
18807,22397,7299,47,1,46
18808,16143,16898,136,8,56
18809,11176,17985,66,5,7
18810,12513,19823,129,4,47
18811,13258,6100,24,0,80
18812,14658,11020,42,7,82
18813,9918,12828,21,4,6
18814,15869,11196,76,5,49
18815,8919,4544,78,7,79
18816,15017,6910,122,6,79
18817,23955,18099,123,6,9
18818,21228,6359,33,9,72
18819,18733,14445,59,4,89
18820,9841,20368,131,5,6
18821,10310,15554,91,0,40
18822,3905,19906,0,6,89
18823,24234,16303,14,3,84
18824,6068,11302,128,9,33
18825,12106,13767,70,6,50
18826,14694,14920,5,5,55
18827,7282,21545,93,9,12
18828,17910,18389,83,9,30
18829,16597,23416,76,2,80
18830,17162,20294,141,1,19
18831,9062,11469,9,7,18
18832,13688,24382,41,3,11
18833,11296,7503,1,4,40
18834,15259,6065,129,6,51
18835,15895,70,88,9,28
18836,16078,11310,128,3,72
18837,24140,1768,29,9,45
18838,5905,15381,93,0,70
18839,7865,1967,123,4,45
18840,4643,6457,141,9,14
18841,20832,15139,54,5,3
18842,23433,17722,50,1,48
18843,21488,17870,28,2,30
18844,23428,12752,96,3,73
18845,18653,10013,23,3,15
18846,4715,3756,133,4,35
18847,3473,8507,23,8,45
18848,17416,6041,11,2,89
18849,10787,13318,14,9,31
18850,17805,5904,128,9,27
18851,11006,7350,60,7,72
18852,14596,12781,146,5,50
18853,6585,24445,142,9,33
18854,920,11679,115,7,81
18855,9201,3170,56,7,88
18856,2028,9875,14,1,47
18857,16935,1628,145,5,12
18858,4720,4285,35,2,49
18859,22314,21269,125,7,73
18860,2118,5560,5,7,24
18861,12789,15404,12,1,61
18862,6156,17046,129,9,66
18863,15005,22351,69,0,56
18864,12518,11647,25,9,61
18865,13795,18718,147,4,33
18866,18976,18901,25,6,84
18867,5297,13678,10,0,37
18868,13577,7823,137,3,50
18869,24323,2669,39,7,54
18870,16318,14595,121,8,37
18871,22026,22297,108,4,41
18872,3344,3814,90,4,27
18873,4659,8854,27,6,76
18874,11955,2204,20,0,80
18875,5135,12275,142,7,82
18876,3366,22533,26,6,31
18877,12413,5026,71,9,68
18878,7984,11468,60,1,7
18879,20645,9017,39,0,22
18880,3305,5122,143,7,20
18881,18209,924,111,0,31
18882,24161,1336,113,0,42
18883,291,16601,115,5,31
18884,8850,1530,38,6,19
18885,5257,21685,98,8,11
18886,7536,570,72,6,87
18887,19982,20156,76,9,16
18888,11177,16328,94,7,8
18889,16210,4467,107,7,86
18890,11386,14377,110,1,75
18891,23253,7431,102,1,67
18892,11710,11836,102,7,13
18893,10605,7019,47,6,49
18894,16134,21867,88,9,67
18895,3229,13814,62,3,58
18896,22178,13746,60,0,69
18897,7994,1774,148,3,80
18898,577,14282,125,1,71
18899,19348,14329,23,6,17
18900,22728,21849,88,1,35
18901,21821,11680,123,2,71
18902,18996,20226,51,6,82
18903,24524,22606,19,5,28
18904,112,20739,146,1,28
18905,3505,23765,5,0,53
18906,24307,875,38,9,17
18907,20838,19215,33,1,70
18908,23159,7296,45,0,32
18909,23084,13940,68,0,88
18910,8365,19170,84,4,63
18911,19438,21146,117,4,7
18912,22601,8735,112,7,79
18913,1475,11549,37,5,30
18914,23080,15791,60,0,57
18915,13217,11665,35,1,56
18916,23364,18848,111,1,41
18917,16796,19846,32,4,0
18918,17317,23211,41,8,78
18919,492,176,89,3,54
18920,5968,5420,76,9,27
18921,19064,1428,15,2,55
18922,8471,5444,10,9,84
18923,8136,13651,46,7,78
18924,9619,6359,74,9,15
18925,13089,15667,116,6,33
18926,20709,20039,23,4,85
18927,3020,12034,2,3,12
18928,4175,1707,49,5,68
18929,5307,22377,27,2,44
18930,6599,20011,64,9,45
18931,23903,5610,42,8,1
18932,4086,24807,10,7,42
18933,20759,4101,139,3,27
18934,22743,13930,142,6,1
18935,24827,24572,14,0,16
18936,17952,11054,29,2,28
18937,15811,22073,79,7,4
18938,13702,14535,66,4,37
18939,8564,8392,28,3,3
18940,24054,17943,132,1,29
18941,21434,22465,115,7,48
18942,17895,24583,52,3,72
18943,12352,7942,96,8,21
18944,14611,15449,139,9,82
18945,12861,7521,46,9,18
18946,11188,22189,34,5,11
18947,19274,24341,149,6,35
18948,19535,13789,53,2,86
18949,8885,3791,125,5,11
18950,24540,8806,70,7,27
18951,4770,17750,29,4,7
18952,500,18592,23,4,58
18953,14616,5335,43,9,69
18954,11397,20883,113,7,87
18955,3481,5752,118,3,61
18956,15862,21613,133,6,33
18957,5853,3409,123,9,24
18958,6880,18514,101,8,65
18959,2110,15817,88,1,78
18960,21362,9019,33,6,17
18961,6142,18542,36,1,19
18962,19282,10843,104,6,70
18963,4031,2614,79,5,44
18964,1428,22741,24,5,61
18965,21086,7002,125,6,38
18966,19248,20313,147,0,85
18967,3850,23694,88,8,58
18968,22840,20618,55,0,18
18969,15721,16127,69,9,42
18970,17982,10949,39,7,30
18971,13596,7827,87,3,37
18972,6100,12433,61,2,88
18973,8477,7046,136,3,85
18974,9717,19421,103,3,69
18975,23953,11566,100,8,86
18976,2554,18871,111,5,66
18977,3374,13305,144,6,12
18978,7854,10018,61,9,41
18979,21448,16852,91,4,63
18980,24106,3538,38,8,63
18981,1376,14448,9,1,0
18982,23344,11478,44,6,66
18983,20406,7742,11,5,46
18984,12817,10475,92,8,89
18985,5573,19439,15,2,1
18986,13796,21841,26,6,11
18987,166,718,116,7,59
18988,20827,1880,45,9,69
18989,3974,13842,19,9,50
18990,23541,14659,38,5,36
18991,24713,12093,121,9,80
18992,22594,24903,15,9,89
18993,18408,16602,148,2,81
18994,20372,6517,145,1,52
18995,7299,24760,85,9,22
18996,18402,6443,38,4,88
18997,22077,19505,84,8,69
18998,1630,22335,92,2,9
18999,10266,4568,23,7,47
19000,11491,12040,30,0,69
19001,19564,1268,27,7,81
19002,21949,6548,137,3,79
19003,8705,7097,40,4,20
19004,16286,5012,101,1,70
19005,12923,1129,108,9,78
19006,17885,10023,128,8,1
19007,8506,14070,118,4,67
19008,2748,11578,29,0,10
19009,2906,12271,80,7,12
19010,20533,21465,110,2,41
19011,21221,4772,101,4,68
19012,6055,362,51,7,77
19013,9696,18946,34,4,55
19014,8604,3929,36,0,66
19015,387,998,119,5,21
19016,13587,8308,60,3,33
19017,10008,6793,119,7,30
19018,8539,1212,109,2,17
19019,15190,5884,123,9,48
19020,21896,5762,61,8,81
19021,8657,8790,64,8,52
19022,14542,10947,143,8,53
19023,12211,14754,115,7,60
19024,12092,18665,6,4,7
19025,9426,17509,36,3,82
19026,2759,20939,104,8,23
19027,3739,3603,103,2,74
19028,16933,1317,39,8,72
19029,22737,4661,47,3,89
19030,3569,4318,112,0,89
19031,19747,9242,7,7,71
19032,9517,2289,145,5,80
19033,23811,7507,28,0,6
19034,24770,18317,139,0,13
19035,3075,18708,146,8,72
19036,22741,4208,50,6,10
19037,23547,12769,132,7,85
19038,549,13809,62,5,23
19039,267,18524,91,4,40
19040,9857,9518,112,3,3
19041,5267,7930,107,5,81
19042,5172,3060,59,5,17
19043,8476,5983,23,2,9
19044,594,19687,63,0,54
19045,8138,3476,31,7,39
19046,24683,20024,57,1,30
19047,21797,16889,26,7,42
19048,18579,16478,37,6,25
19049,16117,7581,79,2,67
19050,17724,103,128,2,40
19051,1932,22527,83,2,38
19052,18219,9557,146,9,16
19053,20663,3287,66,1,24
19054,8677,4858,15,9,83
19055,15403,17462,10,5,76
19056,10201,14899,134,4,50
19057,18940,9302,41,8,31
19058,3312,6642,82,0,85
19059,22046,19061,65,3,25
19060,348,7559,70,8,61
19061,520,20160,46,5,67
19062,12503,18345,77,3,7
19063,13580,1856,36,3,34
19064,11712,6017,125,7,44
19065,3161,19123,89,8,52
19066,13129,7884,25,2,20
19067,11246,10002,39,0,50
19068,6816,20713,77,3,17
19069,23922,12073,38,3,61
19070,6246,12357,87,4,77
19071,16168,22917,62,2,67
19072,9132,3152,59,3,73
19073,24836,20546,113,6,72
19074,12198,2659,121,3,43
19075,22366,18706,75,9,81
19076,11096,17189,26,7,39
19077,23618,20995,69,4,7
19078,1841,3425,33,8,0
19079,9191,19626,93,7,50
19080,22793,10099,47,9,64
19081,19160,23653,39,9,64
19082,8655,1308,59,9,12
19083,9016,21496,22,0,38
19084,22036,21548,58,8,16
19085,7676,13310,2,5,38
19086,8612,5263,58,3,26
19087,2511,6818,15,9,1
19088,16045,23621,35,7,62
19089,21288,444,7,9,1
19090,19116,15447,81,2,69
19091,3735,8311,13,0,48
19092,9682,9705,9,8,28
19093,21769,8481,135,5,64
19094,3286,4659,67,9,71
19095,9250,22830,129,2,5
19096,2875,7933,114,7,58
19097,2422,15815,27,2,77
19098,7915,17980,8,8,36
19099,24670,17716,34,5,18
19100,5971,5108,19,6,49
19101,13020,4502,114,6,87
19102,17738,18866,60,3,50
19103,18588,22707,45,7,89
19104,3595,14792,25,7,34
19105,10256,20201,116,7,6
19106,6679,3024,101,0,19
19107,22691,12829,104,0,30
19108,5835,22434,97,6,73
19109,9891,22275,93,6,76
19110,23541,24368,61,6,14
19111,7758,2011,59,0,27
19112,3227,10644,65,6,35
19113,14253,20217,21,9,50
19114,16129,9281,22,2,9
19115,19995,12541,61,0,23
19116,6189,21895,114,0,33
19117,14514,18892,11,7,49
19118,9081,5396,11,0,7
19119,4518,1389,4,9,21
19120,4475,12729,111,4,76
19121,9227,24185,51,0,14
19122,11002,11848,53,6,59
19123,10102,6535,149,9,53
19124,15599,24495,109,0,45
19125,21323,18914,71,2,79
19126,12229,6657,63,9,59
19127,12933,12604,101,7,25
19128,4366,7908,12,2,80
19129,6904,3785,95,6,50
19130,12961,24952,97,5,50
19131,3892,21687,116,4,86
19132,23960,24488,15,4,61
19133,20010,22787,144,3,78
19134,15662,24932,61,8,34
19135,3999,15115,21,9,36
19136,22323,6909,114,4,53
19137,16445,8187,23,6,82
19138,19020,12587,97,7,68
19139,12012,10541,48,5,1
19140,4007,21724,126,6,47
19141,21560,21742,114,3,43
19142,18512,23207,66,5,22
19143,18335,15344,35,6,9
19144,1775,3444,138,1,0
19145,14421,17918,77,0,6
19146,18669,16299,54,0,26
19147,13887,24935,65,7,19
19148,18390,21665,77,4,82
19149,21483,23325,40,4,18
19150,20762,23750,44,6,88
19151,7157,5778,118,4,84
19152,17275,14313,17,6,63
19153,11135,18862,121,3,18
19154,13389,18440,53,7,10
19155,17100,18153,35,3,7
19156,16741,9837,93,4,80
19157,23384,11437,24,7,37
19158,13069,16631,99,6,19
19159,15690,4367,148,4,49
19160,9608,11061,85,4,55
19161,19701,3067,77,5,50
19162,5599,15424,72,3,51
19163,12781,4942,84,4,3
19164,19231,15090,138,6,75
19165,11073,4408,14,6,86
19166,632,9366,120,0,77
19167,8704,11030,16,3,56
19168,21676,1196,23,2,53
19169,13777,3310,69,3,61
19170,7225,15671,5,6,39
19171,854,4053,5,6,25
19172,16031,19465,24,6,20
19173,5489,521,147,8,22
19174,6045,1146,90,9,72
19175,22331,3316,18,9,38
19176,16652,15176,34,9,52
19177,4741,17871,36,6,71
19178,19154,5967,139,4,76
19179,17146,19478,119,1,76
19180,12698,16603,90,6,8
19181,24208,12460,105,8,32
19182,455,19639,44,6,4
19183,24851,1315,99,7,45
19184,3845,208,97,8,85
19185,969,16030,52,4,38
19186,8917,1249,87,4,62
19187,16117,10319,104,9,21
19188,24553,14013,120,8,7
19189,3823,19170,41,2,39
19190,4194,7941,42,1,77
19191,19094,20131,14,2,14
19192,18073,389,33,3,27
19193,2,13443,16,0,38
19194,22320,4636,1,4,9
19195,16461,6934,95,4,48
19196,22158,19186,119,5,85
19197,8033,31,58,1,64
19198,2815,457,37,5,72
19199,3764,12679,55,9,39
19200,2834,9710,117,6,20
19201,11,19349,13,4,4
19202,17960,18340,102,1,58
19203,4367,14137,31,4,60
19204,7589,20752,8,5,70
19205,22769,271,128,4,18
19206,11447,3497,21,7,42
19207,8249,3532,78,9,11
19208,2404,15776,131,6,11
19209,24210,10163,36,8,66
19210,10621,5860,7,0,61
19211,20173,16019,53,9,2
19212,5661,24749,118,2,3
19213,6231,18380,149,3,23
19214,22507,20540,66,6,74
19215,2602,10372,106,0,69
19216,13187,1503,7,1,55
19217,12950,7495,135,7,47
19218,10427,15180,106,6,23
19219,20041,21483,86,9,11
19220,8752,2639,77,6,28
19221,15277,17752,69,4,9
19222,21213,4335,20,8,45
19223,20182,10477,49,9,26
19224,836,19784,74,5,85
19225,13664,252,9,0,26
19226,21725,11710,74,8,18
19227,15374,8523,7,4,46
19228,13066,5375,4,2,52
19229,4575,408,44,4,17
19230,2155,16807,58,0,89
19231,19469,15298,100,9,58
19232,5567,18134,144,1,52
19233,12274,15808,19,8,26
19234,23509,9583,50,8,64
19235,4548,21460,17,5,33
19236,12606,23981,148,2,7
19237,4758,23554,52,3,16
19238,18094,16230,80,9,32
19239,19909,15867,67,3,88
19240,6098,17092,78,1,14
19241,12927,10871,78,1,5
19242,11395,13027,53,9,72
19243,18869,3404,133,2,38
19244,20790,12455,114,5,6
19245,15949,8715,84,9,50
19246,17775,21179,129,8,86
19247,12001,11072,123,9,67
19248,3097,2305,129,3,61
19249,10096,14527,38,0,46
19250,7675,18774,125,6,45
19251,23380,12048,127,6,79
19252,12238,5869,76,1,81
19253,22269,24373,26,7,20
19254,24073,7988,133,2,32
19255,5900,9097,61,9,83
19256,13832,2970,7,2,25
19257,4150,23563,22,2,58
19258,10644,6249,142,7,83
19259,2876,14899,36,5,4
19260,8772,19562,128,5,57
19261,14436,7062,92,3,60
19262,1140,19584,98,0,54
19263,21170,10715,16,9,59
19264,2362,24092,133,9,80
19265,6940,5053,49,1,6
19266,2514,15272,2,7,77
19267,23541,10895,25,2,82
19268,9194,14147,78,0,33
19269,2561,18261,91,6,21
19270,24899,19195,30,7,76
19271,23660,2392,59,8,5
19272,12212,7784,50,5,60
19273,1209,21439,147,1,6
19274,10800,7264,94,4,58
19275,20838,19133,96,2,79
19276,11027,452,126,6,88
19277,11081,23087,50,6,10
19278,1758,10407,144,6,78
19279,13858,4714,115,4,87
19280,12095,7804,120,8,48
19281,21989,6705,103,1,47
19282,21471,22676,10,4,39
19283,10537,2654,84,7,33
19284,22103,13737,30,0,54
19285,11216,6877,47,3,65
19286,14377,11128,68,2,28
19287,2362,11274,24,5,25
19288,5550,617,75,2,38
19289,19729,21964,25,9,48
19290,20744,9157,126,0,47
19291,1139,21660,73,7,12
19292,520,7497,111,2,28
19293,11170,7939,109,0,5
19294,9664,9364,138,0,65
19295,16652,337,87,6,29
19296,17618,19312,80,1,31
19297,9380,3261,76,2,31
19298,14880,22045,121,6,43
19299,4666,10147,115,0,21
19300,18846,5339,63,3,26
19301,18069,4952,70,3,37
19302,4874,10731,52,8,29
19303,17490,14575,133,5,24
19304,12437,874,30,9,32
19305,10527,1851,104,5,78
19306,867,10173,40,3,14
19307,3139,8847,58,3,69
19308,1492,3080,57,1,12
19309,5693,3876,10,9,67
19310,12453,22774,140,2,73
19311,8579,19751,70,9,58
19312,14945,17700,52,2,27
19313,8927,20218,55,4,75
19314,11212,1048,75,3,36
19315,22207,22229,25,8,0
19316,18179,710,80,8,62
19317,5637,14124,145,7,63
19318,10407,13127,120,2,38
19319,23470,16414,33,1,24
19320,10322,1979,110,9,58
19321,13589,4944,118,6,33
19322,18179,601,17,0,60
19323,21936,4442,111,4,84
19324,1003,10646,97,6,24
19325,13616,597,24,1,64
19326,2609,17995,90,1,28
19327,12371,14171,99,7,47
19328,6999,15718,82,9,11
19329,23640,18891,124,0,56
19330,10452,13488,97,1,28
19331,12635,16047,46,6,49
19332,16859,17341,52,3,52
19333,17407,16153,149,4,57
19334,19585,23669,104,1,30
19335,6509,14228,136,0,5
19336,4999,10805,51,2,37
19337,14353,23311,104,2,48
19338,5930,23054,73,8,9
19339,2975,1768,47,2,52
19340,997,2751,51,4,47
19341,19085,22076,67,6,20
19342,9867,20985,61,5,36
19343,12956,16015,41,2,39
19344,5896,5937,103,9,23
19345,5007,22799,69,3,48
19346,10578,13928,131,2,47
19347,20804,24417,33,3,78
19348,18951,2101,20,8,1
19349,8128,18164,68,1,34
19350,11454,4094,123,1,64
19351,2293,3862,135,9,48
19352,14744,6873,17,8,74
19353,18767,15108,74,3,65
19354,11691,20077,110,0,45
19355,11975,20293,99,4,74
19356,3074,22614,31,7,41
19357,1024,23032,28,7,25
19358,10913,17193,116,4,68
19359,9938,2199,42,0,22
19360,23227,9914,149,5,28
19361,9443,19652,74,8,77
19362,23484,1947,148,2,47
19363,21711,21112,11,4,89
19364,4481,24386,73,3,37
19365,12378,19752,94,3,34
19366,6533,24467,46,2,47
19367,12505,1267,94,0,67
19368,18520,19193,126,2,32
19369,13024,8655,105,4,32
19370,23625,17606,77,7,89
19371,3899,18704,55,4,48
19372,10841,18860,120,6,45
19373,14426,10941,26,9,62
19374,11113,18159,40,0,88
19375,21180,12568,59,8,35
19376,9644,14854,56,1,60
19377,6465,14927,49,9,14
19378,20594,21228,64,9,53
19379,6094,17307,139,2,3
19380,24436,5230,45,1,35
19381,23326,6974,86,3,63
19382,14748,23364,2,9,9
19383,5979,5368,80,8,69
19384,1916,24806,56,7,1
19385,23657,23397,27,1,78
19386,9609,9794,137,0,89
19387,15520,2677,123,0,58
19388,16546,1451,1,1,82
19389,3012,15416,118,6,1
19390,4370,22364,144,1,30
19391,8232,3293,40,4,37
19392,656,11446,82,2,13
19393,5301,14335,108,2,10
19394,4062,22570,125,2,23
19395,22603,10177,139,8,14
19396,5223,4882,120,5,10
19397,5507,23152,93,6,61
19398,8575,13485,93,2,22
19399,22903,22804,81,7,89
19400,16952,15774,131,4,55
19401,16962,12382,87,9,89
19402,2567,4054,20,7,30
19403,7726,6935,44,9,38
19404,4669,18959,5,6,85
19405,14728,8448,31,4,84
19406,23519,12490,28,6,17
19407,18682,7619,147,5,43
19408,6977,22317,91,7,20
19409,19147,5242,54,4,26
19410,17280,5648,104,0,12
19411,21119,18102,28,9,28
19412,3133,14492,14,8,84
19413,8709,14554,111,8,38
19414,18672,13768,7,9,33
19415,22704,9186,133,8,31
19416,17163,21302,68,5,79
19417,1291,12634,110,9,58
19418,7781,1020,143,5,23
19419,20232,16036,79,7,26
19420,2522,22713,34,9,31
19421,9504,19487,75,1,27
19422,3509,11757,126,6,38
19423,12010,5655,83,6,36
19424,14905,4475,81,0,40
19425,8733,22324,20,5,33
19426,15571,24720,3,1,26
19427,24016,23168,63,5,60
19428,4972,20501,28,9,47
19429,4824,17677,32,3,54
19430,16221,5466,48,8,86
19431,18368,9542,18,8,67
19432,23912,21692,82,7,73
19433,15168,21014,147,6,58
19434,13843,17940,69,0,69
19435,3179,7640,117,7,59
19436,18372,21337,39,0,13
19437,20703,15201,14,1,8
19438,1601,21290,57,6,2
19439,21299,17212,15,9,33
19440,10321,21715,81,7,29
19441,24130,8871,120,0,35
19442,24032,4108,17,6,83
19443,4199,1503,63,5,24
19444,23752,16299,137,3,41
19445,19705,5349,30,9,46
19446,4530,22267,55,8,77
19447,432,4918,69,4,87
19448,3946,3654,82,6,19
19449,5231,15482,81,9,1
19450,24506,22317,18,5,25
19451,1705,10425,26,8,59
19452,15011,19768,7,0,75
19453,11293,21752,125,0,45
19454,11459,12330,112,7,33
19455,15170,15525,70,9,69
19456,15859,2711,55,1,5
19457,11616,7004,32,2,80
19458,21481,5146,54,3,74
19459,15893,4164,39,0,72
19460,22141,22760,98,8,51
19461,3765,19562,26,8,16
19462,22550,4519,18,8,1
19463,14006,20776,147,0,51
19464,16184,1255,72,7,72
19465,15647,7588,75,5,45
19466,18253,6038,53,8,75
19467,18070,5959,15,9,40
19468,11068,10520,146,8,15
19469,22619,7199,108,5,64
19470,5413,23301,69,3,45
19471,24082,10154,93,8,45
19472,9248,20309,43,9,80
19473,4076,470,19,1,53
19474,8101,23327,113,0,0
19475,12678,19618,110,2,2
19476,19610,19228,141,6,12
19477,18940,23749,116,2,59
19478,22023,2798,128,3,16
19479,3078,22335,148,9,4
19480,16197,9765,74,2,80
19481,22393,4376,144,2,50
19482,4207,700,56,6,9
19483,14065,9992,89,2,15
19484,13183,18246,82,8,48
19485,22518,24367,138,8,12
19486,6206,1294,86,3,58
19487,3993,2424,109,0,20
19488,17757,13793,83,4,83
19489,15594,11142,35,0,76
19490,18383,5884,98,4,41
19491,11969,3982,6,5,30
19492,16405,15663,2,7,61
19493,15,19359,135,0,77
19494,8842,21394,19,1,74
19495,6894,316,77,1,52
19496,21009,15272,120,0,34
19497,3417,308,14,9,19
19498,6686,13807,32,4,77
19499,3283,11891,16,6,33
19500,1281,2808,17,4,36
19501,497,24344,138,2,8
19502,5816,8101,65,9,18
19503,14982,24019,105,4,11
19504,17451,13283,83,2,39
19505,24255,4734,90,6,49
19506,3895,3561,35,1,59
19507,3040,3160,58,3,23
19508,9139,13557,27,7,82
19509,2148,11120,64,2,32
19510,11501,4241,93,2,7
19511,3362,17760,75,6,30
19512,9349,3164,119,1,65
19513,8362,2514,145,7,3
19514,6144,17497,122,4,34
19515,7374,353,101,6,30
19516,8160,21012,97,9,59
19517,1243,1932,30,3,66
19518,12759,5996,73,1,83
19519,21708,9762,108,9,59
19520,10846,12179,105,7,44
19521,17496,14401,7,4,59
19522,4999,8820,125,8,71
19523,10436,3468,71,4,49
19524,7624,7784,80,9,40
19525,23135,12219,62,3,15
19526,2587,21711,37,1,36
19527,1058,10080,66,9,81
19528,5696,5543,39,1,10
19529,10938,3317,98,6,76
19530,22917,14372,104,8,10
19531,10884,6757,127,7,54
19532,2090,11429,72,2,11
19533,13302,2204,62,6,58
19534,12355,7713,120,3,7
19535,22421,7259,126,6,3
19536,2981,4524,29,8,13
19537,13568,20503,35,2,60
19538,11399,11116,119,4,23
19539,19176,18101,40,4,21
19540,21357,12670,144,5,56
19541,2141,8673,61,4,74
19542,11501,8009,65,9,82
19543,12501,21274,108,8,73
19544,14125,3895,54,6,20
19545,9300,20848,8,9,5
19546,14790,14066,20,9,73
19547,5791,14427,127,6,74
19548,18682,13464,47,9,43
19549,18659,18594,20,7,4
19550,3867,20887,142,4,57
19551,23746,18666,147,4,53
19552,1507,12735,11,2,17
19553,7709,22753,9,1,52
19554,14167,22674,115,0,87
19555,21725,10425,92,3,68
19556,16750,11030,46,5,48
19557,6973,10572,16,4,21
19558,20258,23281,19,8,52
19559,13330,21764,15,2,86
19560,23964,10758,147,7,62
19561,16670,15754,10,3,87
19562,14941,12887,96,2,73
19563,15510,1322,55,9,64
19564,14313,20533,31,9,82
19565,16767,21331,1,5,79
19566,21635,3670,80,1,0
19567,11237,24526,63,4,15
19568,11033,1961,69,6,22
19569,20289,5555,92,8,11
19570,1685,14170,100,2,75
19571,19934,22358,42,7,25
19572,15040,3863,39,2,69
19573,3936,20801,50,7,30
19574,18351,12007,32,2,56
19575,7896,19297,99,9,27
19576,2213,20826,88,6,75
19577,5083,24795,1,2,17
19578,24678,15924,60,5,29
19579,14243,18867,138,9,42
19580,15888,3488,6,0,73
19581,9540,1848,0,3,73
19582,24222,12323,70,8,25
19583,8326,10712,141,2,70
19584,10414,2212,28,2,65
19585,9001,4666,42,3,40
19586,14256,16198,15,4,51
19587,5519,15784,119,7,83
19588,15879,5408,128,8,84
19589,8039,21336,28,5,27
19590,6437,14269,33,5,58
19591,6631,5467,96,2,69
19592,23105,21955,18,2,67
19593,10478,13494,21,6,10
19594,9370,20704,87,8,50
19595,20530,5400,8,2,72
19596,21111,1991,119,7,4
19597,5662,6496,59,7,84
19598,14423,5238,50,2,14
19599,21666,18377,46,0,77
19600,22256,6473,128,8,52
19601,6190,10052,94,9,16
19602,5699,8870,102,1,14
19603,5372,4388,122,5,31
19604,6330,14595,100,7,3
19605,22259,9181,49,8,32
19606,19943,19079,100,0,72
19607,3725,12329,44,6,0
19608,7197,10823,51,7,78
19609,7093,5636,60,0,76
19610,543,24154,24,6,36
19611,10041,21311,71,3,22
19612,24456,15172,100,1,31
19613,2142,23961,75,7,77
19614,4087,22221,98,6,43
19615,6966,23734,78,7,55
19616,4301,2393,81,5,39
19617,16312,18843,14,6,70
19618,2843,11751,1,3,61
19619,11583,24910,7,6,87
19620,15386,24044,80,1,38
19621,11996,19554,49,3,53
19622,567,19734,19,3,86
19623,22701,22627,105,2,37
19624,15571,11218,82,1,77
19625,3280,8146,11,3,62
19626,4321,11846,132,1,69
19627,6682,5390,142,2,41
19628,2073,1837,70,8,43
19629,24144,5686,90,0,7
19630,12731,5959,142,5,80
19631,23207,8026,93,6,6
19632,20418,14711,7,6,42
19633,13226,18586,25,8,18
19634,19094,1834,76,3,22
19635,12987,14357,117,6,29
19636,15313,14868,98,7,68
19637,16604,11326,67,7,33
19638,20612,13758,6,2,11
19639,12955,14210,132,5,39
19640,9646,1981,11,3,45
19641,4162,13721,88,3,87
19642,5099,1685,98,4,7
19643,10980,18979,110,9,33
19644,18103,22208,108,0,83
19645,15844,13130,8,4,27
19646,389,15790,111,6,29
19647,15772,11153,22,0,9
19648,12669,24127,7,5,75
19649,24270,15908,47,5,77
19650,15957,1138,23,0,12
19651,23738,4872,133,3,72
19652,23548,19383,6,9,59
19653,10060,3262,19,5,89
19654,6965,22088,59,7,48
19655,8499,22942,32,7,78
19656,2991,9370,123,7,54
19657,14735,6149,129,3,51
19658,21295,15500,24,3,69
19659,13916,14305,137,3,29
19660,5707,9687,35,4,71
19661,20052,24731,77,6,29
19662,11931,5297,110,6,40
19663,3129,18513,11,7,8
19664,3185,4452,104,7,49
19665,16945,10572,137,5,58
19666,7032,9262,107,7,74
19667,23730,19824,73,7,40
19668,16141,3505,65,4,31
19669,21188,2796,44,9,12
19670,4400,3725,72,6,3
19671,15804,13857,118,4,27
19672,2638,22638,33,5,44
19673,18950,12802,145,0,15
19674,10563,5218,17,9,6
19675,24286,1498,24,7,64
19676,21930,17041,66,4,28
19677,16510,19045,143,2,14
19678,9625,8555,28,0,29
19679,12540,1273,43,1,8
19680,18779,8107,61,0,33
19681,3572,12344,143,3,38
19682,21219,18557,86,0,26
19683,24753,2971,50,5,38
19684,9379,17607,40,3,65
19685,13948,5213,34,7,89
19686,14471,4616,124,0,11
19687,3796,2022,87,0,49
19688,11371,19528,141,5,28
19689,11978,11792,116,4,68
19690,2699,14084,29,7,70
19691,9351,15348,15,8,32
19692,22224,15014,79,4,73
19693,23491,20802,88,9,45
19694,5657,22275,108,9,38
19695,19060,11425,34,8,68
19696,3669,14956,2,6,15
19697,17156,2718,100,0,50
19698,10744,23987,1,5,11
19699,23603,10336,8,2,69
19700,20779,6547,118,0,14
19701,13357,12868,90,9,13
19702,3115,19091,19,8,69
19703,21128,14463,44,9,55
19704,5298,20927,63,6,54
19705,18014,22510,141,6,50
19706,1124,287,10,4,37
19707,12732,14860,75,2,42
19708,22175,8003,48,7,79
19709,11552,24704,88,9,30
19710,8229,6187,53,3,43
19711,1764,2301,128,0,15
19712,12786,16810,138,9,39
19713,8548,21299,38,5,20
19714,4475,9044,133,1,12
19715,2214,14833,106,8,61
19716,22388,8538,52,9,85
19717,18910,23206,124,1,80
19718,16384,8246,27,2,80
19719,19355,9136,91,0,35
19720,6579,11273,140,4,44
19721,11774,19000,134,2,73
19722,12479,2082,10,1,44
19723,18312,8345,39,2,27
19724,13154,20380,49,1,15
19725,2383,380,128,1,73
19726,16349,10524,55,1,18
19727,16391,16566,116,8,84
19728,3780,214,47,3,82
19729,1257,4480,8,7,39
19730,22064,5930,20,2,12
19731,21512,21017,15,8,76
19732,8279,14242,102,3,76
19733,21840,18090,138,3,5
19734,3371,1245,27,7,79
19735,16434,9408,84,2,69
19736,7317,16009,44,7,64
19737,18061,1148,24,4,70
19738,24886,24576,32,4,47
19739,18483,14293,54,4,16
19740,13061,10419,139,9,88
19741,5579,8220,13,3,6
19742,18286,19451,43,1,87
19743,11572,10437,42,4,23
19744,7434,12954,73,4,73
19745,20434,19265,45,0,48
19746,16590,17456,149,9,60
19747,10408,20757,37,4,3
19748,23914,18562,47,9,89
19749,16582,2445,20,7,46
19750,14330,15452,99,5,2
19751,9081,13933,12,6,81
19752,10346,4222,116,1,4
19753,1687,20026,132,5,8
19754,6210,8514,30,3,48
19755,19289,10487,83,0,31
19756,19741,21245,95,8,9
19757,1794,20369,76,5,38
19758,19275,13866,135,4,78
19759,10061,15177,88,4,34
19760,11065,5574,78,1,71
19761,22468,962,98,1,10
19762,777,891,119,2,30
19763,14457,7217,148,2,49
19764,12962,697,123,8,81
19765,21474,14868,125,4,30
19766,20402,16928,91,2,77
19767,15593,24693,144,5,17
19768,22177,19569,114,4,0
19769,7842,4212,102,7,31
19770,16983,13368,11,5,66
19771,1079,12140,90,6,5
19772,17089,21926,136,0,43
19773,15960,24996,59,4,69
19774,22840,14453,10,9,23
19775,687,24208,67,0,18
19776,18386,3396,142,8,68
19777,17465,8938,79,5,68
19778,14499,15304,34,6,66
19779,13372,16737,43,6,69
19780,1798,22744,0,5,31
19781,20611,10256,118,0,53
19782,14176,23594,125,3,41
19783,5316,766,68,8,44
19784,9517,12921,83,9,24
19785,19975,7646,31,5,35
19786,14915,16599,77,5,31
19787,23491,4476,12,5,30
19788,17809,165,95,9,83
19789,9254,4434,87,6,52
19790,13103,10957,52,0,88
19791,21441,84,36,4,81
19792,5570,20197,131,5,18
19793,10251,6340,52,1,27
19794,8766,12292,91,6,17
19795,1801,15241,59,8,72
19796,17192,6860,140,5,2
19797,10041,5299,79,0,28
19798,24060,12512,106,5,79
19799,14625,17165,67,2,52
19800,5560,7220,32,7,44
19801,2943,20156,125,2,38
19802,7526,19207,55,7,13
19803,11767,12602,26,6,85
19804,3027,14696,142,8,74
19805,16120,3470,119,4,81
19806,1054,15633,80,1,12
19807,253,20231,58,8,89
19808,14753,7216,101,8,70
19809,15487,7593,138,8,41
19810,2534,16713,97,4,84
19811,20932,21507,126,1,29
19812,11263,14329,95,2,67
19813,7157,14165,128,4,80
19814,5014,20299,26,9,1
19815,11031,11607,61,9,73
19816,17865,21198,55,1,19
19817,21398,11474,123,5,39
19818,957,22794,134,5,79
19819,24612,24090,8,8,28
19820,2812,10950,77,7,11
19821,1356,16616,22,8,13
19822,5443,20400,119,4,48
19823,3027,20613,8,6,77
19824,14021,16743,83,6,41
19825,23133,23910,120,9,64
19826,16063,7372,132,0,55
19827,4433,843,111,3,56
19828,18710,2137,91,7,54
19829,11705,12576,8,4,38
19830,4744,12974,8,6,24
19831,1630,7916,72,9,40
19832,939,7645,61,1,5
19833,18616,2121,111,7,67
19834,17031,5880,113,9,75
19835,16233,7958,131,4,68
19836,13934,5900,117,2,33
19837,18324,8299,98,2,51
19838,15424,196,117,7,62
19839,9741,3481,32,8,84
19840,1252,22452,139,0,36
19841,9614,11396,118,5,84
19842,1808,12352,104,0,30
19843,17967,15056,135,9,83
19844,7311,23676,122,3,52
19845,19907,3397,59,1,86
19846,2821,16964,9,7,15
19847,13101,3165,21,8,44
19848,18009,19731,148,1,76
19849,21467,21090,132,0,1
19850,21979,17785,107,8,11
19851,13786,19752,63,9,86
19852,8691,5120,70,9,82
19853,21902,14753,25,4,3
19854,10561,13395,16,4,43
19855,16858,17642,60,6,21
19856,2732,22173,108,8,20
19857,7405,4626,143,1,74
19858,14610,21454,12,6,36
19859,9431,11911,49,7,75
19860,21832,21196,94,5,71
19861,18476,1928,132,3,59
19862,340,17487,133,0,62
19863,13521,5047,43,0,8
19864,4908,11575,6,7,18
19865,14849,2616,122,9,43
19866,24015,20116,64,8,78
19867,13127,203,134,1,45
19868,21582,21691,22,2,8
19869,3330,20194,137,5,35
19870,6408,12207,2,7,20
19871,18940,24734,114,1,78
19872,17116,21796,72,4,70
19873,24714,9058,72,9,29
19874,14601,1699,46,8,46
19875,21767,24725,50,9,82
19876,18353,16855,136,5,19
19877,3235,13711,111,1,48
19878,5576,11464,84,6,30
19879,4554,6955,12,1,48
19880,16055,20153,122,5,10
19881,16642,7623,20,9,8
19882,21527,2853,103,8,34
19883,10986,5898,88,3,14
19884,3412,15568,30,6,8
19885,10711,16961,101,2,3
19886,14550,17827,87,5,82
19887,3071,13124,77,8,52
19888,5101,18288,115,3,88
19889,24928,2200,135,1,59
19890,24234,7823,70,5,32
19891,8052,21765,119,0,22
19892,21783,7068,43,6,21
19893,3566,7226,5,2,16
19894,6734,985,121,3,34
19895,7845,13193,68,5,81
19896,6131,11624,26,1,73
19897,19742,641,146,4,53
19898,23871,5779,137,3,57
19899,4895,10294,52,4,0
19900,16201,4338,49,7,64
19901,20691,626,8,1,39
19902,17834,4785,16,5,31
19903,21626,19074,63,0,64
19904,1398,19639,39,2,78
19905,15204,10294,11,7,64
19906,3570,23765,43,4,15
19907,21047,16202,105,3,2
19908,21295,11758,76,3,83
19909,8288,7622,80,6,89
19910,19585,19214,51,7,82
19911,6456,4756,92,3,89
19912,24843,21583,80,9,70
19913,2652,1490,39,1,57
19914,4121,1309,127,1,66
19915,18812,11007,86,3,43
19916,11501,15926,40,2,36
19917,410,19305,10,9,80
19918,9736,23610,83,2,6
19919,23666,11472,80,9,58
19920,6596,15557,56,0,37
19921,1987,8832,12,4,57
19922,22715,2414,33,6,48
19923,17646,18075,59,2,58
19924,5035,1079,60,5,43
19925,1038,17820,140,6,77
19926,2602,19104,80,1,6
19927,22275,17158,90,6,61
19928,18385,24513,132,2,11
19929,3370,13835,105,2,52
19930,10915,277,75,6,20
19931,4660,2282,5,5,31
19932,6515,6734,132,4,7
19933,24419,10905,89,1,45
19934,15058,22670,120,0,2
19935,12546,14987,57,5,53
19936,2637,21897,87,6,86
19937,2664,5678,60,0,50
19938,23984,4265,15,8,10
19939,20673,17365,18,8,78
19940,1735,12501,146,4,64
19941,16521,10342,57,9,0
19942,19441,14513,129,9,59
19943,14283,14038,10,8,16
19944,18342,7682,66,6,61
19945,10439,4692,6,1,19
19946,16434,6900,111,7,10
19947,5103,15802,115,2,86
19948,13125,68,75,5,35
19949,17177,10292,115,7,61
19950,6817,10527,147,2,11
19951,16174,2269,30,3,39
19952,652,388,62,0,32
19953,5898,4660,61,2,27
19954,19346,20483,124,7,56
19955,2416,3436,146,4,27
19956,5604,21282,19,2,18
19957,12031,12486,84,8,40
19958,24192,1376,16,8,9
19959,16832,5969,73,1,89
19960,11738,7450,43,9,3
19961,14942,17812,140,1,71
19962,15918,19692,109,0,40
19963,6626,16528,88,1,34
19964,14720,1650,1,5,48
19965,6556,4895,22,3,6
19966,4086,15864,65,3,53
19967,21912,21542,18,3,66
19968,15081,4325,5,3,33
19969,24896,21142,88,1,81
19970,12465,6793,8,4,41
19971,19033,17956,125,8,60
19972,2021,15791,86,9,8
19973,10555,9677,38,0,20
19974,1896,6889,91,8,2
19975,15852,20126,63,9,23
19976,18973,17445,40,2,54
19977,15079,19433,101,8,13
19978,19668,15053,141,4,74
19979,11907,19307,125,7,89
19980,13570,24515,45,5,83
19981,9959,2798,22,5,63
19982,1340,18477,100,7,24
19983,7989,11089,74,1,45
19984,279,6657,5,1,14
19985,19764,2891,28,4,77
19986,9108,22340,136,7,56
19987,9506,15725,11,9,89
19988,12448,1421,119,9,63
19989,17947,10536,149,3,1
19990,15825,928,55,7,57
19991,2285,20442,10,4,24
19992,20106,14707,78,0,52
19993,18813,17537,78,1,70
19994,18082,15381,83,3,46
19995,23926,11724,46,7,47
19996,1952,3252,25,8,68
19997,24062,15535,36,3,79
19998,5577,24100,31,0,4
19999,11129,14574,70,7,24
20000,24265,757,77,0,76
20001,13994,19849,99,7,61
20002,9500,20864,91,3,67
20003,14965,15062,11,4,26
20004,8351,22083,140,1,56
20005,648,24194,34,1,23
20006,14168,7520,123,8,43
20007,23266,6777,110,0,58
20008,5490,1340,123,5,3
20009,6840,3683,139,7,44
20010,4708,8694,43,1,88
20011,16085,17531,108,4,22
20012,7856,22891,113,6,8
20013,912,4228,141,7,2
20014,16142,9705,65,1,43
20015,2764,21451,110,4,74
20016,20726,10646,105,4,14
20017,16814,10417,139,7,13
20018,15470,20895,62,4,36
20019,1569,12586,46,9,74
20020,21670,2927,95,4,16
20021,8254,15932,91,3,36
20022,1785,11936,78,2,21
20023,7836,17382,99,1,9
20024,17853,587,21,1,4
20025,2127,13457,26,8,36
20026,3898,485,115,6,1
20027,23268,22332,93,1,69
20028,21847,8340,17,4,46
20029,2045,18496,34,4,47
20030,716,10988,55,9,8
20031,19958,14605,88,6,1
20032,9735,2457,76,9,3
20033,9978,3935,137,0,3
20034,19104,10240,139,9,29
20035,22975,5909,149,8,43
20036,18711,3146,4,4,20
20037,1925,2273,127,1,83
20038,7904,9706,139,9,33
20039,19260,18727,7,6,65
20040,11405,22190,142,5,50
20041,7371,15967,138,1,18
20042,15856,21513,121,8,72
20043,17992,844,135,8,76
20044,9022,14577,8,9,59
20045,11730,23854,25,3,80
20046,1107,4945,120,5,72
20047,20423,18327,16,4,73
20048,20351,13216,32,6,19
20049,17400,24809,16,6,44
20050,14438,8963,86,1,45
20051,617,3174,105,9,87
20052,17707,2409,17,9,7
20053,13312,21632,74,0,67
20054,20783,21592,14,4,24
20055,7013,6284,61,9,72
20056,2171,22333,29,6,39
20057,21385,15725,127,9,85
20058,18767,22425,124,0,6
20059,12118,8545,62,5,65
20060,23713,2177,13,0,71
20061,16673,9317,45,1,6
20062,508,2849,109,1,84
20063,14958,18615,112,1,1
20064,20256,9684,83,4,73
20065,1825,22016,102,9,66
20066,6753,1073,146,4,37
20067,2392,15240,119,4,2
20068,24436,14526,6,1,58
20069,23174,1236,22,2,66
20070,5057,3775,49,7,42
20071,9673,21871,40,4,17
20072,20567,20383,148,9,12
20073,9608,17347,41,1,79
20074,10688,15150,108,6,15
20075,8722,17771,116,7,14
20076,23970,24776,18,5,16
20077,16584,9728,63,0,87
20078,6713,10799,7,3,73
20079,4362,15462,39,4,82
20080,16931,14599,3,8,50
20081,21384,16010,31,3,45
20082,23947,3879,52,0,16
20083,8581,20039,147,8,59
20084,280,4786,75,4,21
20085,9925,22337,105,3,0
20086,3828,1304,64,8,0
20087,18590,16134,54,0,70
20088,14453,24605,23,6,18
20089,11467,13122,77,6,65
20090,24175,4819,144,2,82
20091,22298,10997,47,7,1
20092,4775,17830,77,7,44
20093,6979,18607,121,6,73
20094,14952,14737,8,6,12
20095,18085,4082,121,4,26
20096,16077,20693,58,1,2
20097,22926,14746,105,9,4
20098,9306,6956,8,1,83
20099,7498,17834,27,2,85
20100,11927,13685,75,1,0
20101,16267,19534,42,2,7
20102,2372,10531,41,9,53
20103,19871,21110,63,9,18
20104,21929,19216,15,5,74
20105,17442,12685,83,2,17
20106,1870,9584,57,6,79
20107,13401,16165,128,6,29
20108,13785,8126,113,7,32
20109,18626,10055,71,9,81
20110,17746,10144,137,0,53
20111,13138,16058,16,7,66
20112,12759,7031,149,5,2
20113,12226,3842,140,9,41
20114,17237,3180,52,2,34
20115,4734,22704,8,3,67
20116,6429,6326,128,2,47
20117,9407,5185,76,6,64
20118,16304,7240,83,7,84
20119,16932,7725,75,8,78
20120,22477,17638,56,7,43
20121,18893,24286,81,6,89
20122,21379,1430,131,4,18
20123,17969,6088,127,3,58
20124,20154,3758,39,1,86
20125,24030,24342,37,4,26
20126,12134,9223,67,2,87
20127,16635,24766,46,7,28
20128,301,5291,25,3,37
20129,1906,1274,16,1,6
20130,21237,21601,5,6,89
20131,3534,13168,120,1,3
20132,8214,4534,56,7,19
20133,23873,20231,122,0,67
20134,6974,79,114,6,27
20135,2612,11755,101,1,15
20136,3671,9143,2,2,1
20137,8730,16260,128,2,5
20138,24133,16500,57,6,31
20139,13318,13387,74,7,49
20140,5996,9641,101,6,69
20141,20666,6399,85,1,61
20142,8868,47,38,1,46
20143,1582,5177,40,0,58
20144,6805,18221,61,9,86
20145,1207,10434,136,0,47
20146,13099,11709,118,9,70
20147,6051,11025,74,6,43
20148,11033,18840,135,6,70
20149,5585,5423,116,8,89
20150,10479,10925,35,7,64
20151,17831,10683,89,5,32
20152,21443,5667,132,6,82
20153,11495,13436,129,5,11
20154,11082,15998,81,5,68
20155,19014,9281,13,6,70
20156,693,1939,43,5,88
20157,15845,12439,75,4,5
20158,9948,11680,58,2,62
20159,9892,7676,34,2,26
20160,10817,23378,58,3,78
20161,3007,23509,122,3,36
20162,7455,17548,62,2,42
20163,20083,5476,83,9,37
20164,24081,383,46,1,64
20165,8406,13041,136,0,2
20166,5794,3571,25,7,55
20167,18607,725,126,3,41
20168,564,13687,137,4,14
20169,4267,15053,111,1,6
20170,10269,6220,57,7,0
20171,7574,12575,78,3,63
20172,1507,4419,43,3,81
20173,12028,2427,147,3,54
20174,19322,11898,6,3,76
20175,17616,7784,110,6,71
20176,16351,3207,87,9,45
20177,10659,6159,84,5,4
20178,17207,10823,11,6,12
20179,14794,616,139,7,15
20180,7596,13704,102,8,8
20181,3590,12767,10,4,75
20182,14604,16423,54,8,73
20183,20186,18827,131,5,42
20184,11756,21479,3,4,50
20185,19288,21625,123,6,54
20186,15674,11057,109,1,87
20187,11807,19660,46,4,25
20188,19631,10074,33,8,32
20189,21314,21073,121,8,13
20190,1271,18143,105,0,76
20191,9856,21720,87,3,18
20192,6610,9544,25,8,36
20193,15124,4480,91,5,65
20194,12777,15235,82,0,1
20195,9170,10748,42,3,48
20196,6045,8147,138,5,45
20197,14324,4539,32,7,13
20198,16881,21093,87,1,27
20199,17689,9066,55,3,73
20200,14820,19408,31,3,87
20201,3596,11731,4,7,40
20202,1032,16540,33,6,61
20203,17343,14063,40,2,0
20204,8003,22502,142,0,75
20205,10209,14511,57,2,83
20206,2109,14429,37,1,14
20207,18280,1778,50,4,64
20208,23371,21770,112,6,48
20209,17108,16365,50,8,37
20210,1180,9022,144,3,34
20211,17268,24469,1,4,73
20212,2784,21747,99,8,41
20213,24207,14548,48,7,10
20214,18896,9931,76,4,42
20215,10174,13573,83,7,84
20216,11140,13503,68,5,11
20217,3470,10166,4,5,82
20218,21761,723,96,0,52
20219,20511,8882,39,2,40
20220,6782,15421,98,2,42
20221,19340,12275,74,5,28
20222,12424,8463,93,7,12
20223,22206,17571,138,9,63
20224,15843,11840,108,7,17
20225,22503,24567,88,0,33
20226,18583,13907,149,8,47
20227,12737,7133,146,6,35
20228,8526,6260,109,6,18
20229,20014,19090,17,1,59
20230,1632,20198,109,8,6
20231,2789,16346,108,5,79
20232,748,1942,72,6,41
20233,4316,1027,9,8,44
20234,19574,12146,30,7,71
20235,13988,5634,54,2,12
20236,3425,4553,1,9,77
20237,20059,4523,55,7,76
20238,3860,429,126,1,64
20239,8640,2782,30,4,89
20240,9059,9068,147,3,50
20241,8101,7049,50,0,82
20242,3390,24230,117,3,27
20243,1995,7785,38,0,71
20244,5504,22892,108,3,54
20245,17577,12305,102,5,9
20246,13173,9019,38,4,8
20247,9467,2762,125,5,52
20248,3191,15922,81,3,64
20249,21252,17726,40,9,24
20250,15613,3338,135,3,66
20251,24391,23249,66,2,0
20252,18971,23146,137,8,14
20253,18338,1212,17,6,69
20254,20549,7048,107,5,26
20255,14632,12751,98,4,51
20256,12777,2006,141,9,48
20257,8730,12939,45,0,62
20258,7369,1964,1,7,52
20259,17331,23916,99,5,71
20260,19747,4590,105,5,31
20261,957,23248,85,8,50
20262,3033,13278,28,4,63
20263,11243,13161,102,9,39
20264,7532,8174,35,3,54
20265,11210,6833,96,3,19
20266,14525,1475,134,8,73
20267,21907,12305,5,5,44
20268,11299,7714,92,6,36
20269,2663,7632,115,8,52
20270,7203,19243,38,8,54
20271,20275,19363,79,3,87
20272,7356,22741,122,7,3
20273,22003,430,59,8,54
20274,9539,1139,77,6,3
20275,645,16186,66,3,9
20276,21165,12376,5,6,65
20277,4668,351,2,9,6
20278,2492,3918,30,5,39
20279,7965,22712,59,5,25
20280,13301,21136,28,4,53
20281,5875,14267,64,5,55
20282,16556,23206,142,7,5
20283,3322,19866,41,0,31
20284,2274,24598,76,1,59
20285,22292,14744,74,6,13
20286,17590,21566,73,0,35
20287,16824,11235,27,4,65
20288,5800,1952,58,4,35
20289,2966,24001,24,8,9
20290,13903,14750,6,7,41
20291,7868,5995,63,4,66
20292,23972,18353,97,1,51
20293,4338,6580,142,4,46
20294,8790,22796,98,3,28
20295,1273,16292,19,7,36
20296,20569,12216,60,4,72
20297,6364,3837,51,1,9
20298,8738,20835,106,1,42
20299,6811,7931,49,6,37
20300,21825,22080,100,1,0
20301,285,13554,100,7,4
20302,2829,18294,145,8,33
20303,19502,2008,88,1,40
20304,23173,15361,25,1,51
20305,13178,18325,16,2,46
20306,16949,1679,149,3,79
20307,1354,16444,91,7,28
20308,6786,9714,33,9,32
20309,482,13434,33,0,24
20310,5968,24207,125,4,19
20311,6562,24717,29,4,25
20312,16214,18098,141,1,55
20313,4989,5919,68,8,50
20314,5434,22929,41,6,17
20315,20029,21957,28,4,68
20316,19316,14656,97,7,66
20317,19860,15233,134,4,84
20318,1514,12840,118,3,82
20319,7745,10930,7,2,38
20320,3145,90,16,6,71
20321,9366,8104,11,8,9
20322,17787,14308,54,7,56
20323,9311,10840,81,6,34
20324,10641,591,89,1,56
20325,8848,4321,125,4,86
20326,2487,7533,97,9,84
20327,9131,7435,129,8,56
20328,18890,18536,130,0,23
20329,949,13835,9,0,67
20330,9020,14386,22,4,49
20331,14425,24649,40,1,88
20332,21263,8666,81,0,44
20333,7379,3192,147,7,49
20334,12164,5367,115,5,21
20335,2479,4579,85,4,8
20336,6391,9082,82,8,39
20337,6180,17782,128,2,5
20338,14358,15887,33,5,9
20339,5779,4317,103,6,75
20340,14335,21206,98,9,20
20341,7179,7974,106,3,53
20342,16321,11638,9,4,72
20343,11008,20941,73,7,24
20344,4079,3209,118,0,6
20345,6671,180,87,5,57
20346,1679,7770,96,7,75
20347,5995,1185,24,9,85
20348,6226,2720,2,0,32
20349,4426,19997,25,0,49
20350,13523,18636,94,7,76
20351,4721,20212,117,5,12
20352,16187,5498,131,0,17
20353,17341,21620,95,3,20
20354,1354,19984,17,7,25
20355,9563,456,121,6,17
20356,6001,22864,71,8,68
20357,19870,1054,117,6,67
20358,14873,24827,79,9,46
20359,19663,23307,18,4,17
20360,6467,16304,147,4,88
20361,13218,18667,7,1,11
20362,4577,21358,21,5,31
20363,19095,144,72,2,12
20364,8330,20951,50,6,40
20365,17277,10813,109,0,32
20366,3042,23042,138,6,56
20367,15667,19480,109,6,34
20368,13886,22564,62,3,42
20369,321,16450,59,4,40
20370,5960,9263,105,4,53
20371,8270,12002,14,3,28
20372,24003,23454,23,8,71
20373,1870,13552,129,9,45
20374,24117,20837,18,3,12
20375,12715,21104,30,1,24
20376,8318,24458,96,2,28
20377,21026,10406,25,0,12
20378,21769,10118,71,0,10
20379,18298,3376,146,3,40
20380,2946,2483,131,3,78
20381,13711,9746,3,8,48
20382,9609,19227,103,5,44
20383,24892,10808,27,3,3
20384,19133,2927,11,3,29
20385,20158,14228,138,7,55
20386,8341,9344,56,1,44
20387,18497,21245,92,1,5
20388,23898,9120,123,3,84
20389,500,4108,10,4,82
20390,22729,14333,5,2,20
20391,5968,3707,122,3,87
20392,23002,23205,118,7,74
20393,1928,3981,19,9,70
20394,22363,20362,98,7,4
20395,7727,2190,32,4,17
20396,11023,5020,110,0,13
20397,3314,12047,55,1,88
20398,21907,9175,141,9,4
20399,5272,14823,7,0,1
20400,6925,13185,120,3,74
20401,20222,6303,75,6,44
20402,12588,5957,58,3,3
20403,7751,20528,125,4,5
20404,7908,17436,28,2,55
20405,12080,10098,24,0,24
20406,4188,16112,8,0,80
20407,16143,12861,8,8,36
20408,22115,10053,22,5,52
20409,7564,10435,132,4,26
20410,14876,10772,77,5,40
20411,1503,755,89,5,2
20412,8735,13409,1,8,18
20413,10577,7691,19,9,85
20414,9604,14276,120,9,40
20415,13114,2256,11,7,68
20416,11105,4737,78,6,44
20417,20666,12313,53,7,84
20418,5864,16685,77,5,33
20419,22743,13315,28,4,1
20420,3918,2052,17,4,50
20421,16459,12490,128,1,88
20422,14294,5251,76,4,12
20423,14464,13943,135,6,3
20424,24873,12195,124,1,82
20425,16490,1714,92,2,86
20426,12105,9472,4,2,15
20427,8086,10281,90,1,30
20428,16351,4229,147,3,15
20429,22559,11375,118,0,83
20430,20264,3742,121,9,86
20431,20844,19715,106,2,37
20432,9748,18796,79,4,2
20433,1353,18957,46,3,48
20434,21864,15015,105,6,53
20435,3668,5021,138,2,11
20436,17108,2631,42,0,45
20437,17021,2468,27,5,58
20438,11556,13926,31,1,71
20439,4395,24035,25,5,34
20440,7849,19991,111,7,62
20441,16715,1287,67,7,5
20442,23420,15555,135,7,62
20443,20163,172,19,8,61
20444,12592,10698,121,8,8
20445,5062,16530,40,7,82
20446,16597,5353,20,7,12
20447,3657,15586,60,7,33
20448,17747,23326,59,0,52
20449,11226,9184,56,2,66
20450,5006,22840,9,3,53
20451,9624,4618,19,2,84
20452,1347,9524,98,6,51
20453,24237,5875,117,0,77
20454,4956,16029,124,5,65
20455,24551,78,75,1,89
20456,24001,21062,79,4,48
20457,5833,12156,13,9,81
20458,15711,10359,99,8,72
20459,22040,5636,78,5,80
20460,422,646,88,1,88
20461,22427,9938,102,9,27
20462,7255,2092,42,4,12
20463,20386,23491,118,1,53
20464,11446,65,27,1,87
20465,17763,17061,6,1,3
20466,22407,1534,145,9,9
20467,237,10651,61,9,2
20468,10044,20068,30,7,16
20469,328,16301,27,6,30
20470,20600,429,11,0,64
20471,21211,3540,70,7,9
20472,6619,17356,70,6,29
20473,11529,21509,52,0,38
20474,15861,13185,48,4,30
20475,19451,22993,87,2,16
20476,18562,9120,40,3,38
20477,10377,23423,49,0,73
20478,11313,22082,93,7,56
20479,19180,17714,92,2,69
20480,22342,17113,80,3,79
20481,15307,83,123,7,13
20482,16257,6611,31,9,46
20483,355,430,37,5,17
20484,8970,3276,27,6,30
20485,10421,12665,90,5,42
20486,22186,2021,40,7,21
20487,11795,5315,132,6,77
20488,13899,10099,11,9,26
20489,10331,22408,28,4,1
20490,13405,4727,142,2,20
20491,4847,11229,65,3,52
20492,77,22425,38,3,51
20493,10643,2259,59,2,20
20494,21888,878,129,4,88
20495,21749,11339,6,8,84
20496,16760,794,133,5,38
20497,20713,18371,97,3,42
20498,1511,13239,135,3,34
20499,14945,6536,82,7,32
20500,20708,15637,93,4,22
20501,11587,15603,49,2,42
20502,5813,24385,30,9,49
20503,14977,23775,149,3,27
20504,253,9278,132,6,49
20505,14439,11498,74,4,34
20506,7651,21077,128,2,73
20507,18289,6054,1,2,75
20508,3554,1846,135,9,14
20509,11571,17435,76,5,50
20510,17626,4989,144,7,6
20511,15600,22137,142,3,38
20512,23788,13423,87,0,79
20513,12671,24576,109,9,74
20514,9631,8259,70,4,3
20515,14748,3984,92,8,76
20516,2532,1475,66,6,62
20517,10256,9279,81,3,6
20518,13908,11173,44,3,84
20519,13961,16017,95,2,82
20520,5152,19959,35,2,24
20521,5621,22860,3,3,89
20522,5697,553,25,4,28
20523,24929,24289,109,7,43
20524,17432,18903,67,8,10
20525,10853,15007,20,6,37
20526,241,16830,132,0,84
20527,20830,10930,84,3,17
20528,3577,9995,5,1,78
20529,8082,7742,95,0,18
20530,5356,18040,79,4,36
20531,5583,8210,14,6,52
20532,6179,2699,71,6,75
20533,17870,9437,10,0,26
20534,20597,13279,22,4,81
20535,18242,21848,3,9,76
20536,7170,18067,125,3,30
20537,3050,4948,49,0,10
20538,7819,23057,138,5,71
20539,19901,496,128,7,50
20540,9555,23180,121,5,45
20541,6910,22722,54,2,81
20542,8129,15656,55,6,55
20543,11804,2485,100,8,9
20544,2587,9375,135,6,89
20545,11404,16423,98,6,29
20546,10919,17838,109,8,13
20547,23485,24611,66,1,63
20548,5841,10988,54,5,64
20549,563,5183,137,6,14
20550,24441,21209,126,8,33
20551,12983,16260,108,8,86
20552,22574,17125,50,5,60
20553,18446,1205,81,9,60
20554,3962,699,72,1,14
20555,8947,7143,22,9,35
20556,11102,7234,75,0,86
20557,4186,23736,103,9,75
20558,10144,17391,117,4,15
20559,15623,9941,59,3,75
20560,683,16754,117,2,47
20561,22933,5924,55,4,8
20562,16602,7137,148,0,80
20563,1694,7504,106,7,46
20564,1273,19856,105,4,51
20565,13667,13304,84,7,25
20566,22845,18253,132,2,59
20567,3380,6200,45,6,79
20568,14265,7404,90,3,76
20569,14238,8052,46,5,53
20570,8230,23272,143,5,10
20571,3687,8893,40,1,12
20572,3492,135,16,6,75
20573,20939,12988,9,3,82
20574,21298,19289,41,1,24
20575,9678,7614,33,7,72
20576,16670,3571,43,4,49
20577,1999,1321,123,7,7
20578,5814,16634,112,1,47
20579,18086,23639,98,0,26
20580,1517,21268,8,4,17
20581,22266,11025,43,1,64
20582,10307,13766,27,4,86
20583,9431,816,33,3,86
20584,16430,12680,41,8,23
20585,3762,23835,94,1,46
20586,1226,9258,112,5,23
20587,11034,14844,126,6,27
20588,23581,5801,77,1,62
20589,12727,20355,119,1,51
20590,22775,1467,109,6,9
20591,15041,11219,10,4,80
20592,11732,10898,36,6,62
20593,14920,4968,2,6,13
20594,3676,20804,64,8,64
20595,9823,9355,135,1,47
20596,14464,4383,109,1,12
20597,702,24897,7,7,25
20598,9344,17172,84,7,81
20599,9036,21964,68,5,42
20600,19319,19194,32,8,42
20601,20259,16981,135,8,57
20602,8244,627,40,4,12
20603,5445,1057,27,6,16
20604,13301,10759,99,3,59
20605,7937,16889,104,5,88
20606,227,2978,97,5,29
20607,12867,24754,117,8,8
20608,11333,23798,35,9,69
20609,7237,173,49,2,31
20610,22824,2912,139,1,43
20611,10693,5039,135,5,8
20612,8430,18902,23,9,38
20613,18662,17000,100,8,30
20614,23791,20156,60,3,14
20615,19984,10013,11,9,35
20616,8458,24065,87,0,29
20617,6001,14524,51,6,76
20618,13970,5736,3,4,67
20619,6505,21557,144,5,84
20620,20447,24798,16,3,45
20621,23228,16211,13,8,66
20622,11468,4236,126,8,86
20623,1808,9641,18,2,81
20624,20952,6619,27,7,65
20625,2240,1558,3,9,43
20626,18876,3762,69,2,64
20627,5973,21414,6,4,44
20628,17467,20613,136,7,32
20629,6385,15200,5,0,64
20630,12176,19547,74,0,52
20631,1881,16965,134,6,39
20632,11925,24358,26,4,9
20633,260,295,48,7,39
20634,4087,9051,11,9,40
20635,24230,2152,91,8,39
20636,11672,538,52,7,42
20637,7238,14556,0,9,75
20638,6761,16005,118,5,78
20639,17671,18455,134,4,33
20640,2560,9379,103,6,68
20641,22852,20921,111,3,22
20642,420,6874,9,6,12
20643,15218,22873,126,0,68
20644,11756,18623,98,1,33
20645,21134,16284,68,3,53
20646,5284,18266,47,2,1
20647,448,24318,119,6,7
20648,7412,5154,47,5,35
20649,19500,20191,68,4,63
20650,6902,19290,99,0,33
20651,2885,3149,101,6,8
20652,4300,11474,53,1,42
20653,7551,22300,72,0,24
20654,12996,22976,122,8,0
20655,21278,23253,14,1,46
20656,10611,10721,98,0,39
20657,3293,20063,4,7,75
20658,4765,20239,103,7,16
20659,5754,12735,43,8,5
20660,2518,688,7,9,9
20661,4762,9557,50,2,33
20662,21313,19353,115,7,10
20663,4705,21927,65,3,22
20664,15911,14729,71,8,6
20665,9626,15514,65,9,41
20666,17249,24184,118,9,86
20667,12379,18832,57,7,67
20668,2504,10592,5,7,11
20669,23602,19997,128,3,9
20670,15534,5119,19,3,7
20671,7578,17515,3,4,71
20672,24264,7066,82,2,73
20673,23100,24735,57,0,23
20674,22530,1597,120,9,62
20675,12382,19970,125,1,62
20676,940,20313,24,0,37
20677,11941,7770,129,8,49
20678,20827,17127,125,6,51
20679,21211,22540,125,4,30
20680,8182,5724,118,1,19
20681,12873,19533,59,0,8
20682,1142,17539,108,3,58
20683,22749,22816,4,9,18
20684,24369,11904,26,0,49
20685,3385,7694,75,3,74
20686,4864,15823,124,6,76
20687,12435,24557,77,3,59
20688,3032,17532,63,4,88
20689,11156,8821,142,0,41
20690,14752,8872,35,9,69
20691,24255,24691,77,1,56
20692,11446,20892,85,6,56
20693,18030,13452,38,8,71
20694,23226,24633,4,0,31
20695,14717,23330,90,4,4
20696,7331,8366,93,2,53
20697,21299,19725,110,8,56
20698,21892,5388,19,7,58
20699,13837,20405,31,4,3
20700,19109,10133,89,1,26
20701,15027,5173,79,3,3
20702,8639,18231,137,6,3
20703,1808,19311,129,1,88
20704,20507,23668,86,7,52
20705,8211,5242,147,5,47
20706,9626,11728,87,6,64
20707,14056,6191,33,4,27
20708,11456,4656,118,3,51
20709,22563,19938,63,7,27
20710,8259,5467,85,4,1
20711,2781,12954,60,9,33
20712,20565,23979,136,4,9
20713,19158,22979,89,9,58
20714,6593,13002,18,6,78
20715,7906,22892,148,0,71
20716,56,23905,117,0,29
20717,17539,6527,11,6,16
20718,22245,5642,81,2,46
20719,15184,14366,136,3,66
20720,20892,9933,58,4,19
20721,3670,11184,101,9,89
20722,18825,11494,34,5,78
20723,19248,1211,100,1,83
20724,20172,9818,139,8,15
20725,6469,6169,83,2,60
20726,1907,3553,108,7,42
20727,4620,20495,80,3,74
20728,20023,22234,39,0,17
20729,16566,9652,129,1,77
20730,16751,5182,148,5,40
20731,15681,3253,108,6,46
20732,16962,3034,65,7,21
20733,9076,13558,74,2,54
20734,924,15034,79,2,14
20735,6163,12013,2,5,30
20736,8970,621,140,8,42
20737,22401,6238,85,9,43
20738,20592,17395,33,9,82
20739,12848,16144,89,4,31
20740,9932,8938,109,0,35
20741,1723,16258,90,3,79
20742,1984,5324,45,0,15
20743,6669,17636,81,0,28
20744,18462,6797,34,0,83
20745,2477,9565,68,7,33
20746,16938,709,7,8,82
20747,17969,24120,121,2,24
20748,14406,23325,102,8,79
20749,22238,20823,146,8,82
20750,20533,8678,149,3,88
20751,9856,4025,77,4,23
20752,3557,24363,113,5,21
20753,18780,408,81,6,67
20754,17257,7959,20,5,6
20755,11429,24551,19,2,31
20756,15409,23145,37,9,85
20757,17496,5068,66,1,46
20758,16709,8928,10,8,31
20759,20797,12102,36,4,25
20760,12192,22386,39,3,67
20761,402,9767,124,0,17
20762,17887,1794,138,0,72
20763,3522,9929,37,6,33
20764,6172,5699,139,5,36
20765,6988,21097,41,8,14
20766,4482,20580,101,3,86
20767,9492,19119,89,4,2
20768,1265,11758,4,1,17
20769,14146,6795,3,0,61
20770,12426,5415,9,3,65
20771,14093,7214,117,7,20
20772,24144,20287,138,9,13
20773,12080,39,131,3,35
20774,11228,4748,16,5,40
20775,7133,9860,53,4,23
20776,18440,4339,109,9,78
20777,6317,10804,147,9,32
20778,6263,5510,76,0,79
20779,17670,7863,83,0,86
20780,3644,4687,56,5,14
20781,8779,20623,89,6,42
20782,18970,9128,73,2,1
20783,23170,19380,13,2,9
20784,340,7034,99,6,21
20785,4135,15862,114,3,70
20786,9767,16085,146,7,1
20787,20039,76,85,3,50
20788,2640,18512,126,9,64
20789,1933,24582,54,4,38
20790,2973,16725,118,4,11
20791,8814,14183,34,9,13
20792,16304,24565,35,1,62
20793,14436,11309,6,8,86
20794,4034,909,130,5,82
20795,12472,7168,40,4,5
20796,2126,6507,63,2,53
20797,12444,6404,24,8,88
20798,4493,4291,67,9,12
20799,4082,24088,148,1,74
20800,10320,1494,25,2,7
20801,7596,19379,95,5,61
20802,11185,13385,23,1,12
20803,11758,9311,115,8,16
20804,15764,3471,125,0,39
20805,13586,21674,133,7,40
20806,20119,3023,112,3,4
20807,20854,1168,126,7,33
20808,22637,24576,81,3,40
20809,815,13857,36,2,37
20810,7475,6937,92,3,12
20811,19067,12420,134,1,12
20812,20633,24429,142,3,42
20813,19817,5737,91,6,31
20814,14948,16420,18,5,16
20815,3154,17064,52,3,87
20816,20893,21450,78,7,1
20817,24947,10370,52,9,61
20818,9368,17860,122,5,50
20819,7005,15832,101,8,35
20820,9718,3312,83,5,7
20821,16204,501,34,8,59
20822,15465,5204,112,7,84
20823,14881,6819,5,1,34
20824,5518,12963,85,0,50
20825,6818,15753,0,2,32
20826,13850,22219,97,3,8
20827,14519,15288,97,1,70
20828,23990,19486,44,7,57
20829,22396,12325,77,6,15
20830,2824,12964,53,6,38
20831,3686,4918,144,7,25
20832,1671,13440,125,2,12
20833,16948,12604,72,6,0
20834,23133,19821,34,6,24
20835,17629,14550,56,5,72
20836,6494,5830,56,5,7
20837,16702,13923,20,7,28
20838,1003,8772,128,9,39
20839,11754,20326,140,5,39
20840,12448,16447,17,1,73
20841,5430,6895,4,5,81
20842,14322,2558,77,1,42
20843,7878,12785,87,8,52
20844,8107,15241,81,8,85
20845,7018,5376,107,3,11
20846,3948,21886,33,7,69
20847,17446,17884,146,0,5
20848,3858,12032,56,6,69
20849,7647,5107,62,0,33
20850,581,20647,133,8,2
20851,15676,4234,98,3,71
20852,19142,16030,75,8,85
20853,24275,8441,40,4,72
20854,1578,10699,17,2,6
20855,19108,12370,116,8,5
20856,4942,1964,94,5,46
20857,1098,16702,65,2,59
20858,10856,1245,127,9,57
20859,22940,5190,142,6,73
20860,8115,9676,74,2,30
20861,14376,20500,105,6,50
20862,10250,2865,58,9,10
20863,11647,13642,55,6,52
20864,23957,6190,113,1,4
20865,8332,7598,119,8,55
20866,10693,19184,15,0,89
20867,20250,634,145,4,13
20868,12571,16177,58,9,33
20869,4874,18832,102,4,42
20870,14322,1643,6,7,7
20871,13018,12017,75,1,59
20872,24240,549,6,2,33
20873,4251,21585,57,8,39
20874,22901,842,82,3,79
20875,14825,3705,17,7,11
20876,23471,19790,66,8,50
20877,22792,11688,4,0,27
20878,14696,13563,124,8,47
20879,13888,1329,115,4,32
20880,2166,3623,121,3,53
20881,3541,12592,119,5,5
20882,7992,12032,85,6,66
20883,16514,7029,99,2,15
20884,22105,14832,125,7,43
20885,21111,14150,39,3,61
20886,5160,4636,98,8,33
20887,19212,16761,114,1,4
20888,15020,17682,112,1,52
20889,24101,5158,70,9,32
20890,3792,2803,63,3,54
20891,16524,8372,32,9,21
20892,17479,23128,94,7,18
20893,18906,4541,75,5,88
20894,14544,3395,131,0,24
20895,19375,10031,31,4,14
20896,21351,8484,4,3,34
20897,17959,653,98,2,32
20898,6227,5683,137,8,24
20899,21614,3727,37,9,40
20900,20247,8755,131,3,19
20901,9894,1746,24,0,41
20902,2435,4106,71,2,38
20903,20822,20637,20,2,10
20904,17961,22159,96,5,11
20905,22856,10225,71,5,36
20906,6310,10743,51,0,77
20907,16368,6409,147,4,24
20908,2812,20255,90,4,14
20909,16221,16992,71,4,87
20910,11741,4421,83,9,18
20911,6834,5973,79,0,25
20912,19704,20337,7,9,58
20913,16095,7280,114,8,88
20914,496,16364,144,7,0
20915,13027,12772,88,5,57
20916,6239,4443,64,5,17
20917,2021,21835,111,1,72
20918,17727,23880,39,6,36
20919,13725,9525,4,9,82
20920,5243,14927,135,9,19
20921,3686,21517,33,9,31
20922,22162,7176,25,6,47
20923,2652,23139,67,3,35
20924,8179,18030,47,3,21
20925,4058,6824,124,5,32
20926,24365,5316,96,6,77
20927,13670,7927,8,8,45
20928,13493,9214,130,5,54
20929,4646,16265,56,6,84
20930,12774,24128,104,7,60
20931,13804,10530,125,2,6
20932,17269,9025,58,3,4
20933,16054,22042,16,4,65
20934,24027,3168,113,0,80
20935,16398,20898,44,0,26
20936,5258,3356,67,0,64
20937,20001,5975,16,3,30
20938,6073,20369,34,6,68
20939,13738,3415,57,7,79
20940,19196,13067,111,3,1
20941,12097,15460,40,6,0
20942,17683,11057,112,5,41
20943,7024,10350,131,0,84
20944,10024,21525,72,5,0
20945,19845,799,15,7,66
20946,2969,10623,119,1,40
20947,5876,17236,48,5,87
20948,17057,22812,139,5,0
20949,2809,17021,147,7,1
20950,18679,2046,17,6,28
20951,16820,20071,26,2,11
20952,6094,13606,34,7,26
20953,13760,2871,37,0,34
20954,17268,658,66,8,16
20955,22175,21912,143,3,88
20956,11432,15424,73,5,44
20957,16985,7718,107,9,56
20958,14966,3192,97,6,51
20959,17049,13433,77,0,82
20960,6239,3024,146,7,62
20961,21839,21159,61,5,70
20962,22119,9456,82,5,6
20963,3324,17370,86,7,22
20964,3059,3015,55,9,74
20965,7017,8066,82,3,50
20966,21993,11840,84,1,54
20967,15995,19460,84,3,7
20968,13774,1736,113,5,53
20969,13630,15687,56,5,8
20970,23674,22606,7,9,22
20971,2563,10424,78,3,58
20972,4250,14978,7,2,10
20973,5686,2415,129,2,58
20974,20290,21655,62,1,34
20975,19232,2166,37,9,85
20976,4647,18819,4,8,29
20977,9708,16762,140,9,1
20978,9547,15871,15,8,82
20979,15269,3730,125,0,86
20980,9081,17746,5,3,26
20981,15076,15704,20,5,87
20982,23919,3533,13,1,30
20983,23378,22575,30,4,5
20984,19642,18707,50,2,54
20985,13911,4168,7,6,83
20986,24270,7635,26,9,72
20987,21307,6447,17,6,66
20988,23646,10646,123,0,60
20989,21321,14228,143,8,5
20990,18686,9825,10,8,17
20991,3315,10666,0,5,62
20992,1272,9166,117,3,27
20993,11490,2920,46,8,24
20994,18009,20544,85,2,0
20995,9774,22119,42,8,10
20996,12119,1332,88,4,80
20997,9547,769,28,6,87
20998,24518,21921,98,1,15
20999,8244,16920,116,5,60
21000,16628,9271,20,8,27
21001,11388,20207,9,0,44
21002,224,4169,82,7,82
21003,10739,11115,53,5,11
21004,16012,24857,20,8,16
21005,1077,2257,70,1,24
21006,19259,242,67,6,2
21007,14067,5763,64,3,21
21008,5787,24732,66,9,19
21009,24238,3541,0,7,80
21010,1536,22720,68,1,62
21011,6174,3368,149,5,27
21012,8393,17790,17,7,32
21013,8473,4048,53,7,55
21014,11386,5343,113,4,72
21015,23377,7489,2,4,34
21016,21183,21178,45,5,13
21017,23780,9562,38,7,66
21018,20767,7074,123,4,88
21019,11404,2885,92,7,72
21020,22284,11398,34,1,73
21021,13076,21824,9,5,30
21022,305,13788,148,5,62
21023,6221,17883,64,7,25
21024,22638,214,76,5,84
21025,15308,18802,39,9,51
21026,8165,13023,132,4,11
21027,18293,20235,11,3,56
21028,14945,12308,41,1,0
21029,20827,21209,52,6,39
21030,74,16493,66,3,26
21031,9341,2193,39,8,88
21032,22396,22696,146,5,25
21033,19560,23576,113,6,60
21034,9586,11015,68,9,37
21035,22566,13700,18,1,3
21036,6204,17513,38,6,8
21037,9540,17261,43,9,58
21038,11487,7577,68,8,85
21039,9823,9259,75,6,76
21040,23100,6440,61,7,5
21041,22729,12950,90,8,57
21042,12093,9171,60,6,66
21043,19269,17149,102,8,86
21044,2091,23019,136,3,45
21045,23896,15890,146,6,62
21046,8318,5991,57,0,56
21047,11691,15501,8,8,49
21048,804,10830,18,3,86
21049,15588,3013,99,6,67
21050,19851,14888,63,3,46
21051,389,22571,63,4,30
21052,12482,13831,27,0,37
21053,230,5892,137,3,50
21054,23094,7531,55,7,23
21055,13581,2479,140,0,11
21056,3088,11284,14,8,17
21057,2854,4770,88,2,70
21058,7369,18334,138,2,88
21059,17048,18489,81,4,21
21060,12387,24635,40,9,59
21061,486,11122,29,3,74
21062,7540,17114,78,8,78
21063,22822,19797,100,9,57
21064,18270,9395,109,6,71
21065,16874,15973,48,7,40
21066,2211,12278,36,6,53
21067,19989,15454,2,0,9
21068,22390,6306,80,9,74
21069,756,16218,115,9,17
21070,22161,2982,47,0,79
21071,19032,15954,146,2,56
21072,22299,13897,25,5,83
21073,10590,15226,21,5,23
21074,20601,20089,86,4,83
21075,7501,3731,90,6,45
21076,13635,20401,19,8,65
21077,11548,19590,0,5,34
21078,13365,7647,115,6,73
21079,11198,19358,73,0,3
21080,19350,23592,121,0,36
21081,8466,2311,72,4,56
21082,13346,24475,19,4,62
21083,21130,13829,140,1,45
21084,22566,18929,31,8,51
21085,19925,22728,9,4,8
21086,11194,947,101,0,89
21087,14241,20678,84,1,20
21088,3480,22508,25,9,89
21089,525,1398,114,6,69
21090,23680,22129,30,1,11
21091,14503,24353,93,1,66
21092,3313,14238,67,2,17
21093,10603,22200,18,5,72
21094,1239,7049,51,9,41
21095,1695,12477,146,6,63
21096,19176,10202,96,3,31
21097,6081,16641,87,4,1
21098,6402,22924,76,2,45
21099,22146,5784,64,9,73
21100,7411,17176,114,6,59
21101,13081,20142,8,6,18
21102,24158,3552,38,5,6
21103,24720,16540,130,2,54
21104,17535,940,50,8,89
21105,3668,5645,96,3,1
21106,1233,6491,79,8,28
21107,24184,5521,123,6,1
21108,15900,19548,116,6,34
21109,3585,18972,81,6,89
21110,3032,13323,67,5,85
21111,21774,8991,2,3,59
21112,8184,23594,50,6,47
21113,1051,18249,89,9,4
21114,24999,17980,71,3,55
21115,10830,2158,137,0,87
21116,11392,4541,71,6,67
21117,18648,21148,48,3,0
21118,19721,17716,19,9,24
21119,20502,17749,128,8,51
21120,16261,4476,56,1,68
21121,7331,9607,45,0,33
21122,23781,3776,53,4,81
21123,4721,21492,78,6,36
21124,11439,17928,81,4,11
21125,17498,13870,67,6,13
21126,19396,11442,49,5,49
21127,12369,1233,136,5,77
21128,6818,7166,64,4,43
21129,8669,5244,24,9,8
21130,7379,9639,123,8,67
21131,5485,2758,68,4,41
21132,16610,22499,19,5,82
21133,14784,23123,63,1,22
21134,6222,12319,68,2,72
21135,7417,10265,29,8,88
21136,13148,5284,136,0,16
21137,9322,18848,46,5,69
21138,18108,14889,59,6,50
21139,16443,19688,9,5,11
21140,21331,19075,19,4,87
21141,6828,17297,12,3,57
21142,190,10071,43,9,14
21143,9290,846,112,3,1
21144,2724,22473,58,5,55
21145,3773,3224,16,8,32
21146,10320,8516,96,6,61
21147,24847,3319,39,4,47
21148,9810,9377,45,6,66
21149,20998,23922,107,8,48
21150,2543,10030,141,8,54
21151,20010,22952,144,1,12
21152,11711,8634,54,2,0
21153,24176,13448,148,7,54
21154,23915,18827,119,2,28
21155,8797,8469,99,4,17
21156,12655,13566,101,4,75
21157,9967,22929,149,5,20
21158,10711,9918,133,6,82
21159,13603,3394,37,3,32
21160,13818,6851,41,8,61
21161,16923,16226,75,6,53
21162,14754,20813,25,0,39
21163,1817,4567,58,5,45
21164,6469,2264,111,5,21
21165,7509,14794,119,2,29
21166,14667,5149,147,5,38
21167,5752,13732,123,0,68
21168,22995,4496,81,0,61
21169,4841,19713,51,5,16
21170,20432,1480,86,0,73
21171,20073,16063,140,5,87
21172,2095,496,59,7,82
21173,2872,4786,130,7,62
21174,12966,18690,130,1,30
21175,13210,9388,26,3,53
21176,18204,5322,0,4,64
21177,19926,2341,29,7,36
21178,19073,22059,79,7,74
21179,23728,10835,29,7,6
21180,14541,14491,118,6,61
21181,10705,17072,117,7,26
21182,4969,19876,35,8,21
21183,16725,14058,137,7,59
21184,22353,17493,143,4,72
21185,9812,11464,125,0,42
21186,3227,5962,70,2,18
21187,5083,24453,14,1,9
21188,1324,9755,140,1,33
21189,11689,8368,41,0,66
21190,12777,22666,62,1,17
21191,20385,17378,6,1,38
21192,23681,13693,0,6,39
21193,2827,22369,19,9,4
21194,8584,22342,129,0,28
21195,739,2604,73,2,6
21196,24890,23998,49,1,49
21197,3644,6417,30,9,87
21198,13342,4039,44,7,42
21199,19429,9184,126,4,58
21200,6952,14606,134,0,1
21201,22268,15901,16,2,50
21202,1923,613,122,5,0
21203,22943,2507,88,1,46
21204,5184,17760,138,2,18
21205,13929,8836,109,5,34
21206,4070,3255,16,7,1
21207,8644,12131,88,8,34
21208,2724,3828,29,8,56
21209,24578,12024,35,9,80
21210,23171,1085,136,5,48
21211,17839,1497,86,0,40
21212,23936,12261,117,1,53
21213,12639,16509,71,8,38
21214,4283,2152,136,2,32
21215,21514,14668,139,8,2
21216,3056,14513,115,1,52
21217,2970,15642,128,5,4
21218,6519,20249,115,9,24
21219,3842,9055,143,2,24
21220,1294,4681,136,8,84
21221,7170,440,81,8,6
21222,19262,337,23,5,86
21223,11611,24447,81,3,79
21224,5513,3795,121,7,74
21225,19004,21897,3,3,33
21226,3125,2831,88,1,20
21227,21856,8246,87,5,47
21228,21499,1501,95,4,39
21229,18059,6387,92,6,38
21230,3006,12801,111,9,83
21231,15253,15260,79,7,47
21232,5612,23168,8,9,54
21233,23954,8029,52,0,56
21234,6552,19365,68,2,28
21235,20364,18786,139,9,34
21236,9679,14691,104,1,27
21237,3006,22924,119,5,70
21238,24816,22412,141,1,6
21239,20198,12658,10,0,40
21240,16135,22386,87,6,8
21241,7290,23822,34,0,80
21242,1810,11915,2,1,68
21243,6230,21736,100,0,0
21244,24639,17523,106,8,20
21245,20773,21290,120,8,23
21246,1479,19043,33,0,28
21247,10547,13314,67,0,33
21248,16916,19217,128,7,55
21249,18637,2088,25,1,25
21250,9917,3067,101,7,5
21251,9636,5012,12,5,59
21252,5419,23295,118,9,22
21253,21100,1124,61,6,35
21254,16149,19948,61,1,37
21255,22082,17725,43,3,70
21256,14444,21325,146,9,21
21257,413,10606,43,0,38
21258,19731,18715,40,2,54
21259,19618,10263,73,6,46
21260,13448,12340,56,7,53
21261,9696,24875,65,3,14
21262,205,2411,22,4,78
21263,22776,17288,37,4,47
21264,13167,7030,145,7,76
21265,4335,9008,130,3,58
21266,20990,15872,43,6,78
21267,23304,15999,4,8,50
21268,4760,8591,27,4,50
21269,7039,23824,42,4,85
21270,6449,14632,56,5,58
21271,3704,3315,104,6,46
21272,8592,21569,92,6,61
21273,15077,24351,119,4,2
21274,9782,20817,65,1,10
21275,3905,11838,69,3,66
21276,21549,18780,64,7,85
21277,19727,6930,140,1,19
21278,18953,21420,98,3,32
21279,682,10541,53,6,2
21280,19538,13321,129,2,87
21281,19204,1775,111,5,39
21282,19126,13722,149,3,61
21283,12986,13313,31,8,20
21284,8441,9988,77,9,57
21285,4224,12118,138,1,51
21286,6341,20408,113,4,50
21287,18311,18950,81,7,63
21288,11826,19971,48,2,71
21289,194,18587,88,6,30
21290,18371,13671,140,2,44
21291,13185,4571,109,4,57
21292,1170,22179,39,5,76
21293,20470,10514,70,7,73
21294,2488,23329,143,8,13
21295,1158,12756,100,3,24
21296,4068,21324,96,8,77
21297,9259,12464,96,3,78
21298,14789,22176,139,2,24
21299,23273,5297,16,6,44
21300,19861,16087,75,4,1
21301,3954,18159,48,7,50
21302,10839,16853,36,4,28
21303,11393,6299,37,9,48
21304,5307,20005,27,7,46
21305,15677,21685,135,8,59
21306,12691,3078,98,4,86
21307,5942,1779,18,2,20
21308,17082,20593,29,7,68
21309,11327,19055,94,7,26
21310,11178,8338,15,0,49
21311,18950,10150,14,5,51
21312,3562,20291,143,4,15
21313,5814,14099,1,5,12
21314,14943,14336,60,8,29
21315,5036,9377,16,1,38
21316,6843,14134,2,3,5
21317,14606,3467,67,1,61
21318,14864,19956,26,3,43
21319,2681,8997,95,4,85
21320,15932,18100,100,0,46
21321,23965,4715,96,8,54
21322,5864,17193,41,8,15
21323,11603,2588,115,9,85
21324,20541,7204,75,5,67
21325,24789,19780,97,6,14
21326,10337,24976,16,2,76
21327,3934,22907,92,4,72
21328,526,1621,126,2,73
21329,7071,10779,130,1,33
21330,8154,15,131,9,41
21331,932,8785,53,0,81
21332,12365,5380,83,9,76
21333,7989,13226,10,9,28
21334,6117,13866,89,3,67
21335,9738,4789,5,4,57
21336,15717,918,132,1,67
21337,23774,18135,96,4,60
21338,639,1938,127,6,70
21339,186,14449,39,5,34
21340,3561,15461,18,8,2
21341,13706,8102,29,9,34
21342,13736,18123,62,9,69
21343,12520,5244,103,5,2
21344,22300,17663,89,5,69
21345,12994,17269,100,7,82
21346,13915,20804,72,8,70
21347,3037,16835,44,3,15
21348,7942,16669,147,5,86
21349,19916,20018,116,5,64
21350,7529,4314,66,7,41
21351,6088,23342,12,9,73
21352,16842,9279,104,3,28
21353,20817,18347,42,6,18
21354,2113,16901,100,1,11
21355,23107,9604,43,8,79
21356,11372,18401,92,6,2
21357,16942,6703,144,0,60
21358,16028,15839,40,8,80
21359,9706,9399,52,5,80
21360,16868,3578,24,6,72
21361,24317,16631,112,5,77
21362,15408,6799,71,7,15
21363,922,18753,38,5,55
21364,698,4821,18,0,86
21365,6489,4420,21,4,43
21366,16738,17448,54,4,36
21367,19395,19144,146,2,22
21368,4409,6462,51,0,44
21369,13340,11083,53,6,58
21370,3357,10378,41,5,78
21371,17165,18309,22,0,28
21372,12160,5004,125,1,1
21373,16618,8705,30,1,55
21374,24423,11826,95,5,37
21375,8117,20127,123,3,51
21376,23188,16998,44,1,56
21377,24951,4414,5,0,85
21378,1942,3441,80,4,84
21379,10879,7137,135,7,4
21380,23737,13356,13,6,9
21381,11626,3988,93,2,59
21382,5075,23971,133,2,35
21383,13125,1806,115,3,31
21384,2629,21327,140,0,24
21385,10850,11311,64,0,73
21386,17022,6337,10,7,82
21387,8753,491,149,2,44
21388,20606,18212,98,9,10
21389,17250,11238,67,5,56
21390,1014,14293,71,3,3
21391,11911,3038,31,5,43
21392,17938,22279,144,6,17
21393,6342,3051,88,7,63
21394,242,19374,149,1,40
21395,15349,1158,31,1,86
21396,2419,15304,94,9,39
21397,9153,22962,11,7,47
21398,23255,21214,71,8,87
21399,1792,20856,109,0,55
21400,14438,13624,98,6,26
21401,15240,8975,9,5,63
21402,16332,16577,80,7,30
21403,5189,11917,140,2,32
21404,2359,22065,72,3,51
21405,15147,10881,81,7,32
21406,10843,14330,136,1,46
21407,1789,20032,91,3,23
21408,14457,9134,27,2,50
21409,9202,5088,37,3,76
21410,22805,9813,46,9,46
21411,14511,649,96,2,83
21412,16575,5948,1,3,1
21413,24747,12779,14,0,9
21414,6565,2036,1,7,2
21415,3917,22916,55,4,3
21416,3262,15754,113,4,1
21417,6355,11342,48,4,5
21418,16059,8793,144,3,62
21419,24461,9164,35,6,7
21420,3030,22827,55,6,70
21421,23982,24757,23,2,14
21422,14112,21874,60,0,29
21423,1481,5385,64,7,30
21424,9958,16736,129,9,73
21425,5488,15118,134,1,86
21426,7575,6248,118,1,85
21427,5489,16970,3,5,17
21428,14407,14282,77,9,48
21429,18186,18561,119,2,53
21430,20414,4333,141,6,5
21431,20176,6484,70,1,67
21432,13106,15506,132,1,42
21433,894,11817,77,0,83
21434,23668,6973,134,3,26
21435,4469,5411,66,5,6
21436,7590,3532,90,4,88
21437,16506,6434,114,6,72
21438,11535,13154,122,0,0
21439,6816,17697,9,5,22
21440,13757,17301,52,4,52
21441,13632,22294,58,0,25
21442,5684,6808,79,6,41
21443,10595,8946,129,4,67
21444,3352,11159,11,0,55
21445,17320,21310,3,8,84
21446,24699,7578,61,1,78
21447,18601,4530,25,0,32
21448,20594,1141,27,6,9
21449,17509,16896,0,0,71
21450,23337,2803,38,4,0
21451,4631,4206,126,6,41
21452,12819,11790,77,2,35
21453,23726,14621,52,7,41
21454,9355,3826,125,0,21
21455,14387,5931,35,2,76
21456,19474,3578,76,7,19
21457,1116,1419,100,3,20
21458,1743,21046,101,3,10
21459,16362,24239,74,0,51
21460,23976,840,42,4,67
21461,18464,14981,102,8,18
21462,5054,1817,7,2,26
21463,16067,9253,92,9,88
21464,10664,15987,124,2,26
21465,1715,6245,28,5,50
21466,12236,12261,65,7,77
21467,9104,21466,82,4,3
21468,18629,10171,54,5,32
21469,14255,14112,11,7,76
21470,17772,20912,119,5,18
21471,23641,21057,135,3,37
21472,14712,19450,70,4,42
21473,1396,15554,49,1,66
21474,139,300,61,6,36
21475,24104,7366,98,7,50
21476,8458,319,65,3,21
21477,1672,7705,130,0,4
21478,5076,2740,75,9,46
21479,1405,5293,145,8,36
21480,20069,17557,146,7,24
21481,21987,15255,34,6,10
21482,19613,24413,144,5,70
21483,1953,19880,19,0,15
21484,20315,13711,104,5,38
21485,18222,17946,90,0,30
21486,4935,21866,68,0,77
21487,3607,763,61,7,80
21488,19890,297,97,6,54
21489,1627,13700,107,3,36
21490,7173,10055,111,7,30
21491,19339,21883,99,3,19
21492,13557,11032,102,4,49
21493,3949,23813,46,9,77
21494,11393,10463,126,9,71
21495,7870,15954,98,5,63
21496,17836,4508,131,6,60
21497,11229,13741,25,8,1
21498,20677,20404,16,2,40
21499,7248,23215,15,6,45
21500,20264,24547,93,0,13
21501,17523,5037,52,8,69
21502,12704,10833,48,7,26
21503,5674,957,0,4,14
21504,13575,2536,43,4,78
21505,13223,11051,70,8,50
21506,15061,10244,3,3,59
21507,4239,545,24,0,16
21508,9604,16546,112,4,13
21509,11512,7967,126,9,11
21510,19682,16219,26,8,26
21511,21564,4959,88,7,61
21512,9718,11055,146,1,87
21513,16344,8025,67,4,59
21514,14135,11156,89,2,17
21515,18869,21815,125,8,41
21516,19413,14443,84,3,35
21517,2726,24023,15,4,1
21518,15803,11198,75,3,85
21519,24689,8323,46,5,17
21520,22144,9219,30,6,29
21521,732,22625,61,0,88
21522,4483,19941,148,1,82
21523,12481,791,63,2,27
21524,24744,323,123,5,50
21525,22411,14821,68,7,77
21526,10452,13837,19,7,34
21527,8262,6432,55,1,81
21528,21308,11145,22,5,2
21529,4854,1093,29,2,41
21530,19627,5670,24,2,19
21531,7527,21552,60,6,10
21532,12068,9972,75,6,67
21533,4409,22752,149,6,11
21534,23863,16575,89,3,46
21535,4718,19991,126,4,50
21536,5342,524,42,3,83
21537,4971,10364,22,9,38
21538,9002,11285,47,9,35
21539,13697,18468,53,7,70
21540,7882,22811,54,2,46
21541,24660,22832,48,5,22
21542,16080,2175,18,1,31
21543,2528,8404,58,4,9
21544,2057,4216,69,1,80
21545,21244,6249,22,0,86
21546,21087,3187,34,9,12
21547,15003,17038,146,2,28
21548,23190,16568,110,3,85
21549,6641,8369,97,6,20
21550,10240,14541,66,1,71
21551,18170,22799,50,2,75
21552,18863,10679,129,5,23
21553,24021,24714,36,1,81
21554,7845,24519,133,2,22
21555,15082,15887,65,4,46
21556,19370,18182,53,3,42
21557,22041,2531,55,4,33
21558,24835,21011,108,7,88
21559,14851,12620,27,4,48
21560,15993,20917,22,3,37
21561,1732,20236,21,5,31
21562,14838,17496,40,8,43
21563,12589,17059,82,5,66
21564,24187,24766,41,4,24
21565,23676,17066,140,9,5
21566,4133,3825,26,2,58
21567,13858,3266,73,8,35
21568,24569,1287,75,3,55
21569,12234,24284,42,5,9
21570,20591,1965,55,0,59
21571,24706,15056,40,5,76
21572,3839,16163,48,5,21
21573,10841,9457,119,7,18
21574,4575,13902,76,7,70
21575,6280,4722,20,5,24
21576,24359,10497,59,3,31
21577,7707,6539,108,5,51
21578,10421,2058,65,7,78
21579,8009,2728,18,4,73
21580,20159,8782,69,5,38
21581,16937,9510,33,8,26
21582,2196,4449,65,4,26
21583,15248,13213,65,4,34
21584,12490,947,87,8,47
21585,23619,24509,125,7,58
21586,14287,20232,126,1,83
21587,641,7649,86,1,42
21588,16625,11069,20,8,42
21589,10552,10371,117,3,74
21590,19408,10509,114,8,34
21591,16971,11782,49,5,60
21592,5753,23162,115,6,86
21593,4289,1572,102,0,81
21594,12371,763,58,0,18
21595,5386,19653,124,7,63
21596,3912,3359,51,3,2
21597,2516,10404,123,0,87
21598,9929,5113,13,8,27
21599,13063,14561,34,8,43
21600,19258,3719,123,1,49
21601,1932,14995,148,3,11
21602,12600,11138,144,3,14
21603,16919,8290,62,5,23
21604,14055,12601,4,0,0
21605,11497,13680,119,2,16
21606,23012,17971,87,3,16
21607,1114,8868,54,9,47
21608,17600,13731,48,1,65
21609,20648,17701,69,6,43
21610,9418,10276,109,0,37
21611,8798,15365,42,5,53
21612,5605,21909,45,6,70
21613,1408,1333,147,7,13
21614,19690,20313,1,2,48
21615,20001,18221,90,4,8
21616,15806,12529,53,0,32
21617,15724,24524,115,9,8
21618,19300,10734,136,4,17
21619,21620,20422,19,4,14
21620,2155,16904,39,5,67
21621,23541,13086,43,5,67
21622,2784,7892,38,7,8
21623,10553,12018,149,2,63
21624,18963,10957,57,7,36
21625,19660,10448,54,9,23
21626,16674,12696,125,2,16
21627,7239,24696,92,5,53
21628,22512,5709,117,3,25
21629,10833,5220,147,1,14
21630,21807,9044,112,8,3
21631,10727,1356,119,7,33
21632,22898,11686,11,2,21
21633,4376,6949,145,7,31
21634,23833,6165,84,3,31
21635,14234,20604,50,1,51
21636,24481,17123,42,6,62
21637,9311,16198,30,4,20
21638,15635,9329,145,2,63
21639,17310,15237,79,5,35
21640,14903,5789,92,2,27
21641,2646,24003,138,8,26
21642,19867,13004,66,8,50
21643,18910,18479,71,8,38
21644,18626,23164,40,4,74
21645,19072,23742,118,1,33
21646,1226,3723,53,4,64
21647,5977,4109,82,1,35
21648,19041,7949,146,8,22
21649,21545,20010,99,2,50
21650,21659,14478,109,1,25
21651,24377,5327,69,8,25
21652,3444,13209,79,8,36
21653,20624,20008,58,2,11
21654,13493,18070,70,5,61
21655,547,15470,96,0,85
21656,942,9464,17,5,37
21657,208,3344,46,0,57
21658,11803,13692,108,7,28
21659,5089,13129,67,1,35
21660,15961,23501,19,4,66
21661,22561,24265,123,6,73
21662,24140,15827,31,1,76
21663,2314,24595,141,9,54
21664,19370,15052,136,9,89
21665,10149,10509,26,6,30
21666,15884,12932,131,6,40
21667,6077,12417,90,6,65
21668,9199,5967,119,1,38
21669,24804,23496,83,3,26
21670,13127,6974,72,0,44
21671,22732,10177,52,1,6
21672,13844,24888,70,2,60
21673,2594,1527,66,4,76
21674,607,4402,77,6,30
21675,21894,6829,19,2,68
21676,14573,15261,39,3,39
21677,16938,8893,123,2,35
21678,24836,17111,58,2,67
21679,18320,21039,25,2,41
21680,7646,12585,16,5,80
21681,9504,16191,100,4,11
21682,8092,19023,58,4,14
21683,707,5813,15,8,20
21684,16816,6773,136,0,27
21685,1664,263,30,0,62
21686,1211,2224,133,3,36
21687,10482,24525,110,7,6
21688,14915,3821,139,7,6
21689,12457,7759,132,1,68
21690,24413,1234,24,3,80
21691,23789,10414,103,5,31
21692,4109,17084,93,4,51
21693,18861,5935,94,3,85
21694,10304,1531,54,4,73
21695,24559,6571,8,0,24
21696,5684,20469,66,8,72
21697,6475,24401,8,3,74
21698,14472,2605,65,2,46
21699,11685,22271,69,1,48
21700,7325,3135,7,4,2
21701,14730,3769,119,0,5
21702,3063,21411,8,7,13
21703,10799,9870,105,4,12
21704,11431,20327,114,8,55
21705,16199,5556,143,2,75
21706,18120,17644,77,3,87
21707,22118,13737,5,7,6
21708,8538,9807,75,9,33
21709,11138,7766,12,0,39
21710,10752,15477,97,5,71
21711,12427,9408,23,5,71
21712,9842,16447,100,0,73
21713,5528,12318,109,8,8
21714,17205,14812,44,3,27
21715,24453,9437,82,6,60
21716,2048,23580,79,8,47
21717,14360,7098,116,8,64
21718,11854,19714,11,3,9
21719,5201,1439,147,6,12
21720,16935,14069,32,8,7
21721,3756,12339,51,5,10
21722,21313,8189,31,7,61
21723,18662,17571,141,9,44
21724,20405,17616,99,5,36
21725,22764,6040,98,9,46
21726,3620,5117,33,6,29
21727,18435,15469,29,1,67
21728,5928,16019,62,5,32
21729,24443,4590,19,5,1
21730,3141,1226,132,3,76
21731,4896,8010,122,8,7
21732,9619,21087,120,9,80
21733,18871,12126,11,8,67
21734,9194,15588,98,1,81
21735,1080,3521,76,2,7
21736,10544,3352,77,1,89
21737,6019,6432,67,0,45
21738,4120,13485,57,1,5
21739,21611,7431,28,6,53
21740,19275,12525,11,8,13
21741,10681,14069,81,1,51
21742,7934,8213,145,8,56
21743,11637,7374,53,7,70
21744,16188,20354,35,7,38
21745,20166,22311,139,8,84
21746,20391,2569,81,1,15
21747,22257,6593,29,1,31
21748,2755,1183,35,4,78
21749,23460,5675,78,5,48
21750,17762,13125,102,9,27
21751,20984,1859,116,2,33
21752,18916,11959,3,2,62
21753,2104,11971,58,9,33
21754,21711,20601,124,4,75
21755,14322,7970,77,5,68
21756,8609,3883,42,2,75
21757,8197,10282,85,0,38
21758,10245,24505,114,4,41
21759,2163,18034,42,9,88
21760,4099,9258,92,3,66
21761,23531,20330,143,3,7
21762,22303,21739,147,9,22
21763,14127,6509,62,3,18
21764,20636,23062,112,9,72
21765,11934,24569,67,7,79
21766,5905,3057,49,1,0
21767,14135,14323,143,2,65
21768,16061,23351,120,7,12
21769,8264,2583,104,3,53
21770,20128,15558,75,6,64
21771,21583,13768,91,8,20
21772,22248,13497,122,2,13
21773,12224,18183,95,9,85
21774,19749,12420,92,4,45
21775,15720,15618,86,0,58
21776,13601,16416,55,3,45
21777,3737,6189,26,4,21
21778,23539,11996,106,7,78
21779,11523,1481,70,1,68
21780,12306,17188,23,2,76
21781,21803,1383,114,4,29
21782,4999,6210,103,2,88
21783,10969,22470,10,3,31
21784,8238,10326,5,3,10
21785,17359,21342,133,9,46
21786,20170,18949,37,1,3
21787,15568,6749,50,5,88
21788,10138,8518,137,1,85
21789,1941,7798,126,8,0
21790,10812,13696,146,3,64
21791,16061,10740,68,9,16
21792,8202,23934,61,2,54
21793,7599,20285,128,3,72
21794,7252,21954,137,8,53
21795,7266,17894,47,0,57
21796,10919,15658,70,7,47
21797,19698,23364,63,2,43
21798,14541,19336,82,8,2
21799,7274,2325,80,9,60
21800,13015,24777,18,7,66
21801,11880,19046,26,3,59
21802,16900,13922,23,0,88
21803,12514,15168,53,5,87
21804,15394,8501,105,3,28
21805,9596,15884,73,8,24
21806,3027,19756,25,2,71
21807,410,13712,80,3,51
21808,6539,3845,7,5,35
21809,5010,14815,24,3,86
21810,15774,1464,78,2,84
21811,12818,18403,53,9,83
21812,9402,14308,122,8,6
21813,13890,6957,2,2,58
21814,3091,4828,48,2,85
21815,12309,23296,53,9,57
21816,764,7439,67,8,77
21817,3857,5199,149,8,39
21818,16034,5053,108,4,19
21819,4844,985,82,4,48
21820,22512,15469,88,7,5
21821,23375,20579,4,7,88
21822,14460,8107,117,8,18
21823,13908,17553,145,9,76
21824,14980,10122,111,3,8
21825,7441,18398,110,8,63
21826,21273,12446,16,6,9
21827,21256,9337,37,3,63
21828,886,19362,136,6,47
21829,22377,3754,73,3,29
21830,17179,2299,99,1,11
21831,14136,3658,38,9,13
21832,4255,1393,90,4,28
21833,281,8312,127,2,31
21834,11068,14848,103,3,49
21835,12361,24935,104,7,24
21836,10794,21928,59,8,50
21837,19244,18109,87,3,87
21838,22116,9479,104,8,69
21839,6366,6043,11,1,54
21840,16240,1336,140,2,67
21841,1137,20673,79,5,62
21842,19254,15300,62,6,43
21843,22770,10692,146,5,10
21844,11632,2425,145,3,51
21845,4334,6267,131,0,13
21846,3854,11337,64,1,51
21847,20718,11087,22,1,64
21848,22030,2890,148,4,75
21849,8128,9625,33,0,58
21850,15546,5775,85,4,75
21851,19236,16836,79,8,20
21852,14339,3085,17,7,59
21853,5076,14996,25,5,72
21854,21882,14017,93,9,74
21855,14406,18266,38,6,27
21856,10517,17891,40,4,48
21857,12171,13357,24,9,58
21858,16987,2239,85,1,56
21859,5086,4408,104,4,37
21860,22967,5841,25,2,27
21861,4494,20444,89,8,9
21862,14767,24249,35,1,7
21863,11564,15191,56,9,26
21864,12201,6758,16,5,44
21865,17505,5337,123,3,34
21866,15424,18099,95,6,84
21867,9076,20009,49,5,24
21868,3328,12575,142,3,49
21869,13431,6976,130,0,41
21870,844,5970,16,4,62
21871,24754,17163,125,0,74
21872,21942,3315,58,6,13
21873,23140,10950,28,3,47
21874,11115,6779,4,7,57
21875,15936,21923,56,9,85
21876,19147,2689,105,0,51
21877,19684,1790,93,2,3
21878,5455,16123,137,1,20
21879,289,11462,37,0,78
21880,20956,17427,12,1,7
21881,3752,23177,130,2,69
21882,4356,21528,8,5,1
21883,11468,16230,55,3,63
21884,7120,4171,72,8,34
21885,24878,16013,144,3,7
21886,22473,15198,98,4,84
21887,13972,1667,98,2,60
21888,8822,3400,4,0,37
21889,13525,4602,119,3,88
21890,8261,9887,7,0,76
21891,23540,270,16,1,52
21892,14475,7125,101,6,69
21893,16636,7696,115,7,19
21894,17605,13909,56,1,14
21895,18128,17314,137,1,80
21896,2274,5825,38,8,80
21897,150,16031,82,6,30
21898,21519,18001,98,4,51
21899,19808,7650,82,5,25
21900,10721,1910,12,2,16
21901,20067,16339,42,9,76
21902,9284,17716,45,3,32
21903,11216,23818,144,4,82
21904,20938,1134,123,4,88
21905,877,13746,88,2,70
21906,7393,271,30,4,0
21907,12620,110,15,7,69
21908,12477,19935,147,9,86
21909,3323,22135,9,7,41
21910,9551,3455,68,0,41
21911,8095,4516,52,7,9
21912,10339,7261,136,0,87
21913,15831,2729,149,2,61
21914,17136,11908,20,0,68
21915,16857,2496,92,3,53
21916,2757,11169,126,3,55
21917,21109,21964,132,7,0
21918,18857,11564,142,2,58
21919,24782,24259,68,3,68
21920,22303,16893,124,2,59
21921,14768,1007,74,1,12
21922,11982,14802,59,0,51
21923,13838,13122,76,0,51
21924,13630,7753,136,7,35
21925,20678,7440,78,6,76
21926,24381,630,108,2,83
21927,20539,22806,52,4,17
21928,21804,16093,98,0,30
21929,10161,3278,35,5,32
21930,15825,20345,106,4,19
21931,13188,16041,38,4,31
21932,16156,22943,59,7,60
21933,9415,474,43,1,56
21934,5994,19166,138,9,73
21935,16633,8605,149,1,73
21936,21254,24989,69,8,3
21937,3512,10292,139,9,67
21938,21989,8546,39,9,68
21939,3386,13333,17,0,77
21940,6123,22726,8,1,10
21941,5873,16890,16,7,27
21942,19548,21788,20,6,5
21943,83,8457,105,0,6
21944,22606,20924,30,3,58
21945,12398,4341,87,4,83
21946,3071,24518,76,8,6
21947,3101,23198,107,0,89
21948,17705,22944,76,9,53
21949,8125,12060,58,9,78
21950,16154,22681,96,2,13
21951,1153,20880,81,3,49
21952,20700,19830,23,6,41
21953,23205,13081,28,8,85
21954,21986,17034,89,6,56
21955,7278,2807,4,2,40
21956,17432,15470,121,8,2
21957,15036,24982,126,4,3
21958,17520,13296,33,4,26
21959,10589,22058,82,9,37
21960,14300,13004,131,4,59
21961,9698,16599,105,3,40
21962,23804,10673,25,9,43
21963,630,10145,15,1,57
21964,13793,8319,60,6,55
21965,18982,21017,122,7,26
21966,7970,16613,26,3,71
21967,10181,8492,69,9,19
21968,734,23330,25,9,35
21969,7126,3044,145,2,36
21970,10397,11283,62,5,83
21971,21791,18899,39,5,87
21972,4702,10813,36,3,49
21973,11096,10664,44,4,77
21974,4085,840,27,3,32
21975,7529,24465,68,3,59
21976,17559,22280,142,3,76
21977,20656,24027,75,0,84
21978,18101,21452,122,4,21
21979,11953,24299,13,1,3
21980,1905,2810,29,2,49
21981,21154,16698,142,4,67
21982,18008,2284,107,7,4
21983,8345,856,56,7,89
21984,10494,18741,67,9,47
21985,6530,20725,71,6,21
21986,11846,22754,24,9,67
21987,17065,4937,80,3,8
21988,19552,20096,16,1,66
21989,205,7042,38,7,40
21990,15248,21254,93,2,40
21991,6746,16616,23,2,87
21992,11658,19739,81,5,41
21993,21252,7920,102,8,47
21994,24334,18487,73,2,26
21995,12006,11213,27,5,80
21996,12517,8234,104,9,67
21997,23399,8826,2,8,73
21998,19915,12056,91,5,19
21999,4230,3503,103,9,3
22000,22693,15063,91,0,10
22001,21503,12627,64,1,28
22002,12385,18262,83,2,40
22003,16109,4920,51,8,74
22004,1847,23031,60,9,46
22005,24960,1391,41,8,63
22006,11722,20089,123,3,73
22007,7012,4931,56,2,81
22008,16819,12472,136,2,33
22009,14417,11419,133,8,66
22010,22010,22780,2,0,13
22011,7663,4459,88,8,55
22012,1052,16426,97,5,20
22013,10712,10929,31,2,81
22014,4902,7016,118,4,1
22015,9673,15301,122,5,7
22016,3550,6643,50,8,34
22017,676,18317,37,3,6
22018,4798,14552,71,1,0
22019,13968,2655,62,1,6
22020,22050,9056,98,6,87
22021,4487,12687,96,5,69
22022,9649,22308,68,7,39
22023,1875,19055,29,3,8
22024,24561,7929,1,4,20
22025,17434,8288,10,4,73
22026,4736,14645,30,6,56
22027,14494,4119,111,3,67
22028,16555,23657,45,7,60
22029,15183,24553,141,1,13
22030,21942,7395,22,8,39
22031,9283,23131,37,8,69
22032,9364,10426,62,0,45
22033,7635,10574,125,8,14
22034,18971,18011,37,3,63
22035,6061,24212,9,2,15
22036,2367,15085,85,8,4
22037,161,19629,119,9,42
22038,8767,14384,124,0,36
22039,171,11533,140,7,8
22040,19608,23536,94,7,87
22041,23627,15185,88,5,17
22042,453,5362,57,3,66
22043,14464,8674,46,5,21
22044,13035,20896,25,0,41
22045,1151,16351,63,0,13
22046,24176,4024,143,4,83
22047,19683,372,98,4,60
22048,2547,19477,49,2,48
22049,22099,24234,74,5,83
22050,8637,6818,79,1,41
22051,10177,8182,116,9,36
22052,1679,18447,100,5,67
22053,18308,23580,86,8,7
22054,6361,20267,103,8,44
22055,19502,19847,110,7,63
22056,19684,8665,84,1,48
22057,17288,21718,57,1,48
22058,6189,24911,90,3,1
22059,10353,4188,99,4,59
22060,19482,11992,64,2,72
22061,21348,16689,127,3,64
22062,8210,21880,137,8,78
22063,12316,5257,107,2,32
22064,4836,4024,95,0,25
22065,14533,7584,124,6,30
22066,10998,9322,44,5,74
22067,20836,13857,106,7,33
22068,17331,19340,19,2,16
22069,21020,16106,68,1,81
22070,849,10523,149,2,9
22071,11854,15444,125,0,60
22072,22713,13058,146,5,51
22073,7453,5235,16,0,62
22074,4224,24841,93,7,55
22075,4917,1931,37,6,37
22076,7759,20799,104,9,44
22077,7555,17146,78,1,3
22078,14611,9799,28,1,59
22079,21303,19616,140,4,65
22080,15329,8943,41,3,32
22081,7652,3760,50,1,61
22082,15130,15116,76,1,86
22083,3879,15763,91,0,19
22084,18064,5836,42,3,43
22085,5760,18067,114,8,21
22086,15453,1700,4,1,85
22087,22568,1870,10,3,22
22088,3693,15030,86,4,55
22089,6235,7907,101,1,49
22090,23111,15517,70,0,83
22091,12297,14629,133,5,74
22092,15207,8069,100,3,85
22093,17453,24503,4,2,39
22094,17143,11729,19,5,75
22095,16890,378,131,2,81
22096,21508,9052,52,1,4
22097,1726,7665,97,9,44
22098,9061,21620,59,3,31
22099,327,22435,19,9,78
22100,7620,21514,85,8,86
22101,1737,16131,54,7,58
22102,19330,24711,98,3,10
22103,13211,21785,143,4,13
22104,19838,7313,111,8,88
22105,23264,2712,142,0,59
22106,22036,7316,21,4,61
22107,313,415,4,4,0
22108,11511,17939,17,6,89
22109,3285,23357,138,3,21
22110,7825,23237,55,3,62
22111,682,7626,128,9,44
22112,3507,7065,143,5,36
22113,5318,16463,36,5,80
22114,20314,9202,84,6,62
22115,22140,8880,48,5,83
22116,2615,12701,110,2,19
22117,24770,2534,7,4,62
22118,18126,7275,137,0,59
22119,16371,19309,138,6,24
22120,20564,17628,12,3,83
22121,20258,15,120,5,60
22122,401,3168,18,7,60
22123,15491,13568,67,1,85
22124,7351,22005,117,7,15
22125,6689,14992,52,2,8
22126,4937,22744,148,8,53
22127,16198,23184,66,7,79
22128,18569,10255,42,4,25
22129,19410,11782,9,6,83
22130,10088,2064,47,3,71
22131,13192,8177,79,6,55
22132,15697,13387,27,5,15
22133,19063,5121,89,5,85
22134,1817,19475,81,4,51
22135,3417,9393,30,8,7
22136,315,10446,5,3,22
22137,14665,22248,72,4,33
22138,17092,11594,148,2,24
22139,10703,16071,40,2,8
22140,14282,21970,54,4,20
22141,24591,12098,15,0,35
22142,529,2123,85,0,44
22143,2405,19016,15,7,57
22144,8067,10054,91,1,57
22145,19603,1832,81,2,88
22146,19133,346,50,6,2
22147,17045,13926,85,8,28
22148,18663,13582,111,4,64
22149,3201,92,49,6,25
22150,4114,14114,27,6,30
22151,7584,10225,98,3,72
22152,14301,23542,35,8,70
22153,21744,14906,40,9,85
22154,9922,13773,112,9,86
22155,19520,14046,34,7,6
22156,2281,18689,51,5,43
22157,8252,2918,64,1,31
22158,18439,20103,79,0,43
22159,18070,12404,96,7,23
22160,14664,8775,80,0,37
22161,6468,20454,105,4,26
22162,5611,5834,42,9,8
22163,24683,13979,11,4,58
22164,18965,7779,23,6,62
22165,6565,21883,137,8,65
22166,19151,8895,121,5,49
22167,16045,21778,40,8,7
22168,12346,4738,64,1,50
22169,8618,8468,35,2,33
22170,18757,536,83,2,13
22171,13089,11483,26,9,82
22172,7044,17290,25,4,82
22173,14917,22470,37,8,21
22174,3437,23936,29,4,25
22175,19452,24192,75,0,71
22176,24247,3851,75,6,65
22177,17749,13908,124,8,12
22178,19526,20569,85,4,26
22179,7755,5506,65,1,80
22180,19417,12407,83,7,23
22181,23048,18374,9,5,37
22182,7093,7478,73,5,56
22183,9564,9339,122,2,14
22184,1140,22766,82,3,33
22185,15386,19177,56,7,50
22186,17988,878,69,5,36
22187,8175,7234,61,8,65
22188,20632,2520,99,1,13
22189,9323,3333,73,8,50
22190,21986,4229,85,7,0
22191,7727,17411,16,7,53
22192,1048,14271,80,4,1
22193,19503,15779,105,1,41
22194,18335,18818,137,5,41
22195,12361,2221,98,0,82
22196,15537,492,28,8,51
22197,24890,11305,77,3,70
22198,3087,13975,125,2,10
22199,4938,17873,42,7,52
22200,23281,12439,97,1,51
22201,205,19317,14,1,56
22202,21954,12012,105,0,6
22203,4942,9195,103,1,8
22204,15596,12301,123,5,12
22205,5289,14159,17,2,50
22206,12624,16967,119,9,46
22207,6971,12782,118,8,83
22208,12868,11737,62,0,67
22209,24350,15268,82,0,21
22210,15863,3523,96,7,87
22211,6504,20464,14,0,52
22212,12808,6817,33,8,56
22213,20030,4160,81,4,53
22214,15,10264,53,0,36
22215,15306,23780,142,0,60
22216,18674,13070,91,5,36
22217,22127,9033,147,4,46
22218,10063,18301,110,1,87
22219,23847,2061,46,3,21
22220,4711,23048,37,7,42
22221,2028,10723,57,3,27
22222,14081,21277,80,7,35
22223,24337,9014,78,6,55
22224,2045,24255,53,6,24
22225,22967,9250,73,6,44
22226,6270,5400,11,6,41
22227,18828,7348,0,3,12
22228,10097,21605,121,0,66
22229,2659,12649,99,4,43
22230,12034,17547,74,8,44
22231,22819,6564,145,2,17
22232,24219,5339,20,7,24
22233,403,4293,41,1,54
22234,12436,311,128,6,83
22235,3147,3298,122,8,39
22236,2043,20193,61,1,27
22237,22673,8869,89,6,77
22238,7308,12853,130,3,71
22239,10693,15988,126,4,88
22240,19367,13241,44,2,11
22241,1783,15293,85,8,18
22242,23767,3253,5,6,20
22243,12136,1151,147,4,32
22244,24780,19826,56,7,0
22245,8002,20814,136,2,7
22246,199,16994,142,3,8
22247,9100,1993,143,2,13
22248,16875,15735,109,4,37
22249,21963,2682,12,8,54
22250,21528,20131,105,5,60
22251,19392,23886,131,0,83
22252,8860,10447,18,4,36
22253,16368,13922,72,1,61
22254,13026,14521,44,9,44
22255,24613,19521,80,7,5
22256,5825,5171,54,9,32
22257,6854,13832,136,4,32
22258,13696,5670,76,1,3
22259,14711,2651,136,1,32
22260,9092,3003,106,5,72
22261,16488,9922,9,5,13
22262,11322,19575,41,5,53
22263,20394,24322,53,2,64
22264,2878,868,78,6,65
22265,2317,5606,55,1,36
22266,8083,7989,101,9,2
22267,1365,21101,65,7,47
22268,6461,14599,127,8,1
22269,19417,2097,60,6,88
22270,11389,6311,57,5,29
22271,11735,9347,36,3,51
22272,16379,5044,4,8,72
22273,18950,12086,34,8,17
22274,18962,20108,115,4,62
22275,16259,21768,22,4,49
22276,22824,15564,88,9,18
22277,2594,1842,56,7,23
22278,22214,17675,58,6,14
22279,11821,21853,107,1,3
22280,10050,19394,96,7,53
22281,18895,18594,76,1,23
22282,20321,9402,20,9,70
22283,3883,11991,83,0,50
22284,22018,19170,59,5,24
22285,10205,12796,80,5,22
22286,19976,22988,87,9,6
22287,21636,13022,98,3,4
22288,11969,7317,32,9,44
22289,9472,7946,84,7,85
22290,3710,15626,99,6,19
22291,11835,18309,17,6,79
22292,6721,9241,73,0,28
22293,21999,18969,87,5,24
22294,3613,19315,77,4,60
22295,9260,5464,131,5,64
22296,21209,14093,44,5,66
22297,9362,10455,59,3,3
22298,14796,22225,59,0,65
22299,4747,20142,78,6,60
22300,5053,6719,34,5,48
22301,2695,21214,60,5,42
22302,8635,21956,4,8,36
22303,14261,19907,47,2,39
22304,293,15103,2,1,46
22305,10219,18862,149,5,89
22306,1955,23758,142,4,34
22307,8693,10807,119,8,20
22308,21705,4415,112,4,66
22309,18321,1017,29,1,55
22310,12092,20862,66,6,66
22311,4335,9463,78,7,28
22312,6063,11410,16,7,37
22313,11715,23073,71,9,27
22314,21480,5182,134,2,18
22315,10385,24320,119,4,35
22316,13415,3858,93,8,70
22317,10573,11548,81,4,7
22318,18387,19079,73,5,19
22319,10405,13412,39,7,68
22320,174,14507,20,1,34
22321,19398,5881,65,8,56
22322,12962,6057,80,8,80
22323,9059,1386,131,3,85
22324,21031,9621,61,6,43
22325,1526,6054,40,6,65
22326,5388,20726,48,9,88
22327,15260,13312,41,6,34
22328,18855,11074,125,6,11
22329,2754,17705,33,0,33
22330,167,2869,40,0,38
22331,14961,11272,105,4,9
22332,4006,17896,61,4,29
22333,12891,2975,124,5,74
22334,22909,7762,68,7,65
22335,1336,17083,73,8,15
22336,23330,7763,4,0,7
22337,23808,16241,135,4,56
22338,6393,597,109,8,20
22339,16796,10586,132,0,0
22340,6206,4464,129,5,70
22341,16942,14084,62,0,77
22342,6964,19209,31,8,4
22343,871,1971,21,2,87
22344,8066,5050,76,5,85
22345,7761,16196,69,3,58
22346,13543,703,62,0,44
22347,6886,3114,27,0,50
22348,15652,2151,44,1,7
22349,20430,12835,118,8,12
22350,10391,24374,30,7,23
22351,20225,23824,93,1,2
22352,19267,24007,51,6,38
22353,10216,17731,21,6,66
22354,7255,23350,50,4,57
22355,4764,19696,68,8,36
22356,24272,6181,111,1,62
22357,12513,24377,19,1,14
22358,14752,23119,12,6,38
22359,6519,1328,53,6,19
22360,15599,22353,130,1,57
22361,11799,9910,82,7,74
22362,17583,13422,119,3,20
22363,4349,18555,144,2,84
22364,20129,19978,100,1,39
22365,21367,13903,37,9,58
22366,19707,4798,142,2,76
22367,6058,19351,108,9,39
22368,11203,8382,40,4,65
22369,20642,22391,125,8,50
22370,11441,15058,60,6,51
22371,15772,2938,71,2,65
22372,1416,2212,99,8,86
22373,16305,11034,3,6,26
22374,8905,16518,134,9,81
22375,13189,8697,105,4,63
22376,7839,14389,42,5,23
22377,21045,15961,111,3,69
22378,14627,19485,91,8,22
22379,5987,20196,91,8,59
22380,18309,19240,108,3,23
22381,11263,4973,18,3,30
22382,23053,15838,115,8,82
22383,22169,20284,114,2,7
22384,619,13669,106,3,29
22385,4599,1424,74,2,86
22386,24075,7351,89,3,52
22387,7411,7894,116,7,52
22388,12811,1748,76,1,78
22389,2913,24023,80,0,58
22390,9502,16254,9,6,48
22391,21646,787,139,0,0
22392,5215,15578,38,4,33
22393,3907,13678,144,7,57
22394,9835,7458,121,8,26
22395,24729,9149,52,0,13
22396,23961,17760,91,4,36
22397,8438,21419,45,3,19
22398,4114,2061,133,7,79
22399,23596,22851,88,4,25
22400,2618,18958,56,6,46
22401,6710,19975,128,1,68
22402,3362,15929,34,1,83
22403,654,20473,133,7,25
22404,2157,4416,117,8,84
22405,5164,23092,85,4,59
22406,24731,2102,52,5,49
22407,22592,17530,86,7,47
22408,4319,10085,89,3,67
22409,13698,18665,110,6,46
22410,800,17509,126,0,50
22411,3365,21951,75,1,70
22412,12898,3450,23,1,21
22413,8697,18329,90,7,57
22414,18042,23852,29,0,14
22415,6178,6651,79,3,77
22416,8670,19847,49,6,76
22417,18081,20645,107,8,0
22418,18584,9202,10,0,2
22419,23457,10025,67,2,29
22420,7450,5351,100,7,56
22421,24932,3977,63,9,78
22422,5161,17203,95,0,53
22423,7174,7488,46,5,81
22424,10041,15469,24,1,24
22425,11665,20714,11,7,58
22426,23384,20715,59,0,85
22427,17964,18405,37,1,15
22428,2584,19800,134,1,31
22429,20480,11703,137,8,55
22430,17752,16368,111,1,13
22431,24566,5540,149,7,48
22432,22874,1516,56,0,25
22433,24532,13606,64,4,79
22434,15708,4325,149,5,60
22435,11412,16871,41,0,76
22436,8029,13277,74,3,0
22437,20322,10894,127,3,82
22438,6393,17766,116,2,21
22439,12595,867,94,0,81
22440,13878,395,74,6,64
22441,14236,9170,10,5,65
22442,15544,21898,49,3,71
22443,218,20928,7,9,70
22444,13423,2161,28,6,85
22445,17056,21321,104,2,34
22446,16533,14217,63,9,78
22447,6205,14685,134,5,48
22448,20178,24460,119,9,34
22449,17612,24999,66,6,48
22450,5539,20944,7,9,85
22451,20246,8760,50,3,23
22452,13429,13707,34,7,1
22453,7481,6507,114,5,44
22454,13661,23234,28,8,17
22455,21907,24234,144,3,49
22456,16658,3523,102,7,26
22457,17720,21856,112,5,44
22458,13074,11560,87,9,2
22459,13760,19744,36,7,24
22460,14764,13127,128,3,47
22461,9021,9123,132,5,29
22462,23087,20174,18,9,65
22463,11216,2177,131,8,26
22464,15212,11430,52,2,0
22465,3194,16489,86,4,80
22466,6331,20332,77,6,13
22467,1619,391,111,4,74
22468,7857,6529,3,7,25
22469,20980,8952,143,0,16
22470,14369,4686,57,7,29
22471,10168,21596,15,2,13
22472,5965,12949,10,8,4
22473,1227,13173,112,2,8
22474,16637,6201,102,5,39
22475,4065,21019,38,3,54
22476,14821,1947,94,3,52
22477,11550,23112,29,2,12
22478,22830,11437,68,0,2
22479,9816,50,9,6,13
22480,20064,22309,143,4,58
22481,113,15077,62,8,78
22482,20966,9447,79,5,80
22483,20484,10925,35,2,1
22484,44,13887,39,9,40
22485,16553,23411,70,9,22
22486,5422,5427,47,4,77
22487,19851,8409,2,6,52
22488,4693,9413,149,7,65
22489,22222,2958,74,7,37
22490,8573,1650,80,2,8
22491,8280,549,12,4,52
22492,1129,7239,120,5,2
22493,5338,15692,70,4,84
22494,8912,2115,63,4,83
22495,22313,23859,77,7,50
22496,15408,13614,42,5,78
22497,20455,12939,133,0,83
22498,1811,20564,115,6,88
22499,5575,16503,127,2,14
22500,4240,21938,111,3,47
22501,11672,18616,0,8,54
22502,4294,16030,108,9,44
22503,9040,19694,102,6,20
22504,15097,4135,116,5,71
22505,13412,23455,38,8,52
22506,14503,12703,137,7,74
22507,22927,19365,78,8,87
22508,19688,15559,141,2,33
22509,7410,15641,4,7,50
22510,5634,1890,0,1,20
22511,11086,21004,26,5,77
22512,10624,3743,123,8,15
22513,13436,3629,121,9,16
22514,5526,11243,108,5,70
22515,3650,10918,124,8,2
22516,21012,19902,6,4,30
22517,18436,22944,31,4,27
22518,6882,17123,110,5,81
22519,14674,10326,93,2,86
22520,14706,7309,11,0,84
22521,4279,374,117,4,79
22522,10991,1228,48,8,78
22523,5460,10902,148,7,10
22524,15450,18914,134,1,28
22525,6727,20405,20,7,80
22526,566,24023,67,1,71
22527,7192,10691,46,9,17
22528,7051,17360,147,4,22
22529,400,3374,124,5,5
22530,11329,18673,12,9,74
22531,3556,21290,118,9,46
22532,7132,20208,113,9,22
22533,7693,21955,113,3,82
22534,3835,22546,13,3,84
22535,24414,14021,4,7,73
22536,14949,6172,99,8,41
22537,9250,5481,90,1,51
22538,7346,20840,9,6,9
22539,4380,19193,104,0,21
22540,9030,4962,107,9,39
22541,6716,11438,96,7,13
22542,23354,21924,27,8,51
22543,22244,23464,140,7,0
22544,9492,12271,63,4,6
22545,4520,17938,116,3,54
22546,5822,3484,78,1,19
22547,3695,22531,77,9,51
22548,17120,6121,115,1,86
22549,4997,21757,41,7,3
22550,14630,14479,65,9,62
22551,11749,7710,16,7,14
22552,21861,11827,40,7,79
22553,6767,8738,135,0,50
22554,9922,9123,47,5,0
22555,14279,12484,87,2,51
22556,20043,7225,92,8,24
22557,18625,67,67,0,3
22558,17614,12317,38,8,76
22559,10837,1836,63,7,64
22560,518,7715,132,0,88
22561,14042,3865,124,5,0
22562,11290,9717,41,6,77
22563,1159,10297,72,4,85
22564,17712,22224,104,6,39
22565,3777,474,95,8,44
22566,16463,2825,21,2,9
22567,18015,48,132,9,56
22568,13476,13246,59,4,55
22569,1299,10298,102,1,67
22570,12038,14252,121,5,47
22571,21278,18255,100,4,26
22572,23715,8322,19,4,2
22573,15085,17018,90,8,36
22574,7353,12191,111,2,2
22575,14672,20747,142,1,63
22576,21182,2309,84,0,44
22577,10,9976,1,6,34
22578,12388,11986,120,9,8
22579,8338,18548,39,6,75
22580,23796,6837,40,8,64
22581,11720,21625,1,7,56
22582,4376,4258,81,4,44
22583,13120,21585,45,0,67
22584,7407,9124,132,4,71
22585,5218,24823,85,8,27
22586,16204,12984,22,3,84
22587,16728,16762,107,2,76
22588,15994,23059,102,6,83
22589,23338,24999,107,0,62
22590,9196,9522,73,4,26
22591,23737,23784,39,1,55
22592,14502,11366,44,4,36
22593,9268,902,149,3,6
22594,20689,23353,139,4,82
22595,11634,24424,17,6,13
22596,16400,17383,142,5,80
22597,12387,19385,130,8,23
22598,2074,12787,6,0,31
22599,14320,3553,104,2,51
22600,2950,829,78,6,53
22601,22381,6414,124,9,63
22602,10862,5118,23,8,18
22603,12161,19780,14,4,82
22604,484,1653,28,1,63
22605,17939,10965,53,3,84
22606,23796,2958,137,9,6
22607,23330,18940,49,7,41
22608,11333,6103,136,0,74
22609,10919,15569,39,3,69
22610,7455,9265,85,7,14
22611,11175,18084,9,6,47
22612,21098,15350,122,4,9
22613,19079,15878,62,8,25
22614,19575,15087,132,1,6
22615,15877,15504,66,3,44
22616,10331,2738,108,5,39
22617,10822,8488,21,5,40
22618,18450,21673,56,7,79
22619,22417,17162,54,4,51
22620,8567,19555,17,4,22
22621,6133,24765,41,3,16
22622,11009,19389,66,9,26
22623,8010,7445,139,8,81
22624,13642,8105,106,5,39
22625,14040,4718,117,0,58
22626,11196,10459,19,3,61
22627,18050,15976,42,3,86
22628,5515,1703,126,3,17
22629,14596,24476,127,5,31
22630,18940,22103,123,9,62
22631,23127,21833,124,8,64
22632,839,14325,128,2,35
22633,18639,15195,6,3,53
22634,8471,13637,34,4,41
22635,9763,19432,56,9,48
22636,6823,10400,134,2,76
22637,21535,17981,49,3,25
22638,1154,1666,11,8,4
22639,2698,11504,21,6,77
22640,23813,1336,1,3,40
22641,22092,20824,27,9,38
22642,7890,22711,62,3,41
22643,9244,19742,88,9,52
22644,136,8774,81,3,48
22645,19780,20419,8,8,78
22646,721,17501,110,3,62
22647,22621,20771,92,1,21
22648,7561,6529,92,1,10
22649,13608,7594,108,5,26
22650,10877,12701,17,3,42
22651,5257,1272,63,7,79
22652,21862,19270,37,5,87
22653,12553,9949,142,7,32
22654,1268,3030,93,1,59
22655,24756,18724,130,3,74
22656,12841,5240,126,3,86
22657,21771,2592,22,2,7
22658,10029,1921,66,3,13
22659,6907,1716,90,2,58
22660,16411,3716,51,7,41
22661,12766,7499,78,0,6
22662,353,17107,113,9,39
22663,21245,14847,59,8,73
22664,8181,15942,83,8,88
22665,15638,17432,37,1,16
22666,4294,6399,128,7,64
22667,1377,12973,116,2,20
22668,13130,4454,69,5,75
22669,24677,20673,129,8,39
22670,21484,7091,94,9,48
22671,18703,16312,98,2,70
22672,4183,22606,6,1,68
22673,24652,257,36,5,46
22674,11474,72,18,6,42
22675,2161,9055,109,2,78
22676,17168,8214,44,3,55
22677,21688,24241,110,5,58
22678,5724,20601,138,9,85
22679,11233,10843,143,7,82
22680,16925,836,7,6,39
22681,11613,20661,28,0,88
22682,24129,3685,119,6,80
22683,21969,20373,86,9,31
22684,23084,17684,78,5,22
22685,22673,8720,131,9,69
22686,992,18240,90,2,3
22687,19729,9409,57,0,0
22688,9995,5287,142,7,3
22689,11932,6071,46,4,62
22690,19266,6550,108,9,26
22691,22420,13516,129,8,52
22692,6652,19352,138,0,46
22693,15508,17148,133,7,47
22694,22436,7840,87,9,76
22695,9855,18052,66,9,66
22696,20465,8701,109,5,36
22697,21985,14982,74,7,5
22698,11317,21864,74,0,9
22699,11219,5335,148,1,86
22700,2117,1982,129,6,55
22701,13582,13918,149,5,60
22702,19792,24966,54,7,78
22703,7050,6719,12,2,80
22704,5043,8141,40,4,59
22705,7704,24237,55,1,28
22706,13726,13329,41,7,38
22707,20270,8475,116,6,32
22708,24829,16246,72,3,65
22709,6936,2645,144,9,53
22710,7899,10769,2,1,67
22711,2976,10928,129,5,42
22712,13704,8433,81,6,58
22713,23261,9316,148,4,12
22714,23760,5980,17,0,5
22715,20116,4758,84,4,15
22716,14031,11482,68,6,67
22717,11151,2800,63,6,85
22718,21819,22272,55,9,24
22719,21204,12409,115,4,32
22720,2185,2283,6,1,84
22721,9244,20576,81,4,8
22722,16615,1044,5,6,56
22723,2482,17846,147,6,63
22724,7212,23323,82,6,27
22725,20551,13273,72,6,52
22726,24727,8670,42,6,37
22727,14616,16503,4,8,31
22728,20112,21211,110,5,86
22729,24632,18244,73,9,41
22730,17430,9790,75,7,52
22731,1659,19591,137,6,86
22732,3991,9997,98,5,49
22733,1811,20632,105,4,67
22734,12492,2490,124,2,5
22735,17697,20772,30,0,87
22736,22075,16175,93,2,82
22737,9513,10091,19,8,4
22738,20519,8810,114,0,58
22739,17538,11357,103,8,36
22740,185,4682,72,5,48
22741,6393,17973,77,0,84
22742,19473,16215,127,9,14
22743,3083,11187,133,7,57
22744,18046,5119,73,0,52
22745,23173,11812,131,0,62
22746,4987,4891,83,6,84
22747,23104,18064,66,5,14
22748,22825,21792,117,4,54
22749,3668,6159,143,9,81
22750,17115,9084,70,3,60
22751,9529,2860,133,9,49
22752,19647,7171,30,5,63
22753,8859,19937,47,7,17
22754,14391,23194,38,2,26
22755,16414,12628,128,2,19
22756,15522,14587,117,6,26
22757,23594,17193,139,7,0
22758,14616,14625,49,9,13
22759,11148,3738,94,7,8
22760,11549,17485,146,5,48
22761,11324,576,40,6,27
22762,2872,17719,25,7,26
22763,14382,24327,89,6,80
22764,8905,15174,89,3,78
22765,12686,11203,83,6,38
22766,10515,23464,76,3,86
22767,10025,19914,141,1,3
22768,6894,5340,64,2,62
22769,12022,22973,120,5,15
22770,4793,5855,79,4,83
22771,7166,23016,88,3,66
22772,3147,5459,125,3,8
22773,20118,20913,6,1,15
22774,21728,20019,97,4,29
22775,17508,4940,87,9,78
22776,17061,7002,55,9,83
22777,7813,9803,109,1,16
22778,1299,1913,8,9,7
22779,24037,5852,46,6,72
22780,2024,23652,77,1,29
22781,980,23391,28,1,41
22782,9111,19724,42,1,68
22783,1697,18411,12,4,56
22784,195,11047,76,0,79
22785,16276,431,110,1,6
22786,24005,18439,2,8,6
22787,868,14870,61,3,11
22788,17238,24494,111,5,60
22789,6417,20982,138,4,54
22790,9903,7984,7,0,15
22791,6567,12044,134,6,8
22792,20369,23571,112,6,56
22793,3001,4520,96,2,2
22794,1606,9976,134,0,35
22795,16208,1431,50,4,79
22796,18498,20922,104,3,11
22797,5711,23311,91,3,40
22798,5225,6665,43,6,13
22799,11380,23881,148,4,22
22800,1015,2716,129,7,32
22801,21251,13792,26,3,0
22802,13317,10053,4,2,17
22803,14042,18528,80,7,58
22804,22358,10519,84,0,0
22805,1880,1548,73,9,46
22806,13301,13614,20,5,40
22807,21839,6729,1,2,75
22808,16102,12011,117,5,89
22809,2540,19233,51,3,83
22810,18317,10980,7,1,48
22811,20832,1502,109,5,66
22812,18666,19392,37,6,7
22813,9037,15604,18,3,29
22814,14987,13213,27,3,38
22815,9250,7717,40,2,22
22816,3572,13314,84,1,30
22817,15090,17691,129,6,78
22818,11849,10205,4,3,41
22819,27,1182,103,7,85
22820,490,1159,111,1,17
22821,10526,9115,30,1,64
22822,13475,605,50,5,71
22823,10883,24617,9,1,73
22824,13049,6314,92,8,69
22825,22568,23029,124,6,60
22826,15180,9408,19,4,16
22827,7589,9315,120,3,80
22828,8212,20158,34,6,18
22829,6914,3148,76,9,21
22830,18632,22216,51,1,8
22831,3728,24807,14,1,73
22832,23676,12059,29,4,83
22833,23713,12353,41,3,89
22834,5720,7010,55,5,36
22835,10967,17452,6,3,79
22836,6412,19419,94,5,46
22837,4098,21707,39,4,16
22838,14837,20151,56,6,89
22839,18291,7475,97,6,29
22840,8653,7178,97,6,53
22841,17678,5054,78,7,51
22842,20139,12355,128,8,84
22843,24218,7325,47,1,82
22844,23062,14655,38,6,46
22845,12514,10213,10,9,65
22846,12609,13500,26,0,5
22847,3012,17760,23,4,42
22848,4304,6987,60,4,50
22849,16969,21190,58,6,27
22850,6068,2374,56,0,39
22851,7667,20143,9,7,54
22852,2214,8652,59,0,45
22853,24175,11962,48,8,60
22854,5804,16451,76,4,3
22855,6713,15241,147,2,33
22856,23958,16839,145,8,75
22857,19599,15338,70,7,89
22858,10422,3435,130,1,85
22859,11666,5659,83,2,29
22860,20456,467,74,7,73
22861,15870,21376,25,3,7
22862,6300,4778,43,7,72
22863,13130,14695,146,8,76
22864,620,11225,17,0,67
22865,13922,12406,88,1,32
22866,19040,12661,42,4,26
22867,1754,15786,111,5,9
22868,23195,21907,134,7,65
22869,17100,11601,143,9,87
22870,14309,16793,78,7,52
22871,24993,16061,98,6,85
22872,3713,22385,48,7,1
22873,19341,10540,0,9,57
22874,23134,197,135,9,12
22875,4336,15757,145,0,81
22876,17210,11455,145,7,34
22877,17866,23626,5,2,4
22878,13424,822,54,5,66
22879,11271,19302,130,0,39
22880,2306,12656,47,6,69
22881,5442,5423,144,5,5
22882,18388,13517,55,2,33
22883,13447,13393,86,2,7
22884,23537,9908,27,0,73
22885,13632,8553,128,2,87
22886,20061,8806,106,8,84
22887,23749,18490,23,2,68
22888,16824,14007,42,4,37
22889,13444,7285,43,8,31
22890,7336,1405,53,1,73
22891,16894,22602,32,4,71
22892,5630,900,48,4,0
22893,656,19898,26,8,83
22894,21272,993,29,0,80
22895,88,13171,96,1,17
22896,6914,326,13,2,65
22897,7758,1806,38,9,43
22898,2242,11365,149,3,57
22899,2777,8255,17,4,44
22900,8801,21467,20,3,59
22901,21275,2484,43,5,64
22902,20919,10629,95,0,87
22903,14089,16193,129,4,69
22904,4545,8363,60,2,67
22905,13434,15893,5,3,28
22906,5391,1036,144,4,16
22907,24167,22466,140,9,34
22908,18221,21360,10,3,55
22909,10561,14433,90,9,84
22910,7937,5066,86,0,17
22911,7366,19538,95,0,7
22912,7125,21155,74,6,88
22913,15962,8743,58,7,57
22914,4935,19387,104,7,57
22915,22128,18879,1,2,14
22916,19646,22148,102,0,11
22917,20318,9555,146,8,35
22918,7265,24531,34,0,62
22919,2449,2226,76,6,22
22920,18622,7785,143,8,7
22921,14259,8639,51,8,18
22922,4647,6466,41,4,13
22923,17125,4850,5,7,34
22924,3815,15802,56,6,19
22925,15787,6545,128,4,86
22926,5892,8488,109,9,33
22927,3948,16977,48,3,78
22928,11767,10807,34,8,43
22929,16324,6477,35,9,68
22930,6202,19802,32,5,89
22931,19305,18655,104,4,45
22932,17985,3358,25,4,53
22933,15151,15966,26,9,35
22934,14090,5352,77,3,31
22935,12781,9251,108,1,46
22936,13039,2511,116,5,47
22937,5653,7767,55,8,81
22938,6968,17354,36,7,51
22939,7800,9985,79,1,7
22940,21728,22059,59,0,19
22941,4318,14272,18,8,36
22942,16247,6859,103,5,9
22943,12401,13455,35,9,84
22944,8340,10786,110,3,83
22945,12712,23297,28,1,84
22946,22648,20598,123,9,45
22947,23542,21971,107,2,32
22948,6001,14468,57,2,70
22949,7964,3595,40,3,26
22950,15113,3994,14,6,30
22951,5934,4726,6,0,60
22952,22581,8993,8,4,4
22953,6011,914,108,4,11
22954,7613,5305,136,8,61
22955,23295,16473,11,4,36
22956,18777,20142,40,3,44
22957,21541,11854,138,9,21
22958,17316,18036,79,9,35
22959,2055,18014,2,7,14
22960,20436,13285,58,9,57
22961,6469,22081,23,4,3
22962,23461,12612,0,6,55
22963,6452,12164,108,8,63
22964,20823,17645,6,0,28
22965,15781,4810,104,9,28
22966,23644,18809,32,1,34
22967,17637,12879,97,1,53
22968,10608,10302,132,2,72
22969,7430,7589,38,2,34
22970,20857,6726,91,1,82
22971,19243,18167,60,1,84
22972,20744,21078,137,3,23
22973,8703,339,91,2,38
22974,19433,9592,30,7,2
22975,10565,7625,103,9,3
22976,4207,11799,84,8,39
22977,10917,23642,23,5,54
22978,9793,7649,67,2,12
22979,2026,10981,52,4,44
22980,17034,19555,110,3,40
22981,2184,4269,86,0,86
22982,17842,13116,149,4,6
22983,7864,21090,93,6,3
22984,1413,15227,47,7,44
22985,3382,20291,49,1,28
22986,10577,3093,114,8,38
22987,23320,15267,23,5,50
22988,2176,21288,1,9,60
22989,4972,13923,64,0,85
22990,13034,19178,20,3,55
22991,13420,23705,30,1,54
22992,20402,16503,55,3,49
22993,9562,19202,43,4,55
22994,10947,10734,56,0,25
22995,23851,20359,129,2,57
22996,2084,2615,146,9,13
22997,10807,22116,2,3,64
22998,5368,15596,1,4,85
22999,7560,12342,1,3,8
23000,22665,8189,10,8,85
23001,22648,14247,25,3,16
23002,12983,774,56,3,14
23003,15020,7155,62,7,61
23004,15319,11816,48,4,0
23005,19668,2458,52,3,1
23006,7566,5180,124,4,10
23007,3990,13243,39,7,20
23008,5488,9493,27,0,74
23009,10341,15826,61,2,42
23010,3980,8434,134,3,51
23011,24149,20896,105,5,50
23012,8424,11839,36,0,8
23013,3272,10688,115,4,34
23014,10518,24757,77,0,14
23015,11567,20148,42,4,45
23016,19335,15045,28,8,81
23017,16309,15894,124,8,79
23018,6128,6010,124,6,34
23019,19385,3229,89,4,86
23020,24115,9915,63,6,24
23021,5790,11827,98,2,21
23022,7681,9531,133,6,49
23023,12248,24965,75,6,85
23024,24096,12846,96,9,83
23025,17238,13317,5,9,36
23026,18680,11119,131,7,4
23027,11904,8397,13,1,17
23028,19185,13248,84,1,36
23029,9784,14047,86,5,56
23030,12365,3394,37,0,41
23031,18159,23687,18,3,4
23032,8357,4757,146,9,87
23033,1948,3882,138,4,50
23034,12035,4372,53,4,30
23035,4166,1172,141,9,25
23036,6146,13986,116,2,44
23037,21,4482,55,0,22
23038,24827,1286,44,7,83
23039,13141,9100,11,0,45
23040,9391,17052,44,9,77
23041,5151,6965,57,6,52
23042,10638,14279,92,6,45
23043,7304,18903,92,4,30
23044,12508,16113,95,3,12
23045,13354,9384,74,4,58
23046,9376,13568,36,7,77
23047,16400,11131,47,6,82
23048,19949,7624,112,5,0
23049,3749,23188,91,0,31
23050,11487,1233,33,3,84
23051,20006,17911,83,8,47
23052,17419,4921,28,9,63
23053,22638,4269,28,2,87
23054,2945,22781,23,7,17
23055,5441,18098,7,1,9
23056,18485,8302,91,2,68
23057,8551,21333,94,0,13
23058,18102,22116,7,6,67
23059,8049,23632,36,2,44
23060,8987,24229,5,2,13
23061,12433,8778,87,4,9
23062,79,18398,2,5,3
23063,911,5236,135,2,45
23064,13314,23006,48,6,59
23065,526,13327,37,3,33
23066,5757,21045,115,3,19
23067,16344,17437,55,8,22
23068,17446,13395,45,4,49
23069,8824,13021,19,9,60
23070,23808,5446,75,9,81
23071,7931,8151,110,1,83
23072,7000,21339,54,4,68
23073,6752,13068,141,5,5
23074,21644,3146,65,3,31
23075,715,10458,106,1,17
23076,14705,2496,37,2,17
23077,21123,6427,82,5,39
23078,6724,23150,138,3,46
23079,11539,10135,117,9,25
23080,11299,888,146,3,23
23081,10058,6321,149,8,60
23082,4106,24662,84,3,71
23083,5514,18619,17,8,16
23084,20177,24359,123,2,34
23085,17295,21948,75,4,50
23086,1549,12149,10,0,64
23087,4111,17867,147,4,41
23088,16071,20459,38,5,65
23089,18384,17507,55,6,68
23090,9702,20634,50,0,74
23091,4249,13042,71,5,6
23092,4471,20492,18,4,17
23093,2108,11375,87,0,67
23094,20542,3311,64,4,42
23095,6185,22267,81,8,47
23096,17565,9406,47,1,35
23097,13571,5101,6,5,85
23098,4252,4816,27,4,36
23099,13655,1986,60,5,78
23100,10290,7102,53,7,22
23101,14240,19879,88,9,31
23102,19353,7562,18,7,60
23103,14228,4582,66,2,15
23104,7190,20507,139,7,50
23105,18073,19661,109,9,89
23106,10,2892,78,7,17
23107,8400,6590,88,6,44
23108,17347,16300,33,4,76
23109,7726,19278,51,2,85
23110,5787,5952,76,2,26
23111,12703,17281,51,3,62
23112,23106,5578,117,1,74
23113,4879,4942,33,2,82
23114,11565,11698,75,6,37
23115,12235,10005,34,5,51
23116,11884,13963,75,4,15
23117,23551,22738,75,2,34
23118,15823,19498,43,0,59
23119,18211,2355,65,8,16
23120,1062,4081,52,1,23
23121,20993,15933,28,8,25
23122,3861,23099,85,3,36
23123,17374,15906,15,9,41
23124,10998,15714,73,4,25
23125,3611,2465,36,1,49
23126,14674,8952,43,8,39
23127,19329,3238,51,2,81
23128,20052,12877,30,2,75
23129,21149,14537,86,3,68
23130,14861,21515,44,2,8
23131,10859,24501,149,5,63
23132,7862,11940,70,6,46
23133,7857,14492,39,4,89
23134,16039,13102,65,7,56
23135,5223,14393,93,2,41
23136,17634,19944,26,5,57
23137,15703,19967,33,2,16
23138,12160,6158,11,5,67
23139,23874,12833,60,6,65
23140,23964,18478,103,2,53
23141,10820,13270,74,9,83
23142,8882,15261,114,2,32
23143,17824,12816,146,8,43
23144,10858,22176,23,9,89
23145,5552,10472,49,8,52
23146,10571,13770,75,8,3
23147,11488,5669,102,9,7
23148,24345,5344,20,2,54
23149,4476,5534,149,4,46
23150,16437,18373,44,8,22
23151,3963,21477,117,1,38
23152,3727,8185,79,1,63
23153,13696,13542,110,9,79
23154,12022,8222,18,6,0
23155,6629,15961,42,5,68
23156,1822,8977,76,2,6
23157,18820,16620,101,1,50
23158,8264,2637,66,2,70
23159,8927,22769,5,4,65
23160,9705,12663,64,0,24
23161,14195,18987,140,9,82
23162,16038,5728,44,1,54
23163,20827,21774,117,1,16
23164,17146,4214,137,0,43
23165,881,12136,107,7,18
23166,13182,9652,102,9,50
23167,11085,23092,41,3,24
23168,22157,21277,24,1,61
23169,6840,22236,108,7,41
23170,11129,16935,45,5,16
23171,22813,17948,97,6,82
23172,9645,21771,6,4,70
23173,21334,17249,146,6,11
23174,7475,23758,43,5,57
23175,12689,11045,70,2,60
23176,16595,21855,42,1,82
23177,18862,2810,58,0,85
23178,5877,1883,24,0,6
23179,6829,13910,47,6,18
23180,2281,24079,72,9,5
23181,1270,12477,85,8,71
23182,15728,23683,7,1,86
23183,6135,12788,55,4,81
23184,15244,15571,79,0,69
23185,7897,21945,132,6,24
23186,13047,15635,133,7,56
23187,2199,2115,29,7,8
23188,11473,8983,7,3,14
23189,6627,22959,109,4,47
23190,6439,9365,104,0,14
23191,2648,17763,145,8,84
23192,12542,1539,19,3,2
23193,18536,4806,51,0,14
23194,23098,15632,23,8,83
23195,22059,301,126,5,31
23196,9766,9807,34,0,64
23197,22650,9003,62,6,15
23198,13902,1125,7,8,27
23199,20686,17353,68,8,80
23200,15818,20797,131,6,66
23201,18287,8692,86,8,69
23202,10049,9565,128,9,18
23203,6615,18876,70,8,8
23204,2556,17507,91,6,5
23205,11356,22784,134,7,13
23206,14077,6088,53,7,53
23207,20587,12161,34,2,82
23208,20745,12394,95,6,10
23209,19352,12335,24,9,65
23210,4177,8871,32,6,45
23211,2368,24191,27,1,12
23212,21947,2513,33,2,48
23213,2965,23722,126,3,75
23214,1817,24448,37,0,35
23215,13409,15614,22,0,9
23216,16259,24846,61,7,15
23217,12932,17853,68,2,9
23218,5099,23910,96,6,47
23219,1997,8375,63,1,19
23220,2333,4891,100,5,83
23221,19315,14950,68,2,36
23222,17572,19948,6,2,64
23223,12238,24487,124,3,74
23224,4289,16335,65,5,6
23225,583,8990,11,0,88
23226,4032,21419,45,8,58
23227,4063,20701,144,4,38
23228,8742,20230,78,2,33
23229,24745,3050,68,3,18
23230,6508,24691,82,7,13
23231,15508,19315,56,5,59
23232,4061,7728,147,1,34
23233,8063,18597,14,3,79
23234,14998,16820,9,1,78
23235,17269,15975,36,4,86
23236,1807,3980,128,1,45
23237,18750,5376,73,8,64
23238,8131,9575,57,6,80
23239,12850,18919,11,8,9
23240,18036,16553,26,7,47
23241,23033,2800,35,0,35
23242,4127,18480,139,6,6
23243,10360,10362,8,4,40
23244,24701,14227,102,8,88
23245,18019,14914,68,4,12
23246,22174,20878,66,7,64
23247,24637,15108,110,0,36
23248,14244,17607,72,9,19
23249,9743,18134,109,4,80
23250,13053,11822,88,3,64
23251,13094,7972,31,8,28
23252,21992,10561,109,2,17
23253,6973,8861,78,4,15
23254,10263,21211,121,1,40
23255,23701,15123,48,3,12
23256,19127,5405,22,6,88
23257,12347,14989,98,8,24
23258,2309,23875,81,2,51
23259,5785,3957,18,9,15
23260,12554,11148,88,6,47
23261,21360,23065,39,0,60
23262,5324,12427,44,5,78
23263,23904,18729,70,9,53
23264,13590,14440,131,3,47
23265,22175,3579,73,4,7
23266,18749,10337,53,3,39
23267,418,17283,3,9,53
23268,16542,57,46,6,77
23269,21750,20414,81,6,89
23270,594,23145,13,2,86
23271,7883,10454,140,8,1
23272,4562,4267,143,7,39
23273,14010,10088,20,3,87
23274,8098,17951,105,4,66
23275,706,24230,98,9,32
23276,11703,12255,16,4,41
23277,20869,24985,92,5,74
23278,8327,7258,46,3,45
23279,16250,18623,49,1,52
23280,11090,13262,92,7,60
23281,22870,11111,94,6,82
23282,5597,15449,90,4,83
23283,22959,5537,80,5,5
23284,17628,12426,136,8,41
23285,12775,28,139,6,12
23286,23416,24685,142,5,29
23287,11093,2328,20,0,39
23288,12287,892,8,8,40
23289,13134,12845,65,5,21
23290,5108,8017,105,6,3
23291,12953,17916,73,9,83
23292,7169,3952,101,4,17
23293,14112,11154,136,1,67
23294,16478,5683,7,4,3
23295,16435,10316,68,4,37
23296,7944,10104,119,0,66
23297,2094,13947,80,8,39
23298,9126,16453,85,1,14
23299,228,19159,62,7,32
23300,17284,16074,29,3,17
23301,8280,4367,87,8,37
23302,329,8265,40,0,42
23303,12161,16439,142,1,47
23304,16347,7526,88,4,49
23305,5857,9929,148,0,52
23306,16957,4381,144,5,45
23307,22237,21798,33,4,63
23308,24633,21502,84,3,71
23309,2687,932,64,8,86
23310,23616,20524,27,1,47
23311,3172,17587,121,4,63
23312,6506,3811,41,9,26
23313,6191,24471,27,8,87
23314,12662,12627,92,7,25
23315,13021,16721,116,0,10
23316,24393,2070,55,7,75
23317,7395,18342,27,6,22
23318,9854,7682,46,3,25
23319,20928,9359,89,9,14
23320,5156,12002,97,9,24
23321,3695,22879,119,3,39
23322,12750,22091,98,7,89
23323,9799,5834,0,8,71
23324,10511,68,84,8,50
23325,3046,5089,98,3,42
23326,13791,19164,39,2,50
23327,3951,12530,52,9,63
23328,2280,6253,61,1,34
23329,1673,7496,76,8,49
23330,22422,12384,85,6,46
23331,17662,2562,95,5,86
23332,2270,18084,124,9,60
23333,4203,22538,111,7,65
23334,18173,14617,40,1,71
23335,7064,3545,11,9,29
23336,92,10259,15,4,66
23337,13181,18579,78,1,54
23338,22032,20922,117,0,27
23339,10447,23636,28,8,64
23340,9676,8915,87,8,1
23341,15969,11777,142,4,30
23342,11374,19278,141,5,80
23343,7068,11087,106,1,13
23344,900,17521,1,1,36
23345,23381,16700,23,7,68
23346,21141,374,79,6,83
23347,8069,6103,119,4,29
23348,23607,17943,50,6,42
23349,23308,20926,84,4,71
23350,24308,22051,66,7,70
23351,23752,3952,39,5,46
23352,11723,21107,127,5,20
23353,21855,18487,58,4,80
23354,5773,14215,128,6,13
23355,18489,2610,66,9,66
23356,15311,12581,13,5,61
23357,18813,6896,69,1,84
23358,24670,6136,47,7,46
23359,18886,2039,142,8,72
23360,19144,19756,98,7,33
23361,7951,14806,73,3,41
23362,6780,21032,118,0,66
23363,24671,1612,138,1,46
23364,2958,18624,125,8,71
23365,24137,10941,91,8,52
23366,9884,2082,62,9,64
23367,13374,15971,57,7,12
23368,17427,11254,132,0,31
23369,1712,6020,24,2,57
23370,13879,3439,119,4,82
23371,4046,547,104,9,65
23372,4153,20677,47,8,20
23373,24355,21069,104,7,55
23374,11307,23039,138,7,78
23375,20963,326,135,2,75
23376,9898,12154,131,5,2
23377,20757,18595,45,9,37
23378,5571,2530,107,4,64
23379,22481,5101,123,5,26
23380,9921,3793,122,1,30
23381,19260,19795,132,5,20
23382,16031,9406,53,2,73
23383,13858,16289,46,0,52
23384,22811,8158,69,1,43
23385,18032,8632,140,2,85
23386,6047,2614,16,0,85
23387,7970,2598,24,3,4
23388,301,1907,71,9,68
23389,20944,438,107,3,71
23390,13620,24819,131,9,59
23391,7812,14385,70,2,15
23392,3203,20872,96,9,71
23393,14287,15392,112,8,65
23394,19745,8781,56,1,20
23395,2312,11222,135,7,38
23396,15484,23251,56,5,64
23397,10852,11394,59,6,48
23398,10918,11810,88,6,53
23399,4287,15588,20,5,48
23400,7310,5717,140,2,27
23401,7854,2262,147,7,69
23402,2783,22964,14,8,34
23403,13739,11743,77,1,15
23404,3580,12557,7,9,75
23405,4353,6639,9,3,72
23406,14512,3951,94,7,42
23407,11167,4792,56,6,57
23408,14302,22042,136,6,29
23409,20300,9075,69,5,65
23410,17358,13112,7,6,30
23411,22854,5256,57,2,54
23412,17340,20392,103,0,48
23413,17566,4483,114,6,23
23414,5882,9575,6,7,87
23415,23569,2648,17,6,37
23416,8119,8724,82,1,17
23417,1613,18795,125,4,34
23418,15610,18098,15,1,74
23419,13744,7899,28,7,64
23420,678,2321,11,6,34
23421,1488,1889,15,4,78
23422,24112,4927,105,0,3
23423,18233,21343,86,3,65
23424,12444,24060,16,8,61
23425,12620,12688,72,9,66
23426,11216,19664,21,3,46
23427,524,24433,111,7,18
23428,6081,21965,83,2,70
23429,19731,17874,130,4,40
23430,15058,3939,51,4,77
23431,48,9488,67,9,53
23432,2588,20177,138,7,34
23433,4172,18281,6,0,16
23434,6303,21539,46,0,57
23435,16494,12241,94,4,40
23436,4273,23619,57,7,81
23437,1736,1196,147,6,76
23438,8715,18887,25,9,46
23439,23804,10631,9,3,15
23440,1878,21304,101,2,16
23441,23828,21757,80,2,87
23442,7827,6577,98,6,3
23443,16386,20485,9,1,69
23444,23025,13585,55,6,5
23445,493,24719,21,5,54
23446,22555,15233,48,1,49
23447,20088,12504,148,5,12
23448,1433,8207,12,9,51
23449,1326,17913,87,7,67
23450,23561,13586,73,0,75
23451,17402,22673,34,1,74
23452,14426,5234,125,1,24
23453,5343,2892,129,4,11
23454,24553,16337,43,1,28
23455,10417,15397,45,0,45
23456,6897,14976,121,6,15
23457,21004,15118,71,7,34
23458,4029,11579,1,6,45
23459,11819,16297,137,3,25
23460,17306,9066,25,8,53
23461,24585,13134,136,8,9
23462,23314,10732,99,4,25
23463,13266,10191,141,3,51
23464,21739,16904,67,2,52
23465,18172,5068,149,6,25
23466,16492,10332,58,2,6
23467,6414,21318,116,9,2
23468,5019,24869,100,1,70
23469,16470,22843,69,8,18
23470,12091,8979,34,6,15
23471,23460,10049,28,0,7
23472,22545,8668,39,4,37
23473,4876,4208,1,0,48
23474,19270,17755,132,8,13
23475,19840,7713,114,6,54
23476,14346,15629,0,0,87
23477,13037,7606,44,0,12
23478,19542,24984,137,8,77
23479,1664,5105,29,5,2
23480,20224,11758,119,9,20
23481,20931,16115,43,9,55
23482,24840,5539,2,7,34
23483,1638,23651,113,7,41
23484,22261,8887,6,3,27
23485,11428,5846,83,1,77
23486,20770,7055,55,3,72
23487,17217,3522,58,2,51
23488,6405,15474,69,7,3
23489,20557,9560,53,3,5
23490,4762,12089,86,5,18
23491,3630,16707,57,8,48
23492,17962,18525,106,7,30
23493,12450,788,49,2,25
23494,7915,20257,104,0,31
23495,10847,6088,59,5,19
23496,8998,1464,145,9,19
23497,11926,17984,4,6,61
23498,4508,5168,93,7,85
23499,14903,8220,25,9,81
23500,8778,17947,129,0,79
23501,23663,722,4,9,1
23502,23180,9870,148,8,44
23503,20178,15493,149,3,25
23504,12773,10732,122,0,26
23505,10045,18636,119,6,37
23506,18533,15079,63,8,34
23507,4187,12245,71,9,32
23508,11638,7311,139,3,19
23509,3884,6513,87,8,3
23510,465,1080,106,0,58
23511,706,23136,80,4,68
23512,22209,8244,57,0,72
23513,24618,24548,123,2,60
23514,16941,20747,108,3,17
23515,20946,7827,32,4,9
23516,5720,21862,132,2,51
23517,4833,16140,100,2,45
23518,22507,9086,73,9,47
23519,18104,8269,25,3,40
23520,5050,4412,84,8,70
23521,6692,14603,25,6,1
23522,22623,1209,75,6,60
23523,84,14554,83,6,31
23524,3430,2992,106,4,65
23525,23452,21045,138,9,57
23526,24011,1132,97,8,5
23527,23131,9775,80,4,10
23528,20296,14627,135,5,15
23529,9037,10383,34,8,13
23530,19541,650,39,5,23
23531,2358,5354,82,2,18
23532,21157,8366,71,1,49
23533,564,15251,147,0,74
23534,5191,12768,117,6,42
23535,16207,14506,79,1,55
23536,13701,14186,2,3,18
23537,54,18962,19,2,42
23538,7970,21264,82,8,69
23539,4931,20678,137,4,56
23540,21806,2482,88,4,62
23541,4229,1570,27,8,51
23542,18259,6134,18,1,67
23543,5354,5432,116,6,13
23544,2946,17982,108,1,1
23545,2758,22661,38,4,54
23546,8447,636,14,9,43
23547,15226,6029,106,9,83
23548,24679,19613,37,5,12
23549,5582,20423,125,4,87
23550,14212,9883,78,8,12
23551,276,11160,40,5,89
23552,4609,1657,75,4,74
23553,4455,6584,89,1,48
23554,17332,14373,59,4,85
23555,18549,1881,88,9,86
23556,23966,10179,95,1,57
23557,18740,23355,2,3,89
23558,1035,23636,58,1,77
23559,6000,6986,103,9,22
23560,23973,24658,113,6,45
23561,19388,20839,32,9,57
23562,16981,4959,113,7,24
23563,20121,46,30,2,65
23564,7556,22655,37,9,41
23565,22423,6428,70,8,22
23566,13596,2187,32,6,76
23567,3392,14277,103,0,73
23568,24792,17876,27,7,25
23569,23098,23664,31,0,20
23570,23656,18196,136,3,71
23571,4465,18942,145,6,37
23572,7713,21793,15,5,78
23573,7130,9495,36,5,30
23574,14746,23240,88,8,10
23575,22169,11068,20,4,0
23576,9830,8560,57,4,83
23577,24996,9033,138,3,30
23578,9364,12722,38,9,38
23579,16053,170,138,9,36
23580,20324,2712,113,5,47
23581,16069,12486,95,5,29
23582,544,6874,140,7,65
23583,13290,23527,39,5,1
23584,17374,10386,94,7,53
23585,9514,12390,28,3,22
23586,91,11554,95,1,29
23587,10200,7882,95,7,89
23588,5364,12394,20,6,19
23589,13889,24752,122,5,85
23590,3152,3311,65,7,54
23591,23102,14670,64,6,49
23592,3146,19843,137,0,28
23593,7891,4887,68,7,17
23594,24530,4174,77,4,58
23595,17142,16437,60,2,33
23596,5967,15975,9,4,85
23597,12691,5022,33,9,7
23598,24936,1039,7,3,8
23599,9298,14813,139,1,28
23600,9915,7966,32,0,80
23601,11228,12207,79,1,86
23602,7101,18531,74,0,1
23603,24499,24988,11,8,0
23604,12944,17203,21,8,11
23605,1818,4556,136,3,48
23606,2305,8499,138,9,69
23607,18845,10683,86,6,46
23608,14742,1912,129,2,70
23609,8864,18091,51,5,74
23610,24428,15338,49,6,69
23611,10834,5276,55,0,71
23612,23780,4011,93,8,14
23613,1287,2997,128,4,13
23614,20797,568,102,5,42
23615,16820,5851,19,1,89
23616,9032,24414,113,0,46
23617,18417,2243,116,9,89
23618,6252,1580,112,7,55
23619,11917,10689,142,8,7
23620,14278,22833,14,2,22
23621,15374,11853,68,7,21
23622,936,19279,94,3,5
23623,22081,24861,70,2,46
23624,16148,4250,54,2,31
23625,19825,10263,30,1,35
23626,7379,10206,45,8,41
23627,4416,8361,43,5,15
23628,18007,816,62,6,26
23629,7281,5852,123,4,36
23630,10023,5872,35,7,41
23631,12364,18300,100,0,9
23632,1554,6943,91,5,73
23633,20345,24887,34,7,9
23634,111,21369,82,0,27
23635,19179,5836,145,5,43
23636,15405,20887,144,0,6
23637,8196,17163,139,6,8
23638,15464,2856,32,7,81
23639,3822,17317,31,9,87
23640,11738,15701,105,8,46
23641,6378,4361,58,9,75
23642,19772,20312,42,2,51
23643,23733,14463,14,0,56
23644,19991,1264,114,2,10
23645,18268,23186,90,9,21
23646,20580,22918,136,1,46
23647,16776,17814,136,8,63
23648,3624,16984,125,1,24
23649,3650,24355,127,8,17
23650,4172,21664,119,9,49
23651,23837,15209,36,9,8
23652,15179,146,133,9,55
23653,10998,7040,130,9,32
23654,15635,3094,140,7,88
23655,14073,13733,81,5,12
23656,365,8694,1,3,42
23657,14711,3870,91,7,80
23658,18883,10621,138,4,33
23659,4718,24103,108,8,72
23660,7509,7511,68,7,81
23661,7834,19266,10,5,89
23662,8155,1366,36,1,19
23663,6203,14717,117,7,71
23664,1885,5693,2,9,4
23665,24590,513,142,7,41
23666,2771,23754,56,9,14
23667,9094,18784,42,6,83
23668,2426,21166,149,8,61
23669,9972,22525,78,2,86
23670,20371,7047,135,9,44
23671,22827,2122,52,8,65
23672,16580,15404,15,2,71
23673,20568,17647,81,7,82
23674,9065,15021,40,5,35
23675,21684,23760,149,2,21
23676,10592,24536,91,2,78
23677,10918,772,0,8,23
23678,24142,3865,141,5,8
23679,1269,8211,134,7,77
23680,17111,16768,120,2,46
23681,22683,23360,85,0,69
23682,19980,7855,10,8,60
23683,19249,12635,35,1,75
23684,16339,12954,118,7,46
23685,12990,23395,115,6,2
23686,8716,15863,86,0,3
23687,18021,13139,140,3,5
23688,309,19484,29,4,81
23689,23756,21942,15,6,10
23690,17073,17737,105,7,8
23691,10492,12910,39,5,4
23692,19760,23976,42,4,20
23693,17149,242,18,9,24
23694,345,17586,94,3,35
23695,19689,14353,136,6,11
23696,15547,21441,5,1,26
23697,17668,5584,83,3,45
23698,11927,8539,91,6,73
23699,20161,17281,147,1,14
23700,2372,3510,136,0,78
23701,17873,17607,87,9,73
23702,20489,5657,124,0,14
23703,16018,2529,58,5,48
23704,20817,19484,104,5,26
23705,20115,18599,57,5,62
23706,9320,17815,103,1,63
23707,8085,349,72,9,42
23708,4575,23967,67,7,55
23709,2396,7027,5,5,70
23710,11990,7397,10,0,60
23711,15480,13371,104,7,80
23712,2800,22984,61,5,6
23713,6756,7893,62,0,58
23714,19554,19650,127,8,37
23715,8698,15704,79,3,76
23716,9973,3330,29,2,8
23717,21195,14364,17,2,63
23718,14023,8850,120,5,9
23719,16253,10108,65,9,38
23720,443,1434,125,7,30
23721,10422,501,115,6,4
23722,277,23410,110,6,62
23723,11691,12839,12,9,44
23724,15399,12619,100,4,71
23725,21707,5367,108,1,89
23726,8007,8373,28,6,61
23727,3119,15589,77,7,17
23728,22500,14117,82,0,36
23729,3666,19577,96,8,19
23730,4254,3807,49,4,62
23731,23795,18120,3,1,35
23732,15835,8367,24,9,83
23733,15529,9812,109,6,54
23734,11842,3705,105,4,39
23735,7634,4143,18,4,66
23736,12309,9932,109,1,9
23737,7616,12640,109,1,89
23738,12958,19510,143,6,46
23739,16875,4152,146,7,29
23740,18058,7944,145,9,37
23741,4840,13194,102,0,21
23742,4198,303,109,6,64
23743,23571,2931,16,1,39
23744,18125,11726,71,7,79
23745,9461,20652,64,7,23
23746,24692,22432,12,9,48
23747,19621,23141,81,1,1
23748,2713,15777,49,1,75
23749,14917,24218,126,0,72
23750,4626,22389,105,8,36
23751,15086,9906,56,2,89
23752,2034,5078,11,1,47
23753,11340,14742,119,7,34
23754,1169,2466,60,3,4
23755,2575,13404,59,9,51
23756,14609,4141,15,1,43
23757,9873,148,101,5,30
23758,24782,13447,66,8,15
23759,21281,11512,16,9,55
23760,21696,15312,94,9,24
23761,24611,19433,91,3,82
23762,7759,14609,110,5,39
23763,11985,14555,100,8,41
23764,21132,17743,109,3,64
23765,10929,14455,117,0,13
23766,20917,15724,65,2,64
23767,939,23566,124,8,31
23768,22917,12244,99,1,61
23769,3151,17485,120,5,15
23770,16058,21209,43,6,77
23771,3245,21945,102,4,17
23772,2025,18452,115,5,30
23773,13618,14299,131,7,81
23774,15853,8376,92,7,30
23775,10339,2738,16,3,12
23776,15394,20696,139,7,61
23777,8148,16254,82,9,75
23778,18626,9951,129,9,14
23779,3738,1313,14,4,61
23780,16513,24092,106,2,30
23781,24837,15667,123,6,4
23782,23194,652,148,8,55
23783,9482,3459,51,6,21
23784,2989,1223,34,3,67
23785,15707,24059,70,2,76
23786,11085,1101,65,1,44
23787,11963,6001,24,6,26
23788,19800,6019,106,4,80
23789,8253,23228,102,6,63
23790,13061,17090,27,5,33
23791,19278,21117,103,9,68
23792,15058,5920,25,5,75
23793,24747,10824,21,0,86
23794,11879,8319,27,7,27
23795,1757,22747,5,3,77
23796,20348,6625,147,6,82
23797,12713,16087,16,8,34
23798,14802,24167,53,9,4
23799,9664,10013,27,0,13
23800,13001,14275,83,8,3
23801,11049,16482,31,5,23
23802,20929,24445,141,6,35
23803,12112,17425,40,6,36
23804,18211,9330,24,4,64
23805,1295,6228,108,7,24
23806,17490,5305,57,4,20
23807,4132,12310,0,9,46
23808,5542,9256,22,9,78
23809,6932,67,106,2,33
23810,11084,23878,65,5,81
23811,16381,19906,80,9,17
23812,17386,19560,145,2,49
23813,24483,20209,125,5,35
23814,2891,3923,134,6,64
23815,18581,22989,128,2,10
23816,11134,23018,130,0,52
23817,2448,20134,102,5,77
23818,12547,23839,134,3,57
23819,5602,18907,131,1,59
23820,19984,9671,57,5,25
23821,18149,7438,37,2,11
23822,7332,16483,86,3,15
23823,14529,14344,85,8,71
23824,7932,11720,82,5,58
23825,18663,10250,141,1,45
23826,22577,15466,43,6,86
23827,24690,10086,94,8,55
23828,22946,7254,141,7,14
23829,1403,11219,91,4,64
23830,11946,4941,100,5,17
23831,20709,6538,72,6,0
23832,10635,16326,126,7,61
23833,14979,6672,132,8,79
23834,14811,18340,67,2,37
23835,6907,19555,133,7,9
23836,3506,9699,82,8,39
23837,24492,6111,100,1,60
23838,11029,23048,4,5,28
23839,13668,8492,55,7,76
23840,23061,18242,119,7,52
23841,18584,11136,55,4,44
23842,17036,14926,54,9,29
23843,20016,22711,118,7,17
23844,20691,1490,133,7,60
23845,13331,8327,41,8,55
23846,12195,9485,33,1,51
23847,7012,6607,105,8,37
23848,20485,18633,112,0,40
23849,13820,16235,67,9,23
23850,715,16744,135,2,82
23851,9305,8701,130,7,27
23852,3892,19648,23,6,29
23853,6392,18098,75,3,31
23854,23372,5302,108,6,31
23855,22864,20594,12,8,87
23856,1615,19755,3,7,68
23857,10995,22836,115,2,5
23858,1450,300,33,7,57
23859,14574,12946,114,3,61
23860,12523,13533,114,0,73
23861,5761,5126,25,2,73
23862,19573,11555,126,2,16
23863,17506,17289,29,3,2
23864,8045,11711,30,1,0
23865,6263,9439,112,0,28
23866,6504,18907,49,1,62
23867,16607,14783,39,7,81
23868,18232,19142,101,1,32
23869,11317,8955,81,0,71
23870,23355,13834,129,9,69
23871,1661,5286,46,8,38
23872,19401,2885,80,2,19
23873,4588,6503,34,2,38
23874,21062,7147,145,3,84
23875,1407,19870,2,5,86
23876,21013,18496,7,5,75
23877,10870,4373,116,4,2
23878,1370,217,96,5,74
23879,18147,12684,20,9,7
23880,1943,3727,130,8,73
23881,21488,5442,13,3,79
23882,1561,16169,33,7,11
23883,18530,24212,61,5,39
23884,4489,15260,59,3,18
23885,12909,1616,67,8,37
23886,22772,3517,133,4,36
23887,12352,17730,51,4,42
23888,24225,12639,52,1,59
23889,19156,4098,132,2,45
23890,19250,21990,22,3,76
23891,21137,3173,88,4,65
23892,6074,14571,56,7,77
23893,4752,20070,88,9,14
23894,23437,11560,79,4,24
23895,5478,5260,29,2,59
23896,3214,6393,14,8,37
23897,17649,5832,89,1,87
23898,13684,8262,90,8,36
23899,9106,15456,84,2,26
23900,2850,17661,70,5,28
23901,13289,301,7,6,15
23902,24784,16865,115,4,62
23903,18600,17805,124,9,5
23904,6296,17317,124,8,10
23905,15890,19185,57,6,55
23906,16751,14413,149,4,77
23907,1218,17425,2,3,71
23908,14225,23799,116,7,29
23909,13026,2075,147,4,40
23910,9729,24420,132,2,19
23911,9112,9352,136,8,45
23912,6043,12220,38,6,41
23913,16206,1407,56,2,34
23914,3330,2011,143,9,66
23915,23392,13553,106,5,35
23916,8794,12233,59,5,33
23917,4390,17636,21,5,25
23918,15623,15954,1,7,19
23919,13404,17703,135,9,76
23920,8652,16640,77,9,35
23921,479,20722,67,4,68
23922,19598,18700,90,3,88
23923,2794,14045,33,2,8
23924,18590,21062,4,3,27
23925,15527,19160,57,1,54
23926,19385,7126,102,3,8
23927,3606,4735,140,1,14
23928,17725,15641,104,6,47
23929,7969,10861,144,1,9
23930,1182,19875,93,9,29
23931,3628,21888,58,2,5
23932,11580,11156,103,1,43
23933,1800,9403,105,4,89
23934,8833,11952,129,8,13
23935,19507,14439,48,5,18
23936,5552,19971,141,8,50
23937,1648,10693,92,7,82
23938,1343,18024,70,1,19
23939,10437,2747,92,0,79
23940,3661,21781,58,2,68
23941,13880,2912,133,6,46
23942,18521,14095,35,9,24
23943,24488,9959,46,6,57
23944,14003,17108,15,8,50
23945,18393,11814,58,8,41
23946,16957,6958,91,8,14
23947,10027,13098,78,1,58
23948,23790,13355,134,0,64
23949,1268,22270,17,5,74
23950,20102,18388,29,9,54
23951,22928,12197,149,5,71
23952,9642,16188,143,8,17
23953,6716,4415,34,0,4
23954,19325,22583,90,4,6
23955,16811,2363,1,9,51
23956,18869,17262,30,2,45
23957,22490,13291,104,1,86
23958,9587,16191,105,9,59
23959,18518,2011,29,4,24
23960,22363,22640,36,8,80
23961,4880,23440,48,1,46
23962,13644,23172,113,4,87
23963,16053,12767,41,0,88
23964,19662,24890,109,9,10
23965,16334,19821,90,8,67
23966,14483,5403,125,7,77
23967,20183,4379,129,0,70
23968,1305,22262,116,1,69
23969,24340,437,122,6,69
23970,24074,18780,118,0,22
23971,10901,7633,70,7,80
23972,7303,14558,96,9,11
23973,22094,2555,97,1,70
23974,19529,12750,114,0,49
23975,513,1648,107,3,52
23976,5840,20875,30,2,18
23977,23780,3327,38,1,41
23978,12667,18301,86,8,68
23979,6827,9096,55,8,60
23980,6003,6669,139,5,37
23981,13765,627,121,6,50
23982,5274,22895,5,6,83
23983,10186,21682,47,4,59
23984,7466,9665,141,4,8
23985,4422,22118,74,5,47
23986,14721,13704,139,7,71
23987,11960,17313,87,3,89
23988,2686,3065,49,9,23
23989,22802,952,19,5,15
23990,19346,10387,47,8,59
23991,4343,12892,16,5,1
23992,3299,16118,143,6,24
23993,23497,2399,105,8,55
23994,8846,8982,73,0,23
23995,19258,13334,94,6,58
23996,10791,12979,15,6,50
23997,9033,23089,149,2,46
23998,8580,9736,117,4,59
23999,9796,324,28,5,27
24000,3033,20359,86,1,56
24001,18829,24805,60,1,88
24002,12011,13151,74,9,66
24003,20531,20981,9,5,67
24004,1512,13939,109,4,33
24005,1998,1166,121,4,28
24006,11968,1734,52,2,1
24007,8118,15819,123,4,34
24008,19867,9599,106,8,11
24009,11062,2416,27,4,78
24010,14151,17636,50,3,33
24011,1360,15142,38,7,77
24012,15519,927,14,6,13
24013,13817,11158,118,9,14
24014,14392,21569,112,0,78
24015,521,20730,1,0,19
24016,22437,15992,143,6,12
24017,4858,10267,121,5,73
24018,991,7679,34,6,27
24019,15544,8782,72,4,41
24020,18245,11185,45,6,72
24021,4398,24635,54,6,34
24022,12947,22274,4,6,46
24023,8405,20169,78,0,80
24024,11102,17525,136,6,53
24025,15205,13472,135,5,53
24026,10573,10418,130,9,11
24027,2547,10819,86,5,78
24028,4531,4253,64,7,4
24029,8769,9016,79,3,0
24030,3206,1939,65,8,81
24031,15660,15931,8,3,79
24032,9751,11807,64,0,30
24033,24892,19073,28,2,55
24034,478,24243,79,4,9
24035,20883,24279,33,0,66
24036,20159,946,117,0,62
24037,18318,15300,101,7,24
24038,15175,24135,3,8,5
24039,11505,16998,8,0,46
24040,6125,9752,121,0,54
24041,21834,19352,133,7,8
24042,13792,19979,113,2,12
24043,6134,16611,54,1,55
24044,10638,2719,115,9,47
24045,14259,4061,111,4,63
24046,1553,3758,20,1,48
24047,7610,6470,88,6,23
24048,24830,13434,95,4,23
24049,20647,1462,63,8,79
24050,590,9741,32,9,24
24051,10882,20289,145,5,2
24052,21037,10833,141,7,21
24053,14925,13722,43,9,31
24054,14526,18718,102,1,78
24055,18813,3516,85,1,46
24056,7547,7316,69,9,75
24057,23309,16526,127,8,24
24058,12728,2519,39,3,36
24059,10645,2237,16,2,15
24060,10526,8217,7,8,65
24061,18079,3572,21,8,81
24062,21528,15077,79,3,87
24063,3823,6858,103,1,50
24064,22707,12075,22,3,33
24065,4956,24262,140,9,35
24066,24906,383,95,9,75
24067,1698,22094,126,7,66
24068,531,15269,90,4,61
24069,9122,13356,120,7,16
24070,17806,7571,66,5,76
24071,23158,6999,84,6,40
24072,10150,726,90,1,52
24073,23016,14322,14,1,83
24074,18230,1714,119,7,83
24075,20871,22402,111,7,51
24076,20626,20490,98,9,78
24077,9121,10105,40,1,16
24078,18097,13540,122,3,31
24079,11220,16930,23,6,65
24080,21226,4422,142,6,42
24081,11578,3547,121,0,15
24082,6506,22779,107,2,81
24083,5682,20455,38,2,89
24084,14011,1938,67,8,79
24085,11619,20806,103,0,62
24086,15236,5457,76,2,55
24087,9126,1503,11,3,68
24088,15481,18766,51,0,1
24089,7360,24184,142,3,66
24090,17511,12009,131,7,41
24091,19839,22808,22,9,7
24092,4478,1406,26,5,51
24093,7979,19794,71,8,11
24094,23462,2452,83,0,81
24095,3800,19787,139,2,31
24096,12934,9626,65,2,58
24097,9758,17278,145,2,67
24098,24953,3499,99,0,10
24099,5829,8128,131,5,7
24100,23819,15454,45,7,10
24101,24393,8220,89,9,26
24102,18304,16775,65,1,74
24103,7356,14926,22,4,57
24104,17553,6943,36,1,62
24105,16238,16254,118,0,86
24106,10743,6475,114,7,80
24107,17771,8573,63,6,49
24108,11912,15186,132,6,28
24109,22643,8967,136,5,2
24110,24283,12032,51,3,48
24111,18151,17613,78,2,57
24112,14559,15664,92,7,39
24113,22323,17707,138,0,35
24114,11243,21319,46,4,79
24115,23062,11246,92,3,68
24116,12796,19621,108,9,43
24117,10891,5726,28,5,12
24118,7630,13419,18,1,23
24119,12304,6114,40,6,72
24120,1502,9976,119,1,50
24121,22882,15236,4,8,57
24122,21750,20781,63,4,10
24123,9334,21923,149,6,72
24124,11427,14612,127,1,17
24125,3428,2335,40,5,6
24126,1370,18433,32,1,85
24127,20684,14535,105,0,76
24128,19829,4664,111,6,65
24129,16217,3765,120,0,55
24130,14733,21839,94,1,46
24131,23184,18990,43,6,89
24132,7135,1161,99,5,16
24133,3570,6741,106,4,11
24134,15943,6599,148,9,78
24135,6311,69,12,1,65
24136,15471,5928,84,9,21
24137,7399,24578,44,1,81
24138,5342,4495,134,3,44
24139,3581,17138,7,9,18
24140,17527,4740,136,6,60
24141,11856,13257,123,0,71
24142,22950,3326,71,9,6
24143,5988,9747,73,2,21
24144,4776,12831,37,7,15
24145,1597,18742,40,9,23
24146,14915,10764,94,2,82
24147,8954,17775,93,7,61
24148,7659,54,142,4,86
24149,10953,14115,10,0,62
24150,22610,17742,60,0,32
24151,487,3293,143,6,66
24152,506,693,51,9,59
24153,12976,3520,89,5,40
24154,9847,15376,70,7,47
24155,9228,11325,10,5,8
24156,9603,17900,29,5,51
24157,7184,288,42,9,37
24158,21268,2980,31,6,42
24159,99,228,17,6,68
24160,24788,4361,26,1,74
24161,1212,17913,138,0,1
24162,22056,19127,117,9,79
24163,22253,2538,95,4,53
24164,7397,23104,81,2,6
24165,12961,24411,32,5,70
24166,2074,2552,92,0,33
24167,1967,2645,22,0,25
24168,4144,12319,22,9,54
24169,2110,18289,98,5,67
24170,6032,4814,64,6,89
24171,6559,23815,86,6,87
24172,5339,10851,99,7,57
24173,24540,22839,128,6,14
24174,3262,23052,66,7,19
24175,23292,9339,81,2,52
24176,14874,10315,48,2,69
24177,21108,6544,33,8,55
24178,17938,22466,87,1,5
24179,21741,14982,59,5,69
24180,13189,7659,1,6,82
24181,7935,21425,96,3,72
24182,14853,22283,119,4,18
24183,22407,1808,65,0,42
24184,18379,2119,133,5,10
24185,6365,23190,147,3,2
24186,11579,5436,15,3,82
24187,7907,16264,31,3,52
24188,20455,10275,122,5,89
24189,10092,8852,28,4,33
24190,8205,1853,96,1,36
24191,5022,24996,146,3,88
24192,22788,21131,73,1,57
24193,15717,9551,132,9,77
24194,6304,13843,149,9,87
24195,74,22308,107,1,65
24196,18155,22594,82,3,27
24197,24542,11142,3,8,72
24198,301,2547,83,0,25
24199,22815,942,103,1,16
24200,9963,13354,147,8,26
24201,3305,21005,17,7,82
24202,14634,565,29,6,88
24203,87,5886,44,8,54
24204,9592,1814,90,4,77
24205,1022,24140,77,4,10
24206,21579,10660,108,7,78
24207,3085,24799,104,2,55
24208,15335,1926,41,4,3
24209,8245,19718,62,5,76
24210,7280,13691,114,5,81
24211,22827,47,137,8,38
24212,7020,16710,64,5,19
24213,9111,7645,147,3,23
24214,12001,5174,130,7,86
24215,13274,17359,38,1,88
24216,147,7362,147,3,50
24217,9639,10019,31,8,88
24218,17813,14221,102,2,25
24219,14767,20066,38,3,32
24220,138,16852,28,3,53
24221,24635,9154,64,6,73
24222,2909,21418,48,5,28
24223,14326,22492,143,4,59
24224,12585,19102,59,3,45
24225,11390,612,12,9,86
24226,1827,12603,73,9,53
24227,14992,21608,45,5,45
24228,5410,17718,123,1,7
24229,21410,6120,115,9,30
24230,9445,1035,69,1,14
24231,20524,14153,91,3,86
24232,16633,15317,60,4,48
24233,11854,10946,3,5,76
24234,18566,22198,129,0,8
24235,24341,16033,91,4,64
24236,4690,24080,130,7,16
24237,11520,3500,89,8,79
24238,6456,14298,86,0,79
24239,1894,23552,55,7,81
24240,4563,11923,82,0,19
24241,3679,10952,125,8,50
24242,6964,7828,57,2,6
24243,15923,18987,66,5,59
24244,11706,4972,90,0,8
24245,20414,17815,40,7,77
24246,6391,13902,76,0,72
24247,600,6043,39,8,37
24248,10976,15893,35,0,21
24249,23775,11140,51,4,40
24250,2304,1551,97,5,67
24251,13981,841,126,1,19
24252,18348,14586,64,7,51
24253,21929,1957,115,1,72
24254,3074,1721,119,6,20
24255,10095,15540,142,4,26
24256,1334,2378,137,7,49
24257,9942,7562,74,6,75
24258,17552,4313,148,8,73
24259,6918,19402,76,4,1
24260,23422,7725,137,7,86
24261,3409,22311,80,5,22
24262,18705,22267,13,3,21
24263,11956,2254,85,7,70
24264,11867,4553,139,8,69
24265,23556,17972,120,6,70
24266,13124,15034,77,4,14
24267,4823,13184,26,4,38
24268,2006,10669,143,5,9
24269,13693,9863,92,9,34
24270,6069,650,125,9,12
24271,4403,4891,131,9,63
24272,17240,21507,74,7,52
24273,22341,6128,50,4,61
24274,4772,5178,25,0,37
24275,20867,2762,149,3,6
24276,24376,13930,16,3,22
24277,6381,23220,92,8,65
24278,9100,15978,59,5,5
24279,15255,5162,142,6,38
24280,3131,2473,28,8,40
24281,14456,20919,117,1,74
24282,7613,8677,137,3,36
24283,15538,6074,149,8,6
24284,3394,6621,19,6,11
24285,12479,13519,12,5,7
24286,7896,16985,28,7,30
24287,24506,22897,62,9,35
24288,3961,4090,120,6,10
24289,6068,16502,128,1,76
24290,546,13012,93,8,84
24291,3115,9780,89,0,23
24292,13412,6683,89,5,41
24293,21628,17411,72,1,45
24294,17230,13762,11,3,59
24295,2455,14765,50,9,20
24296,21366,13067,3,6,24
24297,7361,7049,111,5,68
24298,101,13645,69,1,38
24299,17516,23714,121,7,61
24300,9362,231,88,7,6
24301,5348,13671,72,4,52
24302,16363,13298,60,9,11
24303,14714,4770,25,6,83
24304,23131,24830,58,1,69
24305,20508,1339,7,4,34
24306,19335,9288,146,6,55
24307,22145,23746,11,1,48
24308,18850,4154,56,9,56
24309,12484,5082,31,5,86
24310,22432,15858,120,0,74
24311,9003,13997,129,5,87
24312,16916,19888,132,3,83
24313,17161,3485,86,5,89
24314,19782,8276,59,3,29
24315,2420,24907,144,5,46
24316,1395,887,112,9,17
24317,24745,3720,9,6,23
24318,24853,6052,5,5,17
24319,22632,12644,143,9,65
24320,13996,8746,39,5,15
24321,19440,15667,40,3,83
24322,22546,16024,96,8,88
24323,19304,7035,1,3,67
24324,11529,24554,133,8,39
24325,16853,480,146,1,60
24326,19209,8209,85,0,8
24327,20044,4576,114,1,69
24328,124,2508,98,4,57
24329,10938,242,135,5,79
24330,12877,21841,60,3,52
24331,5539,19672,0,0,44
24332,2551,8056,51,5,72
24333,18943,22107,75,3,34
24334,24497,23021,27,2,0
24335,20018,6350,56,1,28
24336,20319,9109,18,2,69
24337,15669,23953,147,0,41
24338,13717,16744,33,6,13
24339,13563,263,110,5,15
24340,16535,10237,46,9,24
24341,16523,15843,133,0,2
24342,9768,6160,140,8,80
24343,15076,8251,98,5,24
24344,21172,5062,75,2,87
24345,5296,15625,4,9,24
24346,15411,7754,33,9,57
24347,2453,16987,118,1,39
24348,990,4353,75,0,54
24349,24952,313,21,3,6
24350,12935,1046,122,2,82
24351,17941,19092,145,6,31
24352,6079,19615,75,5,40
24353,10161,8301,126,2,14
24354,21979,15408,25,9,35
24355,21519,21605,23,3,12
24356,11175,19648,138,3,16
24357,3257,1270,118,5,0
24358,18093,9330,9,6,8
24359,5469,18948,100,3,33
24360,19128,8289,55,9,77
24361,20253,21660,78,3,60
24362,9566,12424,137,7,26
24363,17287,9583,73,1,27
24364,2748,3014,58,8,41
24365,12252,16332,61,7,2
24366,6293,13128,36,2,59
24367,6530,22451,9,9,28
24368,4750,2884,80,0,26
24369,12836,19590,82,2,0
24370,6386,21551,64,7,0
24371,324,12053,92,4,32
24372,21413,23652,78,5,33
24373,23787,2002,97,3,42
24374,12738,15576,16,8,31
24375,6996,7959,98,6,87
24376,12768,24977,89,8,23
24377,11303,2127,79,0,23
24378,19858,15610,131,7,26
24379,1183,15115,110,8,76
24380,11710,4719,74,9,72
24381,19845,17173,88,4,37
24382,16308,5017,71,7,67
24383,18381,9184,56,0,67
24384,1089,20001,11,1,26
24385,10374,3053,45,3,41
24386,10421,9734,11,7,49
24387,9954,19993,105,3,13
24388,17616,12746,134,5,16
24389,11277,24789,137,1,44
24390,8970,14416,26,5,25
24391,21514,1319,77,7,86
24392,8878,24633,141,0,19
24393,7707,8301,28,0,60
24394,9780,10730,5,9,14
24395,7439,20763,29,6,54
24396,14690,20305,18,6,49
24397,16603,11221,128,9,11
24398,7535,24878,132,3,80
24399,15145,14469,57,0,44
24400,15737,3531,65,4,14
24401,20010,9764,61,2,47
24402,1758,21198,48,4,32
24403,18872,13381,6,7,75
24404,12240,12287,70,4,36
24405,13674,12515,44,6,86
24406,19868,3172,96,3,86
24407,20036,24681,131,0,29
24408,8151,11253,137,2,11
24409,2295,16079,128,6,22
24410,19142,9287,99,4,82
24411,2065,5286,17,6,64
24412,10038,15125,26,4,59
24413,24289,16098,93,1,35
24414,1020,8779,10,3,10
24415,18759,18406,18,4,75
24416,6757,13119,18,0,21
24417,9181,13723,31,6,84
24418,6083,12749,53,6,84
24419,24211,22304,147,3,75
24420,8312,20499,59,4,31
24421,21039,13347,36,2,15
24422,16414,6371,90,5,55
24423,1129,9413,94,0,83
24424,9523,1205,0,1,3
24425,11552,949,134,9,70
24426,6085,18918,64,5,38
24427,18770,21629,20,2,49
24428,22640,12796,37,2,59
24429,21170,193,14,6,22
24430,20242,23535,34,7,77
24431,20801,2391,115,5,30
24432,6797,20957,26,4,15
24433,15612,13318,59,9,57
24434,4584,22416,93,2,87
24435,17612,21015,134,9,77
24436,11866,24289,123,9,53
24437,3748,14879,3,2,45
24438,8532,7092,122,4,53
24439,12239,18417,119,4,13
24440,13053,15418,58,4,62
24441,17776,12144,111,2,26
24442,16954,24505,11,8,34
24443,2561,14599,130,4,16
24444,14574,3101,17,3,10
24445,18893,15430,28,2,69
24446,18905,3927,64,3,73
24447,17291,20326,52,8,24
24448,2481,7811,44,8,67
24449,18331,13910,52,2,45
24450,8050,828,38,0,45
24451,12497,2445,66,5,80
24452,7766,12613,12,1,87
24453,12445,16420,69,7,82
24454,17654,14262,21,6,32
24455,2022,18207,30,4,5
24456,14796,16617,102,3,6
24457,13223,7004,124,1,13
24458,19133,13936,29,9,70
24459,12716,2949,100,2,38
24460,24300,7049,22,9,85
24461,4205,19,11,0,84
24462,5536,4491,37,3,28
24463,17036,2906,2,2,33
24464,17858,3596,101,4,80
24465,16432,941,33,1,18
24466,5302,18468,97,9,70
24467,7667,24512,85,2,89
24468,16932,3873,17,6,66
24469,12870,23175,65,5,46
24470,4086,18818,27,5,57
24471,7851,23812,144,3,31
24472,7042,723,99,7,87
24473,1254,14533,2,1,51
24474,11321,23279,1,4,73
24475,22568,17005,3,2,69
24476,12365,14003,110,9,39
24477,4310,12350,103,6,58
24478,4091,19906,116,3,53
24479,14733,19868,79,9,8
24480,12646,23003,15,7,31
24481,9038,23635,105,4,59
24482,5246,20072,35,2,7
24483,23992,5510,145,9,38
24484,7420,7062,2,4,5
24485,7478,12971,57,3,61
24486,13198,24032,6,5,58
24487,1489,16976,23,4,75
24488,14126,2065,28,3,39
24489,980,15905,106,8,41
24490,7225,4763,30,2,5
24491,17947,16864,135,9,16
24492,12485,9423,65,5,3
24493,3765,24502,82,6,45
24494,20088,17671,136,4,4
24495,22918,11337,2,1,41
24496,3906,100,10,1,15
24497,16357,20318,140,6,80
24498,168,5170,59,4,34
24499,5117,17928,82,6,20
24500,842,15436,138,1,72
24501,19158,14011,105,4,56
24502,9907,17427,34,4,8
24503,9764,1676,23,6,22
24504,8478,1955,108,8,7
24505,24278,19389,36,2,43
24506,13570,6686,67,6,77
24507,8034,16369,99,7,85
24508,11548,14320,53,6,39
24509,22468,14898,119,3,3
24510,5692,21897,104,1,10
24511,5043,10336,99,9,0
24512,4593,16782,5,3,84
24513,19565,11382,118,2,62
24514,19537,11948,120,9,78
24515,18729,10402,69,9,42
24516,2644,23127,89,4,83
24517,16054,16961,105,6,29
24518,2732,21521,23,6,88
24519,18528,11511,60,9,84
24520,14952,8383,92,0,65
24521,16939,4012,119,6,20
24522,15945,18549,46,6,73
24523,6065,18674,123,6,61
24524,20739,15891,13,2,70
24525,10721,18753,89,7,26
24526,21230,6785,9,7,46
24527,14196,15649,68,9,59
24528,16172,14779,105,5,67
24529,21159,17914,134,5,13
24530,2038,3217,95,5,62
24531,192,929,88,2,32
24532,10868,20443,27,8,32
24533,1252,8779,84,2,86
24534,16327,10615,29,9,55
24535,2092,23821,108,5,36
24536,3868,24266,42,7,8
24537,3151,12389,149,7,12
24538,818,20269,41,3,70
24539,2910,717,95,8,10
24540,5531,2186,47,5,56
24541,15690,11387,71,1,41
24542,10982,9142,96,1,72
24543,24401,2958,102,2,82
24544,108,3203,145,6,5
24545,4797,18758,64,0,86
24546,3286,795,96,4,56
24547,9489,17288,31,2,3
24548,24541,6271,129,0,51
24549,12205,5275,119,8,9
24550,2596,20460,108,2,47
24551,20504,11577,20,6,8
24552,8038,3361,74,7,73
24553,5808,23180,18,2,15
24554,14708,5488,124,6,49
24555,4172,12588,133,8,65
24556,24639,22884,53,0,21
24557,3028,19253,87,4,26
24558,3894,7870,19,6,0
24559,7364,24246,25,0,42
24560,1257,11024,44,4,28
24561,5098,594,5,7,35
24562,15413,10923,72,7,47
24563,20339,10750,13,8,15
24564,934,5302,15,9,11
24565,21662,18768,11,9,13
24566,9732,15240,50,2,63
24567,22548,20497,36,2,88
24568,13785,17236,99,1,64
24569,18490,4386,70,1,66
24570,9637,17858,90,3,77
24571,8542,2779,18,6,82
24572,23139,5054,135,0,3
24573,20298,2374,86,9,24
24574,525,4918,119,4,87
24575,15364,9251,56,1,39
24576,4427,1653,111,5,88
24577,12581,3110,65,1,25
24578,13290,17948,13,4,73
24579,19594,23488,75,1,61
24580,22047,10939,37,5,16
24581,24954,9397,137,5,5
24582,7163,9287,72,9,1
24583,2333,23819,136,8,26
24584,9913,22961,21,5,12
24585,8147,19523,60,1,73
24586,24038,19729,149,0,66
24587,14267,24960,60,1,31
24588,9858,22151,131,1,60
24589,22041,4752,40,6,61
24590,18070,8133,94,2,55
24591,767,8641,75,8,11
24592,22913,8184,47,5,88
24593,18952,22022,97,2,76
24594,7081,6157,28,6,66
24595,228,20137,134,5,77
24596,18825,23511,14,4,11
24597,437,2530,3,7,14
24598,9756,16796,67,3,31
24599,6023,12558,110,1,86
24600,959,18692,92,6,62
24601,13166,6630,82,6,49
24602,12754,10266,62,5,53
24603,24040,8575,91,5,53
24604,9577,1799,53,2,85
24605,17440,3883,134,3,74
24606,6913,3176,35,9,64
24607,14231,16805,93,7,29
24608,21480,11019,123,8,33
24609,19979,23319,98,6,36
24610,21216,3357,28,1,42
24611,10551,2198,80,4,3
24612,20722,8923,101,7,67
24613,4153,1137,92,3,25
24614,8261,13995,128,5,72
24615,2147,11517,44,3,3
24616,14910,17646,149,4,87
24617,9045,14669,4,1,75
24618,9310,7806,18,9,7
24619,854,13036,16,6,88
24620,23114,15364,45,9,66
24621,2502,1598,32,1,5
24622,23245,15905,75,0,34
24623,10298,5455,17,3,85
24624,10596,10408,118,5,70
24625,7052,22363,35,3,35
24626,3783,13563,119,0,30
24627,22739,6438,16,6,44
24628,4588,10458,98,1,25
24629,16086,1966,97,8,36
24630,6405,2471,144,3,81
24631,15051,20846,1,5,31
24632,6380,12876,55,6,74
24633,1224,14001,29,6,78
24634,16717,17563,23,9,35
24635,17555,9555,21,5,58
24636,22530,8454,27,2,44
24637,18178,13992,77,5,28
24638,5998,20705,137,7,23
24639,24098,17318,115,2,3
24640,14948,3517,32,5,27
24641,17487,18518,110,9,52
24642,12155,9417,125,8,25
24643,3845,8032,17,9,82
24644,22078,23293,51,7,25
24645,22369,16159,138,8,5
24646,6794,13139,22,7,34
24647,3164,23712,49,1,17
24648,5682,6485,119,4,55
24649,358,9231,27,4,16
24650,15052,9506,102,7,57
24651,15219,17883,124,9,89
24652,5232,16392,11,6,30
24653,22782,8603,149,7,55
24654,7940,6717,61,0,88
24655,19146,1156,88,5,5
24656,24330,9074,148,3,63
24657,21189,3319,61,5,63
24658,3577,24619,34,7,6
24659,22458,16374,146,2,11
24660,12260,9022,132,7,75
24661,586,15312,77,1,26
24662,17205,11367,64,9,60
24663,17443,23319,84,3,7
24664,19432,5316,117,0,46
24665,21080,5478,140,2,51
24666,5524,2273,126,8,31
24667,1221,18652,71,5,74
24668,3640,14353,49,5,84
24669,20280,1947,53,5,59
24670,23109,24668,122,7,30
24671,11939,10130,88,4,49
24672,9864,18421,41,4,81
24673,9950,10519,58,9,37
24674,2277,22888,144,6,50
24675,2418,10991,17,6,58
24676,19166,18897,101,7,59
24677,17953,23533,14,7,15
24678,21406,8507,132,9,63
24679,15009,8200,17,5,35
24680,14827,6191,132,0,47
24681,7486,24097,61,1,26
24682,19900,18584,77,7,61
24683,4503,4721,146,9,57
24684,18019,2446,71,0,31
24685,13624,12303,142,8,31
24686,6571,2151,10,0,21
24687,8953,2594,65,7,55
24688,2503,15250,147,3,89
24689,17862,15948,100,5,50
24690,9949,15238,118,7,40
24691,11197,1692,41,2,53
24692,18952,23330,112,0,49
24693,17725,13460,118,2,73
24694,23896,14492,115,4,4
24695,22422,19848,101,1,41
24696,1129,19194,74,1,30
24697,9400,4399,20,9,69
24698,13939,8709,146,6,59
24699,1366,19409,13,6,4
24700,5680,20589,141,8,38
24701,17941,18985,142,2,23
24702,21053,6569,126,2,21
24703,14712,534,124,2,28
24704,3766,22470,34,8,66
24705,19771,7232,90,8,26
24706,21254,11156,144,1,80
24707,6169,4197,82,0,40
24708,20599,18922,14,8,87
24709,14397,8059,118,7,2
24710,9534,14753,39,4,74
24711,18171,2979,70,7,19
24712,2377,8727,128,2,7
24713,7705,19976,61,3,10
24714,9830,3635,121,3,74
24715,904,15599,23,1,36
24716,13671,4752,82,3,32
24717,5415,4396,114,0,20
24718,3869,12911,77,7,70
24719,188,3181,123,1,0
24720,6062,2682,8,8,40
24721,12078,21826,68,9,39
24722,8631,10670,45,9,86
24723,10967,7065,7,7,33
24724,13933,11751,118,5,15
24725,19187,10960,64,5,14
24726,16060,12995,98,3,69
24727,16873,244,127,7,55
24728,2244,8027,73,7,4
24729,18732,17924,17,1,26
24730,10281,24449,77,1,8
24731,7857,15798,74,0,12
24732,2441,21626,126,8,15
24733,20063,16823,81,2,21
24734,14167,16912,82,0,17
24735,2124,8065,42,8,30
24736,10728,6488,47,5,84
24737,9346,14298,18,1,18
24738,21597,22509,94,8,39
24739,14967,12534,97,5,47
24740,8339,8020,47,8,32
24741,13198,15276,32,6,36
24742,5696,8576,111,2,10
24743,18486,20063,84,0,78
24744,11927,17712,126,1,83
24745,4613,12581,102,4,47
24746,16412,6414,40,0,28
24747,2227,11932,146,2,71
24748,12810,18321,115,6,54
24749,8843,20001,47,8,82
24750,1356,6213,37,4,31
24751,15611,10149,95,0,18
24752,7832,6663,147,6,0
24753,19269,4956,46,6,85
24754,15021,5451,120,9,15
24755,19543,20442,46,0,54
24756,18696,15322,41,6,82
24757,20386,10985,139,2,28
24758,21862,21144,24,4,44
24759,562,2029,56,2,18
24760,17070,3150,92,8,22
24761,23682,11680,103,0,3
24762,19114,21694,119,6,10
24763,4546,13981,122,5,22
24764,642,19625,51,3,6
24765,19453,17864,55,7,47
24766,17583,11089,55,1,22
24767,20836,11163,124,4,26
24768,3645,2939,93,7,66
24769,5870,23853,130,3,68
24770,840,6493,103,4,38
24771,10850,20555,59,6,57
24772,20885,13987,102,3,1
24773,14095,10451,23,1,47
24774,7808,22367,79,8,31
24775,442,17975,129,5,31
24776,3956,10840,38,1,73
24777,5701,18045,130,0,60
24778,21773,20693,48,7,81
24779,8848,10119,17,8,44
24780,17527,5515,97,2,67
24781,2086,4266,72,1,51
24782,12931,23689,84,3,34
24783,9025,16867,133,8,42
24784,2491,17972,36,4,74
24785,24879,6553,85,2,85
24786,16582,24531,5,6,82
24787,13095,15574,35,3,0
24788,21299,9989,10,5,44
24789,23602,16976,37,3,81
24790,20865,8624,148,1,88
24791,18840,5891,58,8,30
24792,15501,13152,34,5,48
24793,11862,10741,107,3,26
24794,24756,3922,54,5,85
24795,18172,12539,115,4,61
24796,12673,23429,51,8,39
24797,1565,1976,30,6,76
24798,8538,12454,93,8,82
24799,23624,21484,45,5,24
24800,2021,16760,93,2,34
24801,8830,7467,21,9,20
24802,22434,12811,129,0,56
24803,2494,9933,93,6,65
24804,7746,16125,124,9,15
24805,4325,260,107,7,20
24806,15506,20959,86,1,82
24807,13118,13887,48,1,85
24808,6845,1277,46,4,1
24809,2862,6521,117,3,86
24810,17101,21999,63,2,83
24811,9716,12972,57,8,87
24812,7636,1651,54,9,26
24813,1162,3204,68,3,9
24814,1624,15773,149,1,16
24815,7828,7346,118,0,65
24816,15443,13027,36,8,52
24817,16890,16781,105,2,37
24818,16889,528,57,3,36
24819,16699,1069,109,8,57
24820,14867,12758,112,8,29
24821,13315,11963,76,4,60
24822,20026,7222,62,8,16
24823,22337,9886,122,6,36
24824,18144,4117,83,2,84
24825,6647,17579,49,9,18
24826,5854,21585,131,8,87
24827,12455,13356,48,9,17
24828,5413,19557,61,9,9
24829,3693,20591,93,5,2
24830,23960,2722,41,4,53
24831,11766,22126,16,2,19
24832,7040,4214,19,2,16
24833,20887,13171,120,5,16
24834,21194,6848,146,8,43
24835,22352,17995,115,4,4
24836,18049,18045,72,3,49
24837,4999,21689,98,4,60
24838,24205,14344,38,1,15
24839,9269,2525,88,2,64
24840,22077,4782,21,7,39
24841,18340,21520,135,7,19
24842,16149,21733,69,3,65
24843,16404,16940,45,3,3
24844,15614,19658,19,7,30
24845,9876,14127,114,7,36
24846,15306,280,73,2,60
24847,16576,1702,52,2,9
24848,23169,10954,21,0,86
24849,10349,12428,76,9,46
24850,17404,906,8,8,39
24851,6133,14101,48,9,13
24852,10156,7291,89,6,68
24853,16703,7050,43,5,89
24854,5665,24633,143,2,25
24855,590,12019,45,0,87
24856,2938,10770,122,4,8
24857,2907,3843,84,0,49
24858,12329,13123,92,5,46
24859,16181,10568,141,2,58
24860,3224,17889,70,3,46
24861,10571,7349,29,4,49
24862,17207,9874,111,8,32
24863,735,24510,146,3,46
24864,4962,4174,134,6,20
24865,18086,19208,126,6,53
24866,7717,23443,120,0,75
24867,7129,11793,93,1,82
24868,19887,23210,8,1,87
24869,1286,15834,46,5,78
24870,23532,7746,37,1,30
24871,9517,12094,106,6,7
24872,1367,21772,119,3,6
24873,13863,13554,23,8,38
24874,10629,22160,42,6,39
24875,6372,8336,3,6,69
24876,22355,9764,5,6,89
24877,7147,5280,88,7,64
24878,11110,16014,76,3,56
24879,22629,11835,149,2,40
24880,6226,3274,36,8,62
24881,15753,3575,105,2,73
24882,24352,2287,112,2,14
24883,16663,15803,8,3,64
24884,5031,12774,82,0,33
24885,24912,24990,6,9,26
24886,1602,4868,13,8,36
24887,11911,2372,107,4,88
24888,6580,14544,88,7,20
24889,12614,4041,126,6,66
24890,9242,17558,14,4,18
24891,3204,7524,89,6,62
24892,7933,22510,104,2,57
24893,18740,24422,97,0,41
24894,625,18475,33,5,47
24895,21423,21177,42,6,34
24896,15231,15840,135,9,68
24897,6631,9662,66,3,4
24898,9082,17928,2,7,20
24899,24961,24177,143,8,49
24900,9953,7083,136,2,16
24901,24763,320,9,8,41
24902,2970,8482,62,8,46
24903,4416,9752,42,4,63
24904,15731,4870,84,7,34
24905,7708,7030,40,9,76
24906,8285,22412,98,0,22
24907,3812,15124,53,6,43
24908,23491,3691,2,8,68
24909,103,11949,134,0,73
24910,6444,4986,132,1,10
24911,13869,6653,52,6,1
24912,14477,11511,7,6,58
24913,11372,13196,22,8,50
24914,137,17419,117,9,85
24915,5186,24811,29,4,47
24916,13820,23142,35,5,85
24917,15896,16542,109,7,73
24918,11737,9749,145,4,43
24919,4933,24990,21,4,51
24920,10400,14150,9,3,30
24921,11870,21229,43,3,84
24922,4598,15404,52,1,33
24923,4625,20080,1,1,33
24924,23802,10422,133,3,32
24925,10442,20600,21,2,38
24926,20834,21915,111,4,52
24927,14547,11250,61,5,67
24928,19412,2706,9,9,16
24929,9164,17620,4,2,60
24930,13413,1745,21,1,10
24931,118,21119,111,4,74
24932,18154,12739,82,5,48
24933,11994,8589,44,8,53
24934,11128,5220,86,6,43
24935,13515,15401,43,3,27
24936,23690,680,144,6,80
24937,3273,10109,40,4,31
24938,16155,1425,18,3,73
24939,24202,726,31,0,5
24940,14880,4047,97,8,6
24941,8709,3407,136,0,63
24942,4828,7180,4,7,44
24943,14986,21896,73,7,73
24944,18698,13661,143,3,33
24945,8676,6771,24,1,61
24946,6446,10380,61,9,14
24947,3131,10020,98,3,35
24948,3892,8713,123,3,83
24949,23295,21880,107,1,51
24950,23623,11152,39,3,80
24951,14577,20057,120,7,63
24952,19275,5902,118,5,83
24953,21853,8678,105,4,57
24954,20794,4186,66,4,66
24955,6087,12382,4,1,47
24956,24269,18484,7,4,20
24957,4647,11476,95,0,16
24958,384,21375,54,3,66
24959,10671,15570,46,6,55
24960,20078,22573,9,3,64
24961,883,7378,93,4,79
24962,18675,1583,13,9,29
24963,20899,2005,35,9,31
24964,24794,659,106,6,8
24965,19673,20161,122,8,61
24966,10418,5415,133,7,18
24967,11561,9098,1,4,80
24968,17577,4097,40,1,43
24969,18983,3389,112,9,48
24970,19550,8804,132,1,46
24971,13425,23752,76,0,13
24972,21236,15901,77,7,80
24973,4633,10652,90,7,52
24974,23238,17950,109,1,80
24975,2599,672,102,0,64
24976,12259,9856,40,7,18
24977,21228,24754,86,6,18
24978,20664,17593,130,4,58
24979,1559,6449,74,1,26
24980,11555,4437,106,9,27
24981,18061,21280,146,5,71
24982,21649,20258,147,2,42
24983,2600,4487,106,3,56
24984,1654,22963,146,4,41
24985,18252,2867,98,5,20
24986,3317,15318,102,0,0
24987,15246,431,27,1,41
24988,7462,18165,118,6,81
24989,608,19747,30,6,66
24990,16449,23972,102,9,24
24991,13281,19212,43,5,44
24992,18485,7262,112,3,76
24993,7287,16941,108,0,80
24994,19662,10687,140,8,13
24995,1610,10980,70,3,89
24996,24065,14101,59,2,42
24997,24408,15397,51,1,33
24998,584,23626,18,6,79
24999,12971,15080,6,7,88
25000,12902,10906,143,0,81
